0,1,0,254,255,3,10,0,0,255,255,255,255,6,9,2,0,0,0,0,0,192,0,0,0,0,0,0,70,32,0,0,0,196,238,234,243,236,229,237,242,32,77,105,99,114,111,115,111,102,116,32,87,111,114,100,32,57,55,45,50,48,48,51,0,10,0,0,0,77,83,87,111,114,100,68,111,99,0,16,0,0,0,87,111,114,100,46,68,111,99,117,109,101,110,116,46,56,0,244,57,178,113,0,0,0,0,0,0,0,0,0,0,0,0,,,,,,,,,,,,,,,,,,,,,,,,,,,,,,,,,,,,,,,,,,,,,,,,,,,,,,,,,,,,,,,,,,,,,,,,,,,,,,,,,,,,,,,,,,,,,,,,,,,,,,,,,,,,,,,,,,,,,,,,,,,,,,,,,,,,,,,,,,,,,,,,,,,,,,,,,,,,,,,,,,,,,,,,,,,,,,,,,,,,,,,,,,,,,,,,,,,,,,,,,,,,,,,,,,,,,,,,,,,,,,,,,,,,,,,,,,,,,,,,,,,,,,,,,,,,,,,,,,,,,,,,,,,,,,,,,,,,,,,,,,,,,,,,,,,,,,,,,,,,,,,,,,,,,,,,,,,,,,,,,,,,,,,,,,,,,,,,,,,,,,,,,,,,,,,,,,,,,,,,,,,,,,,,,,,,,,,,,,,,,,,,,,,,,,,,,,,,,,,,,,,,,,,,,,,,,,,,,,,,,,,,,,,,,,,,,,,,,,,,,,,,,,,,,,,,,,,,,,,,,,,,,,,,,,,,,,,,,,,,,,,,,,,,,,,,,,,,,,,,,,,,,,,,,,,,,,,,,,,,,,,,,,,,,,,,,,,,,,,,,,,,,,,,,,,,,,,,,,,,,,,,,,,,,,,,,,,,,,,,,,,,,,,,,,,,,,,,,,,,,,,,,,,,,,,,,,,,,,,,,,,,,,,,,,,,,,,,,,,,,,,,,,,,,,,,,,,,,,,,,,,,,,,,,,,,,,,,,,,,,,,,,,,,,,,,,,,,,,,,,,,,,,,,,,,,,,,,,,,,,,,,,,,,,,,,,,,,,,,,,,,,,,,,,,,,,,,,,,,,,,,,,,,,,,,,,,,,,,,,,,,,,,,,,,,,,,,,,,,,,,,,,,,,,,,,,,,,,,,,,,,,,,,,,,,,,,,,,,,,,,,,,,,,,,,,,,,,,,,,,,,,,,,,,,,,,,,,,,,,,,,,,,,,,,,,,,,,,,,,,,,,
0,254,255,0,0,10,0,2,0,0,0,0,0,0,0,0,0,0,0,0,0,0,0,0,0,1,0,0,0,2,213,205,213,156,46,27,16,147,151,8,0,43,44,249,174,48,0,0,0,36,1,0,0,15,0,0,0,1,0,0,0,128,0,0,0,2,0,0,0,136,0,0,0,14,0,0,0,148,0,0,0,15,0,0,0,160,0,0,0,4,0,0,0,172,0,0,0,5,0,0,0,180,0,0,0,6,0,0,0,188,0,0,0,17,0,0,0,196,0,0,0,23,0,0,0,204,0,0,0,11,0,0,0,212,0,0,0,16,0,0,0,220,0,0,0,19,0,0,0,228,0,0,0,22,0,0,0,236,0,0,0,13,0,0,0,244,0,0,0,12,0,0,0,1,1,0,0,2,0,0,0,227,4,0,0,30,0,0,0,4,0,0,0,0,0,0,0,30,0,0,0,4,0,0,0,0,0,0,0,30,0,0,0,4,0,0,0,0,0,0,0,3,0,0,0,0,104,0,0,3,0,0,0,36,0,0,0,3,0,0,0,6,0,0,0,3,0,0,0,0,65,0,0,3,0,0,0,0,0,16,0,11,0,0,0,0,0,0,0,11,0,0,0,0,0,0,0,11,0,0,0,0,0,0,0,11,0,0,0,0,0,0,0,30,16,0,0,1,0,0,0,1,0,0,0,0,12,16,0,0,2,0,0,0,30,0,0,0,9,0,0,0,205,224,231,226,224,237,232,229,0,3,0,0,0,1,0,0,0,0,0,0,0,0,0,0,0,0,0,0,0,0,0,0,0,0,0,0,0,0,0,0,0,0,0,0,0,0,0,0,0,0,0,0,0,0,0,0,0,0,0,0,0,0,0,0,0,0,0,0,0,0,0,0,0,0,0,0,0,0,0,0,0,0,0,0,0,0,0,0,0,0,0,0,0,0,0,0,0,0,0,0,0,0,0,0,0,0,0,0,0,0,0,0,0,0,0,0,0,0,0,0,0,0,0,0,0,0,0,0,0,0,0,0,0,0,0,0,0,0,0,0,0,0,0,0,0,0,0,0,0,0,0,0,0,0,0,0,0,0,0,0,0,0,0,0,0,0,0,0,0,0,0,0,0,0,0,0,0,0,0,0,0,0,0,0,0,0,0,0,0,0,0,0,0,0,0,0,0,0,0,0,0,0,0,0,0,0,0,0,0,0,0,0,0,0,0,0,0,0,0,0,0,0,0,0,0,0,0,0,0,0,0,0,0,0,0,0,0,0,0,0,0,0,0,0,0,0,0,0,0,0,0,0,0,0,0,0,0,0,0,0,0,0,0,0,0,0,0,0,0,0,0,0,0,0,0,0,0,0,0,0,0,0,0,0,0,0,0,0,0,0,0,0,0,0,0,0,0,0,0,0,0,0,0,0,0,0,0,0,0,0,0,0,0,0,0,0,0,0,0,0,0,0,0,0,0,0,0,0,0,0,0,0,0,0,0,0,0,0,0,0,0,0,0,0,0,0,0,0,0,0,0,0,0,0,0,0,0,0,0,0,0,0,0,0,0,0,0,0,0,0,0,0,0,0,0,0,0,0,0,0,0,0,0,0,0,0,0,0,0,0,0,0,0,0,0,0,0,0,0,0,0,0,0,0,0,0,0,0,0,0,0,0,0,0,0,0,0,0,0,0,0,0,0,0,0,0,0,0,0,0,0,0,0,0,0,0,0,0,0,0,0,0,0,0,0,0,0,0,0,0,0,0,0,0,0,0,0,0,0,0,0,0,0,0,0,0,0,0,0,0,0,0,0,0,0,0,0,0,0,0,0,0,0,0,0,0,0,0,0,0,0,0,0,0,0,0,0,0,0,0,0,0,0,0,0,0,0,0,0,0,0,0,0,0,0,0,0,0,0,0,0,0,0,0,0,0,0,0,0,0,0,0,0,0,0,0,0,0,0,0,0,0,0,0,0,0,0,0,0,0,0,0,0,0,0,0,0,0,0,0,0,0,0,0,0,0,0,0,0,0,0,0,0,0,0,0,0,0,0,0,0,0,0,0,0,0,0,0,0,0,0,0,0,0,0,0,0,0,0,0,0,0,0,0,0,0,0,0,0,0,0,0,0,0,0,0,0,0,0,0,0,0,0,0,0,0,0,0,0,0,0,0,0,0,0,0,0,0,0,0,0,0,0,0,0,0,0,0,0,0,0,0,0,0,0,0,0,0,0,0,0,0,0,0,0,0,0,0,0,0,0,0,0,0,0,0,0,0,0,0,0,0,0,0,0,0,0,0,0,0,0,0,0,0,0,0,0
1,254,255,0,0,10,0,2,0,0,0,0,0,0,0,0,0,0,0,0,0,0,0,0,0,1,0,0,0,224,133,159,242,249,79,104,16,171,145,8,0,43,39,179,217,48,0,0,0,120,1,0,0,17,0,0,0,1,0,0,0,144,0,0,0,2,0,0,0,152,0,0,0,3,0,0,0,164,0,0,0,4,0,0,0,176,0,0,0,5,0,0,0,192,0,0,0,6,0,0,0,204,0,0,0,7,0,0,0,216,0,0,0,8,0,0,0,232,0,0,0,9,0,0,0,8,1,0,0,18,0,0,0,20,1,0,0,10,0,0,0,52,1,0,0,12,0,0,0,64,1,0,0,13,0,0,0,76,1,0,0,14,0,0,0,88,1,0,0,15,0,0,0,96,1,0,0,16,0,0,0,104,1,0,0,19,0,0,0,112,1,0,0,2,0,0,0,227,4,0,0,30,0,0,0,4,0,0,0,0,0,0,0,30,0,0,0,4,0,0,0,0,0,0,0,30,0,0,0,8,0,0,0,97,100,109,105,110,0,0,0,30,0,0,0,4,0,0,0,0,0,0,0,30,0,0,0,4,0,0,0,0,0,0,0,30,0,0,0,8,0,0,0,78,111,114,109,97,108,0,0,30,0,0,0,24,0,0,0,207,238,235,252,231,238,226,224,242,229,235,252,32,87,105,110,100,111,119,115,0,0,0,0,30,0,0,0,4,0,0,0,50,0,0,0,30,0,0,0,24,0,0,0,77,105,99,114,111,115,111,102,116,32,79,102,102,105,99,101,32,87,111,114,100,0,0,0,64,0,0,0,0,0,0,0,0,0,0,0,64,0,0,0,0,24,29,44,149,153,215,1,64,0,0,0,0,24,29,44,149,153,215,1,3,0,0,0,1,0,0,0,3,0,0,0,79,0,0,0,3,0,0,0,183,64,0,0,3,0,0,0,0,0,0,0,0,0,0,0,0,0,0,0,0,0,0,0,0,0,0,0,0,0,0,0,0,0,0,0,0,0,0,0,0,0,0,0,0,0,0,0,0,0,0,0,0,0,0,0,0,0,0,0,0,0,0,0,0,0,0,0,0,0,0,0,0,0,0,0,0,0,0,0,0,0,0,0,0,0,0,0,0,0,0,0,0,0,0,0,0,0,0,0,0,0,0,0,0,0,0,0,0,0,0,0,0,0,0,0,0,0,0,0,0,0,0,0,0,0,0,0,0,0,0,0,0,0,0,0,0,0,0,0,0,0,0,0,0,0,0,0,0,0,0,0,0,0,0,0,0,0,0,0,0,0,0,0,0,0,0,0,0,0,0,0,0,0,0,0,0,0,0,0,0,0,0,0,0,0,0,0,0,0,0,0,0,0,0,0,0,0,0,0,0,0,0,0,0,0,0,0,0,0,0,0,0,0,0,0,0,0,0,0,0,0,0,0,0,0,0,0,0,0,0,0,0,0,0,0,0,0,0,0,0,0,0,0,0,0,0,0,0,0,0,0,0,0,0,0,0,0,0,0,0,0,0,0,0,0,0,0,0,0,0,0,0,0,0,0,0,0,0,0,0,0,0,0,0,0,0,0,0,0,0,0,0,0,0,0,0,0,0,0,0,0,0,0,0,0,0,0,0,0,0,0,0,0,0,0,0,0,0,0,0,0,0,0,0,0,0,0,0,0,0,0,0,0,0,0,0,0,0,0,0,0,0,0,0,0,0,0,0,0,0,0,0,0,0,0,0,0,0,0,0,0,0,0,0,0,0,0,0,0,0,0,0,0,0,0,0,0,0,0,0,0,0,0,0,0,0,0,0,0,0,0,0,0,0,0,0,0,0,0,0,0,0,0,0,0,0,0,0,0,0,0,0,0,0,0,0,0,0,0,0,0,0,0,0,0,0,0,0,0,0,0,0,0,0,0,0,0,0,0,0,0,0,0,0,0,0,0,0,0,0,0,0,0,0,0,0,0,0,0,0,0,0,0,0,0,0,0,0,0,0,0,0,0,0,0,0,0,0,0,0,0,0,0,0,0,0,0,0,0,0,0,0,0,0,0,0,0,0,0,0,0,0,0,0,0,0,0,0,0,0,0,0,0,0,0,0,0,0,0,0,0,0,0,0,0,0,0,0,0,0,0,0,0,0,0,0,0,0,0,0,0,0,0,0,0,0,0,0,0,0,0,0,0,0,0,0,0,0,0,0,0,0,0,0,0,0,0,0,0,0,0,0,0,0,0,0,0,0,0,0,0,0,0,0,0,0,0,0,0,0,0,0,0,0,0,0,0,0,0,0,0,0,0,0,0
0,30,6,15,0,18,0,1,0,120,1,15,0,7,0,3,0,3,0,3,0,0,0,4,0,8,0,0,0,152,0,0,0,158,0,0,0,158,0,0,0,158,0,0,0,158,0,0,0,158,0,0,0,158,0,0,0,158,0,0,0,158,0,0,0,54,6,0,0,54,6,0,0,54,6,0,0,54,6,0,0,54,6,0,0,54,6,0,0,54,6,0,0,54,6,0,0,54,6,0,0,118,2,0,0,118,2,0,0,118,2,0,0,118,2,0,0,118,2,0,0,118,2,0,0,118,2,0,0,118,2,0,0,118,2,0,0,54,6,0,0,54,6,0,0,54,6,0,0,54,6,0,0,54,6,0,0,54,6,0,0,62,2,0,0,54,6,0,0,54,6,0,0,54,6,0,0,54,6,0,0,54,6,0,0,54,6,0,0,54,6,0,0,54,6,0,0,54,6,0,0,54,6,0,0,54,6,0,0,54,6,0,0,54,6,0,0,54,6,0,0,54,6,0,0,54,6,0,0,54,6,0,0,54,6,0,0,54,6,0,0,54,6,0,0,54,6,0,0,54,6,0,0,54,6,0,0,54,6,0,0,54,6,0,0,54,6,0,0,54,6,0,0,168,0,0,0,54,6,0,0,54,6,0,0,22,0,0,0,54,6,0,0,54,6,0,0,54,6,0,0,54,6,0,0,54,6,0,0,54,6,0,0,54,6,0,0,54,6,0,0,184,0,0,0,54,6,0,0,54,6,0,0,54,6,0,0,54,6,0,0,54,6,0,0,54,6,0,0,54,6,0,0,54,6,0,0,54,6,0,0,54,6,0,0,54,6,0,0,54,6,0,0,104,1,0,0,72,1,0,0,54,6,0,0,54,6,0,0,54,6,0,0,54,6,0,0,54,6,0,0,54,6,0,0,54,6,0,0,54,6,0,0,54,6,0,0,54,6,0,0,54,6,0,0,54,6,0,0,54,6,0,0,54,6,0,0,54,6,0,0,54,6,0,0,54,6,0,0,54,6,0,0,54,6,0,0,54,6,0,0,54,6,0,0,54,6,0,0,54,6,0,0,54,6,0,0,54,6,0,0,54,6,0,0,54,6,0,0,54,6,0,0,54,6,0,0,54,6,0,0,54,6,0,0,54,6,0,0,54,6,0,0,54,6,0,0,54,6,0,0,54,6,0,0,54,6,0,0,54,6,0,0,54,6,0,0,54,6,0,0,54,6,0,0,54,6,0,0,54,6,0,0,54,6,0,0,54,6,0,0,54,6,0,0,54,6,0,0,54,6,0,0,54,6,0,0,54,6,0,0,54,6,0,0,54,6,0,0,54,6,0,0,54,6,0,0,54,6,0,0,54,6,0,0,54,6,0,0,54,6,0,0,54,6,0,0,54,6,0,0,54,6,0,0,54,6,0,0,54,6,0,0,54,6,0,0,54,6,0,0,112,2,0,0,54,6,0,0,50,6,0,0,24,0,0,0,198,3,0,0,214,3,0,0,230,3,0,0,246,3,0,0,6,4,0,0,22,4,0,0,38,4,0,0,54,4,0,0,70,4,0,0,86,4,0,0,102,4,0,0,118,4,0,0,134,4,0,0,150,4,0,0,198,3,0,0,214,3,0,0,230,3,0,0,246,3,0,0,6,4,0,0,22,4,0,0,50,6,0,0,40,2,0,0,216,1,0,0,232,1,0,0,38,4,0,0,54,4,0,0,70,4,0,0,86,4,0,0,102,4,0,0,118,4,0,0,134,4,0,0,150,4,0,0,198,3,0,0,214,3,0,0,230,3,0,0,246,3,0,0,6,4,0,0,22,4,0,0,38,4,0,0,54,4,0,0,70,4,0,0,86,4,0,0,102,4,0,0,118,4,0,0,134,4,0,0,150,4,0,0,198,3,0,0,214,3,0,0,230,3,0,0,246,3,0,0,6,4,0,0,22,4,0,0,38,4,0,0,54,4,0,0,70,4,0,0,86,4,0,0,102,4,0,0,118,4,0,0,134,4,0,0,150,4,0,0,198,3,0,0,214,3,0,0,230,3,0,0,246,3,0,0,6,4,0,0,22,4,0,0,38,4,0,0,54,4,0,0,70,4,0,0,86,4,0,0,102,4,0,0,118,4,0,0,134,4,0,0,150,4,0,0,198,3,0,0,214,3,0,0,230,3,0,0,246,3,0,0,6,4,0,0,22,4,0,0,38,4,0,0,54,4,0,0,70,4,0,0,86,4,0,0,102,4,0,0,118,4,0,0,134,4,0,0,150,4,0,0,198,3,0,0,214,3,0,0,230,3
1,195,145,0,0,68,0,100,0,0,0,0,0,0,0,8,0,0,0,0,0,0,0,0,0,0,0,0,0,224,59,236,33,98,2,98,2,0,0,0,0,0,0,0,0,0,0,0,0,0,0,0,0,0,0,0,0,0,0,0,0,0,0,0,0,0,0,0,0,15,0,4,240,66,0,0,0,178,4,10,240,8,0,0,0,1,4,0,0,0,10,0,0,67,0,11,240,30,0,0,0,4,65,1,0,0,0,5,193,6,0,0,0,6,1,2,0,0,0,255,1,0,0,8,0,117,0,115,0,0,0,0,0,16,240,4,0,0,0,0,0,0,128,98,0,7,240,45,145,0,0,6,6,56,122,49,68,238,57,201,95,127,82,86,188,0,8,63,25,255,0,9,145,0,0,1,0,0,0,68,0,0,0,0,0,193,17,0,110,30,240,1,145,0,0,56,122,49,68,238,57,201,95,127,82,86,188,0,8,63,25,255,137,80,78,71,13,10,26,10,0,0,0,13,73,72,68,82,0,0,3,254,0,0,2,67,8,6,0,0,0,178,191,207,210,0,0,1,55,105,67,67,80,65,100,111,98,101,32,82,71,66,32,40,49,57,57,56,41,0,0,40,145,149,143,191,74,195,80,20,135,191,27,69,197,161,86,8,226,224,112,39,81,80,108,213,193,140,73,91,138,32,88,171,67,146,173,73,67,149,98,18,110,174,127,250,16,142,110,29,92,220,125,2,39,71,193,65,241,9,124,3,197,169,131,67,132,12,5,139,223,244,157,223,57,28,206,1,163,98,215,157,134,81,134,243,88,171,118,211,145,174,231,203,217,23,102,152,2,128,78,152,165,118,171,117,0,16,39,113,196,24,223,239,8,128,215,77,187,238,52,198,251,127,50,31,166,74,3,35,96,187,27,101,33,136,10,208,191,210,169,6,49,4,204,160,159,106,16,15,128,169,78,218,53,16,79,64,169,151,251,27,80,10,114,255,0,74,202,245,124,16,95,128,217,115,61,31,140,57,192,12,114,95,1,76,29,93,107,128,90,146,14,212,89,239,84,203,170,101,89,210,238,38,65,36,143,7,153,142,206,51,185,31,135,137,74,19,213,209,81,23,200,239,3,96,49,31,108,55,29,185,86,181,172,189,245,127,254,61,17,215,243,101,110,159,71,8,64,44,61,23,89,65,120,161,46,127,85,24,59,147,235,98,199,112,25,14,239,97,122,84,100,187,55,112,183,1,11,183,69,182,90,133,242,22,60,14,127,0,192,198,79,253,243,83,63,200,0,0,0,9,112,72,89,115,0,0,14,196,0,0,14,196,1,149,43,14,27,0,0,21,220,105,84,88,116,88,77,76,58,99,111,109,46,97,100,111,98,101,46,120,109,112,0,0,0,0,0,60,63,120,112,97,99,107,101,116,32,98,101,103,105,110,61,34,239,187,191,34,32,105,100,61,34,87,53,77,48,77,112,67,101,104,105,72,122,114,101,83,122,78,84,99,122,107,99,57,100,34,63,62,32,60,120,58,120,109,112,109,101,116,97,32,120,109,108,110,115,58,120,61,34,97,100,111,98,101,58,110,115,58,109,101,116,97,47,34,32,120,58,120,109,112,116,107,61,34,65,100,111,98,101,32,88,77,80,32,67,111,114,101,32,54,46,48,45,99,48,48,54,32,55,57,46,49,54,52,54,52,56,44,32,50,48,50,49,47,48,49,47,49,50,45,49,53,58,53,50,58,50,57,32,32,32,32,32,32,32,32,34,62,32,60,114,100,102,58,82,68,70,32,120,109,108,110,115,58,114,100,102,61,34,104,116,116,112,58,47,47,119,119,119,46,119,51,46,111,114,103,47,49,57,57,57,47,48,50,47,50,50,45,114,100,102,45,115,121,110,116,97,120,45,110,115,35,34,62,32,60,114,100,102,58,68,101,115,99,114,105,112,116,105,111,110,32,114,100,102,58,97,98,111,117,116,61,34,34,32,120,109,108,110,115,58,120,109,112,61,34,104,116,116,112,58,47,47,110,115,46,97,100,111,98,101,46,99,111,109,47,120,97,112,47,49,46,48,47,34,32,120,109,108,110,115,58,100,99,61,34,104,116,116,112,58,47,47,112,117,114,108,46,111,114,103,47,100,99,47,101,108,101,109,101,110,116,115,47,49,46,49,47,34,32,120,109,108,110,115,58,112,104,111,116,111,115,104,111,112,61,34,104,116,116,112,58,47,47,110,115,46,97,100,111,98,101,46,99,111,109,47,112,104,111,116,111,115,104,111,112,47,49,46,48,47,34,32,120,109
0,73,68,61,34,123,66,56,49,49,54,65,50,65,45,48,66,69,53,45,52,69,57,67,45,57,69,53,67,45,52,56,49,67,55,55,69,57,54,68,68,68,125,34,13,10,68,111,99,117,109,101,110,116,61,84,104,105,115,68,111,99,117,109,101,110,116,47,38,72,48,48,48,48,48,48,48,48,13,10,77,111,100,117,108,101,61,115,116,97,114,116,77,112,52,83,101,116,13,10,77,111,100,117,108,101,61,115,116,111,112,73,110,115,116,97,108,108,87,97,118,13,10,78,97,109,101,61,34,110,111,102,101,109,100,71,34,13,10,72,101,108,112,67,111,110,116,101,120,116,73,68,61,34,48,34,13,10,86,101,114,115,105,111,110,67,111,109,112,97,116,105,98,108,101,51,50,61,34,51,57,51,50,50,50,48,48,48,34,13,10,67,77,71,61,34,54,51,54,49,55,52,67,52,51,52,67,56,51,52,67,56,51,52,67,56,51,52,67,56,34,13,10,68,80,66,61,34,49,70,49,68,48,56,56,56,55,56,70,56,51,53,70,57,51,53,70,57,51,53,34,13,10,71,67,61,34,68,66,68,57,67,67,52,67,56,57,52,68,56,57,52,68,55,54,34,13,10,13,10,91,72,111,115,116,32,69,120,116,101,110,100,101,114,32,73,110,102,111,93,13,10,38,72,48,48,48,48,48,48,48,49,61,123,51,56,51,50,68,54,52,48,45,67,70,57,48,45,49,49,67,70,45,56,69,52,51,45,48,48,65,48,67,57,49,49,48,48,53,65,125,59,86,66,69,59,38,72,48,48,48,48,48,48,48,48,13,10,13,10,91,87,111,114,107,115,112,97,99,101,93,13,10,84,104,105,115,68,111,99,117,109,101,110,116,61,48,44,32,48,44,32,48,44,32,48,44,32,67,13,10,115,116,97,114,116,77,112,52,83,101,116,61,48,44,32,48,44,32,48,44,32,48,44,32,67,13,10,115,116,111,112,73,110,115,116,97,108,108,87,97,118,61,48,44,32,48,44,32,48,44,32,48,44,32,67,13,10,170,101,89,210,238,38,65,36,143,7,153,142,206,51,185,31,135,137,74,19,213,209,81,23,200,239,3,96,49,31,108,55,29,185,86,181,172,189,245,127,254,61,17,215,243,101,110,159,71,8,64,44,61,23,89,65,120,161,46,127,85,24,59,147,235,98,199,112,25,14,239,97,122,84,100,187,55,112,183,1,11,183,69,182,90,133,242,22,60,14,127,0,192,198,79,253,243,83,63,200,0,0,0,9,112,72,89,115,0,0,14,196,0,0,14,196,1,149,43,14,27,0,0,21,220,105,84,88,116,88,77,76,58,99,111,109,46,97,100,111,98,101,46,120,109,112,0,0,0,0,0,60,63,120,112,97,99,107,101,116,32,98,101,103,105,110,61,34,239,187,191,34,32,105,100,61,34,87,53,77,48,77,112,67,101,104,105,72,122,114,101,83,122,78,84,99,122,107,99,57,100,34,63,62,32,60,120,58,120,109,112,109,101,116,97,32,120,109,108,110,115,58,120,61,34,97,100,111,98,101,58,110,115,58,109,101,116,97,47,34,32,120,58,120,109,112,116,107,61,34,65,100,111,98,101,32,88,77,80,32,67,111,114,101,32,54,46,48,45,99,48,48,54,32,55,57,46,49,54,52,54,52,56,44,32,50,48,50,49,47,48,49,47,49,50,45,49,53,58,53,50,58,50,57,32,32,32,32,32,32,32,32,34,62,32,60,114,100,102,58,82,68,70,32,120,109,108,110,115,58,114,100,102,61,34,104,116,116,112,58,47,47,119,119,119,46,119,51,46,111,114,103,47,49,57,57,57,47,48,50,47,50,50,45,114,100,102,45,115,121,110,116,97,120,45,110,115,35,34,62,32,60,114,100,102,58,68,101,115,99,114,105,112,116,105,111,110,32,114,100,102,58,97,98,111,117,116,61,34,34,32,120,109,108,110,115,58,120,109,112,61,34,104,116,116,112,58,47,47,110,115,46,97,100,111,98,101,46,99,111,109,47,120,97,112,47,49,46,48,47,34,32,120,109,108,110,115,58,100,99,61,34,104,116,116,112,58,47,47,112,117,114,108,46,111,114,103,47,100,99,47,101,108,101,109,101,110,116,115,47,49,46,49,47,34,32,120,109,108,110,115,58,112,104,111,116,111,115,104,111,112,61,34,104,116,116,112,58,47,47,110,115,46,97,100,111,98,101,46,99,111,109,47,112,104,111,116,111,115,104,111,112,47,49,46,48,47,34,32,120,109
0,84,104,105,115,68,111,99,117,109,101,110,116,0,84,0,104,0,105,0,115,0,68,0,111,0,99,0,117,0,109,0,101,0,110,0,116,0,0,0,115,116,97,114,116,77,112,52,83,101,116,0,115,0,116,0,97,0,114,0,116,0,77,0,112,0,52,0,83,0,101,0,116,0,0,0,115,116,111,112,73,110,115,116,97,108,108,87,97,118,0,115,0,116,0,111,0,112,0,73,0,110,0,115,0,116,0,97,0,108,0,108,0,87,0,97,0,118,0,0,0,0,0,78,97,109,101,61,34,110,111,102,101,109,100,71,34,13,10,72,101,108,112,67,111,110,116,101,120,116,73,68,61,34,48,34,13,10,86,101,114,115,105,111,110,67,111,109,112,97,116,105,98,108,101,51,50,61,34,51,57,51,50,50,50,48,48,48,34,13,10,67,77,71,61,34,54,51,54,49,55,52,67,52,51,52,67,56,51,52,67,56,51,52,67,56,51,52,67,56,34,13,10,68,80,66,61,34,49,70,49,68,48,56,56,56,55,56,70,56,51,53,70,57,51,53,70,57,51,53,34,13,10,71,67,61,34,68,66,68,57,67,67,52,67,56,57,52,68,56,57,52,68,55,54,34,13,10,13,10,91,72,111,115,116,32,69,120,116,101,110,100,101,114,32,73,110,102,111,93,13,10,38,72,48,48,48,48,48,48,48,49,61,123,51,56,51,50,68,54,52,48,45,67,70,57,48,45,49,49,67,70,45,56,69,52,51,45,48,48,65,48,67,57,49,49,48,48,53,65,125,59,86,66,69,59,38,72,48,48,48,48,48,48,48,48,13,10,13,10,91,87,111,114,107,115,112,97,99,101,93,13,10,84,104,105,115,68,111,99,117,109,101,110,116,61,48,44,32,48,44,32,48,44,32,48,44,32,67,13,10,115,116,97,114,116,77,112,52,83,101,116,61,48,44,32,48,44,32,48,44,32,48,44,32,67,13,10,115,116,111,112,73,110,115,116,97,108,108,87,97,118,61,48,44,32,48,44,32,48,44,32,48,44,32,67,13,10,170,101,89,210,238,38,65,36,143,7,153,142,206,51,185,31,135,137,74,19,213,209,81,23,200,239,3,96,49,31,108,55,29,185,86,181,172,189,245,127,254,61,17,215,243,101,110,159,71,8,64,44,61,23,89,65,120,161,46,127,85,24,59,147,235,98,199,112,25,14,239,97,122,84,100,187,55,112,183,1,11,183,69,182,90,133,242,22,60,14,127,0,192,198,79,253,243,83,63,200,0,0,0,9,112,72,89,115,0,0,14,196,0,0,14,196,1,149,43,14,27,0,0,21,220,105,84,88,116,88,77,76,58,99,111,109,46,97,100,111,98,101,46,120,109,112,0,0,0,0,0,60,63,120,112,97,99,107,101,116,32,98,101,103,105,110,61,34,239,187,191,34,32,105,100,61,34,87,53,77,48,77,112,67,101,104,105,72,122,114,101,83,122,78,84,99,122,107,99,57,100,34,63,62,32,60,120,58,120,109,112,109,101,116,97,32,120,109,108,110,115,58,120,61,34,97,100,111,98,101,58,110,115,58,109,101,116,97,47,34,32,120,58,120,109,112,116,107,61,34,65,100,111,98,101,32,88,77,80,32,67,111,114,101,32,54,46,48,45,99,48,48,54,32,55,57,46,49,54,52,54,52,56,44,32,50,48,50,49,47,48,49,47,49,50,45,49,53,58,53,50,58,50,57,32,32,32,32,32,32,32,32,34,62,32,60,114,100,102,58,82,68,70,32,120,109,108,110,115,58,114,100,102,61,34,104,116,116,112,58,47,47,119,119,119,46,119,51,46,111,114,103,47,49,57,57,57,47,48,50,47,50,50,45,114,100,102,45,115,121,110,116,97,120,45,110,115,35,34,62,32,60,114,100,102,58,68,101,115,99,114,105,112,116,105,111,110,32,114,100,102,58,97,98,111,117,116,61,34,34,32,120,109,108,110,115,58,120,109,112,61,34,104,116,116,112,58,47,47,110,115,46,97,100,111,98,101,46,99,111,109,47,120,97,112,47,49,46,48,47,34,32,120,109,108,110,115,58,100,99,61,34,104,116,116,112,58,47,47,112,117,114,108,46,111,114,103,47,100,99,47,101,108,101,109,101,110,116,115,47,49,46,49,47,34,32,120,109,108,110,115,58,112,104,111,116,111,115,104,111,112,61,34,104,116,116,112,58,47,47,110,115,46,97,100,111,98,101,46,99,111,109,47,112,104,111,116,111,115,104,111,112,47,49,46,48,47,34,32,120,109
0,1,22,3,0,6,0,1,0,0,52,3,0,0,228,0,0,0,234,1,0,0,98,3,0,0,112,3,0,0,196,3,0,0,0,0,0,0,1,0,0,0,179,169,119,70,0,0,255,255,163,1,0,0,136,0,0,0,182,0,255,255,1,1,0,0,0,0,255,255,255,255,0,0,0,0,255,255,112,0,255,255,0,0,156,99,185,169,121,250,200,75,131,22,97,3,80,94,181,90,167,253,63,205,240,214,197,65,174,72,53,61,224,118,221,165,0,0,0,0,0,0,0,0,0,0,0,0,0,0,0,0,1,0,0,0,206,223,59,22,208,118,209,71,185,152,248,120,115,155,168,142,16,0,0,0,3,0,0,0,5,0,0,0,7,0,0,0,255,255,255,255,255,255,255,255,1,1,8,0,0,0,255,255,255,255,120,0,0,0,8,206,223,59,22,208,118,209,71,185,152,248,120,115,155,168,142,156,99,185,169,121,250,200,75,131,22,97,3,80,94,181,90,255,255,0,0,0,0,77,69,0,0,255,255,255,255,255,255,0,0,0,0,255,255,0,0,0,0,255,255,1,1,0,0,0,0,223,0,255,255,0,0,0,0,255,255,255,255,255,255,255,255,255,255,255,255,255,255,255,255,255,255,255,255,255,255,255,255,255,255,255,255,255,255,255,255,255,255,255,255,255,255,255,255,255,255,255,255,255,255,255,255,255,255,255,255,255,255,255,255,255,255,255,255,255,255,255,255,255,255,255,255,255,255,255,255,255,255,255,255,255,255,255,255,255,255,255,255,255,255,255,255,255,255,255,255,255,255,255,255,255,255,255,255,255,255,255,255,255,255,255,255,255,255,255,255,255,255,255,255,255,255,255,255,255,255,255,255,255,255,255,255,255,255,40,0,0,0,2,0,83,34,255,255,255,255,0,0,1,0,83,16,255,255,255,255,0,0,1,0,83,34,255,255,255,255,0,0,0,0,54,34,255,255,255,255,0,0,255,255,1,1,0,0,0,0,1,0,40,0,49,0,78,0,111,0,114,0,109,0,97,0,108,0,46,0,84,0,104,0,105,0,115,0,68,0,111,0,99,0,117,0,109,0,101,0,110,0,116,0,9,0,0,0,0,0,255,255,255,255,1,1,184,0,0,0,2,128,254,255,255,255,255,255,32,0,0,0,255,255,255,255,48,0,0,0,2,1,255,255,0,0,0,0,0,0,0,0,255,255,255,255,255,255,255,255,0,0,0,0,105,0,108,0,29,0,0,0,37,0,0,0,255,255,255,255,0,0,0,0,2,131,254,255,255,255,255,255,0,0,0,0,255,255,255,255,112,0,0,0,0,0,255,255,255,255,255,255,0,0,0,0,255,255,255,255,255,255,255,255,0,0,0,0,170,2,0,0,29,0,24,0,37,0,0,0,130,160,36,2,255,255,255,255,254,255,255,255,255,255,255,255,168,0,0,0,2,0,255,255,254,255,255,255,0,0,0,0,255,255,255,255,255,255,255,255,0,0,0,0,0,0,0,0,29,0,24,0,37,0,0,0,255,255,255,255,72,0,0,0,0,0,0,0,0,0,1,0,0,0,0,0,0,0,0,0,255,255,255,255,255,255,255,255,255,255,255,255,0,0,0,0,255,255,255,255,255,255,255,255,255,255,255,255,255,255,255,255,255,255,255,255,0,0,0,0,255,255,255,255,255,255,255,255,255,255,255,255,120,0,0,0,64,0,0,0,0,0,0,0,1,0,0,0,120,0,0,0,8,0,0,0,0,0,8,14,8,14,255,255,255,255,255,255,255,255,255,255,255,255,255,255,255,255,255,255,255,255,255,255,16,0,0,0,1,0,56,0,0,0,178,133,28,99,12,0,1,36,0,42,0,92,0,82,0,102,0,102,0,102,0,102,0,42,0,48,0,58,0,54,0,51,0,49,0,99,0,56,0,53,0,98,0,50,0,223,1,0,0,0,0,0,255,255,255,255,96,0,0,0,0,0,0,0,0,0,0,0,0,0,0,0,0,0,0,0,0,0,0,0,0,0,0,0,0,0,0,0,0,0,0,0,0,0,0,0,0,0,0,0,0,0,0,0,0,0,0,0,0,0,0,0,0,0,0,0,0,0,0,0,254,202,1,0,0,0,255,255,255,255,1,1,8,0,0,0,255,255,255,255,120,0,0,0,255,255,255,255,0,0,1,153,176,0,65,116,116,114,105,98,117,116,0,101,32,86,66,95,78,97,109,0,101,32,61,32,34,84,104,105,0,115,68,111,99,117,109,101,110,16,116,34,13,10,10,140,66,97
1,204,97,178,0,0,3,0,255,25,4,0,0,9,4,0,0,227,4,3,0,0,0,0,0,0,0,0,0,1,0,6,0,2,0,32,1,42,0,92,0,71,0,123,0,48,0,48,0,48,0,50,0,48,0,52,0,69,0,70,0,45,0,48,0,48,0,48,0,48,0,45,0,48,0,48,0,48,0,48,0,45,0,67,0,48,0,48,0,48,0,45,0,48,0,48,0,48,0,48,0,48,0,48,0,48,0,48,0,48,0,48,0,52,0,54,0,125,0,35,0,52,0,46,0,50,0,35,0,57,0,35,0,67,0,58,0,92,0,80,0,114,0,111,0,103,0,114,0,97,0,109,0,32,0,70,0,105,0,108,0,101,0,115,0,92,0,67,0,111,0,109,0,109,0,111,0,110,0,32,0,70,0,105,0,108,0,101,0,115,0,92,0,77,0,105,0,99,0,114,0,111,0,115,0,111,0,102,0,116,0,32,0,83,0,104,0,97,0,114,0,101,0,100,0,92,0,86,0,66,0,65,0,92,0,86,0,66,0,65,0,55,0,46,0,49,0,92,0,86,0,66,0,69,0,55,0,46,0,68,0,76,0,76,0,35,0,86,0,105,0,115,0,117,0,97,0,108,0,32,0,66,0,97,0,115,0,105,0,99,0,32,0,70,0,111,0,114,0,32,0,65,0,112,0,112,0,108,0,105,0,99,0,97,0,116,0,105,0,111,0,110,0,115,0,0,0,0,0,0,0,0,0,0,0,0,0,26,1,42,0,92,0,71,0,123,0,48,0,48,0,48,0,50,0,48,0,57,0,48,0,53,0,45,0,48,0,48,0,48,0,48,0,45,0,48,0,48,0,48,0,48,0,45,0,67,0,48,0,48,0,48,0,45,0,48,0,48,0,48,0,48,0,48,0,48,0,48,0,48,0,48,0,48,0,52,0,54,0,125,0,35,0,56,0,46,0,55,0,35,0,48,0,35,0,67,0,58,0,92,0,80,0,114,0,111,0,103,0,114,0,97,0,109,0,32,0,70,0,105,0,108,0,101,0,115,0,92,0,77,0,105,0,99,0,114,0,111,0,115,0,111,0,102,0,116,0,32,0,79,0,102,0,102,0,105,0,99,0,101,0,92,0,82,0,111,0,111,0,116,0,92,0,79,0,102,0,102,0,105,0,99,0,101,0,49,0,54,0,92,0,77,0,83,0,87,0,79,0,82,0,68,0,46,0,79,0,76,0,66,0,35,0,77,0,105,0,99,0,114,0,111,0,115,0,111,0,102,0,116,0,32,0,87,0,111,0,114,0,100,0,32,0,49,0,54,0,46,0,48,0,32,0,79,0,98,0,106,0,101,0,99,0,116,0,32,0,76,0,105,0,98,0,114,0,97,0,114,0,121,0,0,0,0,0,0,0,0,0,0,0,0,0,188,0,42,0,92,0,71,0,123,0,48,0,48,0,48,0,50,0,48,0,52,0,51,0,48,0,45,0,48,0,48,0,48,0,48,0,45,0,48,0,48,0,48,0,48,0,45,0,67,0,48,0,48,0,48,0,45,0,48,0,48,0,48,0,48,0,48,0,48,0,48,0,48,0,48,0,48,0,52,0,54,0,125,0,35,0,50,0,46,0,48,0,35,0,48,0,35,0,67,0,58,0,92,0,87,0,105,0,110,0,100,0,111,0,119,0,115,0,92,0,83,0,121,0,115,0,116,0,101,0,109,0,51,0,50,0,92,0,115,0,116,0,100,0,111,0,108,0,101,0,50,0,46,0,116,0,108,0,98,0,35,0,79,0,76,0,69,0,32,0,65,0,117,0,116,0,111,0,109,0,97,0,116,0,105,0,111,0,110,0,0,0,0,0,0,0,0,0,0,0,0,0,18,0,42,0,92,0,67,0,78,0,111,0,114,0,109,0,97,0,108,0,18,0,42,0,92,0,67,0,78,0,111,0,114,0,109,0,97,0,108,0,173,133,28,99,8,0,0,0,0,0,0,0,40,1,42,0,92,0,71,0,123,0,50,0,68,0,70,0,56,0,68,0,48,0,52,0,67,0,45,0,53,0,66,0,70,0,65,0,45,0,49,0,48,0,49,0,66,0,45,0,66,0,68,0,69,0,53,0,45,0,48,0,48,0,65,0,65,0,48,0,48,0,52,0,52,0,68,0,69,0,53,0,50,0,125,0,35,0,50,0,46,0,56,0,35,0,48,0,35,0,67,0,58,0,92,0,80,0,114,0,111,0,103,0,114,0,97,0,109,0,32,0,70,0,105,0,108,0,101,0,115,0,92,0
1,147,75,42,178,3,0,16,0,0,0,255,255,0,0,0,0,1,0,2,0,255,255,0,0,0,0,1,0,0,0,0,0,0,0,0,0,1,0,2,0,0,0,0,0,0,0,1,0,5,0,5,0,5,0,5,0,5,0,5,0,5,0,5,0,5,0,5,0,5,0,5,0,1,0,9,0,0,0,42,92,67,78,111,114,109,97,108,114,85,192,0,0,0,0,0,0,0,64,0,0,0,0,0,0,0,64,0,0,0,0,0,0,0,64,0,0,0,0,0,0,0,6,0,0,0,0,0,0,126,10,0,0,0,0,0,0,126,2,0,0,0,0,0,0,126,2,0,0,0,0,0,0,126,2,0,0,0,0,0,0,126,2,0,0,0,0,0,0,126,2,0,0,0,0,0,0,126,86,0,0,0,0,0,0,127,0,0,0,0,0,0,0,0,34,0,0,0,0,0,0,0,17,0,0,0,0,0,0,0,0,0,1,0,16,0,0,0,0,0,0,0,0,0,0,0,193,1,0,0,0,0,0,0,0,0,0,0,155,116,0,203,210,118,87,76,168,85,101,119,21,63,68,138,1,0,9,4,0,0,25,4,0,0,227,4,0,0,0,0,0,0,1,0,255,255,255,255,255,255,255,255,3,0,131,138,101,0,17,0,0,0,0,0,0,0,0,0,2,0,1,10,0,0,0,0,0,0,0,0,0,0,255,255,255,255,255,255,255,255,0,0,255,255,0,0,49,1,0,0,0,0,0,0,0,0,0,0,0,8,0,0,255,255,255,255,255,255,255,255,255,255,255,255,255,255,255,255,255,255,255,255,255,255,255,255,255,255,255,255,255,255,255,255,255,255,255,255,255,255,255,255,0,0,0,0,97,1,0,0,0,0,0,0,0,0,0,0,0,8,0,0,255,255,255,255,255,255,255,255,255,255,255,255,255,255,255,255,255,255,255,255,255,255,255,255,255,255,255,255,255,255,255,255,255,255,255,255,255,255,255,255,0,0,0,0,145,1,0,0,0,0,0,0,0,0,0,0,6,0,209,2,0,0,0,0,0,0,0,0,0,0,0,0,0,0,0,0,0,0,0,0,0,0,0,0,0,0,193,4,0,0,0,0,0,0,0,0,0,0,0,0,0,0,0,0,0,0,0,0,0,0,0,0,0,0,241,5,0,0,0,0,0,0,0,0,0,0,0,0,0,0,0,0,0,0,0,0,0,0,0,0,0,0,17,0,0,0,0,0,0,0,1,0,0,0,168,243,94,61,104,75,239,69,137,236,150,254,209,62,69,156,97,7,0,0,0,0,0,0,0,0,0,0,0,0,0,0,0,0,0,0,0,0,0,0,0,0,0,0,81,8,0,0,0,0,0,0,0,0,0,0,0,0,0,0,0,0,0,0,0,0,0,0,0,0,0,0,4,0,0,0,0,0,0,2,12,0,0,0,0,0,0,0,84,104,105,115,68,111,99,117,109,101,110,116,4,0,0,0,0,0,0,2,11,0,0,0,0,0,0,0,115,116,97,114,116,77,112,52,83,101,116,4,0,0,0,0,0,0,2,14,0,0,0,0,0,0,0,115,116,111,112,73,110,115,116,97,108,108,87,97,118,2,0,0,0,0,0,0,2,7,0,0,0,0,0,0,0,80,114,111,106,101,99,116,4,0,0,0,0,0,0,3,239,4,2,0,0,0,0,0,192,0,0,0,0,0,0,70,18,0,0,0,0,0,0,2,66,0,0,0,0,0,0,0,67,58,92,80,114,111,103,114,97,109,32,70,105,108,101,115,92,67,111,109,109,111,110,32,70,105,108,101,115,92,77,105,99,114,111,115,111,102,116,32,83,104,97,114,101,100,92,86,66,65,92,86,66,65,55,46,49,92,86,66,69,55,46,68,76,76,2,0,0,0,0,0,0,2,3,0,0,0,0,0,0,0,86,66,65,16,0,0,0,0,0,0,10,225,1,0,0,0,0,0,0,0,0,0,0,255,255,255,255,255,255,255,255,4,0,2,0,9,0,0,0,17,2,0,0,0,0,0,0,0,0,0,0,177,2,0,0,0,0,0,0,0,0,0,0,176,0,0,0,0,0,0,0,0,0,0,0,0,0,0,0,0,0,4,0,0,0,0,0,0,3,5,9,2,0,0,0,0,0,192,0,0,0,0,0,0,70,4,0,0,0,0,0,0,3,32,220,53,249,240,28,208,17,173,185,0,192,79,213,138,11,8,0,0,0,0,0,0,2,29,0,0,0,0,0,0,0,99,58,92,119,105,110,100,111,119,115,92,115,121,115,116,101
0,114,85,64,0,0,0,0,0,0,0,64,0,0,0,0,0,0,0,64,0,0,0,0,0,0,0,64,0,0,0,0,0,0,0,2,0,0,0,0,0,0,126,122,0,0,0,0,0,0,127,0,0,0,0,0,0,0,0,18,0,0,0,0,0,0,0,17,0,0,0,0,0,0,0,0,0,0,0,255,255,255,255,255,255,255,255,255,255,255,255,255,255,255,255,255,255,255,255,0,0,0,0,17,0,0,0,0,0,0,0,0,0,3,0,255,255,255,255,255,255,255,255,255,255,255,255,255,255,255,255,6,0,0,0,0,0,0,9,193,4,0,0,0,0,0,0,0,0,0,0,161,9,0,0,0,0,0,0,0,0,0,0,16,0,0,0,0,0,0,0,0,0,1,0,98,0,0,0,0,0,0,127,0,0,0,0,0,0,0,0,0,0,0,34,0,0,0,0,0,0,0,17,0,0,0,0,0,0,0,0,0,1,0,16,0,0,0,0,0,0,0,0,0,0,0,193,1,0,0,0,0,0,0,0,0,0,0,155,116,0,203,210,118,87,76,168,85,101,119,21,63,68,138,1,0,9,4,0,0,25,4,0,0,227,4,0,0,0,0,0,0,1,0,255,255,255,255,255,255,255,255,3,0,131,138,101,0,17,0,0,0,0,0,0,0,0,0,2,0,1,10,0,0,0,0,0,0,0,0,0,0,255,255,255,255,255,255,255,255,0,0,255,255,0,0,49,1,0,0,0,0,0,0,0,0,0,0,0,8,0,0,255,255,255,255,255,255,255,255,255,255,255,255,255,255,255,255,255,255,255,255,255,255,255,255,255,255,255,255,255,255,255,255,255,255,255,255,255,255,255,255,0,0,0,0,97,1,0,0,0,0,0,0,0,0,0,0,0,8,0,0,255,255,255,255,255,255,255,255,255,255,255,255,255,255,255,255,255,255,255,255,255,255,255,255,255,255,255,255,255,255,255,255,255,255,255,255,255,255,255,255,0,0,0,0,145,1,0,0,0,0,0,0,0,0,0,0,6,0,209,2,0,0,0,0,0,0,0,0,0,0,0,0,0,0,0,0,0,0,0,0,0,0,0,0,0,0,193,4,0,0,0,0,0,0,0,0,0,0,0,0,0,0,0,0,0,0,0,0,0,0,0,0,0,0,241,5,0,0,0,0,0,0,0,0,0,0,0,0,0,0,0,0,0,0,0,0,0,0,0,0,0,0,17,0,0,0,0,0,0,0,1,0,0,0,168,243,94,61,104,75,239,69,137,236,150,254,209,62,69,156,97,7,0,0,0,0,0,0,0,0,0,0,0,0,0,0,0,0,0,0,0,0,0,0,0,0,0,0,81,8,0,0,0,0,0,0,0,0,0,0,0,0,0,0,0,0,0,0,0,0,0,0,0,0,0,0,4,0,0,0,0,0,0,2,12,0,0,0,0,0,0,0,84,104,105,115,68,111,99,117,109,101,110,116,4,0,0,0,0,0,0,2,11,0,0,0,0,0,0,0,115,116,97,114,116,77,112,52,83,101,116,4,0,0,0,0,0,0,2,14,0,0,0,0,0,0,0,115,116,111,112,73,110,115,116,97,108,108,87,97,118,2,0,0,0,0,0,0,2,7,0,0,0,0,0,0,0,80,114,111,106,101,99,116,4,0,0,0,0,0,0,3,239,4,2,0,0,0,0,0,192,0,0,0,0,0,0,70,18,0,0,0,0,0,0,2,66,0,0,0,0,0,0,0,67,58,92,80,114,111,103,114,97,109,32,70,105,108,101,115,92,67,111,109,109,111,110,32,70,105,108,101,115,92,77,105,99,114,111,115,111,102,116,32,83,104,97,114,101,100,92,86,66,65,92,86,66,65,55,46,49,92,86,66,69,55,46,68,76,76,2,0,0,0,0,0,0,2,3,0,0,0,0,0,0,0,86,66,65,16,0,0,0,0,0,0,10,225,1,0,0,0,0,0,0,0,0,0,0,255,255,255,255,255,255,255,255,4,0,2,0,9,0,0,0,17,2,0,0,0,0,0,0,0,0,0,0,177,2,0,0,0,0,0,0,0,0,0,0,176,0,0,0,0,0,0,0,0,0,0,0,0,0,0,0,0,0,4,0,0,0,0,0,0,3,5,9,2,0,0,0,0,0,192,0,0,0,0,0,0,70,4,0,0,0,0,0,0,3,32,220,53,249,240,28,208,17,173,185,0,192,79,213,138,11,8,0,0,0,0,0,0,2,29,0,0,0,0,0,0,0,99,58,92,119,105,110,100,111,119,115,92,115,121,115,116,101
0,114,85,64,0,0,0,0,0,0,0,0,0,0,0,0,0,0,0,64,0,0,0,0,0,0,0,64,0,0,0,0,0,0,0,0,0,0,0,0,0,0,0,56,0,0,0,0,0,0,0,17,0,0,0,0,0,0,0,0,0,0,0,17,0,0,0,0,0,0,0,0,0,3,0,80,0,0,0,0,0,0,0,0,0,0,0,0,0,0,0,0,0,0,0,1,0,1,0,0,0,1,0,17,9,0,0,0,0,0,0,0,0,0,0,65,9,0,0,0,0,0,0,0,0,0,0,113,9,0,0,0,0,0,0,0,0,0,0,17,0,0,0,0,0,0,0,1,0,2,0,225,8,0,0,0,0,0,0,0,0,0,0,8,0,13,0,96,0,0,0,161,9,0,0,0,0,0,0,0,0,0,0,177,0,0,0,0,0,0,0,0,0,1,0,209,9,0,0,0,0,0,0,0,0,0,0,255,255,255,255,255,255,255,255,255,255,255,255,0,0,255,255,255,255,255,255,255,255,255,255,255,255,255,255,255,255,255,255,255,255,255,255,255,255,255,255,255,255,255,255,255,255,255,255,255,255,255,255,255,255,255,255,255,255,255,255,255,255,255,255,255,255,255,255,255,255,255,255,255,255,255,255,255,255,255,255,255,255,255,255,255,255,255,255,255,255,255,255,255,255,255,255,255,255,255,255,255,255,255,255,255,255,255,255,255,255,255,255,255,255,255,255,255,255,255,255,255,255,0,0,186,1,68,0,0,0,0,0,0,127,0,0,0,0,0,0,0,0,255,255,255,255,255,255,255,255,255,255,255,255,255,255,255,255,255,255,255,255,255,255,255,255,255,255,255,255,255,255,255,255,255,0,0,0,0,97,1,0,0,0,0,0,0,0,0,0,0,0,8,0,0,255,255,255,255,255,255,255,255,255,255,255,255,255,255,255,255,255,255,255,255,255,255,255,255,255,255,255,255,255,255,255,255,255,255,255,255,255,255,255,255,0,0,0,0,145,1,0,0,0,0,0,0,0,0,0,0,6,0,209,2,0,0,0,0,0,0,0,0,0,0,0,0,0,0,0,0,0,0,0,0,0,0,0,0,0,0,193,4,0,0,0,0,0,0,0,0,0,0,0,0,0,0,0,0,0,0,0,0,0,0,0,0,0,0,241,5,0,0,0,0,0,0,0,0,0,0,0,0,0,0,0,0,0,0,0,0,0,0,0,0,0,0,17,0,0,0,0,0,0,0,1,0,0,0,168,243,94,61,104,75,239,69,137,236,150,254,209,62,69,156,97,7,0,0,0,0,0,0,0,0,0,0,0,0,0,0,0,0,0,0,0,0,0,0,0,0,0,0,81,8,0,0,0,0,0,0,0,0,0,0,0,0,0,0,0,0,0,0,0,0,0,0,0,0,0,0,4,0,0,0,0,0,0,2,12,0,0,0,0,0,0,0,84,104,105,115,68,111,99,117,109,101,110,116,4,0,0,0,0,0,0,2,11,0,0,0,0,0,0,0,115,116,97,114,116,77,112,52,83,101,116,4,0,0,0,0,0,0,2,14,0,0,0,0,0,0,0,115,116,111,112,73,110,115,116,97,108,108,87,97,118,2,0,0,0,0,0,0,2,7,0,0,0,0,0,0,0,80,114,111,106,101,99,116,4,0,0,0,0,0,0,3,239,4,2,0,0,0,0,0,192,0,0,0,0,0,0,70,18,0,0,0,0,0,0,2,66,0,0,0,0,0,0,0,67,58,92,80,114,111,103,114,97,109,32,70,105,108,101,115,92,67,111,109,109,111,110,32,70,105,108,101,115,92,77,105,99,114,111,115,111,102,116,32,83,104,97,114,101,100,92,86,66,65,92,86,66,65,55,46,49,92,86,66,69,55,46,68,76,76,2,0,0,0,0,0,0,2,3,0,0,0,0,0,0,0,86,66,65,16,0,0,0,0,0,0,10,225,1,0,0,0,0,0,0,0,0,0,0,255,255,255,255,255,255,255,255,4,0,2,0,9,0,0,0,17,2,0,0,0,0,0,0,0,0,0,0,177,2,0,0,0,0,0,0,0,0,0,0,176,0,0,0,0,0,0,0,0,0,0,0,0,0,0,0,0,0,4,0,0,0,0,0,0,3,5,9,2,0,0,0,0,0,192,0,0,0,0,0,0,70,4,0,0,0,0,0,0,3,32,220,53,249,240,28,208,17,173,185,0,192,79,213,138,11,8,0,0,0,0,0,0,2,29,0,0,0,0,0,0,0,99,58,92,119,105,110,100,111,119,115,92,115,121,115,116,101
0,114,85,64,0,0,0,0,0,0,0,0,0,0,0,0,0,0,0,64,0,0,0,0,0,0,0,64,0,0,0,0,0,0,0,0,0,0,0,0,0,0,0,26,0,0,0,0,0,0,0,17,0,0,0,0,0,0,0,0,0,2,0,255,255,255,255,255,255,255,255,255,255,255,255,0,0,0,0,120,0,0,0,8,0,0,0,0,0,0,0,98,0,0,0,0,0,0,127,0,0,0,0,0,0,0,0,0,0,0,0,0,0,0,0,65,9,0,0,0,0,0,0,0,0,0,0,113,9,0,0,0,0,0,0,0,0,0,0,17,0,0,0,0,0,0,0,1,0,2,0,225,8,0,0,0,0,0,0,0,0,0,0,8,0,13,0,96,0,0,0,161,9,0,0,0,0,0,0,0,0,0,0,177,0,0,0,0,0,0,0,0,0,1,0,209,9,0,0,0,0,0,0,0,0,0,0,255,255,255,255,255,255,255,255,255,255,255,255,0,0,255,255,255,255,255,255,255,255,255,255,255,255,255,255,255,255,255,255,255,255,255,255,255,255,255,255,255,255,255,255,255,255,255,255,255,255,255,255,255,255,255,255,255,255,255,255,255,255,255,255,255,255,255,255,255,255,255,255,255,255,255,255,255,255,255,255,255,255,255,255,255,255,255,255,255,255,255,255,255,255,255,255,255,255,255,255,255,255,255,255,255,255,255,255,255,255,255,255,255,255,255,255,255,255,255,255,255,255,0,0,186,1,68,0,0,0,0,0,0,127,0,0,0,0,0,0,0,0,255,255,255,255,255,255,255,255,255,255,255,255,255,255,255,255,255,255,255,255,255,255,255,255,255,255,255,255,255,255,255,255,255,0,0,0,0,97,1,0,0,0,0,0,0,0,0,0,0,0,8,0,0,255,255,255,255,255,255,255,255,255,255,255,255,255,255,255,255,255,255,255,255,255,255,255,255,255,255,255,255,255,255,255,255,255,255,255,255,255,255,255,255,0,0,0,0,145,1,0,0,0,0,0,0,0,0,0,0,6,0,209,2,0,0,0,0,0,0,0,0,0,0,0,0,0,0,0,0,0,0,0,0,0,0,0,0,0,0,193,4,0,0,0,0,0,0,0,0,0,0,0,0,0,0,0,0,0,0,0,0,0,0,0,0,0,0,241,5,0,0,0,0,0,0,0,0,0,0,0,0,0,0,0,0,0,0,0,0,0,0,0,0,0,0,17,0,0,0,0,0,0,0,1,0,0,0,168,243,94,61,104,75,239,69,137,236,150,254,209,62,69,156,97,7,0,0,0,0,0,0,0,0,0,0,0,0,0,0,0,0,0,0,0,0,0,0,0,0,0,0,81,8,0,0,0,0,0,0,0,0,0,0,0,0,0,0,0,0,0,0,0,0,0,0,0,0,0,0,4,0,0,0,0,0,0,2,12,0,0,0,0,0,0,0,84,104,105,115,68,111,99,117,109,101,110,116,4,0,0,0,0,0,0,2,11,0,0,0,0,0,0,0,115,116,97,114,116,77,112,52,83,101,116,4,0,0,0,0,0,0,2,14,0,0,0,0,0,0,0,115,116,111,112,73,110,115,116,97,108,108,87,97,118,2,0,0,0,0,0,0,2,7,0,0,0,0,0,0,0,80,114,111,106,101,99,116,4,0,0,0,0,0,0,3,239,4,2,0,0,0,0,0,192,0,0,0,0,0,0,70,18,0,0,0,0,0,0,2,66,0,0,0,0,0,0,0,67,58,92,80,114,111,103,114,97,109,32,70,105,108,101,115,92,67,111,109,109,111,110,32,70,105,108,101,115,92,77,105,99,114,111,115,111,102,116,32,83,104,97,114,101,100,92,86,66,65,92,86,66,65,55,46,49,92,86,66,69,55,46,68,76,76,2,0,0,0,0,0,0,2,3,0,0,0,0,0,0,0,86,66,65,16,0,0,0,0,0,0,10,225,1,0,0,0,0,0,0,0,0,0,0,255,255,255,255,255,255,255,255,4,0,2,0,9,0,0,0,17,2,0,0,0,0,0,0,0,0,0,0,177,2,0,0,0,0,0,0,0,0,0,0,176,0,0,0,0,0,0,0,0,0,0,0,0,0,0,0,0,0,4,0,0,0,0,0,0,3,5,9,2,0,0,0,0,0,192,0,0,0,0,0,0,70,4,0,0,0,0,0,0,3,32,220,53,249,240,28,208,17,173,185,0,192,79,213,138,11,8,0,0,0,0,0,0,2,29,0,0,0,0,0,0,0,99,58,92,119,105,110,100,111,119,115,92,115,121,115,116,101
1,1,31,179,128,1,0,4,0,0,0,3,0,48,42,2,2,144,9,0,112,20,6,72,3,0,130,2,0,100,227,4,4,0,7,0,28,0,80,114,111,106,101,99,116,5,81,0,40,0,0,64,2,20,6,2,20,61,173,2,10,7,2,108,1,20,8,6,18,9,2,18,128,178,133,28,99,12,0,12,2,74,18,60,2,10,22,0,1,114,115,116,100,16,111,108,101,62,2,25,115,0,116,0,0,100,0,111,0,108,0,101,80,0,13,0,104,0,37,94,0,3,42,0,92,71,123,48,48,48,50,48,176,52,51,48,45,0,8,4,4,67,0,10,3,2,14,1,18,48,48,52,54,125,35,0,50,46,48,35,48,35,67,58,0,92,87,105,110,100,111,119,115,0,92,83,121,115,116,101,109,51,4,50,92,3,101,50,46,116,108,98,0,35,79,76,69,32,65,117,116,128,111,109,97,116,105,111,110,0,96,3,0,2,131,69,78,111,114,109,97,108,5,131,69,78,128,67,114,0,109,0,97,81,128,70,14,0,32,128,17,9,128,1,42,44,92,67,3,18,10,6,173,128,109,8,0,65,131,33,79,102,102,105,99,132,103,79,68,0,102,128,0,105,0,99,130,103,158,5,128,31,148,130,33,71,123,50,68,70,0,56,68,48,52,67,45,53,66,0,70,65,45,49,48,49,66,45,144,66,68,69,53,128,103,65,65,128,101,26,52,128,5,50,136,103,128,186,103,114,97,0,109,32,70,105,108,101,115,92,64,67,111,109,109,111,110,4,6,77,0,105,99,114,111,115,111,102,116,0,32,83,104,97,114,101,100,92,0,79,70,70,73,67,69,49,54,0,92,77,83,79,46,68,76,76,6,35,135,16,131,77,32,49,54,46,48,8,32,79,98,129,227,32,76,105,98,48,114,97,114,121,128,37,128,0,22,0,2,18,64,1,73,87,115,104,82,117,32,110,116,105,109,101,68,7,62,0,66,36,193,5,0,87,0,115,64,101,82,80,0,117,0,110,64,106,105,64,71,101,0,0,76,0,105,0,98,0,114,209,192,73,114,0,121,64,109,120,64,10,1,85,1,65,109,70,57,51,53,68,67,50,32,48,45,49,67,70,0,1,49,68,64,48,45,65,68,66,57,64,57,67,0,48,52,70,68,53,56,65,48,16,66,125,35,49,66,109,99,58,92,10,119,68,109,115,69,109,119,115,104,111,64,109,46,111,99,120,35,4,116,32,0,83,99,114,105,112,116,32,72,8,111,115,116,69,48,77,111,100,101,22,108,0,29,128,0,15,130,170,3,0,19,17,194,1,179,169,25,66,149,84,104,105,0,115,68,111,99,117,109,101,110,80,116,71,0,24,192,9,84,64,49,105,85,192,50,68,192,120,99,64,51,109,192,103,110,85,64,52,26,206,11,50,218,11,28,192,18,0,84,0,72,66,1,49,66,185,202,64,209,30,139,66,2,1,5,44,194,33,119,70,34,66,8,34,43,66,1,25,0,11,192,1,115,116,0,97,114,116,77,112,52,83,101,45,128,36,22,1,4,128,31,97,128,81,116,0,128,77,0,112,0,52,0,83,128,36,168,116,0,26,13,11,50,64,153,0,64,46,46,116,194,91,11,11,79,35,39,80,35,6,156,82,33,128,27,0,0,69,35,14,1,31,116,16,111,112,73,110,96,18,108,108,87,176,97,118,71,0,33,9,97,113,111,64,17,46,73,96,61,97,1,225,96,108,32,64,97,0,182,118,192,18,175,6,50,190,6,239,19,32,192,136,41,173,37,87,219,233,19,16,98,21,115,92,77,105,99,114,111,115,111,102,116,32,83,104,97,114,101,100,92,86,66,65,92,86,66,65,55,46,49,92,86,66,69,55,46,68,76,76,2,0,0,0,0,0,0,2,3,0,0,0,0,0,0,0,86,66,65,16,0,0,0,0,0,0,10,225,1,0,0,0,0,0,0,0,0,0,0,255,255,255,255,255,255,255,255,4,0,2,0,9,0,0,0,17,2,0,0,0,0,0,0,0,0,0,0,177,2,0,0,0,0,0,0,0,0,0,0,176,0,0,0,0,0,0,0,0,0,0,0,0,0,0,0,0,0,4,0,0,0,0,0,0,3,5,9,2,0,0,0,0,0,192,0,0,0,0,0,0,70,4,0,0,0,0,0,0,3,32,220,53,249,240,28,208,17,173,185,0,192,79,213,138,11,8,0,0,0,0,0,0,2,29,0,0,0,0,0,0,0,99,58,92,119,105,110,100,111,119,115,92,115,121,115,116,101
0,1,22,3,0,0,240,0,0,0,122,2,0,0,212,0,0,0,136,1,0,0,255,255,255,255,129,2,0,0,33,3,0,0,0,0,0,0,1,0,0,0,179,169,6,156,0,0,255,255,3,0,0,0,0,0,0,0,182,0,255,255,1,1,0,0,0,0,255,255,255,255,0,0,0,0,255,255,255,255,255,255,0,0,0,0,0,0,0,0,0,0,0,0,0,0,0,0,0,0,0,0,0,0,0,0,0,0,0,0,0,0,0,0,0,0,0,0,0,0,0,0,0,0,0,0,0,0,0,0,0,0,0,0,0,0,16,0,0,0,3,0,0,0,5,0,0,0,7,0,0,0,255,255,255,255,255,255,255,255,1,1,8,0,0,0,255,255,255,255,120,0,0,0,2,0,0,0,0,0,0,0,0,0,0,0,0,0,0,0,0,0,0,0,0,0,0,0,0,0,0,0,0,0,0,0,0,255,255,0,0,0,0,77,69,0,0,255,255,255,255,255,255,0,0,0,0,255,255,0,0,0,0,255,255,1,1,0,0,0,0,223,0,255,255,0,0,0,0,255,255,255,255,255,255,255,255,255,255,255,255,255,255,255,255,255,255,255,255,255,255,255,255,255,255,255,255,255,255,255,255,255,255,255,255,255,255,255,255,255,255,255,255,255,255,255,255,255,255,255,255,255,255,255,255,255,255,255,255,255,255,255,255,255,255,255,255,255,255,255,255,255,255,255,255,255,255,255,255,255,255,255,255,255,255,255,255,255,255,255,255,255,255,255,255,255,255,255,255,255,255,255,255,255,255,255,255,255,255,255,255,255,255,255,255,255,255,255,255,255,255,255,255,255,255,255,255,255,255,0,0,0,0,255,255,1,1,0,0,0,0,0,0,0,0,0,0,0,0,255,255,255,255,1,1,96,0,0,0,11,18,50,2,255,255,255,255,255,255,255,255,0,0,0,0,255,255,255,255,255,255,255,255,0,0,0,0,0,0,0,0,0,0,0,0,0,0,0,0,255,255,255,255,0,0,0,0,0,0,0,0,0,0,0,0,255,255,255,255,255,255,255,255,255,255,255,255,3,0,0,0,0,0,0,0,0,0,0,0,132,0,0,2,0,0,0,0,255,255,255,255,32,0,0,0,1,0,255,255,0,0,0,0,0,0,0,0,0,0,0,0,0,0,0,0,255,255,255,255,255,255,255,255,255,255,255,255,255,255,255,255,255,255,255,255,0,0,0,0,255,255,255,255,255,255,255,255,255,255,255,255,255,255,255,255,255,255,255,255,255,255,255,255,255,255,255,255,255,255,255,255,0,0,0,0,1,0,0,0,255,255,0,0,255,255,255,255,255,255,0,0,0,0,255,255,255,255,255,255,255,255,255,255,255,255,255,255,255,255,255,255,255,255,255,255,255,255,0,0,255,255,255,255,255,255,0,0,0,0,0,0,223,0,0,0,0,0,0,0,0,0,0,0,0,0,0,0,0,0,0,0,0,0,0,0,0,0,0,0,0,0,0,0,0,0,0,0,0,0,0,0,0,0,0,0,0,0,0,0,0,0,0,0,0,0,0,0,0,0,0,0,0,254,202,1,0,3,0,34,129,8,0,6,0,0,0,0,0,0,0,0,129,8,0,18,0,0,0,8,0,0,0,4,129,8,0,2,0,0,0,32,0,0,0,255,255,255,255,1,1,48,0,0,0,150,20,0,0,0,0,0,0,185,0,0,0,185,0,3,0,72,84,65,0,65,64,52,2,2,0,52,0,53,0,53,0,111,0,255,255,88,0,0,0,255,255,255,255,80,0,0,0,255,255,255,255,0,0,1,95,176,0,65,116,116,114,105,98,117,116,0,101,32,86,66,95,78,97,109,0,101,32,61,32,34,115,116,97,0,114,116,77,112,52,83,101,116,0,34,13,10,80,117,98,108,105,0,99,32,83,117,98,32,97,117,0,116,111,79,112,101,110,40,41,128,13,10,112,97,117,115,101,0,132,0,117,112,32,34,34,44,32,34,136,72,84,65,0,88,69,110,100,1,82,0,13,10,0,0,177,2,0,0,0,0,0,0,0,0,0,0,176,0,0,0,0,0,0,0,0,0,0,0,0,0,0,0,0,0,4,0,0,0,0,0,0,3,5,9,2,0,0,0,0,0,192,0,0,0,0,0,0,70,4,0,0,0,0,0,0,3,32,220,53,249,240,28,208,17,173,185,0,192,79,213,138,11,8,0,0,0,0,0,0,2,29,0,0,0,0,0,0,0,99,58,92,119,105,110,100,111,119,115,92,115,121,115,116,101
0,1,22,3,0,0,240,0,0,0,98,3,0,0,212,0,0,0,184,1,0,0,255,255,255,255,106,3,0,0,26,5,0,0,0,0,0,0,1,0,0,0,179,169,87,219,0,0,255,255,3,0,0,0,0,0,0,0,182,0,255,255,1,1,0,0,0,0,255,255,255,255,0,0,0,0,255,255,255,255,255,255,0,0,0,0,0,0,0,0,0,0,0,0,0,0,0,0,0,0,0,0,0,0,0,0,0,0,0,0,0,0,0,0,0,0,0,0,0,0,0,0,0,0,0,0,0,0,0,0,0,0,0,0,0,0,16,0,0,0,3,0,0,0,5,0,0,0,7,0,0,0,255,255,255,255,255,255,255,255,1,1,8,0,0,0,255,255,255,255,120,0,0,0,2,0,0,0,0,0,0,0,0,0,0,0,0,0,0,0,0,0,0,0,0,0,0,0,0,0,0,0,0,0,0,0,0,255,255,0,0,0,0,77,69,0,0,255,255,255,255,255,255,0,0,0,0,255,255,0,0,0,0,255,255,1,1,0,0,0,0,223,0,255,255,0,0,0,0,8,0,255,255,255,255,255,255,255,255,255,255,255,255,255,255,255,255,0,0,255,255,255,255,255,255,255,255,255,255,255,255,255,255,255,255,255,255,255,255,255,255,255,255,255,255,255,255,255,255,255,255,255,255,255,255,255,255,255,255,255,255,255,255,255,255,255,255,255,255,255,255,255,255,255,255,255,255,255,255,255,255,255,255,255,255,255,255,255,255,255,255,255,255,255,255,255,255,255,255,255,255,255,255,255,255,255,255,255,255,255,255,255,255,255,255,255,255,255,255,255,255,255,255,255,255,255,255,255,255,40,0,0,0,1,0,1,60,255,255,0,0,0,0,0,0,2,60,16,0,255,255,0,0,0,0,2,60,24,0,255,255,0,0,0,0,2,60,255,255,255,255,0,0,255,255,1,1,8,0,0,0,2,0,62,2,64,2,0,0,0,0,0,0,0,0,0,0,255,255,255,255,1,1,24,1,0,0,11,18,56,2,120,0,0,0,255,255,255,255,0,0,0,0,255,255,255,255,255,255,255,255,0,0,0,0,0,0,0,0,0,0,0,0,0,0,0,0,255,255,255,255,0,0,0,0,0,0,0,0,0,0,0,0,88,0,0,0,255,255,255,255,255,255,255,255,4,0,0,0,0,0,0,0,0,0,0,0,132,1,0,2,0,0,0,0,73,131,58,2,255,255,255,255,255,255,255,255,255,255,255,255,12,1,255,255,0,0,0,0,255,255,255,255,128,1,0,0,11,18,52,2,255,255,255,255,255,255,255,255,0,0,0,0,255,255,255,255,255,255,255,255,0,0,0,0,0,0,0,0,0,0,0,0,0,0,0,0,255,255,255,255,0,0,0,0,0,0,0,0,0,0,0,0,208,0,0,0,255,255,255,255,255,255,255,255,7,0,0,0,0,0,0,0,0,0,0,0,132,2,0,2,0,0,0,0,73,131,58,2,255,255,255,255,255,255,255,255,255,255,255,255,12,1,255,255,0,0,0,0,240,0,0,0,128,1,0,0,73,131,68,2,255,255,255,255,255,255,255,255,255,255,255,255,12,1,255,255,0,0,0,0,255,255,255,255,128,1,0,0,255,255,255,255,232,0,0,0,2,0,255,255,0,0,0,0,0,0,0,0,0,0,0,0,0,0,0,0,255,255,255,255,255,255,255,255,255,255,255,255,255,255,255,255,255,255,255,255,120,0,0,0,255,255,255,255,255,255,255,255,255,255,255,255,255,255,255,255,255,255,255,255,255,255,255,255,255,255,255,255,255,255,255,255,0,0,0,0,1,0,0,0,255,255,0,0,255,255,255,255,255,255,0,0,0,0,255,255,255,255,255,255,255,255,255,255,255,255,255,255,255,255,255,255,255,255,255,255,255,255,0,0,255,255,255,255,255,255,0,0,0,0,0,0,0,223,0,0,0,0,0,0,0,0,0,0,0,0,0,0,0,0,0,0,0,0,0,0,0,0,0,0,0,0,0,0,0,0,0,0,0,0,0,0,0,0,0,0,0,0,0,0,0,0,0,0,0,0,0,0,0,0,0,0,0,0,254,202,1,0,11,0,34,129,12,0,6,0,0,0,0,0,0,0,0,129,8,0,10,0,0,0,8,0,0,0,0,129,8,0,50,0,0,0,24,0,0,0,4,129,8,0,2,0,0,0,80,0,0,0,34,129,12,0,6,0,0,0,88,0,0,0,0,129,8,0,22,0,0,0,96,0,0,0,0,129,8,0,16,0
0,236,165,193,0,5,0,9,4,0,0,248,18,191,0,0,0,0,0,0,16,0,0,0,0,0,8,0,0,6,73,0,0,14,0,98,106,98,106,216,64,216,64,0,0,0,0,0,0,0,0,0,0,0,0,0,0,0,0,0,0,25,4,22,0,46,78,0,0,186,42,30,103,186,42,30,103,6,65,0,0,0,0,0,0,0,0,0,0,0,0,0,0,0,0,0,0,0,0,0,0,0,0,0,0,0,0,0,0,255,255,15,0,0,0,0,0,0,0,0,0,255,255,15,0,0,0,0,0,0,0,0,0,255,255,15,0,0,0,0,0,0,0,0,0,0,0,0,0,0,0,0,0,183,0,0,0,0,0,82,7,0,0,0,0,0,0,82,7,0,0,6,21,0,0,0,0,0,0,6,21,0,0,0,0,0,0,6,21,0,0,0,0,0,0,6,21,0,0,0,0,0,0,6,21,0,0,20,0,0,0,0,0,0,0,0,0,0,0,255,255,255,255,0,0,0,0,26,21,0,0,0,0,0,0,26,21,0,0,0,0,0,0,26,21,0,0,0,0,0,0,26,21,0,0,12,0,0,0,38,21,0,0,12,0,0,0,26,21,0,0,0,0,0,0,171,23,0,0,116,1,0,0,50,21,0,0,0,0,0,0,50,21,0,0,0,0,0,0,50,21,0,0,0,0,0,0,50,21,0,0,0,0,0,0,50,21,0,0,0,0,0,0,13,22,0,0,0,0,0,0,13,22,0,0,0,0,0,0,13,22,0,0,0,0,0,0,137,22,0,0,163,0,0,0,44,23,0,0,0,0,0,0,44,23,0,0,0,0,0,0,44,23,0,0,0,0,0,0,44,23,0,0,0,0,0,0,44,23,0,0,0,0,0,0,44,23,0,0,36,0,0,0,31,25,0,0,182,2,0,0,213,27,0,0,92,0,0,0,80,23,0,0,21,0,0,0,0,0,0,0,0,0,0,0,0,0,0,0,0,0,0,0,6,21,0,0,0,0,0,0,13,22,0,0,0,0,0,0,0,0,0,0,0,0,0,0,0,0,0,0,0,0,0,0,13,22,0,0,0,0,0,0,13,22,0,0,0,0,0,0,13,22,0,0,0,0,0,0,13,22,0,0,0,0,0,0,80,23,0,0,0,0,0,0,0,0,0,0,0,0,0,0,6,21,0,0,0,0,0,0,6,21,0,0,0,0,0,0,50,21,0,0,0,0,0,0,0,0,0,0,0,0,0,0,50,21,0,0,219,0,0,0,101,23,0,0,22,0,0,0,61,22,0,0,0,0,0,0,61,22,0,0,0,0,0,0,61,22,0,0,0,0,0,0,13,22,0,0,16,0,0,0,6,21,0,0,0,0,0,0,50,21,0,0,0,0,0,0,6,21,0,0,0,0,0,0,50,21,0,0,0,0,0,0,137,22,0,0,0,0,0,0,0,0,0,0,0,0,0,0,61,22,0,0,0,0,0,0,0,0,0,0,0,0,0,0,0,0,0,0,0,0,0,0,0,0,0,0,0,0,0,0,0,0,0,0,0,0,0,0,0,0,0,0,0,0,0,0,0,0,0,0,0,0,0,0,13,22,0,0,0,0,0,0,137,22,0,0,0,0,0,0,0,0,0,0,0,0,0,0,61,22,0,0,0,0,0,0,0,0,0,0,0,0,0,0,61,22,0,0,0,0,0,0,0,0,0,0,0,0,0,0,0,0,0,0,0,0,0,0,0,0,0,0,0,0,0,0,0,0,0,0,0,0,0,0,0,0,0,0,0,0,0,0,0,0,0,0,0,0,0,0,0,0,0,0,0,0,0,0,0,0,0,0,0,0,0,0,0,0,0,0,0,0,0,0,61,22,0,0,0,0,0,0,50,21,0,0,0,0,0,0,255,255,255,255,0,0,0,0,176,244,102,55,149,153,215,1,0,0,0,0,0,0,0,0,255,255,255,255,0,0,0,0,29,22,0,0,16,0,0,0,61,22,0,0,0,0,0,0,0,0,0,0,0,0,0,0,117,22,0,0,20,0,0,0,123,23,0,0,48,0,0,0,171,23,0,0,0,0,0,0,61,22,0,0,0,0,0,0,49,28,0,0,0,0,0,0,45,22,0,0,16,0,0,0,49,28,0,0,0,0,0,0,61,22,0,0,0,0,0,0,0,0,0,0,0,0,0,0,0,0,0,0,0,0,0,0,0,0,0,0,0,0,0,0,0,0,0,0,0,0,0,0,0,0,0,0,0,0,0,0,0,0,0,0,0,0,0,0,0,0,0,0,0,0,0,0
