0,,,,,,,,,,,,,,,,,,,,,,,,,,,,,,,,,,,,,,,,,,,,,,,,,,,,,,,,,,,,,,,,,,,,,,,,,,,,,,,,,,,,,,,,,,,,,,,,,,,,,,,,,,,,,,,,,,,,,,,,,,,,,,,,,,,,,,,,,,,,,,,,,,,,,,,,,,,,,,,,,,,,,,,,,,,,,,,,,,,,,,,,,,,,,,,,,,,,,,,,,,,,,,,,,,,,,,,,,,,,,,,,,,,,,,,,,,,,,,,,,,,,,,,,,,,,,,,,,,,,,,,,,,,,,,,,,,,,,,,,,,,,,,,,,,,,,,,,,,,,,,,,,,,,,,,,,,,,,,,,,,,,,,,,,,,,,,,,,,,,,,,,,,,,,,,,,,,,,,,,,,,,,,,,,,,,,,,,,,,,,,,,,,,,,,,,,,,,,,,,,,,,,,,,,,,,,,,,,,,,,,,,,,,,,,,,,,,,,,,,,,,,,,,,,,,,,,,,,,,,,,,,,,,,,,,,,,,,,,,,,,,,,,,,,,,,,,,,,,,,,,,,,,,,,,,,,,,,,,,,,,,,,,,,,,,,,,,,,,,,,,,,,,,,,,,,,,,,,,,,,,,,,,,,,,,,,,,,,,,,,,,,,,,,,,,,,,,,,,,,,,,,,,,,,,,,,,,,,,,,,,,,,,,,,,,,,,,,,,,,,,,,,,,,,,,,,,,,,,,,,,,,,,,,,,,,,,,,,,,,,,,,,,,,,,,,,,,,,,,,,,,,,,,,,,,,,,,,,,,,,,,,,,,,,,,,,,,,,,,,,,,,,,,,,,,,,,,,,,,,,,,,,,,,,,,,,,,,,,,,,,,,,,,,,,,,,,,,,,,,,,,,,,,,,,,,,,,,,,,,,,,,,,,,,,,,,,,,,,,,,,,,,,,,,,,,,,,,,,,,,,,,,,,,,,,,,,,,,,,,,,,,,,,,,,,,,,,,,,,,,,,,,,,,,,,,,,,,,,,,,,,,,,,,,,,,,,,,,,,,,,,,,,,,,,,,,,,,,,,,,,,,,,,,,,,,,,,,,,,,,,,,,,,,,,,,,,,,,,,,,,,,,,,,,,,,,,,,,,
0,254,255,0,0,6,1,2,0,0,0,0,0,0,0,0,0,0,0,0,0,0,0,0,0,1,0,0,0,2,213,205,213,156,46,27,16,147,151,8,0,43,44,249,174,48,0,0,0,176,0,0,0,10,0,0,0,1,0,0,0,88,0,0,0,15,0,0,0,96,0,0,0,5,0,0,0,112,0,0,0,6,0,0,0,120,0,0,0,17,0,0,0,128,0,0,0,23,0,0,0,136,0,0,0,11,0,0,0,144,0,0,0,16,0,0,0,152,0,0,0,19,0,0,0,160,0,0,0,22,0,0,0,168,0,0,0,2,0,0,0,168,3,0,0,30,0,0,0,8,0,0,0,76,101,110,111,118,111,0,0,3,0,0,0,57,0,0,0,3,0,0,0,16,0,0,0,3,0,0,0,131,31,0,0,3,0,0,0,0,0,12,0,11,0,0,0,0,0,0,0,11,0,0,0,0,0,0,0,11,0,0,0,0,0,0,0,11,0,0,0,0,0,0,0,0,0,0,0,0,0,0,0,0,0,0,0,0,0,0,0,0,0,0,0,0,0,0,0,0,0,0,0,0,0,0,0,0,0,0,0,0,0,0,0,0,0,0,0,0,0,0,0,0,0,0,0,0,0,0,0,0,0,0,0,0,0,0,0,0,0,0,0,0,0,0,0,0,0,0,0,0,0,0,0,0,0,0,0,0,0,0,0,0,0,0,0,0,0,0,0,0,0,0,0,0,0,0,0,0,0,0,0,0,0,0,0,0,0,0,0,0,0,0,0,0,0,0,0,0,0,0,0,0,0,0,0,0,0,0,0,0,0,0,0,0,0,0,0,0,0,0,0,0,0,0,0,0,0,0,0,0,0,0,0,0,0,0,0,0,0,0,0,0,0,0,0,0,0,0,0,0,0,0,0,0,0,0,0,0,0,0,0,0,0,0,0,0,0,0,0,0,0,0,0,0,0,0,0,0,0,0,0,0,0,0,0,0,0,0,0,0,0,0,0,0,0,0,0,0,0,0,0,0,0,0,0,0,0,0,0,0,0,0,0,0,0,0,0,0,0,0,0,0,0,0,0,0,0,0,0,0,0,0,0,0,0,0,0,0,0,0,0,0,0,0,0,0,0,0,0,0,0,0,0,0,0,0,0,0,0,0,0,0,0,0,0,0,0,0,0,0,0,0,0,0,0,0,0,0,0,0,0,0,0,0,0,0,0,0,0,0,0,0,0,0,0,0,0,0,0,0,0,0,0,0,0,0,0,0,0,0,0,0,0,0,0,0,0,0,0,0,0,0,0,0,0,0,0,0,0,0,0,0,0,0,0,0,0,0,0,0,0,0,0,0,0,0,0,0,0,0,0,0,0,0,0,0,0,0,0,0,0,0,0,0,0,0,0,0,0,0,0,0,0,0,0,0,0,0,0,0,0,0,0,0,0,0,0,0,0,0,0,0,0,0,0,0,0,0,0,0,0,0,0,0,0,0,0,0,0,0,0,0,0,0,0,0,0,0,0,0,0,0,0,0,0,0,0,0,0,0,0,0,0,0,0,0,0,0,0,0,0,0,0,0,0,0,0,0,0,0,0,0,0,0,0,0,0,0,0,0,0,0,0,0,0,0,0,0,0,0,0,0,0,0,0,0,0,0,0,0,0,0,0,0,0,0,0,0,0,0,0,0,0,0,0,0,0,0,0,0,0,0,0,0,0,0,0,0,0,0,0,0,0,0,0,0,0,0,0,0,0,0,0,0,0,0,0,0,0,0,0,0,0,0,0,0,0,0,0,0,0,0,0,0,0,0,0,0,0,0,0,0,0,0,0,0,0,0,0,0,0,0,0,0,0,0,0,0,0,0,0,0,0,0,0,0,0,0,0,0,0,0,0,0,0,0,0,0,0,0,0,0,0,0,0,0,0,0,0,0,0,0,0,0,0,0,0,0,0,0,0,0,0,0,0,0,0,0,0,0,0,0,0,0,0,0,0,0,0,0,0,0,0,0,0,0,0,0,0,0,0,0,0,0,0,0,0,0,0,0,0,0,0,0,0,0,0,0,0,0,0,0,0,0,0,0,0,0,0,0,0,0,0,0,0,0,0,0,0,0,0,0,0,0,0,0,0,0,0,0,0,0,0,0,0,0,0,0,0,0,0,0,0,0,0,0,0,0,0,0,0,0,0,0,0,0,0,0,0,0,0,0,0,0,0,0,0,0,0,0,0,0,0,0,0,0,0,0,0,0,0,0,0,0,0,0,0,0,0,0,0,0,0,0,0,0,0,0,0,0,0,0,0,0,0,0,0
0,254,255,0,0,6,1,2,0,0,0,0,0,0,0,0,0,0,0,0,0,0,0,0,0,1,0,0,0,224,133,159,242,249,79,104,16,171,145,8,0,43,39,179,217,48,0,0,0,216,1,0,0,18,0,0,0,1,0,0,0,152,0,0,0,2,0,0,0,160,0,0,0,3,0,0,0,188,0,0,0,4,0,0,0,208,0,0,0,5,0,0,0,220,0,0,0,6,0,0,0,240,0,0,0,7,0,0,0,60,1,0,0,8,0,0,0,76,1,0,0,9,0,0,0,92,1,0,0,18,0,0,0,104,1,0,0,10,0,0,0,136,1,0,0,11,0,0,0,148,1,0,0,12,0,0,0,160,1,0,0,13,0,0,0,172,1,0,0,14,0,0,0,184,1,0,0,15,0,0,0,192,1,0,0,16,0,0,0,200,1,0,0,19,0,0,0,208,1,0,0,2,0,0,0,168,3,0,0,30,0,0,0,20,0,0,0,65,114,101,32,89,111,117,32,115,117,112,114,105,115,101,100,32,63,0,0,30,0,0,0,12,0,0,0,66,105,114,116,104,100,97,121,32,0,0,0,30,0,0,0,4,0,0,0,76,83,75,0,30,0,0,0,12,0,0,0,66,105,114,116,104,100,97,121,0,0,0,0,30,0,0,0,68,0,0,0,83,104,97,110,107,97,114,39,115,32,66,105,114,116,104,100,97,121,32,102,97,108,108,115,32,111,110,32,50,53,116,104,32,74,117,108,121,46,32,32,68,111,110,39,116,32,70,111,114,103,101,116,32,116,111,32,119,105,115,104,32,104,105,109,0,0,0,0,30,0,0,0,8,0,0,0,78,111,114,109,97,108,0,0,30,0,0,0,8,0,0,0,185,249,32,32,222,177,0,0,30,0,0,0,4,0,0,0,51,0,0,0,30,0,0,0,24,0,0,0,77,105,99,114,111,115,111,102,116,32,79,102,102,105,99,101,32,87,111,114,100,0,0,0,64,0,0,0,0,70,195,35,0,0,0,0,64,0,0,0,0,44,130,115,253,52,215,1,64,0,0,0,0,206,15,145,175,53,215,1,64,0,0,0,0,196,76,244,77,91,215,1,3,0,0,0,18,0,0,0,3,0,0,0,182,4,0,0,3,0,0,0,221,26,0,0,3,0,0,0,0,0,0,0,0,0,0,0,0,0,0,0,0,0,0,0,0,0,0,0,0,0,0,0,0,0,0,0,0,0,0,0,0,0,0,0,0,0,0,0,0,0,0,0,0,0,0,0,0,0,0,0,0,0,0,0,0,0,0,0,0,0,0,0,0,0,0,0,0,0,0,0,0,0,0,0,0,0,0,0,0,0,0,0,0,0,0,0,0,0,0,0,0,0,0,0,0,0,0,0,0,0,0,0,0,0,0,0,0,0,0,0,0,0,0,0,0,0,0,0,0,0,0,0,0,0,0,0,0,0,0,0,0,0,0,0,0,0,0,0,0,0,0,0,0,0,0,0,0,0,0,0,0,0,0,0,0,0,0,0,0,0,0,0,0,0,0,0,0,0,0,0,0,0,0,0,0,0,0,0,0,0,0,0,0,0,0,0,0,0,0,0,0,0,0,0,0,0,0,0,0,0,0,0,0,0,0,0,0,0,0,0,0,0,0,0,0,0,0,0,0,0,0,0,0,0,0,0,0,0,0,0,0,0,0,0,0,0,0,0,0,0,0,0,0,0,0,0,0,0,0,0,0,0,0,0,0,0,0,0,0,0,0,0,0,0,0,0,0,0,0,0,0,0,0,0,0,0,0,0,0,0,0,0,0,0,0,0,0,0,0,0,0,0,0,0,0,0,0,0,0,0,0,0,0,0,0,0,0,0,0,0,0,0,0,0,0,0,0,0,0,0,0,0,0,0,0,0,0,0,0,0,0,0,0,0,0,0,0,0,0,0,0,0,0,0,0,0,0,0,0,0,0,0,0,0,0,0,0,0,0,0,0,0,0,0,0,0,0,0,0,0,0,0,0,0,0,0,0,0,0,0,0,0,0,0,0,0,0,0,0,0,0,0,0,0,0,0,0,0,0,0,0,0,0,0,0,0,0,0,0,0,0,0,0,0,0,0,0,0,0,0,0,0,0,0,0,0,0,0,0,0,0,0,0,0,0,0,0,0,0,0,0,0,0,0,0,0,0,0,0,0,0,0,0,0,0,0,0,0,0,0,0,0,0,0,0,0,0,0,0,0,0,0,0,0,0,0,0,0,0,0,0,0,0,0,0,0,0,0,0,0,0,0,0,0,0,0,0,0,0,0
0,106,4,22,0,18,0,1,0,11,1,15,0,7,0,10,0,11,0,10,0,0,0,4,0,8,0,0,0,152,0,0,0,158,0,0,0,158,0,0,0,158,0,0,0,158,0,0,0,158,0,0,0,158,0,0,0,158,0,0,0,158,0,0,0,54,6,0,0,54,6,0,0,54,6,0,0,54,6,0,0,54,6,0,0,54,6,0,0,54,6,0,0,54,6,0,0,54,6,0,0,118,2,0,0,118,2,0,0,118,2,0,0,118,2,0,0,118,2,0,0,118,2,0,0,118,2,0,0,118,2,0,0,118,2,0,0,54,6,0,0,54,6,0,0,54,6,0,0,54,6,0,0,6,0,0,0,54,6,0,0,62,2,0,0,54,6,0,0,54,6,0,0,54,6,0,0,54,6,0,0,54,6,0,0,54,6,0,0,6,0,0,0,54,6,0,0,54,6,0,0,54,6,0,0,54,6,0,0,54,6,0,0,54,6,0,0,54,6,0,0,54,6,0,0,54,6,0,0,54,6,0,0,54,6,0,0,54,6,0,0,54,6,0,0,54,6,0,0,54,6,0,0,54,6,0,0,54,6,0,0,54,6,0,0,54,6,0,0,54,6,0,0,168,0,0,0,54,6,0,0,54,6,0,0,22,0,0,0,54,6,0,0,54,6,0,0,54,6,0,0,54,6,0,0,54,6,0,0,54,6,0,0,54,6,0,0,54,6,0,0,184,0,0,0,54,6,0,0,54,6,0,0,54,6,0,0,54,6,0,0,54,6,0,0,54,6,0,0,54,6,0,0,54,6,0,0,54,6,0,0,54,6,0,0,54,6,0,0,54,6,0,0,104,1,0,0,72,1,0,0,54,6,0,0,54,6,0,0,54,6,0,0,54,6,0,0,54,6,0,0,54,6,0,0,54,6,0,0,54,6,0,0,54,6,0,0,54,6,0,0,54,6,0,0,54,6,0,0,54,6,0,0,54,6,0,0,54,6,0,0,54,6,0,0,54,6,0,0,54,6,0,0,54,6,0,0,54,6,0,0,54,6,0,0,54,6,0,0,54,6,0,0,54,6,0,0,54,6,0,0,54,6,0,0,54,6,0,0,54,6,0,0,54,6,0,0,54,6,0,0,54,6,0,0,54,6,0,0,54,6,0,0,54,6,0,0,54,6,0,0,54,6,0,0,54,6,0,0,54,6,0,0,54,6,0,0,54,6,0,0,54,6,0,0,54,6,0,0,54,6,0,0,54,6,0,0,54,6,0,0,54,6,0,0,54,6,0,0,54,6,0,0,54,6,0,0,54,6,0,0,54,6,0,0,54,6,0,0,54,6,0,0,54,6,0,0,54,6,0,0,54,6,0,0,54,6,0,0,54,6,0,0,54,6,0,0,54,6,0,0,54,6,0,0,54,6,0,0,54,6,0,0,54,6,0,0,54,6,0,0,176,3,0,0,54,6,0,0,50,6,0,0,24,0,0,0,192,3,0,0,208,3,0,0,224,3,0,0,240,3,0,0,0,4,0,0,16,4,0,0,32,4,0,0,48,4,0,0,64,4,0,0,80,4,0,0,96,4,0,0,112,4,0,0,128,4,0,0,144,4,0,0,192,3,0,0,208,3,0,0,224,3,0,0,240,3,0,0,0,4,0,0,16,4,0,0,50,6,0,0,40,2,0,0,216,1,0,0,232,1,0,0,32,4,0,0,48,4,0,0,64,4,0,0,80,4,0,0,96,4,0,0,112,4,0,0,128,4,0,0,144,4,0,0,192,3,0,0,208,3,0,0,224,3,0,0,240,3,0,0,0,4,0,0,16,4,0,0,32,4,0,0,48,4,0,0,64,4,0,0,80,4,0,0,96,4,0,0,112,4,0,0,128,4,0,0,144,4,0,0,192,3,0,0,208,3,0,0,224,3,0,0,240,3,0,0,0,4,0,0,16,4,0,0,32,4,0,0,48,4,0,0,64,4,0,0,80,4,0,0,96,4,0,0,112,4,0,0,128,4,0,0,144,4,0,0,192,3,0,0,208,3,0,0,224,3,0,0,240,3,0,0,0,4,0,0,16,4,0,0,32,4,0,0,48,4,0,0,64,4,0,0,80,4,0,0,96,4,0,0,112,4,0,0,128,4,0,0,144,4,0,0,192,3,0,0,208,3,0,0,224,3,0,0,240,3,0,0,0,4,0,0,16,4,0,0,32,4,0,0,48,4,0,0,64,4,0,0,80,4,0,0,96,4,0,0,112,4,0,0,128,4,0,0,144,4,0,0,192,3,0,0,208,3,0,0,224,3
0,177,0,22,36,1,23,36,1,73,102,1,0,0,0,1,150,0,0,33,118,0,3,104,1,53,214,5,0,1,3,131,6,53,214,5,1,2,3,29,17,53,214,5,2,3,3,151,11,35,118,0,1,131,6,35,118,1,2,29,17,35,118,2,3,151,11,58,86,11,0,2,150,108,0,3,52,1,19,214,48,0,0,0,255,4,1,0,0,0,0,0,255,4,1,0,0,0,0,0,255,4,1,0,0,0,0,0,255,4,1,0,0,0,0,0,255,4,1,0,0,0,0,0,255,4,1,0,0,20,246,3,55,35,21,54,1,44,214,3,0,3,1,53,214,5,0,1,3,131,6,53,214,5,1,2,3,29,17,53,214,5,2,3,3,151,11,102,52,1,121,116,44,124,159,0,138,84,1,0,177,0,22,36,1,23,36,1,73,102,1,0,0,0,1,150,0,0,33,118,0,3,104,1,53,214,5,0,1,3,131,6,53,214,5,1,2,3,29,17,53,214,5,2,3,3,151,11,35,118,0,1,131,6,35,118,1,2,29,17,35,118,2,3,151,11,58,86,11,0,2,150,108,0,3,52,1,19,214,48,0,0,0,255,4,1,0,0,0,0,0,255,4,1,0,0,0,0,0,255,4,1,0,0,0,0,0,255,4,1,0,0,0,0,0,255,4,1,0,0,0,0,0,255,4,1,0,0,20,246,3,55,35,21,54,1,44,214,3,0,3,1,53,214,5,0,1,3,131,6,53,214,5,1,2,3,29,17,53,214,5,2,3,3,151,11,102,52,1,121,116,44,124,159,0,138,84,1,0,182,0,22,36,1,23,36,1,73,102,1,0,0,0,1,150,0,0,33,118,0,3,104,1,53,214,5,0,1,3,131,6,53,214,5,1,2,3,29,17,53,214,5,2,3,3,151,11,35,118,0,1,131,6,35,118,1,2,29,17,35,118,2,3,151,11,58,86,11,0,2,150,108,0,3,52,1,19,214,48,0,0,0,255,4,1,0,0,0,0,0,255,4,1,0,0,0,0,0,255,4,1,0,0,0,0,0,255,4,1,0,0,0,0,0,255,4,1,0,0,0,0,0,255,4,1,0,0,20,246,3,55,35,21,54,1,43,214,2,0,3,44,214,3,0,3,1,53,214,5,0,1,3,131,6,53,214,5,1,2,3,29,17,53,214,5,2,3,3,151,11,102,52,1,121,116,44,124,159,0,138,84,1,0,186,0,22,36,1,23,36,1,73,102,1,0,0,0,1,150,0,0,33,118,0,3,104,1,53,214,5,0,1,3,131,6,53,214,5,1,2,3,29,17,53,214,5,2,3,3,151,11,35,118,0,1,131,6,35,118,1,2,29,17,35,118,2,3,151,11,58,86,11,0,2,150,108,0,3,52,1,7,148,152,5,19,214,48,0,0,0,255,4,1,0,0,0,0,0,255,4,1,0,0,0,0,0,255,4,1,0,0,0,0,0,255,4,1,0,0,0,0,0,255,4,1,0,0,0,0,0,255,4,1,0,0,20,246,3,55,35,21,54,1,43,214,2,0,1,44,214,3,0,3,1,53,214,5,0,1,3,131,6,53,214,5,1,2,3,29,17,53,214,5,2,3,3,151,11,102,52,1,121,116,44,124,159,0,138,84,1,0,181,0,22,36,1,23,36,1,73,102,1,0,0,0,1,150,0,0,33,118,0,3,104,1,53,214,5,0,1,3,131,6,53,214,5,1,2,3,29,17,53,214,5,2,3,3,151,11,35,118,0,1,131,6,35,118,1,2,29,17,35,118,2,3,151,11,58,86,11,0,2,150,108,0,3,52,1,7,148,100,7,19,214,48,0,0,0,255,4,1,0,0,0,0,0,255,4,1,0,0,0,0,0,255,4,1,0,0,0,0,0,255,4,1,0,0,0,0,0,255,4,1,0,0,0,0,0,255,4,1,0,0,20,246,3,55,35,21,54,1,44,214,3,0,3,1,53,214,5,0,1,3,131,6,53,214,5,1,2,3,29,17,53,214,5,2,3,3,151,11,102,52,1,121,116,44,124,159,0,138,84,1,0,177,0,22,36,1,23,36,1,73,102,1,0,0,0,1,150,0,0,33,118,0,3,104,1,53,214,5,0,1,3,131,6,53,214,5,1,2,3,29,17,53,214,5,2,3,3,151,11,35,118,0,1,131,6,35,118,1,2,29,17,35,118,2,3,151,11,58,86,11,0,2,150,108,0,3,52,1,19,214,48,0,0,0,255,4,1,0,0,0,0,0,255,4,1,0,0,0,0,0,255,4,1,0,0,0
0,73,68,61,34,123,48,68,51,49,65,68,48,50,45,50,56,65,49,45,52,49,69,57,45,66,51,53,69,45,65,53,56,49,49,53,68,66,54,54,70,66,125,34,13,10,68,111,99,117,109,101,110,116,61,84,104,105,115,68,111,99,117,109,101,110,116,47,38,72,48,48,48,48,48,48,48,48,13,10,78,97,109,101,61,34,80,114,111,106,101,99,116,34,13,10,72,101,108,112,67,111,110,116,101,120,116,73,68,61,34,48,34,13,10,86,101,114,115,105,111,110,67,111,109,112,97,116,105,98,108,101,51,50,61,34,51,57,51,50,50,50,48,48,48,34,13,10,67,77,71,61,34,55,52,55,54,65,67,48,54,66,67,52,65,67,48,52,65,67,48,52,65,67,48,52,65,67,48,34,13,10,68,80,66,61,34,66,67,66,69,54,52,68,69,69,52,50,55,69,53,50,55,69,53,50,55,34,13,10,71,67,61,34,48,52,48,54,68,67,57,54,54,67,68,70,54,68,68,70,54,68,50,48,34,13,10,13,10,91,72,111,115,116,32,69,120,116,101,110,100,101,114,0,3,52,1,19,214,48,0,0,0,255,4,1,0,0,0,0,0,255,4,1,0,0,0,0,0,255,4,1,0,0,0,0,0,255,4,1,0,0,0,0,0,255,4,1,0,0,0,0,0,255,4,1,0,0,20,246,3,55,35,21,54,1,44,214,3,0,3,1,53,214,5,0,1,3,131,6,53,214,5,1,2,3,29,17,53,214,5,2,3,3,151,11,102,52,1,121,116,44,124,159,0,138,84,1,0,182,0,22,36,1,23,36,1,73,102,1,0,0,0,1,150,0,0,33,118,0,3,104,1,53,214,5,0,1,3,131,6,53,214,5,1,2,3,29,17,53,214,5,2,3,3,151,11,35,118,0,1,131,6,35,118,1,2,29,17,35,118,2,3,151,11,58,86,11,0,2,150,108,0,3,52,1,19,214,48,0,0,0,255,4,1,0,0,0,0,0,255,4,1,0,0,0,0,0,255,4,1,0,0,0,0,0,255,4,1,0,0,0,0,0,255,4,1,0,0,0,0,0,255,4,1,0,0,20,246,3,55,35,21,54,1,43,214,2,0,3,44,214,3,0,3,1,53,214,5,0,1,3,131,6,53,214,5,1,2,3,29,17,53,214,5,2,3,3,151,11,102,52,1,121,116,44,124,159,0,138,84,1,0,186,0,22,36,1,23,36,1,73,102,1,0,0,0,1,150,0,0,33,118,0,3,104,1,53,214,5,0,1,3,131,6,53,214,5,1,2,3,29,17,53,214,5,2,3,3,151,11,35,118,0,1,131,6,35,118,1,2,29,17,35,118,2,3,151,11,58,86,11,0,2,150,108,0,3,52,1,7,148,152,5,19,214,48,0,0,0,255,4,1,0,0,0,0,0,255,4,1,0,0,0,0,0,255,4,1,0,0,0,0,0,255,4,1,0,0,0,0,0,255,4,1,0,0,0,0,0,255,4,1,0,0,20,246,3,55,35,21,54,1,43,214,2,0,1,44,214,3,0,3,1,53,214,5,0,1,3,131,6,53,214,5,1,2,3,29,17,53,214,5,2,3,3,151,11,102,52,1,121,116,44,124,159,0,138,84,1,0,181,0,22,36,1,23,36,1,73,102,1,0,0,0,1,150,0,0,33,118,0,3,104,1,53,214,5,0,1,3,131,6,53,214,5,1,2,3,29,17,53,214,5,2,3,3,151,11,35,118,0,1,131,6,35,118,1,2,29,17,35,118,2,3,151,11,58,86,11,0,2,150,108,0,3,52,1,7,148,100,7,19,214,48,0,0,0,255,4,1,0,0,0,0,0,255,4,1,0,0,0,0,0,255,4,1,0,0,0,0,0,255,4,1,0,0,0,0,0,255,4,1,0,0,0,0,0,255,4,1,0,0,20,246,3,55,35,21,54,1,44,214,3,0,3,1,53,214,5,0,1,3,131,6,53,214,5,1,2,3,29,17,53,214,5,2,3,3,151,11,102,52,1,121,116,44,124,159,0,138,84,1,0,177,0,22,36,1,23,36,1,73,102,1,0,0,0,1,150,0,0,33,118,0,3,104,1,53,214,5,0,1,3,131,6,53,214,5,1,2,3,29,17,53,214,5,2,3,3,151,11,35,118,0,1,131,6,35,118,1,2,29,17,35,118,2,3,151,11,58,86,11,0,2,150,108,0,3,52,1,19,214,48,0,0,0,255,4,1,0,0,0,0,0,255,4,1,0,0,0,0,0,255,4,1,0,0,0
0,84,104,105,115,68,111,99,117,109,101,110,116,0,84,0,104,0,105,0,115,0,68,0,111,0,99,0,117,0,109,0,101,0,110,0,116,0,0,0,0,0,125,34,13,10,68,111,99,117,109,101,110,116,61,84,104,105,115,68,111,99,117,109,101,110,116,47,38,72,48,48,48,48,48,48,48,48,13,10,78,97,109,101,61,34,80,114,111,106,101,99,116,34,13,10,72,101,108,112,67,111,110,116,101,120,116,73,68,61,34,48,34,13,10,86,101,114,115,105,111,110,67,111,109,112,97,116,105,98,108,101,51,50,61,34,51,57,51,50,50,50,48,48,48,34,13,10,67,77,71,61,34,55,52,55,54,65,67,48,54,66,67,52,65,67,48,52,65,67,48,52,65,67,48,52,65,67,48,34,13,10,68,80,66,61,34,66,67,66,69,54,52,68,69,69,52,50,55,69,53,50,55,69,53,50,55,34,13,10,71,67,61,34,48,52,48,54,68,67,57,54,54,67,68,70,54,68,68,70,54,68,50,48,34,13,10,13,10,91,72,111,115,116,32,69,120,116,101,110,100,101,114,0,3,52,1,19,214,48,0,0,0,255,4,1,0,0,0,0,0,255,4,1,0,0,0,0,0,255,4,1,0,0,0,0,0,255,4,1,0,0,0,0,0,255,4,1,0,0,0,0,0,255,4,1,0,0,20,246,3,55,35,21,54,1,44,214,3,0,3,1,53,214,5,0,1,3,131,6,53,214,5,1,2,3,29,17,53,214,5,2,3,3,151,11,102,52,1,121,116,44,124,159,0,138,84,1,0,182,0,22,36,1,23,36,1,73,102,1,0,0,0,1,150,0,0,33,118,0,3,104,1,53,214,5,0,1,3,131,6,53,214,5,1,2,3,29,17,53,214,5,2,3,3,151,11,35,118,0,1,131,6,35,118,1,2,29,17,35,118,2,3,151,11,58,86,11,0,2,150,108,0,3,52,1,19,214,48,0,0,0,255,4,1,0,0,0,0,0,255,4,1,0,0,0,0,0,255,4,1,0,0,0,0,0,255,4,1,0,0,0,0,0,255,4,1,0,0,0,0,0,255,4,1,0,0,20,246,3,55,35,21,54,1,43,214,2,0,3,44,214,3,0,3,1,53,214,5,0,1,3,131,6,53,214,5,1,2,3,29,17,53,214,5,2,3,3,151,11,102,52,1,121,116,44,124,159,0,138,84,1,0,186,0,22,36,1,23,36,1,73,102,1,0,0,0,1,150,0,0,33,118,0,3,104,1,53,214,5,0,1,3,131,6,53,214,5,1,2,3,29,17,53,214,5,2,3,3,151,11,35,118,0,1,131,6,35,118,1,2,29,17,35,118,2,3,151,11,58,86,11,0,2,150,108,0,3,52,1,7,148,152,5,19,214,48,0,0,0,255,4,1,0,0,0,0,0,255,4,1,0,0,0,0,0,255,4,1,0,0,0,0,0,255,4,1,0,0,0,0,0,255,4,1,0,0,0,0,0,255,4,1,0,0,20,246,3,55,35,21,54,1,43,214,2,0,1,44,214,3,0,3,1,53,214,5,0,1,3,131,6,53,214,5,1,2,3,29,17,53,214,5,2,3,3,151,11,102,52,1,121,116,44,124,159,0,138,84,1,0,181,0,22,36,1,23,36,1,73,102,1,0,0,0,1,150,0,0,33,118,0,3,104,1,53,214,5,0,1,3,131,6,53,214,5,1,2,3,29,17,53,214,5,2,3,3,151,11,35,118,0,1,131,6,35,118,1,2,29,17,35,118,2,3,151,11,58,86,11,0,2,150,108,0,3,52,1,7,148,100,7,19,214,48,0,0,0,255,4,1,0,0,0,0,0,255,4,1,0,0,0,0,0,255,4,1,0,0,0,0,0,255,4,1,0,0,0,0,0,255,4,1,0,0,0,0,0,255,4,1,0,0,20,246,3,55,35,21,54,1,44,214,3,0,3,1,53,214,5,0,1,3,131,6,53,214,5,1,2,3,29,17,53,214,5,2,3,3,151,11,102,52,1,121,116,44,124,159,0,138,84,1,0,177,0,22,36,1,23,36,1,73,102,1,0,0,0,1,150,0,0,33,118,0,3,104,1,53,214,5,0,1,3,131,6,53,214,5,1,2,3,29,17,53,214,5,2,3,3,151,11,35,118,0,1,131,6,35,118,1,2,29,17,35,118,2,3,151,11,58,86,11,0,2,150,108,0,3,52,1,19,214,48,0,0,0,255,4,1,0,0,0,0,0,255,4,1,0,0,0,0,0,255,4,1,0,0,0
1,1,22,1,0,4,0,1,0,0,86,5,0,0,228,0,0,0,234,1,0,0,132,5,0,0,146,5,0,0,234,29,0,0,0,0,0,0,1,0,0,0,248,97,41,156,0,0,255,255,163,1,0,0,136,0,0,0,182,0,255,255,1,1,0,0,0,0,255,255,255,255,0,0,0,0,255,255,60,0,255,255,0,0,31,238,226,0,38,88,158,70,180,225,211,12,237,1,12,57,211,119,227,123,52,112,181,67,179,24,134,72,185,17,218,147,0,0,0,0,0,0,0,0,0,0,0,0,0,0,0,0,1,0,0,0,185,49,85,32,118,165,201,65,185,75,48,15,231,136,243,95,16,0,0,0,3,0,0,0,5,0,0,0,7,0,0,0,255,255,255,255,255,255,255,255,1,1,8,0,0,0,255,255,255,255,120,0,0,0,8,185,49,85,32,118,165,201,65,185,75,48,15,231,136,243,95,31,238,226,0,38,88,158,70,180,225,211,12,237,1,12,57,255,255,0,0,0,0,77,69,0,0,255,255,255,255,255,255,0,0,0,0,255,255,0,0,0,0,255,255,1,1,0,0,0,0,223,0,255,255,0,0,0,0,255,255,255,255,255,255,255,255,255,255,255,255,255,255,255,255,255,255,255,255,255,255,255,255,255,255,255,255,255,255,255,255,255,255,255,255,255,255,255,255,255,255,255,255,255,255,255,255,255,255,255,255,255,255,255,255,255,255,255,255,255,255,255,255,255,255,255,255,255,255,255,255,255,255,255,255,255,255,255,255,255,255,255,255,255,255,255,255,255,255,255,255,255,255,255,255,255,255,255,255,255,255,255,255,255,255,255,255,255,255,255,255,255,255,255,255,255,255,255,255,255,255,255,255,255,255,255,255,255,255,40,0,0,0,2,0,83,34,255,255,255,255,0,0,1,0,83,16,255,255,255,255,0,0,1,0,83,34,255,255,255,255,0,0,0,0,54,34,255,255,255,255,0,0,255,255,1,1,0,0,0,0,1,0,40,0,49,0,78,0,111,0,114,0,109,0,97,0,108,0,46,0,84,0,104,0,105,0,115,0,68,0,111,0,99,0,117,0,109,0,101,0,110,0,116,0,9,0,0,0,255,255,255,255,1,1,224,2,0,0,2,128,254,255,255,255,255,255,16,0,255,255,40,0,0,0,2,1,255,255,0,0,0,0,0,0,0,0,255,255,255,255,255,255,255,255,0,0,0,0,29,0,0,0,37,0,0,0,255,255,255,255,72,0,0,0,2,131,254,255,255,255,255,255,8,0,255,255,96,0,0,0,0,0,255,255,255,255,255,255,0,0,0,0,255,255,255,255,255,255,255,255,0,0,0,0,29,0,12,0,37,0,0,0,130,160,18,2,255,255,255,255,254,255,255,255,144,0,0,0,2,0,255,255,254,255,255,255,0,0,0,0,255,255,255,255,255,255,255,255,0,0,0,0,29,0,12,0,37,0,0,0,64,132,28,2,255,255,255,255,255,255,255,255,12,0,255,255,0,0,0,0,0,0,0,0,64,132,30,2,255,255,255,255,255,255,255,255,12,0,255,255,0,0,0,0,0,0,0,0,64,132,32,2,255,255,255,255,255,255,255,255,12,0,255,255,0,0,0,0,0,0,0,0,96,132,34,2,255,255,255,255,255,255,255,255,11,0,255,255,0,0,0,0,0,0,0,0,64,132,36,2,255,255,255,255,255,255,255,255,12,0,255,255,0,0,0,0,0,4,0,239,96,132,38,2,255,255,255,255,255,255,255,255,9,0,255,255,0,0,0,0,0,0,0,0,64,132,40,2,255,255,255,255,255,255,255,255,12,0,255,255,0,0,0,0,0,116,0,97,64,132,42,2,255,255,255,255,255,255,255,255,12,0,255,255,0,0,0,0,111,97,109,105,96,132,44,2,255,255,255,255,255,255,255,255,2,0,255,255,0,0,0,0,0,0,0,252,96,132,46,2,255,255,255,255,255,255,255,255,7,0,255,255,0,0,0,0,0,82,0,111,64,132,48,2,255,255,255,255,255,255,255,255,12,0,255,255,0,0,0,0,0,0,0,194,64,132,50,2,255,255,255,255,255,255,255,255,12,0,255,255,0,0,0,0,0,239,190,137,64,132,52,2,255,255,255,255,255,255,255,255,12,0,255,255,0,0,0,0,0,0,0,0,64,132,54,2,255,255,255,255,255,255,255,255,12,0,255,255,0,0,0,0,0,111,0,102,96,132,56,2,255,255,255,255,255,255,255,255,8,0,255,255,0,0,0,0,0,0,0,0,64,148
1,204,97,133,0,0,1,0,255,4,8,0,0,9,4,0,0,168,3,1,0,0,0,0,0,0,0,0,0,1,0,5,0,2,0,250,0,42,0,92,0,71,0,123,0,48,0,48,0,48,0,50,0,48,0,52,0,69,0,70,0,45,0,48,0,48,0,48,0,48,0,45,0,48,0,48,0,48,0,48,0,45,0,67,0,48,0,48,0,48,0,45,0,48,0,48,0,48,0,48,0,48,0,48,0,48,0,48,0,48,0,48,0,52,0,54,0,125,0,35,0,52,0,46,0,48,0,35,0,57,0,35,0,67,0,58,0,92,0,80,0,82,0,79,0,71,0,82,0,65,0,126,0,50,0,92,0,67,0,79,0,77,0,77,0,79,0,78,0,126,0,49,0,92,0,77,0,73,0,67,0,82,0,79,0,83,0,126,0,49,0,92,0,86,0,66,0,65,0,92,0,86,0,66,0,65,0,54,0,92,0,86,0,66,0,69,0,54,0,46,0,68,0,76,0,76,0,35,0,86,0,105,0,115,0,117,0,97,0,108,0,32,0,66,0,97,0,115,0,105,0,99,0,32,0,70,0,111,0,114,0,32,0,65,0,112,0,112,0,108,0,105,0,99,0,97,0,116,0,105,0,111,0,110,0,115,0,0,0,0,0,0,0,0,0,0,0,0,0,28,1,42,0,92,0,71,0,123,0,48,0,48,0,48,0,50,0,48,0,57,0,48,0,53,0,45,0,48,0,48,0,48,0,48,0,45,0,48,0,48,0,48,0,48,0,45,0,67,0,48,0,48,0,48,0,45,0,48,0,48,0,48,0,48,0,48,0,48,0,48,0,48,0,48,0,48,0,52,0,54,0,125,0,35,0,56,0,46,0,52,0,35,0,48,0,35,0,67,0,58,0,92,0,80,0,114,0,111,0,103,0,114,0,97,0,109,0,32,0,70,0,105,0,108,0,101,0,115,0,32,0,40,0,120,0,56,0,54,0,41,0,92,0,77,0,105,0,99,0,114,0,111,0,115,0,111,0,102,0,116,0,32,0,79,0,102,0,102,0,105,0,99,0,101,0,92,0,79,0,102,0,102,0,105,0,99,0,101,0,49,0,50,0,92,0,77,0,83,0,87,0,79,0,82,0,68,0,46,0,79,0,76,0,66,0,35,0,77,0,105,0,99,0,114,0,111,0,115,0,111,0,102,0,116,0,32,0,87,0,111,0,114,0,100,0,32,0,49,0,50,0,46,0,48,0,32,0,79,0,98,0,106,0,101,0,99,0,116,0,32,0,76,0,105,0,98,0,114,0,97,0,114,0,121,0,0,0,0,0,0,0,0,0,0,0,0,0,188,0,42,0,92,0,71,0,123,0,48,0,48,0,48,0,50,0,48,0,52,0,51,0,48,0,45,0,48,0,48,0,48,0,48,0,45,0,48,0,48,0,48,0,48,0,45,0,67,0,48,0,48,0,48,0,45,0,48,0,48,0,48,0,48,0,48,0,48,0,48,0,48,0,48,0,48,0,52,0,54,0,125,0,35,0,50,0,46,0,48,0,35,0,48,0,35,0,67,0,58,0,92,0,87,0,105,0,110,0,100,0,111,0,119,0,115,0,92,0,83,0,121,0,115,0,87,0,79,0,87,0,54,0,52,0,92,0,115,0,116,0,100,0,111,0,108,0,101,0,50,0,46,0,116,0,108,0,98,0,35,0,79,0,76,0,69,0,32,0,65,0,117,0,116,0,111,0,109,0,97,0,116,0,105,0,111,0,110,0,0,0,0,0,0,0,0,0,0,0,0,0,18,0,42,0,92,0,67,0,78,0,111,0,114,0,109,0,97,0,108,0,18,0,42,0,92,0,67,0,78,0,111,0,114,0,109,0,97,0,108,0,253,3,174,98,8,0,0,0,0,0,0,0,52,1,42,0,92,0,71,0,123,0,50,0,68,0,70,0,56,0,68,0,48,0,52,0,67,0,45,0,53,0,66,0,70,0,65,0,45,0,49,0,48,0,49,0,66,0,45,0,66,0,68,0,69,0,53,0,45,0,48,0,48,0,65,0,65,0,48,0,48,0,52,0,52,0,68,0,69,0,53,0,50,0,125,0,35,0,50,0,46,0,52,0,35,0,48,0,35,0,67,0,58,0,92,0,80,0,114,0,111,0,103,0,114,0,97,0,109,0,32,0,70,0,105,0,108,0,101,0,115,0,32,0,40,0,120,0,56,0,54,0,41,0,92,0,67,0,111,0,109,0,109,0,111,0,110,0,32,0,70,0,105,0,108,0,101,0,115,0
1,147,75,42,133,1,0,16,0,0,0,255,255,0,0,0,0,1,0,2,0,255,255,0,0,0,0,1,0,4,0,6,0,5,0,5,0,5,0,5,0,5,0,5,0,5,0,5,0,5,0,5,0,5,0,5,0,1,0,9,0,0,0,42,92,67,78,111,114,109,97,108,114,85,0,1,0,0,128,0,0,0,128,0,0,0,128,0,0,0,4,0,0,126,5,0,0,126,1,0,0,126,1,0,0,126,1,0,0,126,1,0,0,126,108,0,0,127,0,0,0,0,21,0,0,0,9,0,0,0,0,0,1,0,8,0,0,0,0,0,0,0,225,0,0,0,0,0,0,0,245,206,144,33,206,186,26,71,191,207,87,116,147,132,42,196,1,0,9,4,0,0,4,8,0,0,168,3,0,0,0,0,0,0,1,0,255,255,255,255,1,0,131,10,132,0,255,255,255,255,255,255,255,255,255,255,255,255,255,255,0,0,249,0,0,0,0,0,0,0,5,0,193,1,0,0,0,0,0,0,0,0,0,0,0,0,0,0,0,0,0,0,0,0,0,0,217,2,0,0,0,0,0,0,0,0,0,0,0,0,0,0,0,0,0,0,0,0,0,0,9,4,0,0,0,0,0,0,0,0,0,0,0,0,0,0,0,0,0,0,0,0,0,0,9,0,0,0,1,0,0,0,163,83,71,208,130,59,66,66,167,232,109,45,136,255,209,104,57,5,0,0,0,0,0,0,0,0,0,0,0,0,0,0,0,0,0,0,0,0,0,0,1,0,0,2,0,0,0,0,2,0,0,2,5,0,0,0,185,164,179,204,49,2,0,0,2,7,0,0,0,80,114,111,106,101,99,116,4,0,0,2,12,0,0,0,84,104,105,115,68,111,99,117,109,101,110,116,4,0,0,3,239,4,2,0,0,0,0,0,192,0,0,0,0,0,0,70,12,0,0,2,47,0,0,0,67,58,92,80,82,79,71,82,65,126,50,92,67,79,77,77,79,78,126,49,92,77,73,67,82,79,83,126,49,92,86,66,65,92,86,66,65,54,92,86,66,69,54,46,68,76,76,1,0,0,2,3,0,0,0,86,66,65,10,0,0,10,33,1,0,0,0,0,0,0,255,255,255,255,4,0,0,0,9,0,0,0,73,1,0,0,0,0,0,0,177,1,0,0,0,0,0,0,96,0,0,0,0,0,0,0,0,0,0,0,0,0,4,0,0,3,5,9,2,0,0,0,0,0,192,0,0,0,0,0,0,70,15,0,0,2,59,0,0,0,67,58,92,80,114,111,103,114,97,109,32,70,105,108,101,115,32,40,120,56,54,41,92,77,105,99,114,111,115,111,102,116,32,79,102,102,105,99,101,92,79,102,102,105,99,101,49,50,92,77,83,87,79,82,68,46,79,76,66,2,0,0,2,4,0,0,0,87,111,114,100,10,0,0,10,25,2,0,0,0,0,0,0,255,255,255,255,8,0,4,0,0,0,0,0,65,2,0,0,0,0,0,0,193,2,0,0,0,0,0,0,112,0,0,0,0,0,0,0,0,0,0,0,0,0,4,0,0,3,48,4,2,0,0,0,0,0,192,0,0,0,0,0,0,70,8,0,0,2,31,0,0,0,67,58,92,87,105,110,100,111,119,115,92,83,121,115,87,79,87,54,52,92,115,116,100,111,108,101,50,46,116,108,98,2,0,0,2,6,0,0,0,115,116,100,111,108,101,9,0,0,127,10,0,0,10,49,3,0,0,0,0,0,0,255,255,255,255,2,0,0,0,0,0,0,0,89,3,0,0,0,0,0,0,161,3,0,0,0,0,0,0,128,0,0,0,0,0,0,0,0,0,0,0,0,0,4,0,0,3,76,208,248,45,250,91,27,16,189,229,0,170,0,68,222,82,18,0,0,2,69,0,0,0,67,58,92,80,114,111,103,114,97,109,32,70,105,108,101,115,32,40,120,56,54,41,92,67,111,109,109,111,110,32,70,105,108,101,115,92,77,105,99,114,111,115,111,102,116,32,83,104,97,114,101,100,92,79,70,70,73,67,69,49,50,92,77,83,79,46,68,76,76,2,0,0,2,6,0,0,0,79,102,102,105,99,101,10,0,0,10,97,4,0,0,0,0,0,0,255,255,255,255,2,0,4,0,0,0,0,0,137,4,0,0,0,0,0,0,33,5,0,0,0,0,0,0,144,0,0,0,0,0,0,0,0,0,0,0,0,0,4,0,0,3,107,9,2,0,0,0,0,0,192,0,0,0,0,0,0,70,4,0,0,3,31,238,226,0,38,88,158,70
0,114,85,128,0,0,0,128,0,0,0,128,0,0,0,128,0,0,0,1,0,0,126,125,0,0,127,0,0,0,0,10,0,0,0,9,0,0,0,0,0,0,0,255,255,255,255,255,255,255,255,255,255,255,255,0,0,0,0,255,255,255,255,3,0,0,9,217,2,0,0,0,0,0,0,49,6,0,0,0,0,0,0,8,0,0,0,0,0,1,0,112,0,0,127,0,0,0,0,0,0,126,1,0,0,126,1,0,0,126,1,0,0,126,108,0,0,127,0,0,0,0,21,0,0,0,9,0,0,0,0,0,1,0,8,0,0,0,0,0,0,0,225,0,0,0,0,0,0,0,245,206,144,33,206,186,26,71,191,207,87,116,147,132,42,196,1,0,9,4,0,0,4,8,0,0,168,3,0,0,0,0,0,0,1,0,255,255,255,255,1,0,131,10,132,0,255,255,255,255,255,255,255,255,255,255,255,255,255,255,0,0,249,0,0,0,0,0,0,0,5,0,193,1,0,0,0,0,0,0,0,0,0,0,0,0,0,0,0,0,0,0,0,0,0,0,217,2,0,0,0,0,0,0,0,0,0,0,0,0,0,0,0,0,0,0,0,0,0,0,9,4,0,0,0,0,0,0,0,0,0,0,0,0,0,0,0,0,0,0,0,0,0,0,9,0,0,0,1,0,0,0,163,83,71,208,130,59,66,66,167,232,109,45,136,255,209,104,57,5,0,0,0,0,0,0,0,0,0,0,0,0,0,0,0,0,0,0,0,0,0,0,1,0,0,2,0,0,0,0,2,0,0,2,5,0,0,0,185,164,179,204,49,2,0,0,2,7,0,0,0,80,114,111,106,101,99,116,4,0,0,2,12,0,0,0,84,104,105,115,68,111,99,117,109,101,110,116,4,0,0,3,239,4,2,0,0,0,0,0,192,0,0,0,0,0,0,70,12,0,0,2,47,0,0,0,67,58,92,80,82,79,71,82,65,126,50,92,67,79,77,77,79,78,126,49,92,77,73,67,82,79,83,126,49,92,86,66,65,92,86,66,65,54,92,86,66,69,54,46,68,76,76,1,0,0,2,3,0,0,0,86,66,65,10,0,0,10,33,1,0,0,0,0,0,0,255,255,255,255,4,0,0,0,9,0,0,0,73,1,0,0,0,0,0,0,177,1,0,0,0,0,0,0,96,0,0,0,0,0,0,0,0,0,0,0,0,0,4,0,0,3,5,9,2,0,0,0,0,0,192,0,0,0,0,0,0,70,15,0,0,2,59,0,0,0,67,58,92,80,114,111,103,114,97,109,32,70,105,108,101,115,32,40,120,56,54,41,92,77,105,99,114,111,115,111,102,116,32,79,102,102,105,99,101,92,79,102,102,105,99,101,49,50,92,77,83,87,79,82,68,46,79,76,66,2,0,0,2,4,0,0,0,87,111,114,100,10,0,0,10,25,2,0,0,0,0,0,0,255,255,255,255,8,0,4,0,0,0,0,0,65,2,0,0,0,0,0,0,193,2,0,0,0,0,0,0,112,0,0,0,0,0,0,0,0,0,0,0,0,0,4,0,0,3,48,4,2,0,0,0,0,0,192,0,0,0,0,0,0,70,8,0,0,2,31,0,0,0,67,58,92,87,105,110,100,111,119,115,92,83,121,115,87,79,87,54,52,92,115,116,100,111,108,101,50,46,116,108,98,2,0,0,2,6,0,0,0,115,116,100,111,108,101,9,0,0,127,10,0,0,10,49,3,0,0,0,0,0,0,255,255,255,255,2,0,0,0,0,0,0,0,89,3,0,0,0,0,0,0,161,3,0,0,0,0,0,0,128,0,0,0,0,0,0,0,0,0,0,0,0,0,4,0,0,3,76,208,248,45,250,91,27,16,189,229,0,170,0,68,222,82,18,0,0,2,69,0,0,0,67,58,92,80,114,111,103,114,97,109,32,70,105,108,101,115,32,40,120,56,54,41,92,67,111,109,109,111,110,32,70,105,108,101,115,92,77,105,99,114,111,115,111,102,116,32,83,104,97,114,101,100,92,79,70,70,73,67,69,49,50,92,77,83,79,46,68,76,76,2,0,0,2,6,0,0,0,79,102,102,105,99,101,10,0,0,10,97,4,0,0,0,0,0,0,255,255,255,255,2,0,4,0,0,0,0,0,137,4,0,0,0,0,0,0,33,5,0,0,0,0,0,0,144,0,0,0,0,0,0,0,0,0,0,0,0,0,4,0,0,3,107,9,2,0,0,0,0,0,192,0,0,0,0,0,0,70,4,0,0,3,31,238,226,0,38,88,158,70
0,114,85,128,0,0,0,0,0,0,0,128,0,0,0,128,0,0,0,0,0,0,0,30,0,0,0,9,0,0,0,0,0,0,0,9,0,0,0,0,0,3,0,48,0,0,0,0,0,0,0,0,0,0,0,0,0,0,0,1,0,1,0,0,0,1,0,185,5,0,0,0,0,0,0,225,5,0,0,0,0,0,0,9,6,0,0,0,0,0,0,9,0,0,0,1,0,2,0,145,5,0,0,0,0,0,0,8,0,13,0,52,0,0,0,49,6,0,0,0,0,0,0,97,0,0,0,0,0,1,0,89,6,0,0,0,0,0,0,255,255,255,255,255,255,255,255,255,255,255,255,0,0,255,255,255,255,255,255,255,255,255,255,255,255,255,255,255,255,255,255,255,255,255,255,255,255,255,255,255,255,255,255,255,255,255,255,255,255,255,255,255,255,255,255,255,255,255,255,255,255,255,255,255,255,255,255,255,255,0,0,170,1,96,0,0,127,0,0,0,0,0,193,1,0,0,0,0,0,0,0,0,0,0,0,0,0,0,0,0,0,0,0,0,0,0,217,2,0,0,0,0,0,0,0,0,0,0,0,0,0,0,0,0,0,0,0,0,0,0,9,4,0,0,0,0,0,0,0,0,0,0,0,0,0,0,0,0,0,0,0,0,0,0,9,0,0,0,1,0,0,0,163,83,71,208,130,59,66,66,167,232,109,45,136,255,209,104,57,5,0,0,0,0,0,0,0,0,0,0,0,0,0,0,0,0,0,0,0,0,0,0,1,0,0,2,0,0,0,0,2,0,0,2,5,0,0,0,185,164,179,204,49,2,0,0,2,7,0,0,0,80,114,111,106,101,99,116,4,0,0,2,12,0,0,0,84,104,105,115,68,111,99,117,109,101,110,116,4,0,0,3,239,4,2,0,0,0,0,0,192,0,0,0,0,0,0,70,12,0,0,2,47,0,0,0,67,58,92,80,82,79,71,82,65,126,50,92,67,79,77,77,79,78,126,49,92,77,73,67,82,79,83,126,49,92,86,66,65,92,86,66,65,54,92,86,66,69,54,46,68,76,76,1,0,0,2,3,0,0,0,86,66,65,10,0,0,10,33,1,0,0,0,0,0,0,255,255,255,255,4,0,0,0,9,0,0,0,73,1,0,0,0,0,0,0,177,1,0,0,0,0,0,0,96,0,0,0,0,0,0,0,0,0,0,0,0,0,4,0,0,3,5,9,2,0,0,0,0,0,192,0,0,0,0,0,0,70,15,0,0,2,59,0,0,0,67,58,92,80,114,111,103,114,97,109,32,70,105,108,101,115,32,40,120,56,54,41,92,77,105,99,114,111,115,111,102,116,32,79,102,102,105,99,101,92,79,102,102,105,99,101,49,50,92,77,83,87,79,82,68,46,79,76,66,2,0,0,2,4,0,0,0,87,111,114,100,10,0,0,10,25,2,0,0,0,0,0,0,255,255,255,255,8,0,4,0,0,0,0,0,65,2,0,0,0,0,0,0,193,2,0,0,0,0,0,0,112,0,0,0,0,0,0,0,0,0,0,0,0,0,4,0,0,3,48,4,2,0,0,0,0,0,192,0,0,0,0,0,0,70,8,0,0,2,31,0,0,0,67,58,92,87,105,110,100,111,119,115,92,83,121,115,87,79,87,54,52,92,115,116,100,111,108,101,50,46,116,108,98,2,0,0,2,6,0,0,0,115,116,100,111,108,101,9,0,0,127,10,0,0,10,49,3,0,0,0,0,0,0,255,255,255,255,2,0,0,0,0,0,0,0,89,3,0,0,0,0,0,0,161,3,0,0,0,0,0,0,128,0,0,0,0,0,0,0,0,0,0,0,0,0,4,0,0,3,76,208,248,45,250,91,27,16,189,229,0,170,0,68,222,82,18,0,0,2,69,0,0,0,67,58,92,80,114,111,103,114,97,109,32,70,105,108,101,115,32,40,120,56,54,41,92,67,111,109,109,111,110,32,70,105,108,101,115,92,77,105,99,114,111,115,111,102,116,32,83,104,97,114,101,100,92,79,70,70,73,67,69,49,50,92,77,83,79,46,68,76,76,2,0,0,2,6,0,0,0,79,102,102,105,99,101,10,0,0,10,97,4,0,0,0,0,0,0,255,255,255,255,2,0,4,0,0,0,0,0,137,4,0,0,0,0,0,0,33,5,0,0,0,0,0,0,144,0,0,0,0,0,0,0,0,0,0,0,0,0,4,0,0,3,107,9,2,0,0,0,0,0,192,0,0,0,0,0,0,70,4,0,0,3,31,238,226,0,38,88,158,70
0,114,85,128,0,0,0,0,0,0,0,128,0,0,0,128,0,0,0,0,0,0,0,16,0,0,0,9,0,0,0,0,0,2,0,255,255,255,255,255,255,255,255,0,0,0,0,64,0,0,0,4,0,0,0,0,0,0,0,110,0,0,127,0,0,0,0,185,5,0,0,0,0,0,0,225,5,0,0,0,0,0,0,9,6,0,0,0,0,0,0,9,0,0,0,1,0,2,0,145,5,0,0,0,0,0,0,8,0,13,0,52,0,0,0,49,6,0,0,0,0,0,0,97,0,0,0,0,0,1,0,89,6,0,0,0,0,0,0,255,255,255,255,255,255,255,255,255,255,255,255,0,0,255,255,255,255,255,255,255,255,255,255,255,255,255,255,255,255,255,255,255,255,255,255,255,255,255,255,255,255,255,255,255,255,255,255,255,255,255,255,255,255,255,255,255,255,255,255,255,255,255,255,255,255,255,255,255,255,0,0,170,1,96,0,0,127,0,0,0,0,0,193,1,0,0,0,0,0,0,0,0,0,0,0,0,0,0,0,0,0,0,0,0,0,0,217,2,0,0,0,0,0,0,0,0,0,0,0,0,0,0,0,0,0,0,0,0,0,0,9,4,0,0,0,0,0,0,0,0,0,0,0,0,0,0,0,0,0,0,0,0,0,0,9,0,0,0,1,0,0,0,163,83,71,208,130,59,66,66,167,232,109,45,136,255,209,104,57,5,0,0,0,0,0,0,0,0,0,0,0,0,0,0,0,0,0,0,0,0,0,0,1,0,0,2,0,0,0,0,2,0,0,2,5,0,0,0,185,164,179,204,49,2,0,0,2,7,0,0,0,80,114,111,106,101,99,116,4,0,0,2,12,0,0,0,84,104,105,115,68,111,99,117,109,101,110,116,4,0,0,3,239,4,2,0,0,0,0,0,192,0,0,0,0,0,0,70,12,0,0,2,47,0,0,0,67,58,92,80,82,79,71,82,65,126,50,92,67,79,77,77,79,78,126,49,92,77,73,67,82,79,83,126,49,92,86,66,65,92,86,66,65,54,92,86,66,69,54,46,68,76,76,1,0,0,2,3,0,0,0,86,66,65,10,0,0,10,33,1,0,0,0,0,0,0,255,255,255,255,4,0,0,0,9,0,0,0,73,1,0,0,0,0,0,0,177,1,0,0,0,0,0,0,96,0,0,0,0,0,0,0,0,0,0,0,0,0,4,0,0,3,5,9,2,0,0,0,0,0,192,0,0,0,0,0,0,70,15,0,0,2,59,0,0,0,67,58,92,80,114,111,103,114,97,109,32,70,105,108,101,115,32,40,120,56,54,41,92,77,105,99,114,111,115,111,102,116,32,79,102,102,105,99,101,92,79,102,102,105,99,101,49,50,92,77,83,87,79,82,68,46,79,76,66,2,0,0,2,4,0,0,0,87,111,114,100,10,0,0,10,25,2,0,0,0,0,0,0,255,255,255,255,8,0,4,0,0,0,0,0,65,2,0,0,0,0,0,0,193,2,0,0,0,0,0,0,112,0,0,0,0,0,0,0,0,0,0,0,0,0,4,0,0,3,48,4,2,0,0,0,0,0,192,0,0,0,0,0,0,70,8,0,0,2,31,0,0,0,67,58,92,87,105,110,100,111,119,115,92,83,121,115,87,79,87,54,52,92,115,116,100,111,108,101,50,46,116,108,98,2,0,0,2,6,0,0,0,115,116,100,111,108,101,9,0,0,127,10,0,0,10,49,3,0,0,0,0,0,0,255,255,255,255,2,0,0,0,0,0,0,0,89,3,0,0,0,0,0,0,161,3,0,0,0,0,0,0,128,0,0,0,0,0,0,0,0,0,0,0,0,0,4,0,0,3,76,208,248,45,250,91,27,16,189,229,0,170,0,68,222,82,18,0,0,2,69,0,0,0,67,58,92,80,114,111,103,114,97,109,32,70,105,108,101,115,32,40,120,56,54,41,92,67,111,109,109,111,110,32,70,105,108,101,115,92,77,105,99,114,111,115,111,102,116,32,83,104,97,114,101,100,92,79,70,70,73,67,69,49,50,92,77,83,79,46,68,76,76,2,0,0,2,6,0,0,0,79,102,102,105,99,101,10,0,0,10,97,4,0,0,0,0,0,0,255,255,255,255,2,0,4,0,0,0,0,0,137,4,0,0,0,0,0,0,33,5,0,0,0,0,0,0,144,0,0,0,0,0,0,0,0,0,0,0,0,0,4,0,0,3,107,9,2,0,0,0,0,0,192,0,0,0,0,0,0,70,4,0,0,3,31,238,226,0,38,88,158,70
1,1,5,178,128,1,0,4,0,0,0,1,0,48,42,2,2,144,9,0,112,20,6,72,3,0,130,2,0,100,168,3,4,0,7,0,28,0,80,114,111,106,101,99,116,5,81,0,40,0,0,64,2,20,6,2,20,61,173,2,10,7,2,108,1,20,8,6,18,9,2,18,128,240,253,178,98,24,0,12,2,74,18,60,2,10,22,0,1,114,115,116,100,16,111,108,101,62,2,25,115,0,116,0,0,100,0,111,0,108,0,101,80,0,13,0,104,0,37,94,0,3,42,0,92,71,123,48,48,48,50,48,176,52,51,48,45,0,8,4,4,67,0,10,3,2,14,1,18,48,48,52,54,125,35,0,50,46,48,35,48,35,67,58,0,92,87,105,110,100,111,119,115,0,92,83,121,115,87,79,87,54,4,52,92,3,101,50,46,116,108,98,0,35,79,76,69,32,65,117,116,128,111,109,97,116,105,111,110,0,96,3,0,2,131,69,78,111,114,109,97,108,5,131,69,78,128,67,114,0,109,0,97,81,128,70,14,0,32,128,17,9,128,1,42,12,92,67,3,18,10,6,253,3,174,98,4,8,0,131,33,79,102,102,105,99,17,132,103,79,0,102,128,0,105,0,99,21,130,103,164,128,31,154,130,33,71,123,50,0,68,70,56,68,48,52,67,45,0,53,66,70,65,45,49,48,49,64,66,45,66,68,69,53,128,103,65,106,65,128,101,52,128,5,50,136,103,128,186,103,0,114,97,109,32,70,105,108,101,0,115,32,40,120,56,54,41,92,64,67,111,109,109,111,110,3,9,92,0,77,105,99,114,111,115,111,102,0,116,32,83,104,97,114,101,100,0,92,79,70,70,73,67,69,49,0,50,92,77,83,79,46,68,76,76,76,35,135,16,131,80,32,49,128,150,32,4,79,98,129,230,32,76,105,98,114,88,97,114,121,0,39,128,0,15,2,124,1,68,0,19,194,1,248,97,25,194,102,84,0,104,105,115,68,111,99,117,109,64,101,110,116,71,0,24,192,9,84,65,64,104,105,0,115,0,68,64,74,99,68,0,117,192,74,101,0,110,64,112,26,21,206,11,50,218,11,28,192,18,0,0,72,133,66,1,49,195,138,29,0,0,30,66,2,69,1,5,44,194,33,41,156,34,66,8,43,5,66,1,16,66,1,0,0,96,0,0,0,0,0,0,0,0,0,0,0,0,0,4,0,0,3,5,9,2,0,0,0,0,0,192,0,0,0,0,0,0,70,15,0,0,2,59,0,0,0,67,58,92,80,114,111,103,114,97,109,32,70,105,108,101,115,32,40,120,56,54,41,92,77,105,99,114,111,115,111,102,116,32,79,102,102,105,99,101,92,79,102,102,105,99,101,49,50,92,77,83,87,79,82,68,46,79,76,66,2,0,0,2,4,0,0,0,87,111,114,100,10,0,0,10,25,2,0,0,0,0,0,0,255,255,255,255,8,0,4,0,0,0,0,0,65,2,0,0,0,0,0,0,193,2,0,0,0,0,0,0,112,0,0,0,0,0,0,0,0,0,0,0,0,0,4,0,0,3,48,4,2,0,0,0,0,0,192,0,0,0,0,0,0,70,8,0,0,2,31,0,0,0,67,58,92,87,105,110,100,111,119,115,92,83,121,115,87,79,87,54,52,92,115,116,100,111,108,101,50,46,116,108,98,2,0,0,2,6,0,0,0,115,116,100,111,108,101,9,0,0,127,10,0,0,10,49,3,0,0,0,0,0,0,255,255,255,255,2,0,0,0,0,0,0,0,89,3,0,0,0,0,0,0,161,3,0,0,0,0,0,0,128,0,0,0,0,0,0,0,0,0,0,0,0,0,4,0,0,3,76,208,248,45,250,91,27,16,189,229,0,170,0,68,222,82,18,0,0,2,69,0,0,0,67,58,92,80,114,111,103,114,97,109,32,70,105,108,101,115,32,40,120,56,54,41,92,67,111,109,109,111,110,32,70,105,108,101,115,92,77,105,99,114,111,115,111,102,116,32,83,104,97,114,101,100,92,79,70,70,73,67,69,49,50,92,77,83,79,46,68,76,76,2,0,0,2,6,0,0,0,79,102,102,105,99,101,10,0,0,10,97,4,0,0,0,0,0,0,255,255,255,255,2,0,4,0,0,0,0,0,137,4,0,0,0,0,0,0,33,5,0,0,0,0,0,0,144,0,0,0,0,0,0,0,0,0,0,0,0,0,4,0,0,3,107,9,2,0,0,0,0,0,192,0,0,0,0,0,0,70,4,0,0,3,31,238,226,0,38,88,158,70
0,236,165,193,0,91,128,9,4,0,0,240,82,191,0,0,0,0,0,0,16,0,0,0,0,0,8,0,0,58,86,0,0,14,0,98,106,98,106,172,250,172,250,0,0,0,0,0,0,0,0,0,0,0,0,0,0,0,0,0,0,4,8,22,0,60,130,0,0,206,144,1,0,206,144,1,0,147,31,0,0,0,0,0,0,42,0,0,0,0,0,0,0,0,0,0,0,0,0,0,0,0,0,0,0,0,0,0,0,255,255,15,0,0,0,0,0,0,0,0,0,255,255,15,0,0,0,0,0,0,0,0,0,255,255,15,0,0,0,0,0,0,0,0,0,0,0,0,0,0,0,0,0,183,0,0,0,0,0,252,6,0,0,0,0,0,0,252,6,0,0,69,20,0,0,0,0,0,0,69,20,0,0,0,0,0,0,69,20,0,0,0,0,0,0,69,20,0,0,0,0,0,0,69,20,0,0,20,0,0,0,0,0,0,0,0,0,0,0,255,255,255,255,0,0,0,0,89,20,0,0,0,0,0,0,89,20,0,0,0,0,0,0,89,20,0,0,56,0,0,0,145,20,0,0,108,0,0,0,253,20,0,0,124,0,0,0,89,20,0,0,0,0,0,0,102,58,0,0,224,2,0,0,121,21,0,0,0,0,0,0,121,21,0,0,40,0,0,0,161,21,0,0,0,0,0,0,161,21,0,0,0,0,0,0,161,21,0,0,0,0,0,0,57,43,0,0,0,0,0,0,57,43,0,0,0,0,0,0,57,43,0,0,0,0,0,0,253,57,0,0,2,0,0,0,255,57,0,0,0,0,0,0,255,57,0,0,0,0,0,0,255,57,0,0,0,0,0,0,255,57,0,0,0,0,0,0,255,57,0,0,0,0,0,0,255,57,0,0,0,0,0,0,70,61,0,0,162,2,0,0,232,63,0,0,126,0,0,0,255,57,0,0,33,0,0,0,0,0,0,0,0,0,0,0,0,0,0,0,0,0,0,0,69,20,0,0,0,0,0,0,57,43,0,0,0,0,0,0,0,0,0,0,0,0,0,0,0,0,0,0,0,0,0,0,219,42,0,0,94,0,0,0,57,43,0,0,0,0,0,0,57,43,0,0,0,0,0,0,57,43,0,0,0,0,0,0,255,57,0,0,0,0,0,0,0,0,0,0,0,0,0,0,69,20,0,0,0,0,0,0,69,20,0,0,0,0,0,0,161,21,0,0,0,0,0,0,0,0,0,0,0,0,0,0,161,21,0,0,58,21,0,0,32,58,0,0,22,0,0,0,29,56,0,0,0,0,0,0,29,56,0,0,0,0,0,0,29,56,0,0,0,0,0,0,57,43,0,0,78,10,0,0,69,20,0,0,0,0,0,0,161,21,0,0,0,0,0,0,69,20,0,0,0,0,0,0,161,21,0,0,0,0,0,0,253,57,0,0,0,0,0,0,0,0,0,0,0,0,0,0,29,56,0,0,0,0,0,0,0,0,0,0,0,0,0,0,0,0,0,0,0,0,0,0,0,0,0,0,0,0,0,0,0,0,0,0,0,0,0,0,0,0,0,0,0,0,0,0,0,0,0,0,0,0,0,0,57,43,0,0,0,0,0,0,253,57,0,0,0,0,0,0,0,0,0,0,0,0,0,0,29,56,0,0,0,0,0,0,0,0,0,0,0,0,0,0,29,56,0,0,0,0,0,0,0,0,0,0,0,0,0,0,0,0,0,0,0,0,0,0,0,0,0,0,0,0,0,0,0,0,0,0,0,0,0,0,0,0,0,0,0,0,0,0,0,0,0,0,0,0,0,0,0,0,0,0,0,0,0,0,0,0,0,0,0,0,0,0,0,0,0,0,0,0,0,0,29,56,0,0,0,0,0,0,161,21,0,0,0,0,0,0,255,255,255,255,0,0,0,0,96,132,209,244,77,91,215,1,0,0,0,0,0,0,0,0,89,20,0,0,0,0,0,0,135,53,0,0,180,1,0,0,29,56,0,0,0,0,0,0,0,0,0,0,0,0,0,0,233,57,0,0,20,0,0,0,54,58,0,0,48,0,0,0,102,58,0,0,0,0,0,0,29,56,0,0,0,0,0,0,102,64,0,0,0,0,0,0,59,55,0,0,226,0,0,0,102,64,0,0,0,0,0,0,29,56,0,0,0,0,0,0,0,0,0,0,0,0,0,0,0,0,0,0,0,0,0,0,0,0,0,0,0,0,0,0,0,0,0,0,0,0,0,0,0,0,0,0,0,0,0,0,0,0,0,0,0,0,0,0,0,0,0,0,0,0,0,0
