0,1,0,254,255,3,10,0,0,255,255,255,255,32,8,2,0,0,0,0,0,192,0,0,0,0,0,0,70,37,0,0,0,77,105,99,114,111,115,111,102,116,32,79,102,102,105,99,101,32,69,120,99,101,108,32,50,48,48,51,32,191,246,197,169,189,195,198,174,0,6,0,0,0,66,105,102,102,56,0,14,0,0,0,69,120,99,101,108,46,83,104,101,101,116,46,56,0,244,57,178,113,0,0,0,0,0,0,0,0,0,0,0,0,,,,,,,,,,,,,,,,,,,,,,,,,,,,,,,,,,,,,,,,,,,,,,,,,,,,,,,,,,,,,,,,,,,,,,,,,,,,,,,,,,,,,,,,,,,,,,,,,,,,,,,,,,,,,,,,,,,,,,,,,,,,,,,,,,,,,,,,,,,,,,,,,,,,,,,,,,,,,,,,,,,,,,,,,,,,,,,,,,,,,,,,,,,,,,,,,,,,,,,,,,,,,,,,,,,,,,,,,,,,,,,,,,,,,,,,,,,,,,,,,,,,,,,,,,,,,,,,,,,,,,,,,,,,,,,,,,,,,,,,,,,,,,,,,,,,,,,,,,,,,,,,,,,,,,,,,,,,,,,,,,,,,,,,,,,,,,,,,,,,,,,,,,,,,,,,,,,,,,,,,,,,,,,,,,,,,,,,,,,,,,,,,,,,,,,,,,,,,,,,,,,,,,,,,,,,,,,,,,,,,,,,,,,,,,,,,,,,,,,,,,,,,,,,,,,,,,,,,,,,,,,,,,,,,,,,,,,,,,,,,,,,,,,,,,,,,,,,,,,,,,,,,,,,,,,,,,,,,,,,,,,,,,,,,,,,,,,,,,,,,,,,,,,,,,,,,,,,,,,,,,,,,,,,,,,,,,,,,,,,,,,,,,,,,,,,,,,,,,,,,,,,,,,,,,,,,,,,,,,,,,,,,,,,,,,,,,,,,,,,,,,,,,,,,,,,,,,,,,,,,,,,,,,,,,,,,,,,,,,,,,,,,,,,,,,,,,,,,,,,,,,,,,,,,,,,,,,,,,,,,,,,,,,,,,,,,,,,,,,,,,,,,,,,,,,,,,,,,,,,,,,,,,,,,,,,,,,,,,,,,,,,,,,,,,,,,,,,,,,,,,,,,,,,,,,,,,,,,,,,,,,,,,,,,,,,,,,,,,,,,,,,,,,,,,,,,,,,,,,,,,,,,,,,,,,,,,,,,,,,,,,,,,,,,,,,,,,,,,,,,,,,,
0,254,255,0,0,6,1,2,0,0,0,0,0,0,0,0,0,0,0,0,0,0,0,0,0,1,0,0,0,2,213,205,213,156,46,27,16,147,151,8,0,43,44,249,174,48,0,0,0,252,0,0,0,9,0,0,0,1,0,0,0,80,0,0,0,15,0,0,0,88,0,0,0,23,0,0,0,104,0,0,0,11,0,0,0,112,0,0,0,16,0,0,0,120,0,0,0,19,0,0,0,128,0,0,0,22,0,0,0,136,0,0,0,13,0,0,0,144,0,0,0,12,0,0,0,181,0,0,0,2,0,0,0,181,3,0,0,30,0,0,0,8,0,0,0,177,185,188,188,195,187,0,0,3,0,0,0,0,0,12,0,11,0,0,0,0,0,0,0,11,0,0,0,0,0,0,0,11,0,0,0,0,0,0,0,11,0,0,0,0,0,0,0,30,16,0,0,2,0,0,0,4,0,0,0,40,49,41,0,17,0,0,0,39,40,49,41,39,33,80,114,105,110,116,95,65,114,101,97,0,12,16,0,0,4,0,0,0,30,0,0,0,9,0,0,0,191,246,197,169,189,195,198,174,0,3,0,0,0,1,0,0,0,30,0,0,0,19,0,0,0,192,204,184,167,192,204,32,193,246,193,164,181,200,32,185,252,192,167,0,3,0,0,0,1,0,0,0,0,0,0,,,,,,,,,,,,,,,,,,,,,,,,,,,,,,,,,,,,,,,,,,,,,,,,,,,,,,,,,,,,,,,,,,,,,,,,,,,,,,,,,,,,,,,,,,,,,,,,,,,,,,,,,,,,,,,,,,,,,,,,,,,,,,,,,,,,,,,,,,,,,,,,,,,,,,,,,,,,,,,,,,,,,,,,,,,,,,,,,,,,,,,,,,,,,,,,,,,,,,,,,,,,,,,,,,,,,,,,,,,,,,,,,,,,,,,,,,,,,,,,,,,,,,,,,,,,,,,,,,,,,,,,,,,,,,,,,,,,,,,,,,,,,,,,,,,,,,,,,,,,,,,,,,,,,,,,,,,,,,,,,,,,,,,,,,,,,,,,,,,,,,,,,,,,,,,,,,,,,,,,,,,,,,,,,,,,,,,,,,,,,,,,,,,,,,,,,,,,,,,,,,,,,,,,,,,,,,,,,,,,,,,,,,,,,,,,,,,,,,,,,,,,,,,,,,,,,,,,,,,,,,,,,,,,,,,,,,,,,,,,,,,,,,,,,,,,,,,,,,,,,,,,,,,,,,,,,,,,,,,,,,,,,,,,,,,,,,,,,,,,,,,,,,,,,,,,,,,,,,,,,,,,,,,,,,,,,,,,,,,,,,,,,,,,,,,,,,,,,,,,,,,,,,,,,,,,,,,,,,,,,,,,,,,,,,,,,,,,,,,,,,,,,,,,,,,,,,,,,,,,,,,,,,,,,,,,,,,,,,,,,,,,,,,,,,,,,,,,,,,,,,,,,,,,,,,,,,,,,,
0,254,255,0,0,6,1,2,0,0,0,0,0,0,0,0,0,0,0,0,0,0,0,0,0,1,0,0,0,224,133,159,242,249,79,104,16,171,145,8,0,43,39,179,217,48,0,0,0,180,0,0,0,8,0,0,0,1,0,0,0,72,0,0,0,4,0,0,0,80,0,0,0,8,0,0,0,96,0,0,0,18,0,0,0,112,0,0,0,11,0,0,0,136,0,0,0,12,0,0,0,148,0,0,0,13,0,0,0,160,0,0,0,19,0,0,0,172,0,0,0,2,0,0,0,181,3,0,0,30,0,0,0,8,0,0,0,187,231,191,235,192,218,0,0,30,0,0,0,8,0,0,0,85,115,101,114,0,0,0,0,30,0,0,0,16,0,0,0,77,105,99,114,111,115,111,102,116,32,69,120,99,101,108,0,64,0,0,0,0,156,211,214,181,53,209,1,64,0,0,0,0,44,122,89,198,83,203,1,64,0,0,0,0,21,206,155,192,81,209,1,3,0,0,0,0,0,0,0,0,12,16,0,0,4,0,0,0,30,0,0,0,9,0,0,0,191,246,197,169,189,195,198,174,0,3,0,0,0,1,0,0,0,30,0,0,0,19,0,0,0,192,204,184,167,192,204,32,193,246,193,164,181,200,32,185,252,192,167,0,3,0,0,0,1,0,0,0,0,0,0,,,,,,,,,,,,,,,,,,,,,,,,,,,,,,,,,,,,,,,,,,,,,,,,,,,,,,,,,,,,,,,,,,,,,,,,,,,,,,,,,,,,,,,,,,,,,,,,,,,,,,,,,,,,,,,,,,,,,,,,,,,,,,,,,,,,,,,,,,,,,,,,,,,,,,,,,,,,,,,,,,,,,,,,,,,,,,,,,,,,,,,,,,,,,,,,,,,,,,,,,,,,,,,,,,,,,,,,,,,,,,,,,,,,,,,,,,,,,,,,,,,,,,,,,,,,,,,,,,,,,,,,,,,,,,,,,,,,,,,,,,,,,,,,,,,,,,,,,,,,,,,,,,,,,,,,,,,,,,,,,,,,,,,,,,,,,,,,,,,,,,,,,,,,,,,,,,,,,,,,,,,,,,,,,,,,,,,,,,,,,,,,,,,,,,,,,,,,,,,,,,,,,,,,,,,,,,,,,,,,,,,,,,,,,,,,,,,,,,,,,,,,,,,,,,,,,,,,,,,,,,,,,,,,,,,,,,,,,,,,,,,,,,,,,,,,,,,,,,,,,,,,,,,,,,,,,,,,,,,,,,,,,,,,,,,,,,,,,,,,,,,,,,,,,,,,,,,,,,,,,,,,,,,,,,,,,,,,,,,,,,,,,,,,,,,,,,,,,,,,,,,,,,,,,,,,,,,,,,,,,,,,,,,,,,,,,,,,,,,,,,,,,,,,,,,,,,,,,,,,,,,,,,,,,,,,,,,,,,,,,,,,,,,,,,,,,,,,,,,,,,,,,,,,,,,,,,,,,,
0,9,8,16,0,0,6,5,0,169,31,205,7,201,128,1,0,6,4,0,0,225,0,2,0,176,4,193,0,2,0,0,0,226,0,0,0,92,0,112,0,4,0,0,85,115,101,114,32,32,32,32,32,32,32,32,32,32,32,32,32,32,32,32,32,32,32,32,32,32,32,32,32,32,32,32,32,32,32,32,32,32,32,32,32,32,32,32,32,32,32,32,32,32,32,32,32,32,32,32,32,32,32,32,32,32,32,32,32,32,32,32,32,32,32,32,32,32,32,32,32,32,32,32,32,32,32,32,32,32,32,32,32,32,32,32,32,32,32,32,32,32,32,32,32,32,32,32,32,32,32,32,32,66,0,2,0,176,4,97,1,2,0,0,0,192,1,0,0,61,1,2,0,1,0,211,0,0,0,186,1,15,0,12,0,0,84,104,105,115,87,111,114,107,98,111,111,107,156,0,2,0,16,0,25,0,2,0,0,0,18,0,2,0,0,0,19,0,2,0,0,0,175,1,2,0,0,0,188,1,2,0,0,0,61,0,18,0,88,2,30,0,80,55,255,45,56,0,0,0,0,0,1,0,88,2,64,0,2,0,0,0,141,0,2,0,0,0,34,0,2,0,0,0,14,0,2,0,1,0,183,1,2,0,0,0,218,0,2,0,0,0,49,0,20,0,220,0,0,0,255,127,144,1,0,0,0,3,129,0,2,1,203,179,192,198,49,0,26,0,220,0,0,0,8,0,144,1,0,0,0,3,129,0,5,1,209,185,64,199,32,0,224,172,21,181,49,0,26,0,220,0,0,0,8,0,144,1,0,0,0,3,129,0,5,1,209,185,64,199,32,0,224,172,21,181,49,0,26,0,220,0,0,0,8,0,144,1,0,0,0,3,129,0,5,1,209,185,64,199,32,0,224,172,21,181,49,0,26,0,220,0,0,0,9,0,144,1,0,0,0,3,129,0,5,1,209,185,64,199,32,0,224,172,21,181,49,0,26,0,220,0,0,0,10,0,144,1,0,0,0,3,129,0,5,1,209,185,64,199,32,0,224,172,21,181,49,0,26,0,220,0,1,0,52,0,188,2,0,0,0,3,129,0,5,1,209,185,64,199,32,0,224,172,21,181,49,0,26,0,220,0,0,0,20,0,144,1,0,0,0,3,129,0,5,1,209,185,64,199,32,0,224,172,21,181,49,0,20,0,220,0,0,0,255,127,144,1,0,0,0,3,129,0,2,1,203,179,192,198,49,0,26,0,220,0,0,0,60,0,144,1,0,0,0,3,129,0,5,1,209,185,64,199,32,0,224,172,21,181,49,0,26,0,220,0,2,0,23,0,144,1,0,0,0,3,129,0,5,1,209,185,64,199,32,0,224,172,21,181,49,0,26,0,220,0,1,0,9,0,188,2,0,0,0,3,129,0,5,1,209,185,64,199,32,0,224,172,21,181,49,0,26,0,220,0,0,0,52,0,144,1,0,0,0,3,129,0,5,1,209,185,64,199,32,0,224,172,21,181,49,0,20,0,253,0,4,0,36,0,144,1,0,0,1,3,129,0,2,1,203,179,192,198,49,0,26,0,220,0,1,0,8,0,188,2,0,0,0,3,129,0,5,1,209,185,64,199,32,0,224,172,21,181,49,0,26,0,220,0,0,0,62,0,144,1,0,0,0,3,129,0,5,1,209,185,64,199,32,0,224,172,21,181,49,0,26,0,104,1,1,0,56,0,188,2,0,0,0,3,129,0,5,1,209,185,64,199,32,0,224,172,21,181,49,0,26,0,44,1,1,0,56,0,188,2,0,0,0,3,129,0,5,1,209,185,64,199,32,0,224,172,21,181,49,0,26,0,4,1,1,0,56,0,188,2,0,0,0,3,129,0,5,1,209,185,64,199,32,0,224,172,21,181,49,0,26,0,220,0,1,0,56,0,188,2,0,0,0,3,129,0,5,1,209,185,64,199,32,0,224,172,21,181,49,0,26,0,220,0,0,0,17,0,144,1,0,0,0,3,129,0,5,1,209,185,64,199,32,0,224,172,21,181,49,0,26,0,220,0,1,0,63,0,188,2,0,0,0,3,129,0,5,1,209,185,64,199,32,0,224,172,21,181,49,0,20,0,253,0,4,0,12,0,144,1,0,0,1,3,129,0,2,1,203,179,192,198,49,0,20,0,160,0,0,0,255,127,144,1,0,0,0,3,129,0,2,1,203,179,192,198,49,0,28,0,200,0,0,0,255,127,144,1,0,0,0,2,0,0,6,1,68,0,105,0,110,0,109,0,101,0,100,0,49,0,28,0,4
0,73,68,61,34,123,65,50,53,49,57,69,57,66,45,65,53,52,55,45,52,51,52,54,45,57,49,68,69,45,48,66,66,57,51,65,54,48,57,53,56,70,125,34,13,10,77,111,100,117,108,101,61,77,111,100,117,108,101,49,13,10,68,111,99,117,109,101,110,116,61,84,104,105,115,87,111,114,107,98,111,111,107,47,38,72,48,48,48,48,48,48,48,48,13,10,78,97,109,101,61,34,86,66,65,80,114,111,106,101,99,116,34,13,10,72,101,108,112,67,111,110,116,101,120,116,73,68,61,34,48,34,13,10,86,101,114,115,105,111,110,67,111,109,112,97,116,105,98,108,101,51,50,61,34,51,57,51,50,50,50,48,48,48,34,13,10,67,77,71,61,34,70,68,70,70,50,66,50,56,68,53,50,49,68,57,50,49,68,57,50,49,68,57,50,49,68,57,34,13,10,68,80,66,61,34,70,65,70,56,50,67,51,51,50,56,51,52,50,56,51,52,50,56,34,13,10,71,67,61,34,70,55,70,53,50,49,51,54,69,51,67,69,69,49,67,70,69,49,67,70,49,69,34,13,10,13,10,91,72,111,115,116,32,69,120,116,101,110,100,101,114,32,73,110,102,111,93,13,10,38,72,48,48,48,48,48,48,48,49,61,123,51,56,51,50,68,54,52,48,45,67,70,57,48,45,49,49,67,70,45,56,69,52,51,45,48,48,65,48,67,57,49,49,48,48,53,65,125,59,86,66,69,59,38,72,48,48,48,48,48,48,48,48,13,10,13,10,91,87,111,114,107,115,112,97,99,101,93,13,10,77,111,100,117,108,101,49,61,48,44,32,48,44,32,48,44,32,48,44,32,67,13,10,84,104,105,115,87,111,114,107,98,111,111,107,61,48,44,32,48,44,32,48,44,32,48,44,32,67,13,10,0,0,9,0,144,1,0,0,0,3,129,0,5,1,209,185,64,199,32,0,224,172,21,181,49,0,26,0,220,0,0,0,10,0,144,1,0,0,0,3,129,0,5,1,209,185,64,199,32,0,224,172,21,181,49,0,26,0,220,0,1,0,52,0,188,2,0,0,0,3,129,0,5,1,209,185,64,199,32,0,224,172,21,181,49,0,26,0,220,0,0,0,20,0,144,1,0,0,0,3,129,0,5,1,209,185,64,199,32,0,224,172,21,181,49,0,20,0,220,0,0,0,255,127,144,1,0,0,0,3,129,0,2,1,203,179,192,198,49,0,26,0,220,0,0,0,60,0,144,1,0,0,0,3,129,0,5,1,209,185,64,199,32,0,224,172,21,181,49,0,26,0,220,0,2,0,23,0,144,1,0,0,0,3,129,0,5,1,209,185,64,199,32,0,224,172,21,181,49,0,26,0,220,0,1,0,9,0,188,2,0,0,0,3,129,0,5,1,209,185,64,199,32,0,224,172,21,181,49,0,26,0,220,0,0,0,52,0,144,1,0,0,0,3,129,0,5,1,209,185,64,199,32,0,224,172,21,181,49,0,20,0,253,0,4,0,36,0,144,1,0,0,1,3,129,0,2,1,203,179,192,198,49,0,26,0,220,0,1,0,8,0,188,2,0,0,0,3,129,0,5,1,209,185,64,199,32,0,224,172,21,181,49,0,26,0,220,0,0,0,62,0,144,1,0,0,0,3,129,0,5,1,209,185,64,199,32,0,224,172,21,181,49,0,26,0,104,1,1,0,56,0,188,2,0,0,0,3,129,0,5,1,209,185,64,199,32,0,224,172,21,181,49,0,26,0,44,1,1,0,56,0,188,2,0,0,0,3,129,0,5,1,209,185,64,199,32,0,224,172,21,181,49,0,26,0,4,1,1,0,56,0,188,2,0,0,0,3,129,0,5,1,209,185,64,199,32,0,224,172,21,181,49,0,26,0,220,0,1,0,56,0,188,2,0,0,0,3,129,0,5,1,209,185,64,199,32,0,224,172,21,181,49,0,26,0,220,0,0,0,17,0,144,1,0,0,0,3,129,0,5,1,209,185,64,199,32,0,224,172,21,181,49,0,26,0,220,0,1,0,63,0,188,2,0,0,0,3,129,0,5,1,209,185,64,199,32,0,224,172,21,181,49,0,20,0,253,0,4,0,12,0,144,1,0,0,1,3,129,0,2,1,203,179,192,198,49,0,20,0,160,0,0,0,255,127,144,1,0,0,0,3,129,0,2,1,203,179,192,198,49,0,28,0,200,0,0,0,255,127,144,1,0,0,0,2,0,0,6,1,68,0,105,0,110,0,109,0,101,0,100,0,49,0,28,0,4
0,77,111,100,117,108,101,49,0,77,0,111,0,100,0,117,0,108,0,101,0,49,0,0,0,84,104,105,115,87,111,114,107,98,111,111,107,0,84,0,104,0,105,0,115,0,87,0,111,0,114,0,107,0,98,0,111,0,111,0,107,0,0,0,0,0,109,101,110,116,61,84,104,105,115,87,111,114,107,98,111,111,107,47,38,72,48,48,48,48,48,48,48,48,13,10,78,97,109,101,61,34,86,66,65,80,114,111,106,101,99,116,34,13,10,72,101,108,112,67,111,110,116,101,120,116,73,68,61,34,48,34,13,10,86,101,114,115,105,111,110,67,111,109,112,97,116,105,98,108,101,51,50,61,34,51,57,51,50,50,50,48,48,48,34,13,10,67,77,71,61,34,70,68,70,70,50,66,50,56,68,53,50,49,68,57,50,49,68,57,50,49,68,57,50,49,68,57,34,13,10,68,80,66,61,34,70,65,70,56,50,67,51,51,50,56,51,52,50,56,51,52,50,56,34,13,10,71,67,61,34,70,55,70,53,50,49,51,54,69,51,67,69,69,49,67,70,69,49,67,70,49,69,34,13,10,13,10,91,72,111,115,116,32,69,120,116,101,110,100,101,114,32,73,110,102,111,93,13,10,38,72,48,48,48,48,48,48,48,49,61,123,51,56,51,50,68,54,52,48,45,67,70,57,48,45,49,49,67,70,45,56,69,52,51,45,48,48,65,48,67,57,49,49,48,48,53,65,125,59,86,66,69,59,38,72,48,48,48,48,48,48,48,48,13,10,13,10,91,87,111,114,107,115,112,97,99,101,93,13,10,77,111,100,117,108,101,49,61,48,44,32,48,44,32,48,44,32,48,44,32,67,13,10,84,104,105,115,87,111,114,107,98,111,111,107,61,48,44,32,48,44,32,48,44,32,48,44,32,67,13,10,0,0,9,0,144,1,0,0,0,3,129,0,5,1,209,185,64,199,32,0,224,172,21,181,49,0,26,0,220,0,0,0,10,0,144,1,0,0,0,3,129,0,5,1,209,185,64,199,32,0,224,172,21,181,49,0,26,0,220,0,1,0,52,0,188,2,0,0,0,3,129,0,5,1,209,185,64,199,32,0,224,172,21,181,49,0,26,0,220,0,0,0,20,0,144,1,0,0,0,3,129,0,5,1,209,185,64,199,32,0,224,172,21,181,49,0,20,0,220,0,0,0,255,127,144,1,0,0,0,3,129,0,2,1,203,179,192,198,49,0,26,0,220,0,0,0,60,0,144,1,0,0,0,3,129,0,5,1,209,185,64,199,32,0,224,172,21,181,49,0,26,0,220,0,2,0,23,0,144,1,0,0,0,3,129,0,5,1,209,185,64,199,32,0,224,172,21,181,49,0,26,0,220,0,1,0,9,0,188,2,0,0,0,3,129,0,5,1,209,185,64,199,32,0,224,172,21,181,49,0,26,0,220,0,0,0,52,0,144,1,0,0,0,3,129,0,5,1,209,185,64,199,32,0,224,172,21,181,49,0,20,0,253,0,4,0,36,0,144,1,0,0,1,3,129,0,2,1,203,179,192,198,49,0,26,0,220,0,1,0,8,0,188,2,0,0,0,3,129,0,5,1,209,185,64,199,32,0,224,172,21,181,49,0,26,0,220,0,0,0,62,0,144,1,0,0,0,3,129,0,5,1,209,185,64,199,32,0,224,172,21,181,49,0,26,0,104,1,1,0,56,0,188,2,0,0,0,3,129,0,5,1,209,185,64,199,32,0,224,172,21,181,49,0,26,0,44,1,1,0,56,0,188,2,0,0,0,3,129,0,5,1,209,185,64,199,32,0,224,172,21,181,49,0,26,0,4,1,1,0,56,0,188,2,0,0,0,3,129,0,5,1,209,185,64,199,32,0,224,172,21,181,49,0,26,0,220,0,1,0,56,0,188,2,0,0,0,3,129,0,5,1,209,185,64,199,32,0,224,172,21,181,49,0,26,0,220,0,0,0,17,0,144,1,0,0,0,3,129,0,5,1,209,185,64,199,32,0,224,172,21,181,49,0,26,0,220,0,1,0,63,0,188,2,0,0,0,3,129,0,5,1,209,185,64,199,32,0,224,172,21,181,49,0,20,0,253,0,4,0,12,0,144,1,0,0,1,3,129,0,2,1,203,179,192,198,49,0,20,0,160,0,0,0,255,127,144,1,0,0,0,3,129,0,2,1,203,179,192,198,49,0,28,0,200,0,0,0,255,127,144,1,0,0,0,2,0,0,6,1,68,0,105,0,110,0,109,0,101,0,100,0,49,0,28,0,4
0,1,22,1,0,1,240,0,0,0,108,2,0,0,212,0,0,0,136,1,0,0,255,255,255,255,115,2,0,0,191,3,0,0,0,0,0,0,1,0,0,0,250,42,156,144,0,0,255,255,3,0,0,0,0,0,0,0,182,0,255,255,1,1,0,0,0,0,255,255,255,255,0,0,0,0,255,255,255,255,255,255,0,0,0,0,0,0,0,0,0,0,0,0,0,0,0,0,0,0,0,0,0,0,0,0,0,0,0,0,0,0,0,0,0,0,0,0,0,0,0,0,0,0,0,0,0,0,0,0,0,0,0,0,0,0,16,0,0,0,3,0,0,0,5,0,0,0,7,0,0,0,255,255,255,255,255,255,255,255,1,1,8,0,0,0,255,255,255,255,120,0,0,0,2,0,0,0,0,0,0,0,0,0,0,0,0,0,0,0,0,0,0,0,0,0,0,0,0,0,0,0,0,0,0,0,0,255,255,0,0,0,0,77,69,0,0,255,255,255,255,255,255,0,0,0,0,255,255,0,0,0,0,255,255,1,1,0,0,0,0,223,0,255,255,0,0,0,0,255,255,255,255,255,255,255,255,255,255,255,255,255,255,255,255,255,255,255,255,255,255,255,255,255,255,255,255,255,255,255,255,255,255,255,255,255,255,255,255,255,255,255,255,255,255,255,255,255,255,255,255,255,255,255,255,255,255,255,255,255,255,255,255,255,255,255,255,255,255,255,255,255,255,255,255,255,255,255,255,255,255,255,255,255,255,255,255,255,255,255,255,255,255,255,255,255,255,255,255,255,255,255,255,255,255,255,255,255,255,255,255,255,255,255,255,255,255,255,255,255,255,255,255,255,255,255,255,255,255,0,0,0,0,255,255,1,1,0,0,0,0,0,0,0,0,0,0,255,255,255,255,1,1,88,0,0,0,11,18,22,2,255,255,255,255,255,255,255,255,0,0,0,0,255,255,255,255,64,0,0,0,0,0,0,0,0,0,0,0,255,255,255,255,0,0,0,0,255,255,255,255,255,255,255,255,255,255,255,255,8,0,8,0,0,0,132,0,0,2,0,0,4,0,0,0,122,10,49,52,255,255,255,255,0,0,0,0,255,255,255,255,40,0,0,0,1,0,1,0,0,0,0,0,0,0,0,0,0,0,0,0,0,0,0,0,255,255,255,255,255,255,255,255,255,255,255,255,255,255,255,255,255,255,255,255,0,0,0,0,255,255,255,255,255,255,255,255,255,255,255,255,255,255,255,255,255,255,255,255,255,255,255,255,255,255,255,255,255,255,255,255,0,0,0,0,0,0,0,0,255,255,255,255,255,255,255,255,0,0,0,0,255,255,255,255,255,255,255,255,255,255,255,255,255,255,255,255,255,255,255,255,255,255,255,255,2,0,72,0,0,0,193,130,225,79,5,0,223,0,0,0,0,0,0,0,0,0,0,0,0,0,0,0,0,0,0,0,0,0,0,0,0,0,0,0,0,0,0,0,0,0,0,0,0,0,0,0,0,0,0,0,0,0,0,0,0,0,0,0,0,0,0,0,0,0,0,0,0,254,202,1,0,8,0,34,129,8,0,6,0,0,0,0,0,0,0,0,128,9,0,6,0,0,0,8,0,0,0,0,128,9,0,20,0,0,0,16,0,0,0,0,128,9,0,6,0,0,0,40,0,0,0,0,128,9,0,28,0,0,0,48,0,0,0,0,128,9,0,6,0,0,0,80,0,0,0,0,129,8,4,50,0,0,0,88,0,0,0,4,129,8,0,2,0,0,0,144,0,0,0,255,255,255,255,1,1,160,0,0,0,150,4,0,0,0,0,0,0,224,0,0,0,0,0,0,0,224,0,0,0,13,0,32,77,97,99,114,111,49,32,77,97,99,114,111,0,111,0,116,0,224,0,0,0,0,0,0,0,224,0,0,0,21,0,32,185,217,183,206,32,176,161,177,226,32,197,176,58,32,67,116,114,108,43,122,0,51,0,0,0,224,0,0,0,0,0,0,0,182,0,38,0,95,45,42,32,35,44,35,35,48,95,45,59,45,42,32,35,44,35,35,48,95,45,59,95,45,42,32,34,45,34,95,45,59,95,45,64,95,45,32,0,24,2,40,0,26,2,0,0,0,0,0,0,111,0,255,255,104,0,0,0,255,255,255,255,96,0,0,0,255,255,255,255,0,0,1,207,176,0,65,116,116,114,105,98,117,116,0,101,32,86,66,95,78,97,109,0,101,32,61,32,34,77,111,100,0,117,108,101,49,34,13,10,83,0,117,98,32,77,97,99,114,111,96,49,40,41,13
0,1,22,1,0,0,240,0,0,0,196,2,0,0,212,0,0,0,0,2,0,0,255,255,255,255,203,2,0,0,31,3,0,0,0,0,0,0,1,0,0,0,250,42,73,115,0,0,255,255,35,0,0,0,136,0,0,0,182,0,255,255,1,1,0,0,0,0,255,255,255,255,0,0,0,0,255,255,255,255,255,255,0,0,0,0,0,0,0,0,0,0,0,0,0,0,0,0,0,0,0,0,0,0,0,0,0,0,0,0,0,0,0,0,0,0,0,0,0,0,0,0,0,0,0,0,0,0,0,0,0,0,0,0,0,0,16,0,0,0,3,0,0,0,5,0,0,0,7,0,0,0,255,255,255,255,255,255,255,255,1,1,8,0,0,0,255,255,255,255,120,0,0,0,8,0,0,0,0,0,0,0,0,0,0,0,0,0,0,0,0,0,0,0,0,0,0,0,0,0,0,0,0,0,0,0,0,255,255,0,0,0,0,77,69,0,0,255,255,255,255,255,255,0,0,0,0,255,255,0,0,0,0,255,255,1,1,0,0,0,0,223,0,255,255,0,0,0,0,12,0,255,255,255,255,255,255,255,255,255,255,255,255,255,255,255,255,255,255,255,255,255,255,255,255,255,255,255,255,255,255,255,255,255,255,255,255,255,255,255,255,255,255,255,255,255,255,255,255,255,255,255,255,255,255,255,255,255,255,255,255,255,255,255,255,255,255,255,255,255,255,255,255,255,255,255,255,255,255,255,255,255,255,255,255,255,255,255,255,255,255,255,255,255,255,255,255,255,255,255,255,255,255,255,255,255,255,255,255,255,255,255,255,255,255,255,255,255,255,255,255,255,255,255,255,255,255,255,255,40,0,0,0,2,0,83,76,255,255,255,255,0,0,1,0,83,16,255,255,255,255,0,0,1,0,83,148,255,255,255,255,0,0,0,0,2,60,255,255,255,255,0,0,255,255,1,1,0,0,0,0,1,0,78,0,48,0,123,0,48,0,48,0,48,0,50,0,48,0,56,0,49,0,57,0,45,0,48,0,48,0,48,0,48,0,45,0,48,0,48,0,48,0,48,0,45,0,67,0,48,0,48,0,48,0,45,0,48,0,48,0,48,0,48,0,48,0,48,0,48,0,48,0,48,0,48,0,52,0,54,0,125,0,0,0,0,0,255,255,255,255,1,1,56,0,0,0,2,128,254,255,255,255,255,255,16,0,255,255,40,0,0,0,2,1,255,255,0,0,0,0,0,0,0,0,255,255,255,255,255,255,255,255,0,0,0,0,29,0,0,0,37,0,0,0,255,255,255,255,72,0,0,0,0,0,255,255,0,0,1,0,0,0,0,0,0,0,0,0,255,255,255,255,255,255,255,255,255,255,255,255,0,0,0,0,255,255,255,255,255,255,255,255,255,255,255,255,255,255,255,255,255,255,255,255,0,0,0,0,255,255,255,255,255,255,255,255,255,255,255,255,255,255,255,255,255,255,255,255,0,0,0,0,0,0,0,0,255,255,255,255,255,255,255,255,0,0,0,0,255,255,255,255,255,255,255,255,255,255,255,255,255,255,255,255,255,255,255,255,255,255,255,255,255,255,255,255,255,255,0,0,0,0,0,0,223,0,0,0,0,0,0,0,0,0,0,0,0,0,0,0,0,0,0,0,0,0,0,0,0,0,0,0,0,0,0,0,0,0,0,0,0,0,0,0,0,0,0,0,0,0,0,0,0,0,0,0,0,0,0,0,0,0,0,0,0,254,202,1,0,0,0,255,255,255,255,1,1,8,0,0,0,255,255,255,255,120,0,0,0,255,255,255,255,0,0,1,176,176,0,65,116,116,114,105,98,117,116,0,101,32,86,66,95,78,97,109,0,101,32,61,32,34,84,104,105,0,115,87,111,114,107,98,111,111,16,107,34,13,10,10,140,66,97,115,1,2,140,48,123,48,48,48,50,48,80,56,49,57,45,0,16,48,3,8,67,7,0,20,2,18,1,36,48,48,52,54,125,129,13,124,71,108,111,98,97,108,1,208,16,83,112,97,99,1,146,70,97,108,4,115,101,12,100,67,114,101,97,116,8,97,98,108,21,31,80,114,101,100,144,101,99,108,97,0,6,73,100,0,177,8,84,114,117,13,66,69,120,112,111,4,115,101,20,28,84,101,109,112,108,0,97,116,101,68,101,114,105,118,3,2,18,146,66,117,115,116,111,109,105,6,122,4,68,3,50,109,0,101,32,61,32,34,77,111,100,0,117,108,101,49,34,13,10,83,0,117,98,32,77,97,99,114,111,96,49,40,41,13
1,204,97,133,0,0,1,0,255,18,4,0,0,9,4,0,0,181,3,1,0,0,0,0,0,0,0,0,0,1,0,4,0,2,0,250,0,42,0,92,0,71,0,123,0,48,0,48,0,48,0,50,0,48,0,52,0,69,0,70,0,45,0,48,0,48,0,48,0,48,0,45,0,48,0,48,0,48,0,48,0,45,0,67,0,48,0,48,0,48,0,45,0,48,0,48,0,48,0,48,0,48,0,48,0,48,0,48,0,48,0,48,0,52,0,54,0,125,0,35,0,52,0,46,0,48,0,35,0,57,0,35,0,67,0,58,0,92,0,80,0,82,0,79,0,71,0,82,0,65,0,126,0,49,0,92,0,67,0,79,0,77,0,77,0,79,0,78,0,126,0,49,0,92,0,77,0,73,0,67,0,82,0,79,0,83,0,126,0,49,0,92,0,86,0,66,0,65,0,92,0,86,0,66,0,65,0,54,0,92,0,86,0,66,0,69,0,54,0,46,0,68,0,76,0,76,0,35,0,86,0,105,0,115,0,117,0,97,0,108,0,32,0,66,0,97,0,115,0,105,0,99,0,32,0,70,0,111,0,114,0,32,0,65,0,112,0,112,0,108,0,105,0,99,0,97,0,116,0,105,0,111,0,110,0,115,0,0,0,0,0,0,0,0,0,0,0,0,0,16,1,42,0,92,0,71,0,123,0,48,0,48,0,48,0,50,0,48,0,56,0,49,0,51,0,45,0,48,0,48,0,48,0,48,0,45,0,48,0,48,0,48,0,48,0,45,0,67,0,48,0,48,0,48,0,45,0,48,0,48,0,48,0,48,0,48,0,48,0,48,0,48,0,48,0,48,0,52,0,54,0,125,0,35,0,49,0,46,0,54,0,35,0,48,0,35,0,67,0,58,0,92,0,80,0,114,0,111,0,103,0,114,0,97,0,109,0,32,0,70,0,105,0,108,0,101,0,115,0,92,0,77,0,105,0,99,0,114,0,111,0,115,0,111,0,102,0,116,0,32,0,79,0,102,0,102,0,105,0,99,0,101,0,92,0,79,0,102,0,102,0,105,0,99,0,101,0,49,0,50,0,92,0,69,0,88,0,67,0,69,0,76,0,46,0,69,0,88,0,69,0,35,0,77,0,105,0,99,0,114,0,111,0,115,0,111,0,102,0,116,0,32,0,69,0,120,0,99,0,101,0,108,0,32,0,49,0,50,0,46,0,48,0,32,0,79,0,98,0,106,0,101,0,99,0,116,0,32,0,76,0,105,0,98,0,114,0,97,0,114,0,121,0,0,0,0,0,0,0,0,0,0,0,0,0,188,0,42,0,92,0,71,0,123,0,48,0,48,0,48,0,50,0,48,0,52,0,51,0,48,0,45,0,48,0,48,0,48,0,48,0,45,0,48,0,48,0,48,0,48,0,45,0,67,0,48,0,48,0,48,0,45,0,48,0,48,0,48,0,48,0,48,0,48,0,48,0,48,0,48,0,48,0,52,0,54,0,125,0,35,0,50,0,46,0,48,0,35,0,48,0,35,0,67,0,58,0,92,0,87,0,105,0,110,0,100,0,111,0,119,0,115,0,92,0,115,0,121,0,115,0,116,0,101,0,109,0,51,0,50,0,92,0,115,0,116,0,100,0,111,0,108,0,101,0,50,0,46,0,116,0,108,0,98,0,35,0,79,0,76,0,69,0,32,0,65,0,117,0,116,0,111,0,109,0,97,0,116,0,105,0,111,0,110,0,0,0,0,0,0,0,0,0,0,0,0,0,40,1,42,0,92,0,71,0,123,0,50,0,68,0,70,0,56,0,68,0,48,0,52,0,67,0,45,0,53,0,66,0,70,0,65,0,45,0,49,0,48,0,49,0,66,0,45,0,66,0,68,0,69,0,53,0,45,0,48,0,48,0,65,0,65,0,48,0,48,0,52,0,52,0,68,0,69,0,53,0,50,0,125,0,35,0,50,0,46,0,52,0,35,0,48,0,35,0,67,0,58,0,92,0,80,0,114,0,111,0,103,0,114,0,97,0,109,0,32,0,70,0,105,0,108,0,101,0,115,0,92,0,67,0,111,0,109,0,109,0,111,0,110,0,32,0,70,0,105,0,108,0,101,0,115,0,92,0,77,0,105,0,99,0,114,0,111,0,115,0,111,0,102,0,116,0,32,0,83,0,104,0,97,0,114,0,101,0,100,0,92,0,79,0,70,0,70,0,73,0,67,0,69,0,49,0,50,0,92,0,77,0,83,0,79,0,46,0,68,0,76,0,76,0,35,0,77,0,105,0,99,0
0,1,5,178,128,1,0,4,0,0,0,1,0,48,42,2,2,144,9,0,112,20,6,72,3,0,130,2,0,100,181,3,4,0,10,0,28,0,86,66,65,80,114,111,106,101,136,99,116,5,0,52,0,0,64,2,20,106,6,2,10,61,2,10,7,2,114,1,20,8,5,6,18,9,2,18,193,130,225,79,5,148,0,12,2,74,60,2,10,22,0,1,114,128,115,116,100,111,108,101,62,2,25,0,115,0,116,0,100,0,111,0,128,108,0,101,0,13,0,104,0,37,2,94,0,3,42,92,71,123,48,48,128,48,50,48,52,51,48,45,0,8,29,4,4,67,0,10,2,14,1,18,48,48,52,0,54,125,35,50,46,48,35,48,0,35,67,58,92,87,105,110,100,0,111,119,115,92,115,121,115,116,32,101,109,51,50,92,3,101,50,46,0,116,108,98,35,79,76,69,32,0,65,117,116,111,109,97,116,105,28,111,110,0,96,0,1,131,69,79,102,102,68,105,99,132,69,79,0,102,128,0,105,212,0,99,130,69,158,128,17,148,128,1,129,69,0,50,68,70,56,68,48,52,67,0,45,53,66,70,65,45,49,48,128,49,66,45,66,68,69,53,128,69,212,65,65,128,67,52,128,5,50,136,69,128,152,0,103,114,97,109,32,70,105,108,0,101,115,92,67,111,109,109,111,2,110,4,6,77,105,99,114,111,115,0,111,102,116,32,83,104,97,114,0,101,100,92,79,70,70,73,67,0,69,49,50,92,77,83,79,46,48,68,76,76,35,135,16,131,77,32,49,17,128,113,32,79,98,129,193,32,76,105,96,98,114,97,114,121,0,75,0,1,15,17,130,212,2,0,19,130,3,250,42,25,4,0,7,128,10,77,111,100,117,108,96,101,49,71,0,14,1,6,0,173,100,68,0,117,2,175,49,0,26,9,16,50,69,16,8,28,128,12,0,0,72,66,1,49,193,194,112,197,3,0,0,30,66,2,1,5,162,44,66,26,156,144,33,66,8,43,66,1,2,25,194,113,84,104,105,115,87,111,0,114,107,98,111,111,107,71,0,10,24,64,6,84,64,115,105,0,115,0,130,87,128,32,114,0,107,0,98,192,1,106,111,192,1,26,206,11,50,218,11,207,36,37,177,208,36,73,115,34,66,35,195,36,16,194,2,0,0,69,0,120,0,99,0,101,0,108,0,32,0,49,0,50,0,46,0,48,0,32,0,79,0,98,0,106,0,101,0,99,0,116,0,32,0,76,0,105,0,98,0,114,0,97,0,114,0,121,0,0,0,0,0,0,0,0,0,0,0,0,0,188,0,42,0,92,0,71,0,123,0,48,0,48,0,48,0,50,0,48,0,52,0,51,0,48,0,45,0,48,0,48,0,48,0,48,0,45,0,48,0,48,0,48,0,48,0,45,0,67,0,48,0,48,0,48,0,45,0,48,0,48,0,48,0,48,0,48,0,48,0,48,0,48,0,48,0,48,0,52,0,54,0,125,0,35,0,50,0,46,0,48,0,35,0,48,0,35,0,67,0,58,0,92,0,87,0,105,0,110,0,100,0,111,0,119,0,115,0,92,0,115,0,121,0,115,0,116,0,101,0,109,0,51,0,50,0,92,0,115,0,116,0,100,0,111,0,108,0,101,0,50,0,46,0,116,0,108,0,98,0,35,0,79,0,76,0,69,0,32,0,65,0,117,0,116,0,111,0,109,0,97,0,116,0,105,0,111,0,110,0,0,0,0,0,0,0,0,0,0,0,0,0,40,1,42,0,92,0,71,0,123,0,50,0,68,0,70,0,56,0,68,0,48,0,52,0,67,0,45,0,53,0,66,0,70,0,65,0,45,0,49,0,48,0,49,0,66,0,45,0,66,0,68,0,69,0,53,0,45,0,48,0,48,0,65,0,65,0,48,0,48,0,52,0,52,0,68,0,69,0,53,0,50,0,125,0,35,0,50,0,46,0,52,0,35,0,48,0,35,0,67,0,58,0,92,0,80,0,114,0,111,0,103,0,114,0,97,0,109,0,32,0,70,0,105,0,108,0,101,0,115,0,92,0,67,0,111,0,109,0,109,0,111,0,110,0,32,0,70,0,105,0,108,0,101,0,115,0,92,0,77,0,105,0,99,0,114,0,111,0,115,0,111,0,102,0,116,0,32,0,83,0,104,0,97,0,114,0,101,0,100,0,92,0,79,0,70,0,70,0,73,0,67,0,69,0,49,0,50,0,92,0,77,0,83,0,79,0,46,0,68,0,76,0,76,0,35,0,77,0,105,0,99,0
