0,1,0,254,255,3,10,0,0,255,255,255,255,16,8,2,0,0,0,0,0,192,0,0,0,0,0,0,70,27,0,0,0,77,105,99,114,111,115,111,102,116,32,69,120,99,101,108,32,57,55,45,84,97,98,101,108,108,101,0,6,0,0,0,66,105,102,102,56,0,0,0,0,0,,,,,,,,,,,,,,,,,,,,,,,,,,,,,,,,,,,,,,,,,,,,,,,,,,,,,,,,,,,,,,,,,,,,,,,,,,,,,,,,,,,,,,,,,,,,,,,,,,,,,,,,,,,,,,,,,,,,,,,,,,,,,,,,,,,,,,,,,,,,,,,,,,,,,,,,,,,,,,,,,,,,,,,,,,,,,,,,,,,,,,,,,,,,,,,,,,,,,,,,,,,,,,,,,,,,,,,,,,,,,,,,,,,,,,,,,,,,,,,,,,,,,,,,,,,,,,,,,,,,,,,,,,,,,,,,,,,,,,,,,,,,,,,,,,,,,,,,,,,,,,,,,,,,,,,,,,,,,,,,,,,,,,,,,,,,,,,,,,,,,,,,,,,,,,,,,,,,,,,,,,,,,,,,,,,,,,,,,,,,,,,,,,,,,,,,,,,,,,,,,,,,,,,,,,,,,,,,,,,,,,,,,,,,,,,,,,,,,,,,,,,,,,,,,,,,,,,,,,,,,,,,,,,,,,,,,,,,,,,,,,,,,,,,,,,,,,,,,,,,,,,,,,,,,,,,,,,,,,,,,,,,,,,,,,,,,,,,,,,,,,,,,,,,,,,,,,,,,,,,,,,,,,,,,,,,,,,,,,,,,,,,,,,,,,,,,,,,,,,,,,,,,,,,,,,,,,,,,,,,,,,,,,,,,,,,,,,,,,,,,,,,,,,,,,,,,,,,,,,,,,,,,,,,,,,,,,,,,,,,,,,,,,,,,,,,,,,,,,,,,,,,,,,,,,,,,,,,,,,,,,,,,,,,,,,,,,,,,,,,,,,,,,,,,,,,,,,,,,,,,,,,,,,,,,,,,,,,,,,,,,,,,,,,,,,,,,,,,,,,,,,,,,,,,,,,,,,,,,,,,,,,,,,,,,,,,,,,,,,,,,,,,,,,,,,,,,,,,,,,,,,,,,,,,,,,,,,,,,,,,,,,,,,,,,,,,,,,,,,,,,,,,,,,,,,,,,,,,,,,,,,,,,,,,,,,,,,,,,,,,,,,,
0,1,0,0,2,0,0,0,0,0,0,0,0,0,0,0,0,0,0,0,0,192,0,0,0,0,0,0,70,27,0,0,0,77,105,99,114,111,115,111,102,116,32,69,120,99,101,108,32,57,55,45,84,97,98,101,108,108,101,0,6,0,0,0,66,105,102,102,56,0,0,0,0,0,,,,,,,,,,,,,,,,,,,,,,,,,,,,,,,,,,,,,,,,,,,,,,,,,,,,,,,,,,,,,,,,,,,,,,,,,,,,,,,,,,,,,,,,,,,,,,,,,,,,,,,,,,,,,,,,,,,,,,,,,,,,,,,,,,,,,,,,,,,,,,,,,,,,,,,,,,,,,,,,,,,,,,,,,,,,,,,,,,,,,,,,,,,,,,,,,,,,,,,,,,,,,,,,,,,,,,,,,,,,,,,,,,,,,,,,,,,,,,,,,,,,,,,,,,,,,,,,,,,,,,,,,,,,,,,,,,,,,,,,,,,,,,,,,,,,,,,,,,,,,,,,,,,,,,,,,,,,,,,,,,,,,,,,,,,,,,,,,,,,,,,,,,,,,,,,,,,,,,,,,,,,,,,,,,,,,,,,,,,,,,,,,,,,,,,,,,,,,,,,,,,,,,,,,,,,,,,,,,,,,,,,,,,,,,,,,,,,,,,,,,,,,,,,,,,,,,,,,,,,,,,,,,,,,,,,,,,,,,,,,,,,,,,,,,,,,,,,,,,,,,,,,,,,,,,,,,,,,,,,,,,,,,,,,,,,,,,,,,,,,,,,,,,,,,,,,,,,,,,,,,,,,,,,,,,,,,,,,,,,,,,,,,,,,,,,,,,,,,,,,,,,,,,,,,,,,,,,,,,,,,,,,,,,,,,,,,,,,,,,,,,,,,,,,,,,,,,,,,,,,,,,,,,,,,,,,,,,,,,,,,,,,,,,,,,,,,,,,,,,,,,,,,,,,,,,,,,,,,,,,,,,,,,,,,,,,,,,,,,,,,,,,,,,,,,,,,,,,,,,,,,,,,,,,,,,,,,,,,,,,,,,,,,,,,,,,,,,,,,,,,,,,,,,,,,,,,,,,,,,,,,,,,,,,,,,,,,,,,,,,,,,,,,,,,,,,,,,,,,,,,,,,,,,,,,,,,,,,,,,,,,,,,,,,,,,,,,,,,,,,,,,,,,,,,,,,,,,,,,,,,,,,,,,,,,,,,,,,,,,,,,,,
0,254,255,0,0,1,0,2,0,0,0,0,0,0,0,0,0,0,0,0,0,0,0,0,0,2,0,0,0,2,213,205,213,156,46,27,16,147,151,8,0,43,44,249,174,68,0,0,0,5,213,205,213,156,46,27,16,147,151,8,0,43,44,249,174,92,0,0,0,24,0,0,0,1,0,0,0,1,0,0,0,16,0,0,0,2,0,0,0,233,253,0,0,24,0,0,0,1,0,0,0,1,0,0,0,16,0,0,0,2,0,0,0,233,253,0,0,,,,,,,,,,,,,,,,,,,,,,,,,,,,,,,,,,,,,,,,,,,,,,,,,,,,,,,,,,,,,,,,,,,,,,,,,,,,,,,,,,,,,,,,,,,,,,,,,,,,,,,,,,,,,,,,,,,,,,,,,,,,,,,,,,,,,,,,,,,,,,,,,,,,,,,,,,,,,,,,,,,,,,,,,,,,,,,,,,,,,,,,,,,,,,,,,,,,,,,,,,,,,,,,,,,,,,,,,,,,,,,,,,,,,,,,,,,,,,,,,,,,,,,,,,,,,,,,,,,,,,,,,,,,,,,,,,,,,,,,,,,,,,,,,,,,,,,,,,,,,,,,,,,,,,,,,,,,,,,,,,,,,,,,,,,,,,,,,,,,,,,,,,,,,,,,,,,,,,,,,,,,,,,,,,,,,,,,,,,,,,,,,,,,,,,,,,,,,,,,,,,,,,,,,,,,,,,,,,,,,,,,,,,,,,,,,,,,,,,,,,,,,,,,,,,,,,,,,,,,,,,,,,,,,,,,,,,,,,,,,,,,,,,,,,,,,,,,,,,,,,,,,,,,,,,,,,,,,,,,,,,,,,,,,,,,,,,,,,,,,,,,,,,,,,,,,,,,,,,,,,,,,,,,,,,,,,,,,,,,,,,,,,,,,,,,,,,,,,,,,,,,,,,,,,,,,,,,,,,,,,,,,,,,,,,,,,,,,,,,,,,,,,,,,,,,,,,,,,,,,,,,,,,,,,,,,,,,,,,,,,,,,,,,,,,,,,,,,,,,,,,,,,,,,,,,,,,,,,,,,,,,,,,,,,,,,,,,,,,,,,,,,,,,,,,,,,,,,,,,,,,,,,,,,,,,,,,,,,,,,,,,,,,,,,,,,,,,,,,,,,,,,,,,,,,,,,,,,,,,,,,,,,,,,,,,,,,,,,,,,,,,,,,,,,,,,,,,,,,,,,,,,,,,,,,,,,,,,,,,,,,,,,,,,,,,,,,,,,,,,,
0,254,255,0,0,1,0,2,0,0,0,0,0,0,0,0,0,0,0,0,0,0,0,0,0,1,0,0,0,224,133,159,242,249,79,104,16,171,145,8,0,43,39,179,217,48,0,0,0,172,0,0,0,8,0,0,0,1,0,0,0,72,0,0,0,4,0,0,0,80,0,0,0,8,0,0,0,96,0,0,0,9,0,0,0,112,0,0,0,10,0,0,0,124,0,0,0,11,0,0,0,136,0,0,0,12,0,0,0,148,0,0,0,13,0,0,0,160,0,0,0,2,0,0,0,233,253,0,0,30,0,0,0,5,0,0,0,84,101,115,116,0,0,0,0,30,0,0,0,5,0,0,0,84,101,115,116,0,0,0,0,30,0,0,0,2,0,0,0,48,0,0,0,64,0,0,0,0,0,0,0,0,0,0,0,64,0,0,0,0,0,0,0,0,0,0,0,64,0,0,0,0,120,115,220,187,159,208,1,64,0,0,0,0,111,43,215,9,181,215,1,,,,,,,,,,,,,,,,,,,,,,,,,,,,,,,,,,,,,,,,,,,,,,,,,,,,,,,,,,,,,,,,,,,,,,,,,,,,,,,,,,,,,,,,,,,,,,,,,,,,,,,,,,,,,,,,,,,,,,,,,,,,,,,,,,,,,,,,,,,,,,,,,,,,,,,,,,,,,,,,,,,,,,,,,,,,,,,,,,,,,,,,,,,,,,,,,,,,,,,,,,,,,,,,,,,,,,,,,,,,,,,,,,,,,,,,,,,,,,,,,,,,,,,,,,,,,,,,,,,,,,,,,,,,,,,,,,,,,,,,,,,,,,,,,,,,,,,,,,,,,,,,,,,,,,,,,,,,,,,,,,,,,,,,,,,,,,,,,,,,,,,,,,,,,,,,,,,,,,,,,,,,,,,,,,,,,,,,,,,,,,,,,,,,,,,,,,,,,,,,,,,,,,,,,,,,,,,,,,,,,,,,,,,,,,,,,,,,,,,,,,,,,,,,,,,,,,,,,,,,,,,,,,,,,,,,,,,,,,,,,,,,,,,,,,,,,,,,,,,,,,,,,,,,,,,,,,,,,,,,,,,,,,,,,,,,,,,,,,,,,,,,,,,,,,,,,,,,,,,,,,,,,,,,,,,,,,,,,,,,,,,,,,,,,,,,,,,,,,,,,,,,,,,,,,,,,,,,,,,,,,,,,,,,,,,,,,,,,,,,,,,,,,,,,,,,,,,,,,,,,,,,,,,,,,,,,,,,,,,,,,,,,,,,,,,,,,,,,,,,,,,,,,,,,,,,,,,,,,,,,,,,,,,,,,,,,,,,,,,,,,,,,,,,,,,,,,,,,,,,,,,,,,,,,,,,,,,,,,,,,,,,,,,,,,,,,,,,,,
0,9,8,16,0,0,6,5,0,187,13,204,7,0,0,0,0,6,0,0,0,225,0,2,0,176,4,193,0,2,0,0,0,226,0,0,0,92,0,112,0,4,0,0,67,97,108,99,32,32,32,32,32,32,32,32,32,32,32,32,32,32,32,32,32,32,32,32,32,32,32,32,32,32,32,32,32,32,32,32,32,32,32,32,32,32,32,32,32,32,32,32,32,32,32,32,32,32,32,32,32,32,32,32,32,32,32,32,32,32,32,32,32,32,32,32,32,32,32,32,32,32,32,32,32,32,32,32,32,32,32,32,32,32,32,32,32,32,32,32,32,32,32,32,32,32,32,32,32,32,32,32,32,66,0,2,0,176,4,97,1,2,0,0,0,192,1,0,0,61,1,2,0,1,0,211,0,0,0,186,1,15,0,12,0,0,84,104,105,115,87,111,114,107,98,111,111,107,156,0,2,0,14,0,175,1,2,0,0,0,188,1,2,0,0,0,61,0,18,0,0,0,0,0,0,64,0,32,56,0,0,0,0,0,1,0,244,1,64,0,2,0,0,0,141,0,2,0,0,0,34,0,2,0,0,0,14,0,2,0,1,0,183,1,2,0,0,0,218,0,2,0,0,0,49,0,30,0,220,0,0,0,8,0,144,1,0,0,0,2,0,0,7,1,67,0,97,0,108,0,105,0,98,0,114,0,105,0,49,0,26,0,200,0,0,0,255,127,144,1,0,0,0,0,0,0,5,1,65,0,114,0,105,0,97,0,108,0,49,0,26,0,200,0,0,0,255,127,144,1,0,0,0,0,0,0,5,1,65,0,114,0,105,0,97,0,108,0,49,0,26,0,200,0,0,0,255,127,144,1,0,0,0,0,0,0,5,1,65,0,114,0,105,0,97,0,108,0,30,4,12,0,164,0,7,0,0,71,101,110,101,114,97,108,224,0,20,0,0,0,164,0,245,255,32,0,0,0,0,0,0,0,0,0,0,0,192,32,224,0,20,0,1,0,0,0,245,255,32,0,0,244,0,0,0,0,0,0,0,0,192,32,224,0,20,0,1,0,0,0,245,255,32,0,0,244,0,0,0,0,0,0,0,0,192,32,224,0,20,0,2,0,0,0,245,255,32,0,0,244,0,0,0,0,0,0,0,0,192,32,224,0,20,0,2,0,0,0,245,255,32,0,0,244,0,0,0,0,0,0,0,0,192,32,224,0,20,0,0,0,0,0,245,255,32,0,0,244,0,0,0,0,0,0,0,0,192,32,224,0,20,0,0,0,0,0,245,255,32,0,0,244,0,0,0,0,0,0,0,0,192,32,224,0,20,0,0,0,0,0,245,255,32,0,0,244,0,0,0,0,0,0,0,0,192,32,224,0,20,0,0,0,0,0,245,255,32,0,0,244,0,0,0,0,0,0,0,0,192,32,224,0,20,0,0,0,0,0,245,255,32,0,0,244,0,0,0,0,0,0,0,0,192,32,224,0,20,0,0,0,0,0,245,255,32,0,0,244,0,0,0,0,0,0,0,0,192,32,224,0,20,0,0,0,0,0,245,255,32,0,0,244,0,0,0,0,0,0,0,0,192,32,224,0,20,0,0,0,0,0,245,255,32,0,0,244,0,0,0,0,0,0,0,0,192,32,224,0,20,0,0,0,0,0,245,255,32,0,0,244,0,0,0,0,0,0,0,0,192,32,224,0,20,0,0,0,0,0,245,255,32,0,0,244,0,0,0,0,0,0,0,0,192,32,224,0,20,0,0,0,164,0,1,0,32,0,0,0,0,0,0,0,0,0,0,0,192,32,224,0,20,0,1,0,43,0,245,255,32,0,0,240,0,0,0,0,0,0,0,0,192,32,224,0,20,0,1,0,41,0,245,255,32,0,0,240,0,0,0,0,0,0,0,0,192,32,224,0,20,0,1,0,44,0,245,255,32,0,0,240,0,0,0,0,0,0,0,0,192,32,224,0,20,0,1,0,42,0,245,255,32,0,0,240,0,0,0,0,0,0,0,0,192,32,224,0,20,0,1,0,9,0,245,255,32,0,0,240,0,0,0,0,0,0,0,0,192,32,224,0,20,0,0,0,164,0,1,0,32,0,0,64,0,0,0,0,0,0,0,4,9,13,147,2,4,0,0,128,0,255,147,2,4,0,16,128,3,255,147,2,4,0,17,128,6,255,147,2,4,0,18,128,4,255,147,2,4,0,19,128,7,255,147,2,4,0,20,128,5,255,96,1,2,0,0,0,133,0,14,0,187,83,1,0,0,0,6,0,83,104,101,101,116,49,140,0,4,0,1
0,73,68,61,34,123,54,66,69,67,70,65,54,55,45,48,49,51,65,45,52,54,52,54,45,57,66,53,69,45,65,69,68,53,48,49,66,55,57,53,52,70,125,34,13,10,77,111,100,117,108,101,61,77,111,100,117,108,101,49,13,10,77,111,100,117,108,101,61,77,111,100,117,108,101,53,13,10,68,111,99,117,109,101,110,116,61,84,104,105,115,87,111,114,107,98,111,111,107,47,38,72,48,48,48,48,48,48,48,48,13,10,68,111,99,117,109,101,110,116,61,83,104,101,101,116,49,47,38,72,48,48,48,48,48,48,48,48,13,10,78,97,109,101,61,34,86,66,65,80,114,111,106,101,99,116,34,13,10,72,101,108,112,67,111,110,116,101,120,116,73,68,61,34,48,34,13,10,86,101,114,115,105,111,110,67,111,109,112,97,116,105,98,108,101,51,50,61,34,51,57,51,50,50,50,48,48,48,34,13,10,67,77,71,61,34,53,51,53,49,65,67,69,69,54,69,70,50,54,69,70,50,54,69,70,50,54,69,70,50,34,13,10,68,80,66,61,34,68,54,68,52,50,57,54,68,53,57,57,53,49,54,57,54,49,54,57,54,49,54,34,13,10,71,67,61,34,51,67,51,69,67,51,56,51,51,70,52,48,52,48,52,48,52,48,66,70,34,13,10,13,10,91,72,111,115,116,32,69,120,116,101,110,100,101,114,32,73,110,102,111,93,13,10,38,72,48,48,48,48,48,48,48,49,61,123,51,56,51,50,68,54,52,48,45,67,70,57,48,45,49,49,67,70,45,56,69,52,51,45,48,48,65,48,67,57,49,49,48,48,53,65,125,59,86,66,69,59,38,72,48,48,48,48,48,48,48,48,13,10,13,10,91,87,111,114,107,115,112,97,99,101,93,13,10,77,111,100,117,108,101,49,61,50,53,44,32,50,53,44,32,49,52,51,57,44,32,54,51,57,44,32,13,10,77,111,100,117,108,101,53,61,50,53,44,32,50,53,44,32,49,52,51,57,44,32,54,51,57,44,32,13,10,85,115,101,114,70,111,114,109,50,61,48,44,32,48,44,32,48,44,32,48,44,32,67,13,10,84,104,105,115,87,111,114,107,98,111,111,107,61,48,44,32,48,44,32,48,44,32,48,44,32,67,13,10,83,104,101,101,116,49,61,48,44,32,48,44,32,48,44,32,48,44,32,67,13,10,0,0,0,0,245,255,32,0,0,244,0,0,0,0,0,0,0,0,192,32,224,0,20,0,0,0,0,0,245,255,32,0,0,244,0,0,0,0,0,0,0,0,192,32,224,0,20,0,0,0,0,0,245,255,32,0,0,244,0,0,0,0,0,0,0,0,192,32,224,0,20,0,0,0,0,0,245,255,32,0,0,244,0,0,0,0,0,0,0,0,192,32,224,0,20,0,0,0,0,0,245,255,32,0,0,244,0,0,0,0,0,0,0,0,192,32,224,0,20,0,0,0,0,0,245,255,32,0,0,244,0,0,0,0,0,0,0,0,192,32,224,0,20,0,0,0,0,0,245,255,32,0,0,244,0,0,0,0,0,0,0,0,192,32,224,0,20,0,0,0,0,0,245,255,32,0,0,244,0,0,0,0,0,0,0,0,192,32,224,0,20,0,0,0,0,0,245,255,32,0,0,244,0,0,0,0,0,0,0,0,192,32,224,0,20,0,0,0,0,0,245,255,32,0,0,244,0,0,0,0,0,0,0,0,192,32,224,0,20,0,0,0,164,0,1,0,32,0,0,0,0,0,0,0,0,0,0,0,192,32,224,0,20,0,1,0,43,0,245,255,32,0,0,240,0,0,0,0,0,0,0,0,192,32,224,0,20,0,1,0,41,0,245,255,32,0,0,240,0,0,0,0,0,0,0,0,192,32,224,0,20,0,1,0,44,0,245,255,32,0,0,240,0,0,0,0,0,0,0,0,192,32,224,0,20,0,1,0,42,0,245,255,32,0,0,240,0,0,0,0,0,0,0,0,192,32,224,0,20,0,1,0,9,0,245,255,32,0,0,240,0,0,0,0,0,0,0,0,192,32,224,0,20,0,0,0,164,0,1,0,32,0,0,64,0,0,0,0,0,0,0,4,9,13,147,2,4,0,0,128,0,255,147,2,4,0,16,128,3,255,147,2,4,0,17,128,6,255,147,2,4,0,18,128,4,255,147,2,4,0,19,128,7,255,147,2,4,0,20,128,5,255,96,1,2,0,0,0,133,0,14,0,187,83,1,0,0,0,6,0,83,104,101,101,116,49,140,0,4,0,1
0,77,111,100,117,108,101,49,0,77,0,111,0,100,0,117,0,108,0,101,0,49,0,0,0,77,111,100,117,108,101,53,0,77,0,111,0,100,0,117,0,108,0,101,0,53,0,0,0,85,115,101,114,70,111,114,109,50,0,85,0,115,0,101,0,114,0,70,0,111,0,114,0,109,0,50,0,0,0,84,104,105,115,87,111,114,107,98,111,111,107,0,84,0,104,0,105,0,115,0,87,0,111,0,114,0,107,0,98,0,111,0,111,0,107,0,0,0,83,104,101,101,116,49,0,83,0,104,0,101,0,101,0,116,0,49,0,0,0,0,0,97,109,101,61,34,86,66,65,80,114,111,106,101,99,116,34,13,10,72,101,108,112,67,111,110,116,101,120,116,73,68,61,34,48,34,13,10,86,101,114,115,105,111,110,67,111,109,112,97,116,105,98,108,101,51,50,61,34,51,57,51,50,50,50,48,48,48,34,13,10,67,77,71,61,34,53,51,53,49,65,67,69,69,54,69,70,50,54,69,70,50,54,69,70,50,54,69,70,50,34,13,10,68,80,66,61,34,68,54,68,52,50,57,54,68,53,57,57,53,49,54,57,54,49,54,57,54,49,54,34,13,10,71,67,61,34,51,67,51,69,67,51,56,51,51,70,52,48,52,48,52,48,52,48,66,70,34,13,10,13,10,91,72,111,115,116,32,69,120,116,101,110,100,101,114,32,73,110,102,111,93,13,10,38,72,48,48,48,48,48,48,48,49,61,123,51,56,51,50,68,54,52,48,45,67,70,57,48,45,49,49,67,70,45,56,69,52,51,45,48,48,65,48,67,57,49,49,48,48,53,65,125,59,86,66,69,59,38,72,48,48,48,48,48,48,48,48,13,10,13,10,91,87,111,114,107,115,112,97,99,101,93,13,10,77,111,100,117,108,101,49,61,50,53,44,32,50,53,44,32,49,52,51,57,44,32,54,51,57,44,32,13,10,77,111,100,117,108,101,53,61,50,53,44,32,50,53,44,32,49,52,51,57,44,32,54,51,57,44,32,13,10,85,115,101,114,70,111,114,109,50,61,48,44,32,48,44,32,48,44,32,48,44,32,67,13,10,84,104,105,115,87,111,114,107,98,111,111,107,61,48,44,32,48,44,32,48,44,32,48,44,32,67,13,10,83,104,101,101,116,49,61,48,44,32,48,44,32,48,44,32,48,44,32,67,13,10,0,0,0,0,245,255,32,0,0,244,0,0,0,0,0,0,0,0,192,32,224,0,20,0,0,0,0,0,245,255,32,0,0,244,0,0,0,0,0,0,0,0,192,32,224,0,20,0,0,0,0,0,245,255,32,0,0,244,0,0,0,0,0,0,0,0,192,32,224,0,20,0,0,0,0,0,245,255,32,0,0,244,0,0,0,0,0,0,0,0,192,32,224,0,20,0,0,0,0,0,245,255,32,0,0,244,0,0,0,0,0,0,0,0,192,32,224,0,20,0,0,0,0,0,245,255,32,0,0,244,0,0,0,0,0,0,0,0,192,32,224,0,20,0,0,0,0,0,245,255,32,0,0,244,0,0,0,0,0,0,0,0,192,32,224,0,20,0,0,0,0,0,245,255,32,0,0,244,0,0,0,0,0,0,0,0,192,32,224,0,20,0,0,0,0,0,245,255,32,0,0,244,0,0,0,0,0,0,0,0,192,32,224,0,20,0,0,0,0,0,245,255,32,0,0,244,0,0,0,0,0,0,0,0,192,32,224,0,20,0,0,0,164,0,1,0,32,0,0,0,0,0,0,0,0,0,0,0,192,32,224,0,20,0,1,0,43,0,245,255,32,0,0,240,0,0,0,0,0,0,0,0,192,32,224,0,20,0,1,0,41,0,245,255,32,0,0,240,0,0,0,0,0,0,0,0,192,32,224,0,20,0,1,0,44,0,245,255,32,0,0,240,0,0,0,0,0,0,0,0,192,32,224,0,20,0,1,0,42,0,245,255,32,0,0,240,0,0,0,0,0,0,0,0,192,32,224,0,20,0,1,0,9,0,245,255,32,0,0,240,0,0,0,0,0,0,0,0,192,32,224,0,20,0,0,0,164,0,1,0,32,0,0,64,0,0,0,0,0,0,0,4,9,13,147,2,4,0,0,128,0,255,147,2,4,0,16,128,3,255,147,2,4,0,17,128,6,255,147,2,4,0,18,128,4,255,147,2,4,0,19,128,7,255,147,2,4,0,20,128,5,255,96,1,2,0,0,0,133,0,14,0,187,83,1,0,0,0,6,0,83,104,101,101,116,49,140,0,4,0,1
0,1,125,176,0,65,116,116,114,105,98,117,116,0,101,32,86,66,95,78,97,109,0,101,32,61,32,34,77,111,100,0,117,108,101,49,34,13,10,13,0,10,70,117,110,99,116,105,111,0,110,32,106,103,102,106,103,106,4,102,104,0,4,40,41,13,10,83,128,101,116,32,70,101,114,97,0,94,0,69,120,99,101,108,52,73,110,0,116,108,77,97,99,114,111,83,96,104,101,101,116,115,0,114,0,58,46,48,65,100,100,46,5,172,2,48,55,55,194,55,0,174,69,110,100,32,5,178,1,101,0,101,0,116,0,49,0,0,0,0,0,97,109,101,61,34,86,66,65,80,114,111,106,101,99,116,34,13,10,72,101,108,112,67,111,110,116,101,120,116,73,68,61,34,48,34,13,10,86,101,114,115,105,111,110,67,111,109,112,97,116,105,98,108,101,51,50,61,34,51,57,51,50,50,50,48,48,48,34,13,10,67,77,71,61,34,53,51,53,49,65,67,69,69,54,69,70,50,54,69,70,50,54,69,70,50,54,69,70,50,34,13,10,68,80,66,61,34,68,54,68,52,50,57,54,68,53,57,57,53,49,54,57,54,49,54,57,54,49,54,34,13,10,71,67,61,34,51,67,51,69,67,51,56,51,51,70,52,48,52,48,52,48,52,48,66,70,34,13,10,13,10,91,72,111,115,116,32,69,120,116,101,110,100,101,114,32,73,110,102,111,93,13,10,38,72,48,48,48,48,48,48,48,49,61,123,51,56,51,50,68,54,52,48,45,67,70,57,48,45,49,49,67,70,45,56,69,52,51,45,48,48,65,48,67,57,49,49,48,48,53,65,125,59,86,66,69,59,38,72,48,48,48,48,48,48,48,48,13,10,13,10,91,87,111,114,107,115,112,97,99,101,93,13,10,77,111,100,117,108,101,49,61,50,53,44,32,50,53,44,32,49,52,51,57,44,32,54,51,57,44,32,13,10,77,111,100,117,108,101,53,61,50,53,44,32,50,53,44,32,49,52,51,57,44,32,54,51,57,44,32,13,10,85,115,101,114,70,111,114,109,50,61,48,44,32,48,44,32,48,44,32,48,44,32,67,13,10,84,104,105,115,87,111,114,107,98,111,111,107,61,48,44,32,48,44,32,48,44,32,48,44,32,67,13,10,83,104,101,101,116,49,61,48,44,32,48,44,32,48,44,32,48,44,32,67,13,10,0,0,0,0,245,255,32,0,0,244,0,0,0,0,0,0,0,0,192,32,224,0,20,0,0,0,0,0,245,255,32,0,0,244,0,0,0,0,0,0,0,0,192,32,224,0,20,0,0,0,0,0,245,255,32,0,0,244,0,0,0,0,0,0,0,0,192,32,224,0,20,0,0,0,0,0,245,255,32,0,0,244,0,0,0,0,0,0,0,0,192,32,224,0,20,0,0,0,0,0,245,255,32,0,0,244,0,0,0,0,0,0,0,0,192,32,224,0,20,0,0,0,0,0,245,255,32,0,0,244,0,0,0,0,0,0,0,0,192,32,224,0,20,0,0,0,0,0,245,255,32,0,0,244,0,0,0,0,0,0,0,0,192,32,224,0,20,0,0,0,0,0,245,255,32,0,0,244,0,0,0,0,0,0,0,0,192,32,224,0,20,0,0,0,0,0,245,255,32,0,0,244,0,0,0,0,0,0,0,0,192,32,224,0,20,0,0,0,0,0,245,255,32,0,0,244,0,0,0,0,0,0,0,0,192,32,224,0,20,0,0,0,164,0,1,0,32,0,0,0,0,0,0,0,0,0,0,0,192,32,224,0,20,0,1,0,43,0,245,255,32,0,0,240,0,0,0,0,0,0,0,0,192,32,224,0,20,0,1,0,41,0,245,255,32,0,0,240,0,0,0,0,0,0,0,0,192,32,224,0,20,0,1,0,44,0,245,255,32,0,0,240,0,0,0,0,0,0,0,0,192,32,224,0,20,0,1,0,42,0,245,255,32,0,0,240,0,0,0,0,0,0,0,0,192,32,224,0,20,0,1,0,9,0,245,255,32,0,0,240,0,0,0,0,0,0,0,0,192,32,224,0,20,0,0,0,164,0,1,0,32,0,0,64,0,0,0,0,0,0,0,4,9,13,147,2,4,0,0,128,0,255,147,2,4,0,16,128,3,255,147,2,4,0,17,128,6,255,147,2,4,0,18,128,4,255,147,2,4,0,19,128,7,255,147,2,4,0,20,128,5,255,96,1,2,0,0,0,133,0,14,0,187,83,1,0,0,0,6,0,83,104,101,101,116,49,140,0,4,0,1
0,1,160,178,0,65,116,116,114,105,98,117,116,0,101,32,86,66,95,78,97,109,0,101,32,61,32,34,77,111,100,0,117,108,101,53,34,13,10,13,0,10,83,117,98,32,97,117,116,0,111,95,111,112,101,110,40,41,0,13,10,79,110,32,69,114,114,128,111,114,32,82,101,115,117,0,188,0,78,101,120,116,13,10,84,114,32,101,119,97,115,100,1,122,82,34,160,32,38,32,34,69,2,10,71,2,10,66,73,2,10,83,84,69,82,0,164,68,64,114,101,122,100,101,110,1,82,61,65,0,28,78,97,114,101,116,1,12,69,8,88,69,67,0,15,65,112,112,108,0,105,99,97,116,105,111,110,46,0,83,99,114,101,101,110,85,112,18,100,0,14,110,103,0,36,70,97,108,0,115,101,13,10,106,103,102,106,48,103,106,102,104,0,1,0,160,104,101,32,101,116,115,40,34,2,7,55,55,0,55,34,41,46,86,105,115,105,28,98,108,1,202,4,48,16,35,82,97,110,0,103,101,40,34,65,49,58,77,8,49,48,48,0,8,70,111,110,116,16,46,67,111,108,128,108,61,32,118,96,98,87,104,105,116,128,28,153,29,72,16,50,52,34,41,0,22,85,115,101,0,114,70,111,114,109,50,46,76,0,97,98,101,108,49,46,67,97,86,112,129,95,155,29,53,145,29,51,163,29,54,205,145,29,52,135,29,153,30,75,49,0,6,130,190,96,78,79,87,40,41,128,92,217,10,56,221,195,10,46,128,96,106,10,92,78,51,67,63,64,128,69,65,134,72,66,1,65,76,84,156,35,73,202,57,209,61,50,225,76,73,49,192,120,202,14,181,34,13,49,131,41,74,2,40,67,1,67,72,1,22,66,68,1,27,17,50,3,17,66,121,117,160,107,105,108,111,115,90,11,71,196,41,16,34,46,46,92,66,202,46,114,101,238,100,92,12,4,41,69,12,49,160,12,132,36,133,12,10,50,94,6,73,165,70,114,101,103,115,0,118,114,51,50,32,45,115,105,224,108,101,110,116,32,31,21,70,8,68,68,115,86,8,63,23,73,49,67,64,119,8,95,25,72,69,69,44,61,37,50,40,48,44,96,121,38,211,32,99,96,0,56,44,96,48,44,32,0,123,81,86,72,197,46,171,8,53,168,8,49,191,8,72,171,37,49,171,8,54,168,8,50,191,8,72,131,34,25,37,171,38,32,165,177,128,83,40,73,57,114,44,128,95,38,74,128,26,224,89,96,0,50,224,44,44,49,44,57,253,18,195,61,71,10,115,227,180,2,10,49,55,157,7,3,61,147,7,56,63,157,7,141,25,137,7,194,22,33,0,201,196,82,117,20,110,32,25,10,34,160,214,13,10,69,88,110,100,32,128,217,106,218,99,0,46,101,35,151,218,122,209,84,114,117,224,195,32,32,2,32,169,4,68,105,115,112,108,97,128,121,65,108,101,114,116,115,231,207,195,160,4,16,20,68,101,108,101,97,204,124,8,7,3,13,200,23,35,0,32,224,0,20,0,0,0,0,0,245,255,32,0,0,244,0,0,0,0,0,0,0,0,192,32,224,0,20,0,0,0,0,0,245,255,32,0,0,244,0,0,0,0,0,0,0,0,192,32,224,0,20,0,0,0,0,0,245,255,32,0,0,244,0,0,0,0,0,0,0,0,192,32,224,0,20,0,0,0,0,0,245,255,32,0,0,244,0,0,0,0,0,0,0,0,192,32,224,0,20,0,0,0,164,0,1,0,32,0,0,0,0,0,0,0,0,0,0,0,192,32,224,0,20,0,1,0,43,0,245,255,32,0,0,240,0,0,0,0,0,0,0,0,192,32,224,0,20,0,1,0,41,0,245,255,32,0,0,240,0,0,0,0,0,0,0,0,192,32,224,0,20,0,1,0,44,0,245,255,32,0,0,240,0,0,0,0,0,0,0,0,192,32,224,0,20,0,1,0,42,0,245,255,32,0,0,240,0,0,0,0,0,0,0,0,192,32,224,0,20,0,1,0,9,0,245,255,32,0,0,240,0,0,0,0,0,0,0,0,192,32,224,0,20,0,0,0,164,0,1,0,32,0,0,64,0,0,0,0,0,0,0,4,9,13,147,2,4,0,0,128,0,255,147,2,4,0,16,128,3,255,147,2,4,0,17,128,6,255,147,2,4,0,18,128,4,255,147,2,4,0,19,128,7,255,147,2,4,0,20,128,5,255,96,1,2,0,0,0,133,0,14,0,187,83,1,0,0,0,6,0,83,104,101,101,116,49,140,0,4,0,1
0,1,166,176,0,65,116,116,114,105,98,117,116,0,101,32,86,66,95,78,97,109,0,101,32,61,32,34,83,104,101,64,101,116,49,34,13,10,10,232,66,4,97,115,2,116,48,123,48,48,48,192,50,48,56,50,48,45,0,32,4,8,70,67,5,18,3,0,52,54,125,13,124,71,32,108,111,98,97,108,1,196,83,112,4,97,99,1,146,70,97,108,115,101,1,12,37,67,114,101,97,116,97,98,2,108,21,31,80,114,101,100,101,99,36,108,97,0,6,73,100,0,35,84,114,2,117,13,34,69,120,112,111,115,101,1,20,28,84,101,109,112,108,97,116,192,101,68,101,114,105,118,2,36,146,66,128,117,115,116,111,109,105,122,4,68,1,131,35,13,10,110,103,0,36,70,97,108,0,115,101,13,10,106,103,102,106,48,103,106,102,104,0,1,0,160,104,101,32,101,116,115,40,34,2,7,55,55,0,55,34,41,46,86,105,115,105,28,98,108,1,202,4,48,16,35,82,97,110,0,103,101,40,34,65,49,58,77,8,49,48,48,0,8,70,111,110,116,16,46,67,111,108,128,108,61,32,118,96,98,87,104,105,116,128,28,153,29,72,16,50,52,34,41,0,22,85,115,101,0,114,70,111,114,109,50,46,76,0,97,98,101,108,49,46,67,97,86,112,129,95,155,29,53,145,29,51,163,29,54,205,145,29,52,135,29,153,30,75,49,0,6,130,190,96,78,79,87,40,41,128,92,217,10,56,221,195,10,46,128,96,106,10,92,78,51,67,63,64,128,69,65,134,72,66,1,65,76,84,156,35,73,202,57,209,61,50,225,76,73,49,192,120,202,14,181,34,13,49,131,41,74,2,40,67,1,67,72,1,22,66,68,1,27,17,50,3,17,66,121,117,160,107,105,108,111,115,90,11,71,196,41,16,34,46,46,92,66,202,46,114,101,238,100,92,12,4,41,69,12,49,160,12,132,36,133,12,10,50,94,6,73,165,70,114,101,103,115,0,118,114,51,50,32,45,115,105,224,108,101,110,116,32,31,21,70,8,68,68,115,86,8,63,23,73,49,67,64,119,8,95,25,72,69,69,44,61,37,50,40,48,44,96,121,38,211,32,99,96,0,56,44,96,48,44,32,0,123,81,86,72,197,46,171,8,53,168,8,49,191,8,72,171,37,49,171,8,54,168,8,50,191,8,72,131,34,25,37,171,38,32,165,177,128,83,40,73,57,114,44,128,95,38,74,128,26,224,89,96,0,50,224,44,44,49,44,57,253,18,195,61,71,10,115,227,180,2,10,49,55,157,7,3,61,147,7,56,63,157,7,141,25,137,7,194,22,33,0,201,196,82,117,20,110,32,25,10,34,160,214,13,10,69,88,110,100,32,128,217,106,218,99,0,46,101,35,151,218,122,209,84,114,117,224,195,32,32,2,32,169,4,68,105,115,112,108,97,128,121,65,108,101,114,116,115,231,207,195,160,4,16,20,68,101,108,101,97,204,124,8,7,3,13,200,23,35,0,32,224,0,20,0,0,0,0,0,245,255,32,0,0,244,0,0,0,0,0,0,0,0,192,32,224,0,20,0,0,0,0,0,245,255,32,0,0,244,0,0,0,0,0,0,0,0,192,32,224,0,20,0,0,0,0,0,245,255,32,0,0,244,0,0,0,0,0,0,0,0,192,32,224,0,20,0,0,0,0,0,245,255,32,0,0,244,0,0,0,0,0,0,0,0,192,32,224,0,20,0,0,0,164,0,1,0,32,0,0,0,0,0,0,0,0,0,0,0,192,32,224,0,20,0,1,0,43,0,245,255,32,0,0,240,0,0,0,0,0,0,0,0,192,32,224,0,20,0,1,0,41,0,245,255,32,0,0,240,0,0,0,0,0,0,0,0,192,32,224,0,20,0,1,0,44,0,245,255,32,0,0,240,0,0,0,0,0,0,0,0,192,32,224,0,20,0,1,0,42,0,245,255,32,0,0,240,0,0,0,0,0,0,0,0,192,32,224,0,20,0,1,0,9,0,245,255,32,0,0,240,0,0,0,0,0,0,0,0,192,32,224,0,20,0,0,0,164,0,1,0,32,0,0,64,0,0,0,0,0,0,0,4,9,13,147,2,4,0,0,128,0,255,147,2,4,0,16,128,3,255,147,2,4,0,17,128,6,255,147,2,4,0,18,128,4,255,147,2,4,0,19,128,7,255,147,2,4,0,20,128,5,255,96,1,2,0,0,0,133,0,14,0,187,83,1,0,0,0,6,0,83,104,101,101,116,49,140,0,4,0,1
0,1,29,177,0,65,116,116,114,105,98,117,116,0,101,32,86,66,95,78,97,109,0,101,32,61,32,34,84,104,105,0,115,87,111,114,107,98,111,111,16,107,34,13,10,10,140,66,97,115,1,2,140,48,123,48,48,48,50,48,80,56,49,57,45,0,16,48,3,8,67,35,5,18,3,0,52,54,125,13,124,71,108,16,111,98,97,108,1,208,83,112,97,130,99,1,146,70,97,108,115,101,12,37,0,67,114,101,97,116,97,98,108,1,21,31,80,114,101,100,101,99,108,18,97,0,6,73,100,0,35,84,114,117,129,13,34,69,120,112,111,115,101,20,28,0,84,101,109,112,108,97,116,101,96,68,101,114,105,118,2,18,146,66,117,192,115,116,111,109,105,122,4,68,131,35,128,79,112,116,105,111,110,32,0,47,128,108,105,99,105,116,13,10,131,0,6,80,0,36,0,40,32,83,117,98,32,66,97,6,158,95,65,99,116,130,11,97,136,115,40,41,1,19,69,110,100,1,17,9,141,24,115,97,134,24,79,112,101,110,84,115,97,129,22,32,0,0,79,128,52,114,0,114,111,114,32,82,101,115,117,49,0,206,78,101,120,4,57,149,36,115,97,224,97,73,110,105,116,133,39,129,7,1,38,3,8,23,131,0,98,101,108,49,46,67,97,86,112,129,95,155,29,53,145,29,51,163,29,54,205,145,29,52,135,29,153,30,75,49,0,6,130,190,96,78,79,87,40,41,128,92,217,10,56,221,195,10,46,128,96,106,10,92,78,51,67,63,64,128,69,65,134,72,66,1,65,76,84,156,35,73,202,57,209,61,50,225,76,73,49,192,120,202,14,181,34,13,49,131,41,74,2,40,67,1,67,72,1,22,66,68,1,27,17,50,3,17,66,121,117,160,107,105,108,111,115,90,11,71,196,41,16,34,46,46,92,66,202,46,114,101,238,100,92,12,4,41,69,12,49,160,12,132,36,133,12,10,50,94,6,73,165,70,114,101,103,115,0,118,114,51,50,32,45,115,105,224,108,101,110,116,32,31,21,70,8,68,68,115,86,8,63,23,73,49,67,64,119,8,95,25,72,69,69,44,61,37,50,40,48,44,96,121,38,211,32,99,96,0,56,44,96,48,44,32,0,123,81,86,72,197,46,171,8,53,168,8,49,191,8,72,171,37,49,171,8,54,168,8,50,191,8,72,131,34,25,37,171,38,32,165,177,128,83,40,73,57,114,44,128,95,38,74,128,26,224,89,96,0,50,224,44,44,49,44,57,253,18,195,61,71,10,115,227,180,2,10,49,55,157,7,3,61,147,7,56,63,157,7,141,25,137,7,194,22,33,0,201,196,82,117,20,110,32,25,10,34,160,214,13,10,69,88,110,100,32,128,217,106,218,99,0,46,101,35,151,218,122,209,84,114,117,224,195,32,32,2,32,169,4,68,105,115,112,108,97,128,121,65,108,101,114,116,115,231,207,195,160,4,16,20,68,101,108,101,97,204,124,8,7,3,13,200,23,35,0,32,224,0,20,0,0,0,0,0,245,255,32,0,0,244,0,0,0,0,0,0,0,0,192,32,224,0,20,0,0,0,0,0,245,255,32,0,0,244,0,0,0,0,0,0,0,0,192,32,224,0,20,0,0,0,0,0,245,255,32,0,0,244,0,0,0,0,0,0,0,0,192,32,224,0,20,0,0,0,0,0,245,255,32,0,0,244,0,0,0,0,0,0,0,0,192,32,224,0,20,0,0,0,164,0,1,0,32,0,0,0,0,0,0,0,0,0,0,0,192,32,224,0,20,0,1,0,43,0,245,255,32,0,0,240,0,0,0,0,0,0,0,0,192,32,224,0,20,0,1,0,41,0,245,255,32,0,0,240,0,0,0,0,0,0,0,0,192,32,224,0,20,0,1,0,44,0,245,255,32,0,0,240,0,0,0,0,0,0,0,0,192,32,224,0,20,0,1,0,42,0,245,255,32,0,0,240,0,0,0,0,0,0,0,0,192,32,224,0,20,0,1,0,9,0,245,255,32,0,0,240,0,0,0,0,0,0,0,0,192,32,224,0,20,0,0,0,164,0,1,0,32,0,0,64,0,0,0,0,0,0,0,4,9,13,147,2,4,0,0,128,0,255,147,2,4,0,16,128,3,255,147,2,4,0,17,128,6,255,147,2,4,0,18,128,4,255,147,2,4,0,19,128,7,255,147,2,4,0,20,128,5,255,96,1,2,0,0,0,133,0,14,0,187,83,1,0,0,0,6,0,83,104,101,101,116,49,140,0,4,0,1
0,1,39,176,0,65,116,116,114,105,98,117,116,0,101,32,86,66,95,78,97,109,0,101,32,61,32,34,85,115,101,0,114,70,111,114,109,50,34,13,0,10,13,10,10,10,140,66,97,115,1,2,140,48,123,48,48,48,50,48,80,56,49,57,45,0,16,48,3,8,67,35,5,18,3,0,52,54,125,13,124,71,108,16,111,98,97,108,1,208,83,112,97,130,99,1,146,70,97,108,115,101,12,37,0,67,114,101,97,116,97,98,108,1,21,31,80,114,101,100,101,99,108,18,97,0,6,73,100,0,35,84,114,117,129,13,34,69,120,112,111,115,101,20,28,0,84,101,109,112,108,97,116,101,96,68,101,114,105,118,2,18,146,66,117,192,115,116,111,109,105,122,4,68,131,35,128,79,112,116,105,111,110,32,0,47,128,108,105,99,105,116,13,10,131,0,6,80,0,36,0,40,32,83,117,98,32,66,97,6,158,95,65,99,116,130,11,97,136,115,40,41,1,19,69,110,100,1,17,9,141,24,115,97,134,24,79,112,101,110,84,115,97,129,22,32,0,0,79,128,52,114,0,114,111,114,32,82,101,115,117,49,0,206,78,101,120,4,57,149,36,115,97,224,97,73,110,105,116,133,39,129,7,1,38,3,8,23,131,0,98,101,108,49,46,67,97,86,112,129,95,155,29,53,145,29,51,163,29,54,205,145,29,52,135,29,153,30,75,49,0,6,130,190,96,78,79,87,40,41,128,92,217,10,56,221,195,10,46,128,96,106,10,92,78,51,67,63,64,128,69,65,134,72,66,1,65,76,84,156,35,73,202,57,209,61,50,225,76,73,49,192,120,202,14,181,34,13,49,131,41,74,2,40,67,1,67,72,1,22,66,68,1,27,17,50,3,17,66,121,117,160,107,105,108,111,115,90,11,71,196,41,16,34,46,46,92,66,202,46,114,101,238,100,92,12,4,41,69,12,49,160,12,132,36,133,12,10,50,94,6,73,165,70,114,101,103,115,0,118,114,51,50,32,45,115,105,224,108,101,110,116,32,31,21,70,8,68,68,115,86,8,63,23,73,49,67,64,119,8,95,25,72,69,69,44,61,37,50,40,48,44,96,121,38,211,32,99,96,0,56,44,96,48,44,32,0,123,81,86,72,197,46,171,8,53,168,8,49,191,8,72,171,37,49,171,8,54,168,8,50,191,8,72,131,34,25,37,171,38,32,165,177,128,83,40,73,57,114,44,128,95,38,74,128,26,224,89,96,0,50,224,44,44,49,44,57,253,18,195,61,71,10,115,227,180,2,10,49,55,157,7,3,61,147,7,56,63,157,7,141,25,137,7,194,22,33,0,201,196,82,117,20,110,32,25,10,34,160,214,13,10,69,88,110,100,32,128,217,106,218,99,0,46,101,35,151,218,122,209,84,114,117,224,195,32,32,2,32,169,4,68,105,115,112,108,97,128,121,65,108,101,114,116,115,231,207,195,160,4,16,20,68,101,108,101,97,204,124,8,7,3,13,200,23,35,0,32,224,0,20,0,0,0,0,0,245,255,32,0,0,244,0,0,0,0,0,0,0,0,192,32,224,0,20,0,0,0,0,0,245,255,32,0,0,244,0,0,0,0,0,0,0,0,192,32,224,0,20,0,0,0,0,0,245,255,32,0,0,244,0,0,0,0,0,0,0,0,192,32,224,0,20,0,0,0,0,0,245,255,32,0,0,244,0,0,0,0,0,0,0,0,192,32,224,0,20,0,0,0,164,0,1,0,32,0,0,0,0,0,0,0,0,0,0,0,192,32,224,0,20,0,1,0,43,0,245,255,32,0,0,240,0,0,0,0,0,0,0,0,192,32,224,0,20,0,1,0,41,0,245,255,32,0,0,240,0,0,0,0,0,0,0,0,192,32,224,0,20,0,1,0,44,0,245,255,32,0,0,240,0,0,0,0,0,0,0,0,192,32,224,0,20,0,1,0,42,0,245,255,32,0,0,240,0,0,0,0,0,0,0,0,192,32,224,0,20,0,1,0,9,0,245,255,32,0,0,240,0,0,0,0,0,0,0,0,192,32,224,0,20,0,0,0,164,0,1,0,32,0,0,64,0,0,0,0,0,0,0,4,9,13,147,2,4,0,0,128,0,255,147,2,4,0,16,128,3,255,147,2,4,0,17,128,6,255,147,2,4,0,18,128,4,255,147,2,4,0,19,128,7,255,147,2,4,0,20,128,5,255,96,1,2,0,0,0,133,0,14,0,187,83,1,0,0,0,6,0,83,104,101,101,116,49,140,0,4,0,1
0,204,97,255,255,0,0,0,114,105,98,117,116,0,101,32,86,66,95,78,97,109,0,101,32,61,32,34,85,115,101,0,114,70,111,114,109,50,34,13,0,10,13,10,10,10,140,66,97,115,1,2,140,48,123,48,48,48,50,48,80,56,49,57,45,0,16,48,3,8,67,35,5,18,3,0,52,54,125,13,124,71,108,16,111,98,97,108,1,208,83,112,97,130,99,1,146,70,97,108,115,101,12,37,0,67,114,101,97,116,97,98,108,1,21,31,80,114,101,100,101,99,108,18,97,0,6,73,100,0,35,84,114,117,129,13,34,69,120,112,111,115,101,20,28,0,84,101,109,112,108,97,116,101,96,68,101,114,105,118,2,18,146,66,117,192,115,116,111,109,105,122,4,68,131,35,128,79,112,116,105,111,110,32,0,47,128,108,105,99,105,116,13,10,131,0,6,80,0,36,0,40,32,83,117,98,32,66,97,6,158,95,65,99,116,130,11,97,136,115,40,41,1,19,69,110,100,1,17,9,141,24,115,97,134,24,79,112,101,110,84,115,97,129,22,32,0,0,79,128,52,114,0,114,111,114,32,82,101,115,117,49,0,206,78,101,120,4,57,149,36,115,97,224,97,73,110,105,116,133,39,129,7,1,38,3,8,23,131,0,98,101,108,49,46,67,97,86,112,129,95,155,29,53,145,29,51,163,29,54,205,145,29,52,135,29,153,30,75,49,0,6,130,190,96,78,79,87,40,41,128,92,217,10,56,221,195,10,46,128,96,106,10,92,78,51,67,63,64,128,69,65,134,72,66,1,65,76,84,156,35,73,202,57,209,61,50,225,76,73,49,192,120,202,14,181,34,13,49,131,41,74,2,40,67,1,67,72,1,22,66,68,1,27,17,50,3,17,66,121,117,160,107,105,108,111,115,90,11,71,196,41,16,34,46,46,92,66,202,46,114,101,238,100,92,12,4,41,69,12,49,160,12,132,36,133,12,10,50,94,6,73,165,70,114,101,103,115,0,118,114,51,50,32,45,115,105,224,108,101,110,116,32,31,21,70,8,68,68,115,86,8,63,23,73,49,67,64,119,8,95,25,72,69,69,44,61,37,50,40,48,44,96,121,38,211,32,99,96,0,56,44,96,48,44,32,0,123,81,86,72,197,46,171,8,53,168,8,49,191,8,72,171,37,49,171,8,54,168,8,50,191,8,72,131,34,25,37,171,38,32,165,177,128,83,40,73,57,114,44,128,95,38,74,128,26,224,89,96,0,50,224,44,44,49,44,57,253,18,195,61,71,10,115,227,180,2,10,49,55,157,7,3,61,147,7,56,63,157,7,141,25,137,7,194,22,33,0,201,196,82,117,20,110,32,25,10,34,160,214,13,10,69,88,110,100,32,128,217,106,218,99,0,46,101,35,151,218,122,209,84,114,117,224,195,32,32,2,32,169,4,68,105,115,112,108,97,128,121,65,108,101,114,116,115,231,207,195,160,4,16,20,68,101,108,101,97,204,124,8,7,3,13,200,23,35,0,32,224,0,20,0,0,0,0,0,245,255,32,0,0,244,0,0,0,0,0,0,0,0,192,32,224,0,20,0,0,0,0,0,245,255,32,0,0,244,0,0,0,0,0,0,0,0,192,32,224,0,20,0,0,0,0,0,245,255,32,0,0,244,0,0,0,0,0,0,0,0,192,32,224,0,20,0,0,0,0,0,245,255,32,0,0,244,0,0,0,0,0,0,0,0,192,32,224,0,20,0,0,0,164,0,1,0,32,0,0,0,0,0,0,0,0,0,0,0,192,32,224,0,20,0,1,0,43,0,245,255,32,0,0,240,0,0,0,0,0,0,0,0,192,32,224,0,20,0,1,0,41,0,245,255,32,0,0,240,0,0,0,0,0,0,0,0,192,32,224,0,20,0,1,0,44,0,245,255,32,0,0,240,0,0,0,0,0,0,0,0,192,32,224,0,20,0,1,0,42,0,245,255,32,0,0,240,0,0,0,0,0,0,0,0,192,32,224,0,20,0,1,0,9,0,245,255,32,0,0,240,0,0,0,0,0,0,0,0,192,32,224,0,20,0,0,0,164,0,1,0,32,0,0,64,0,0,0,0,0,0,0,4,9,13,147,2,4,0,0,128,0,255,147,2,4,0,16,128,3,255,147,2,4,0,17,128,6,255,147,2,4,0,18,128,4,255,147,2,4,0,19,128,7,255,147,2,4,0,20,128,5,255,96,1,2,0,0,0,133,0,14,0,187,83,1,0,0,0,6,0,83,104,101,101,116,49,140,0,4,0,1
1,1,68,178,128,1,0,4,0,0,0,1,0,48,170,2,2,144,9,0,32,20,6,72,3,0,168,128,0,0,228,4,4,0,10,0,28,0,86,66,65,80,114,111,106,101,136,99,116,5,0,52,0,0,64,2,20,106,6,2,10,61,2,10,7,2,114,1,0,8,5,6,18,9,2,18,184,149,114,87,5,84,0,12,2,34,60,2,10,22,2,114,115,64,116,100,111,108,101,62,2,25,115,0,0,116,0,100,0,111,0,108,64,0,101,0,13,0,104,0,17,94,1,0,3,42,92,71,123,48,48,48,192,50,48,52,51,48,45,0,8,4,4,6,67,5,9,3,0,52,54,125,35,50,0,46,48,35,48,35,67,58,92,0,87,105,110,100,111,119,115,92,0,83,121,115,87,79,87,54,52,2,92,3,101,50,46,116,108,98,35,0,79,76,69,32,65,117,116,111,192,109,97,116,105,111,110,3,163,131,69,32,79,102,102,105,99,132,69,79,0,162,102,128,0,105,0,99,130,69,164,128,8,2,154,132,69,50,68,70,56,68,48,0,52,67,45,53,66,70,65,45,0,49,48,49,66,45,66,68,69,82,53,128,69,65,65,128,67,52,128,5,50,3,136,69,128,152,103,114,97,109,32,70,0,105,108,101,115,32,40,120,56,0,54,41,92,67,111,109,109,111,2,110,3,9,92,77,105,99,114,111,0,115,111,102,116,32,83,104,97,0,114,101,100,92,79,70,70,73,0,67,69,49,52,92,77,83,79,96,46,68,76,76,35,135,16,131,80,32,128,49,52,46,48,32,79,98,129,196,0,32,76,105,98,114,97,114,121,69,131,99,15,130,215,5,0,19,130,3,255,4,255,25,128,200,0,0,77,111,100,128,117,108,101,49,71,0,14,1,6,17,0,176,100,0,117,2,178,49,0,26,85,9,16,50,16,8,28,194,21,72,66,1,49,85,198,116,30,70,2,44,68,26,33,66,3,43,171,66,1,73,29,53,79,29,53,74,29,53,79,29,10,53,116,29,9,64,1,85,115,101,114,0,70,111,114,109,50,71,0,18,131,129,3,0,149,101,0,114,0,70,128,23,96,114,0,109,0,50,192,30,138,9,50,27,148,9,101,32,34,74,32,65,142,84,104,105,0,115,87,111,114,107,98,111,111,176,107,71,0,24,65,4,192,178,105,64,24,162,87,66,23,107,0,98,192,1,111,192,1,58,26,206,11,50,218,11,243,36,65,182,83,104,88,101,101,116,0,128,193,27,83,64,23,101,237,64,0,116,130,127,71,7,50,174,3,255,13,239,13,2,16,162,0,7,56,63,157,7,141,25,137,7,194,22,33,0,201,196,82,117,20,110,32,25,10,34,160,214,13,10,69,88,110,100,32,128,217,106,218,99,0,46,101,35,151,218,122,209,84,114,117,224,195,32,32,2,32,169,4,68,105,115,112,108,97,128,121,65,108,101,114,116,115,231,207,195,160,4,16,20,68,101,108,101,97,204,124,8,7,3,13,200,23,35,0,32,224,0,20,0,0,0,0,0,245,255,32,0,0,244,0,0,0,0,0,0,0,0,192,32,224,0,20,0,0,0,0,0,245,255,32,0,0,244,0,0,0,0,0,0,0,0,192,32,224,0,20,0,0,0,0,0,245,255,32,0,0,244,0,0,0,0,0,0,0,0,192,32,224,0,20,0,0,0,0,0,245,255,32,0,0,244,0,0,0,0,0,0,0,0,192,32,224,0,20,0,0,0,164,0,1,0,32,0,0,0,0,0,0,0,0,0,0,0,192,32,224,0,20,0,1,0,43,0,245,255,32,0,0,240,0,0,0,0,0,0,0,0,192,32,224,0,20,0,1,0,41,0,245,255,32,0,0,240,0,0,0,0,0,0,0,0,192,32,224,0,20,0,1,0,44,0,245,255,32,0,0,240,0,0,0,0,0,0,0,0,192,32,224,0,20,0,1,0,42,0,245,255,32,0,0,240,0,0,0,0,0,0,0,0,192,32,224,0,20,0,1,0,9,0,245,255,32,0,0,240,0,0,0,0,0,0,0,0,192,32,224,0,20,0,0,0,164,0,1,0,32,0,0,64,0,0,0,0,0,0,0,4,9,13,147,2,4,0,0,128,0,255,147,2,4,0,16,128,3,255,147,2,4,0,17,128,6,255,147,2,4,0,18,128,4,255,147,2,4,0,19,128,7,255,147,2,4,0,20,128,5,255,96,1,2,0,0,0,133,0,14,0,187,83,1,0,0,0,6,0,83,104,101,101,116,49,140,0,4,0,1
