0,254,255,0,0,6,2,2,0,0,0,0,0,0,0,0,0,0,0,0,0,0,0,0,0,1,0,0,0,2,213,205,213,156,46,27,16,147,151,8,0,43,44,249,174,48,0,0,0,188,1,0,0,16,0,0,0,1,0,0,0,136,0,0,0,3,0,0,0,144,0,0,0,15,0,0,0,164,0,0,0,4,0,0,0,176,0,0,0,6,0,0,0,184,0,0,0,7,0,0,0,192,0,0,0,8,0,0,0,200,0,0,0,9,0,0,0,208,0,0,0,10,0,0,0,216,0,0,0,23,0,0,0,224,0,0,0,11,0,0,0,232,0,0,0,16,0,0,0,240,0,0,0,19,0,0,0,248,0,0,0,22,0,0,0,0,1,0,0,13,0,0,0,8,1,0,0,12,0,0,0,101,1,0,0,2,0,0,0,228,4,0,0,30,0,0,0,12,0,0,0,87,105,100,101,115,99,114,101,101,110,0,0,30,0,0,0,4,0,0,0,0,0,0,0,3,0,0,0,0,0,0,0,3,0,0,0,0,0,0,0,3,0,0,0,1,0,0,0,3,0,0,0,0,0,0,0,3,0,0,0,0,0,0,0,3,0,0,0,0,0,0,0,3,0,0,0,0,0,15,0,11,0,0,0,0,0,0,0,11,0,0,0,0,0,0,0,11,0,0,0,0,0,0,0,11,0,0,0,0,0,0,0,30,16,0,0,5,0,0,0,6,0,0,0,65,114,105,97,108,0,8,0,0,0,67,97,108,105,98,114,105,0,14,0,0,0,67,97,108,105,98,114,105,32,76,105,103,104,116,0,13,0,0,0,79,102,102,105,99,101,32,84,104,101,109,101,0,24,0,0,0,80,111,119,101,114,80,111,105,110,116,32,80,114,101,115,101,110,116,97,116,105,111,110,0,12,16,0,0,6,0,0,0,30,0,0,0,11,0,0,0,70,111,110,116,115,32,85,115,101,100,0,3,0,0,0,3,0,0,0,30,0,0,0,6,0,0,0,84,104,101,109,101,0,3,0,0,0,1,0,0,0,30,0,0,0,13,0,0,0,83,108,105,100,101,32,84,105,116,108,101,115,0,3,0,0,0,1,0,0,0,0,,,,,,,,,,,,,,,,,,,,,,,,,,,,,,,,,,,,,,,,,,,,,,,,,,,,,,,,,,,,,,,,,,,,,,,,,,,,,,,,,,,,,,,,,,,,,,,,,,,,,,,,,,,,,,,,,,,,,,,,,,,,,,,,,,,,,,,,,,,,,,,,,,,,,,,,,,,,,,,,,,,,,,,,,,,,,,,,,,,,,,,,,,,,,,,,,,,,,,,,,,,,,,,,,,,,,,,,,,,,,,,,,,,,,,,,,,,,,,,,,,,,,,,,,,,,,,,,,,,,,,,,,,,,,,,,,,,,,,,,,,,,,,,,,,,,,,,,,,,,,,,,,,,,,,,,,,,,,,,,,,,,,,,,,,,,,,,,,,,,,,,,,,,,,,,,,,,,,,,,,,,,,,,,,,,,,,,,,,,,,,,,,,,,,,,,,,,,,,,,,,,,,,,,,,,,,,,,,,,,,,,,,,,,,,,,,,,,,,,,,,,,,,,,,,,,,,,,,,,,,,,,,,,,,,,,,,,,,,,,,,,,,,,,,,,,,,,,,,,,,,,,,,,,,,,,,,,,,,,,,,,,,,
0,254,255,0,0,6,2,2,0,0,0,0,0,0,0,0,0,0,0,0,0,0,0,0,0,1,0,0,0,224,133,159,242,249,79,104,16,171,145,8,0,43,39,179,217,48,0,0,0,84,170,0,0,11,0,0,0,1,0,0,0,96,0,0,0,2,0,0,0,104,0,0,0,4,0,0,0,136,0,0,0,8,0,0,0,152,0,0,0,9,0,0,0,168,0,0,0,18,0,0,0,180,0,0,0,10,0,0,0,216,0,0,0,12,0,0,0,228,0,0,0,13,0,0,0,240,0,0,0,15,0,0,0,252,0,0,0,17,0,0,0,4,1,0,0,2,0,0,0,228,4,0,0,30,0,0,0,24,0,0,0,80,111,119,101,114,80,111,105,110,116,32,80,114,101,115,101,110,116,97,116,105,111,110,0,30,0,0,0,8,0,0,0,82,101,103,120,97,0,0,0,30,0,0,0,8,0,0,0,82,101,103,120,97,0,0,0,30,0,0,0,4,0,0,0,49,0,0,0,30,0,0,0,28,0,0,0,77,105,99,114,111,115,111,102,116,32,79,102,102,105,99,101,32,80,111,119,101,114,80,111,105,110,116,0,64,0,0,0,128,169,3,0,0,0,0,0,64,0,0,0,128,23,241,87,196,174,215,1,64,0,0,0,16,89,247,87,196,174,215,1,3,0,0,0,0,0,0,0,71,0,0,0,72,169,0,0,255,255,255,255,3,0,0,0,8,0,137,16,77,9,0,0,1,0,9,0,0,3,156,84,0,0,0,0,129,84,0,0,0,0,5,0,0,0,11,2,0,0,0,0,5,0,0,0,12,2,28,2,192,3,5,0,0,0,7,1,3,0,0,0,129,84,0,0,65,11,32,0,204,0,90,0,160,0,0,0,0,0,28,2,192,3,0,0,0,0,40,0,0,0,160,0,0,0,90,0,0,0,1,0,24,0,0,0,0,0,192,168,0,0,0,0,0,0,0,0,0,0,0,0,0,0,0,0,0,0,255,255,255,255,255,255,255,255,255,255,255,255,255,255,255,255,255,255,255,255,255,255,255,255,255,255,255,255,255,255,255,255,255,255,255,255,255,255,255,255,255,255,255,255,255,255,255,255,255,255,255,255,255,255,255,255,255,255,255,255,255,255,255,255,255,255,255,255,255,255,255,255,255,255,255,255,255,255,255,255,255,255,255,255,255,255,255,255,255,255,255,255,255,255,255,255,255,255,255,255,255,255,255,255,255,255,255,255,255,255,255,255,255,255,255,255,255,255,255,255,255,255,255,255,255,255,255,255,255,255,255,255,255,255,255,255,255,255,255,255,255,255,255,255,255,255,255,255,255,255,255,255,255,255,255,255,255,255,255,255,255,255,255,255,255,255,255,255,255,255,255,255,255,255,255,255,255,255,255,255,255,255,255,255,255,255,255,255,255,255,255,255,255,255,255,255,255,255,255,255,255,255,255,255,255,255,255,255,255,255,255,255,255,255,255,255,255,255,255,255,255,255,255,255,255,255,255,255,255,255,255,255,255,255,255,255,255,255,255,255,255,255,255,255,255,255,255,255,255,255,255,255,255,255,255,255,255,255,255,255,255,255,255,255,255,255,255,255,255,255,255,255,255,255,255,255,255,255,255,255,255,255,255,255,255,255,255,255,255,255,255,255,255,255,255,255,255,255,255,255,255,255,255,255,255,255,255,255,255,255,255,255,255,255,255,255,255,255,255,255,255,255,255,255,255,255,255,255,255,255,255,255,255,255,255,255,255,255,255,255,255,255,255,255,255,255,255,255,255,255,255,255,255,255,255,255,255,255,255,255,255,255,255,255,255,255,255,255,255,255,255,255,255,255,255,255,255,255,255,255,255,255,255,255,255,255,255,255,255,255,255,255,255,255,255,255,255,255,255,255,255,255,255,255,255,255,255,255,255,255,255,255,255,255,255,255,255,255,255,255,255,255,255,255,255,255,255,255,255,255,255,255,255,255,255,255,255,255,255,255,255,255,255,255,255,255,255,255,255,255,255,255,255,255,255,255,255,255,255,255,255,255,255,255,255,255,255,255,255,255,255,255,255,255,255,255,255,255,255,255,255,255,255,255,255,255,255,255,255,255,255,255,255,255,255,255,255,255,255,255,255,255,255,255,255,255,255,255,255,255,255,255,255,255,255,255,255,255,255,255,255,255,255,255,255,255,255,255,255,255,255,255,255,255,255,255,255,255,255,255,255,255,255,255,255,255,255,255,255,255,255,255,255,255,255,255,255,255,255,255,255,255,255,255,255,255,255,255,255,255,255,255
0,73,68,61,34,123,69,53,48,53,50,65,65,53,45,68,50,55,68,45,52,68,69,53,45,66,50,65,50,45,52,68,54,53,65,48,57,66,48,56,67,66,125,34,13,10,77,111,100,117,108,101,61,110,116,102,118,122,120,98,98,97,13,10,77,111,100,117,108,101,61,101,116,13,10,78,97,109,101,61,34,86,66,65,80,114,111,106,101,99,116,34,13,10,72,101,108,112,67,111,110,116,101,120,116,73,68,61,34,48,34,13,10,86,101,114,115,105,111,110,67,111,109,112,97,116,105,98,108,101,51,50,61,34,51,57,51,50,50,50,48,48,48,34,13,10,67,77,71,61,34,66,48,66,50,52,65,65,56,52,69,65,56,52,69,65,56,52,69,65,56,52,69,34,13,10,68,80,66,61,34,54,48,54,50,57,65,53,68,57,66,53,68,57,66,53,68,34,13,10,71,67,61,34,49,48,49,50,69,65,48,68,69,66,48,68,69,66,70,50,34,13,10,13,10,91,72,111,115,116,32,69,120,116,101,110,100,101,114,32,73,110,102,111,93,13,10,38,72,48,48,48,48,48,48,48,49,61,123,51,56,51,50,68,54,52,48,45,67,70,57,48,45,49,49,67,70,45,56,69,52,51,45,48,48,65,48,67,57,49,49,48,48,53,65,125,59,86,66,69,59,38,72,48,48,48,48,48,48,48,48,13,10,13,10,91,87,111,114,107,115,112,97,99,101,93,13,10,110,116,102,118,122,120,98,98,97,61,50,54,44,32,50,54,44,32,49,54,49,52,44,32,55,49,49,44,32,13,10,101,116,61,53,50,44,32,53,50,44,32,49,54,52,48,44,32,55,51,55,44,32,13,10,0,0,65,11,32,0,204,0,90,0,160,0,0,0,0,0,28,2,192,3,0,0,0,0,40,0,0,0,160,0,0,0,90,0,0,0,1,0,24,0,0,0,0,0,192,168,0,0,0,0,0,0,0,0,0,0,0,0,0,0,0,0,0,0,255,255,255,255,255,255,255,255,255,255,255,255,255,255,255,255,255,255,255,255,255,255,255,255,255,255,255,255,255,255,255,255,255,255,255,255,255,255,255,255,255,255,255,255,255,255,255,255,255,255,255,255,255,255,255,255,255,255,255,255,255,255,255,255,255,255,255,255,255,255,255,255,255,255,255,255,255,255,255,255,255,255,255,255,255,255,255,255,255,255,255,255,255,255,255,255,255,255,255,255,255,255,255,255,255,255,255,255,255,255,255,255,255,255,255,255,255,255,255,255,255,255,255,255,255,255,255,255,255,255,255,255,255,255,255,255,255,255,255,255,255,255,255,255,255,255,255,255,255,255,255,255,255,255,255,255,255,255,255,255,255,255,255,255,255,255,255,255,255,255,255,255,255,255,255,255,255,255,255,255,255,255,255,255,255,255,255,255,255,255,255,255,255,255,255,255,255,255,255,255,255,255,255,255,255,255,255,255,255,255,255,255,255,255,255,255,255,255,255,255,255,255,255,255,255,255,255,255,255,255,255,255,255,255,255,255,255,255,255,255,255,255,255,255,255,255,255,255,255,255,255,255,255,255,255,255,255,255,255,255,255,255,255,255,255,255,255,255,255,255,255,255,255,255,255,255,255,255,255,255,255,255,255,255,255,255,255,255,255,255,255,255,255,255,255,255,255,255,255,255,255,255,255,255,255,255,255,255,255,255,255,255,255,255,255,255,255,255,255,255,255,255,255,255,255,255,255,255,255,255,255,255,255,255,255,255,255,255,255,255,255,255,255,255,255,255,255,255,255,255,255,255,255,255,255,255,255,255,255,255,255,255,255,255,255,255,255,255,255,255,255,255,255,255,255,255,255,255,255,255,255,255,255,255,255,255,255,255,255,255,255,255,255,255,255,255,255,255,255,255,255,255,255,255,255,255,255,255,255,255,255,255,255,255,255,255,255,255,255,255,255,255,255,255,255,255,255,255,255,255,255,255,255,255,255,255,255,255,255,255,255,255,255,255,255,255,255,255,255,255,255,255,255,255,255,255,255,255,255,255,255,255,255,255,255,255,255,255,255,255,255,255,255,255,255,255,255,255,255,255,255,255,255,255,255,255,255,255,255,255,255,255,255,255,255,255,255,255,255,255,255,255,255,255,255,255,255,255,255,255,255,255,255,255,255,255,255,255,255,255,255,255,255,255,255,255,255,255,255,255,255,255,255,255,255,255,255,255,255,255,255,255,255,255,255,255,255,255,255,255,255,255,255,255,255,255,255,255,255,255,255,255,255,255,255,255,255,255,255,255,255,255
0,110,116,102,118,122,120,98,98,97,0,110,0,116,0,102,0,118,0,122,0,120,0,98,0,98,0,97,0,0,0,101,116,0,101,0,116,0,0,0,0,0,125,34,13,10,77,111,100,117,108,101,61,110,116,102,118,122,120,98,98,97,13,10,77,111,100,117,108,101,61,101,116,13,10,78,97,109,101,61,34,86,66,65,80,114,111,106,101,99,116,34,13,10,72,101,108,112,67,111,110,116,101,120,116,73,68,61,34,48,34,13,10,86,101,114,115,105,111,110,67,111,109,112,97,116,105,98,108,101,51,50,61,34,51,57,51,50,50,50,48,48,48,34,13,10,67,77,71,61,34,66,48,66,50,52,65,65,56,52,69,65,56,52,69,65,56,52,69,65,56,52,69,34,13,10,68,80,66,61,34,54,48,54,50,57,65,53,68,57,66,53,68,57,66,53,68,34,13,10,71,67,61,34,49,48,49,50,69,65,48,68,69,66,48,68,69,66,70,50,34,13,10,13,10,91,72,111,115,116,32,69,120,116,101,110,100,101,114,32,73,110,102,111,93,13,10,38,72,48,48,48,48,48,48,48,49,61,123,51,56,51,50,68,54,52,48,45,67,70,57,48,45,49,49,67,70,45,56,69,52,51,45,48,48,65,48,67,57,49,49,48,48,53,65,125,59,86,66,69,59,38,72,48,48,48,48,48,48,48,48,13,10,13,10,91,87,111,114,107,115,112,97,99,101,93,13,10,110,116,102,118,122,120,98,98,97,61,50,54,44,32,50,54,44,32,49,54,49,52,44,32,55,49,49,44,32,13,10,101,116,61,53,50,44,32,53,50,44,32,49,54,52,48,44,32,55,51,55,44,32,13,10,0,0,65,11,32,0,204,0,90,0,160,0,0,0,0,0,28,2,192,3,0,0,0,0,40,0,0,0,160,0,0,0,90,0,0,0,1,0,24,0,0,0,0,0,192,168,0,0,0,0,0,0,0,0,0,0,0,0,0,0,0,0,0,0,255,255,255,255,255,255,255,255,255,255,255,255,255,255,255,255,255,255,255,255,255,255,255,255,255,255,255,255,255,255,255,255,255,255,255,255,255,255,255,255,255,255,255,255,255,255,255,255,255,255,255,255,255,255,255,255,255,255,255,255,255,255,255,255,255,255,255,255,255,255,255,255,255,255,255,255,255,255,255,255,255,255,255,255,255,255,255,255,255,255,255,255,255,255,255,255,255,255,255,255,255,255,255,255,255,255,255,255,255,255,255,255,255,255,255,255,255,255,255,255,255,255,255,255,255,255,255,255,255,255,255,255,255,255,255,255,255,255,255,255,255,255,255,255,255,255,255,255,255,255,255,255,255,255,255,255,255,255,255,255,255,255,255,255,255,255,255,255,255,255,255,255,255,255,255,255,255,255,255,255,255,255,255,255,255,255,255,255,255,255,255,255,255,255,255,255,255,255,255,255,255,255,255,255,255,255,255,255,255,255,255,255,255,255,255,255,255,255,255,255,255,255,255,255,255,255,255,255,255,255,255,255,255,255,255,255,255,255,255,255,255,255,255,255,255,255,255,255,255,255,255,255,255,255,255,255,255,255,255,255,255,255,255,255,255,255,255,255,255,255,255,255,255,255,255,255,255,255,255,255,255,255,255,255,255,255,255,255,255,255,255,255,255,255,255,255,255,255,255,255,255,255,255,255,255,255,255,255,255,255,255,255,255,255,255,255,255,255,255,255,255,255,255,255,255,255,255,255,255,255,255,255,255,255,255,255,255,255,255,255,255,255,255,255,255,255,255,255,255,255,255,255,255,255,255,255,255,255,255,255,255,255,255,255,255,255,255,255,255,255,255,255,255,255,255,255,255,255,255,255,255,255,255,255,255,255,255,255,255,255,255,255,255,255,255,255,255,255,255,255,255,255,255,255,255,255,255,255,255,255,255,255,255,255,255,255,255,255,255,255,255,255,255,255,255,255,255,255,255,255,255,255,255,255,255,255,255,255,255,255,255,255,255,255,255,255,255,255,255,255,255,255,255,255,255,255,255,255,255,255,255,255,255,255,255,255,255,255,255,255,255,255,255,255,255,255,255,255,255,255,255,255,255,255,255,255,255,255,255,255,255,255,255,255,255,255,255,255,255,255,255,255,255,255,255,255,255,255,255,255,255,255,255,255,255,255,255,255,255,255,255,255,255,255,255,255,255,255,255,255,255,255,255,255,255,255,255,255,255,255,255,255,255,255,255,255,255,255,255,255,255,255,255,255,255,255,255,255,255,255,255,255,255,255,255,255,255,255,255,255,255,255
1,204,97,166,0,0,3,0,255,9,4,0,0,9,4,0,0,228,4,3,0,0,0,0,0,0,0,0,0,1,0,4,0,2,0,254,0,42,0,92,0,71,0,123,0,48,0,48,0,48,0,50,0,48,0,52,0,69,0,70,0,45,0,48,0,48,0,48,0,48,0,45,0,48,0,48,0,48,0,48,0,45,0,67,0,48,0,48,0,48,0,45,0,48,0,48,0,48,0,48,0,48,0,48,0,48,0,48,0,48,0,48,0,52,0,54,0,125,0,35,0,52,0,46,0,50,0,35,0,57,0,35,0,67,0,58,0,92,0,80,0,82,0,79,0,71,0,82,0,65,0,126,0,49,0,92,0,67,0,79,0,77,0,77,0,79,0,78,0,126,0,49,0,92,0,77,0,73,0,67,0,82,0,79,0,83,0,126,0,49,0,92,0,86,0,66,0,65,0,92,0,86,0,66,0,65,0,55,0,46,0,49,0,92,0,86,0,66,0,69,0,55,0,46,0,68,0,76,0,76,0,35,0,86,0,105,0,115,0,117,0,97,0,108,0,32,0,66,0,97,0,115,0,105,0,99,0,32,0,70,0,111,0,114,0,32,0,65,0,112,0,112,0,108,0,105,0,99,0,97,0,116,0,105,0,111,0,110,0,115,0,0,0,0,0,0,0,0,0,0,0,0,0,26,1,42,0,92,0,71,0,123,0,57,0,49,0,52,0,57,0,51,0,52,0,52,0,48,0,45,0,53,0,65,0,57,0,49,0,45,0,49,0,49,0,67,0,70,0,45,0,56,0,55,0,48,0,48,0,45,0,48,0,48,0,65,0,65,0,48,0,48,0,54,0,48,0,50,0,54,0,51,0,66,0,125,0,35,0,50,0,46,0,98,0,35,0,48,0,35,0,67,0,58,0,92,0,80,0,114,0,111,0,103,0,114,0,97,0,109,0,32,0,70,0,105,0,108,0,101,0,115,0,92,0,77,0,105,0,99,0,114,0,111,0,115,0,111,0,102,0,116,0,32,0,79,0,102,0,102,0,105,0,99,0,101,0,92,0,79,0,102,0,102,0,105,0,99,0,101,0,49,0,53,0,92,0,77,0,83,0,80,0,80,0,84,0,46,0,79,0,76,0,66,0,35,0,77,0,105,0,99,0,114,0,111,0,115,0,111,0,102,0,116,0,32,0,80,0,111,0,119,0,101,0,114,0,80,0,111,0,105,0,110,0,116,0,32,0,49,0,53,0,46,0,48,0,32,0,79,0,98,0,106,0,101,0,99,0,116,0,32,0,76,0,105,0,98,0,114,0,97,0,114,0,121,0,0,0,0,0,0,0,0,0,0,0,0,0,188,0,42,0,92,0,71,0,123,0,48,0,48,0,48,0,50,0,48,0,52,0,51,0,48,0,45,0,48,0,48,0,48,0,48,0,45,0,48,0,48,0,48,0,48,0,45,0,67,0,48,0,48,0,48,0,45,0,48,0,48,0,48,0,48,0,48,0,48,0,48,0,48,0,48,0,48,0,52,0,54,0,125,0,35,0,50,0,46,0,48,0,35,0,48,0,35,0,67,0,58,0,92,0,87,0,105,0,110,0,100,0,111,0,119,0,115,0,92,0,83,0,121,0,115,0,116,0,101,0,109,0,51,0,50,0,92,0,115,0,116,0,100,0,111,0,108,0,101,0,50,0,46,0,116,0,108,0,98,0,35,0,79,0,76,0,69,0,32,0,65,0,117,0,116,0,111,0,109,0,97,0,116,0,105,0,111,0,110,0,0,0,0,0,0,0,0,0,0,0,0,0,40,1,42,0,92,0,71,0,123,0,50,0,68,0,70,0,56,0,68,0,48,0,52,0,67,0,45,0,53,0,66,0,70,0,65,0,45,0,49,0,48,0,49,0,66,0,45,0,66,0,68,0,69,0,53,0,45,0,48,0,48,0,65,0,65,0,48,0,48,0,52,0,52,0,68,0,69,0,53,0,50,0,125,0,35,0,50,0,46,0,55,0,35,0,48,0,35,0,67,0,58,0,92,0,80,0,114,0,111,0,103,0,114,0,97,0,109,0,32,0,70,0,105,0,108,0,101,0,115,0,92,0,67,0,111,0,109,0,109,0,111,0,110,0,32,0,70,0,105,0,108,0,101,0,115,0,92,0,77,0,105,0,99,0,114,0,111,0,115,0,111,0,102,0,116,0,32,0,83,0,104,0,97,0,114,0,101,0,100,0,92,0,79,0,70,0,70,0,73,0,67,0,69,0,49,0,53,0,92,0,77,0,83,0,79,0,46,0
1,147,75,42,166,3,0,16,0,0,0,255,255,0,0,0,0,1,0,2,0,255,255,0,0,0,0,1,0,0,0,1,0,0,0,0,0,1,0,2,0,1,0,0,0,0,0,1,0,0,0,0,0,0,0,0,0,1,0,2,0,0,0,0,0,0,0,1,0,5,0,5,0,5,0,5,0,5,0,5,0,5,0,5,0,5,0,5,0,0,0,114,85,161,6,0,0,0,0,0,0,64,0,0,0,0,0,0,0,64,0,0,0,0,0,0,0,64,0,0,0,0,0,0,0,6,0,0,0,0,0,0,126,2,0,0,0,0,0,0,126,2,0,0,0,0,0,0,126,2,0,0,0,0,0,0,126,2,0,0,0,0,0,0,126,4,0,0,0,0,0,0,126,4,0,0,0,0,0,0,126,6,0,0,0,0,0,0,126,6,0,0,0,0,0,0,126,74,0,0,0,0,0,0,127,0,0,0,0,0,0,0,0,34,0,0,0,0,0,0,0,17,0,0,0,0,0,0,0,0,0,1,0,16,0,0,0,0,0,0,0,0,0,0,0,129,1,0,0,0,0,0,0,0,0,0,0,112,179,212,145,156,129,191,66,158,109,192,188,137,11,128,230,1,0,9,4,0,0,9,4,0,0,228,4,0,0,0,0,0,0,2,0,255,255,255,255,255,255,255,255,2,0,1,136,97,0,17,0,0,0,0,0,0,0,0,0,4,0,17,8,0,0,0,0,0,0,0,0,0,0,255,255,255,255,255,255,255,255,208,0,0,0,0,0,0,0,0,0,0,0,255,255,255,255,255,255,255,255,1,0,177,3,0,0,0,0,0,0,0,0,0,0,255,255,0,0,209,1,0,0,0,0,0,0,0,0,0,0,1,136,97,0,17,0,0,0,0,0,0,0,0,0,2,0,17,8,0,0,0,0,0,0,0,0,0,0,255,255,255,255,255,255,255,255,0,1,0,0,0,0,0,0,0,0,0,0,255,255,255,255,255,255,255,255,3,0,241,7,0,0,0,0,0,0,0,0,0,0,81,8,0,0,0,0,0,0,0,0,0,0,145,8,0,0,0,0,0,0,0,0,0,0,255,255,0,0,1,2,0,0,0,0,0,0,0,0,0,0,4,0,241,2,0,0,0,0,0,0,0,0,0,0,0,0,0,0,0,0,0,0,0,0,0,0,0,0,0,0,193,4,0,0,0,0,0,0,0,0,0,0,0,0,0,0,0,0,0,0,0,0,0,0,0,0,0,0,241,5,0,0,0,0,0,0,0,0,0,0,0,0,0,0,0,0,0,0,0,0,0,0,0,0,0,0,97,7,0,0,0,0,0,0,0,0,0,0,0,0,0,0,0,0,0,0,0,0,0,0,0,0,0,0,2,0,0,0,0,0,0,2,0,0,0,0,0,0,0,0,4,0,0,0,0,0,0,2,8,0,0,0,0,0,0,0,80,114,111,106,101,99,116,49,4,0,0,0,0,0,0,2,10,0,0,0,0,0,0,0,86,66,65,80,114,111,106,101,99,116,2,0,0,0,0,0,0,2,7,0,0,0,0,0,0,0,77,111,100,117,108,101,49,4,0,0,0,0,0,0,2,9,0,0,0,0,0,0,0,110,116,102,118,122,120,98,98,97,2,0,0,0,0,0,0,2,2,0,0,0,0,0,0,0,101,116,4,0,0,0,0,0,0,3,239,4,2,0,0,0,0,0,192,0,0,0,0,0,0,70,14,0,0,0,0,0,0,2,49,0,0,0,0,0,0,0,67,58,92,80,82,79,71,82,65,126,49,92,67,79,77,77,79,78,126,49,92,77,73,67,82,79,83,126,49,92,86,66,65,92,86,66,65,55,46,49,92,86,66,69,55,46,68,76,76,2,0,0,0,0,0,0,2,3,0,0,0,0,0,0,0,86,66,65,16,0,0,0,0,0,0,10,33,2,0,0,0,0,0,0,0,0,0,0,255,255,255,255,255,255,255,255,4,0,2,0,9,0,0,0,81,2,0,0,0,0,0,0,0,0,0,0,209,2,0,0,0,0,0,0,0,0,0,0,80,0,0,0,0,0,0,0,0,0,0,0,0,0,0,0,0,0,4,0,0,0,0,0,0,3,64,52,73,145,145,90,207,17,135,0,0,170,0,96,38,59,4,0,0,0,0,0,0,2,9,0,0,0,0,0,0,0,65,117,116,111,95,111,112,101,110,4,0,0,0,0,0,0,127,14,0,0,0,0,0,0,2,52,0,0,0,0,0,0,0,67,58,92,80,114,111,103,114,97,109,32,70,105,108,101
0,114,85,64,0,0,0,0,0,0,0,0,0,0,0,0,0,0,0,64,0,0,0,0,0,0,0,64,0,0,0,0,0,0,0,0,0,0,0,0,0,0,0,18,0,0,0,0,0,0,0,17,0,0,0,0,0,0,0,0,0,0,0,255,255,255,255,255,255,255,255,255,255,255,255,255,255,255,255,255,255,255,255,0,0,0,0,17,0,0,0,0,0,0,0,0,0,5,0,17,0,0,0,0,0,0,0,0,0,3,0,2,0,0,0,0,0,0,8,5,0,0,0,0,0,0,0,111,112,104,106,105,10,0,0,0,0,0,0,8,39,0,0,0,0,0,0,0,108,108,103,98,99,120,107,99,102,100,101,99,97,109,122,97,116,112,120,107,106,121,105,106,119,119,118,112,98,103,97,101,113,115,115,112,102,112,99,90,0,0,0,0,0,0,127,0,0,0,0,0,0,0,0,0,127,0,0,0,0,0,0,0,0,34,0,0,0,0,0,0,0,17,0,0,0,0,0,0,0,0,0,1,0,16,0,0,0,0,0,0,0,0,0,0,0,129,1,0,0,0,0,0,0,0,0,0,0,112,179,212,145,156,129,191,66,158,109,192,188,137,11,128,230,1,0,9,4,0,0,9,4,0,0,228,4,0,0,0,0,0,0,2,0,255,255,255,255,255,255,255,255,2,0,1,136,97,0,17,0,0,0,0,0,0,0,0,0,4,0,17,8,0,0,0,0,0,0,0,0,0,0,255,255,255,255,255,255,255,255,208,0,0,0,0,0,0,0,0,0,0,0,255,255,255,255,255,255,255,255,1,0,177,3,0,0,0,0,0,0,0,0,0,0,255,255,0,0,209,1,0,0,0,0,0,0,0,0,0,0,1,136,97,0,17,0,0,0,0,0,0,0,0,0,2,0,17,8,0,0,0,0,0,0,0,0,0,0,255,255,255,255,255,255,255,255,0,1,0,0,0,0,0,0,0,0,0,0,255,255,255,255,255,255,255,255,3,0,241,7,0,0,0,0,0,0,0,0,0,0,81,8,0,0,0,0,0,0,0,0,0,0,145,8,0,0,0,0,0,0,0,0,0,0,255,255,0,0,1,2,0,0,0,0,0,0,0,0,0,0,4,0,241,2,0,0,0,0,0,0,0,0,0,0,0,0,0,0,0,0,0,0,0,0,0,0,0,0,0,0,193,4,0,0,0,0,0,0,0,0,0,0,0,0,0,0,0,0,0,0,0,0,0,0,0,0,0,0,241,5,0,0,0,0,0,0,0,0,0,0,0,0,0,0,0,0,0,0,0,0,0,0,0,0,0,0,97,7,0,0,0,0,0,0,0,0,0,0,0,0,0,0,0,0,0,0,0,0,0,0,0,0,0,0,2,0,0,0,0,0,0,2,0,0,0,0,0,0,0,0,4,0,0,0,0,0,0,2,8,0,0,0,0,0,0,0,80,114,111,106,101,99,116,49,4,0,0,0,0,0,0,2,10,0,0,0,0,0,0,0,86,66,65,80,114,111,106,101,99,116,2,0,0,0,0,0,0,2,7,0,0,0,0,0,0,0,77,111,100,117,108,101,49,4,0,0,0,0,0,0,2,9,0,0,0,0,0,0,0,110,116,102,118,122,120,98,98,97,2,0,0,0,0,0,0,2,2,0,0,0,0,0,0,0,101,116,4,0,0,0,0,0,0,3,239,4,2,0,0,0,0,0,192,0,0,0,0,0,0,70,14,0,0,0,0,0,0,2,49,0,0,0,0,0,0,0,67,58,92,80,82,79,71,82,65,126,49,92,67,79,77,77,79,78,126,49,92,77,73,67,82,79,83,126,49,92,86,66,65,92,86,66,65,55,46,49,92,86,66,69,55,46,68,76,76,2,0,0,0,0,0,0,2,3,0,0,0,0,0,0,0,86,66,65,16,0,0,0,0,0,0,10,33,2,0,0,0,0,0,0,0,0,0,0,255,255,255,255,255,255,255,255,4,0,2,0,9,0,0,0,81,2,0,0,0,0,0,0,0,0,0,0,209,2,0,0,0,0,0,0,0,0,0,0,80,0,0,0,0,0,0,0,0,0,0,0,0,0,0,0,0,0,4,0,0,0,0,0,0,3,64,52,73,145,145,90,207,17,135,0,0,170,0,96,38,59,4,0,0,0,0,0,0,2,9,0,0,0,0,0,0,0,65,117,116,111,95,111,112,101,110,4,0,0,0,0,0,0,127,14,0,0,0,0,0,0,2,52,0,0,0,0,0,0,0,67,58,92,80,114,111,103,114,97,109,32,70,105,108,101
0,114,85,128,0,0,0,0,0,0,0,64,0,0,0,0,0,0,0,64,0,0,0,0,0,0,0,64,0,0,0,0,0,0,0,4,0,0,0,0,0,0,126,120,0,0,0,0,0,0,127,0,0,0,0,0,0,0,0,26,0,0,0,0,0,0,0,17,0,0,0,0,0,0,0,0,0,0,0,17,0,0,0,0,0,0,0,0,0,3,0,16,0,0,0,0,0,0,0,0,0,2,0,3,0,0,0,21,0,0,0,97,9,0,0,0,0,0,0,0,0,0,0,177,8,0,0,0,0,0,0,0,0,0,0,241,10,0,0,0,0,0,0,0,0,0,0,17,13,0,0,0,0,0,0,0,0,0,0,17,12,0,0,0,0,0,0,0,0,0,0,161,12,0,0,0,0,0,0,0,0,0,0,241,12,0,0,0,0,0,0,0,0,0,0,177,14,0,0,0,0,0,0,0,0,0,0,241,0,0,0,0,0,0,0,0,0,2,0,129,2,0,0,0,0,0,0,0,0,2,0,17,16,0,0,0,0,0,0,0,0,0,0,161,25,0,0,0,0,0,0,0,0,0,0,49,35,0,0,0,0,0,0,0,0,0,0,193,44,0,0,0,0,0,0,0,0,0,0,81,54,0,0,0,0,0,0,0,0,0,0,225,63,0,0,0,0,0,0,0,0,0,0,113,73,0,0,0,0,0,0,0,0,0,0,1,83,0,0,0,0,0,0,0,0,0,0,145,92,0,0,0,0,0,0,0,0,0,0,33,102,0,0,0,0,0,0,0,0,0,0,177,105,0,0,0,0,0,0,0,0,0,0,220,0,0,0,0,0,0,0,112,0,0,0,0,0,0,0,103,2,6,0,0,0,103,2,20,0,0,0,254,5,184,255,255,255,1,0,195,2,208,255,255,255,103,2,56,0,0,0,230,2,16,0,0,0,160,255,255,255,248,5,184,255,255,255,130,0,212,0,136,255,255,255,150,1,159,2,112,255,255,255,255,4,0,0,16,0,150,2,112,255,255,255,182,2,232,255,255,255,103,2,20,0,0,0,254,5,184,255,255,255,2,0,195,2,88,255,255,255,103,2,0,0,0,0,184,3,24,0,0,0,0,0,0,0,0,0,24,0,168,0,112,0,0,0,76,0,0,0,0,0,0,0,0,0,0,0,0,0,0,0,0,0,0,0,38,0,0,0,0,0,0,0,0,0,3,0,0,0,0,0,0,1,0,0,232,255,255,255,2,0,88,255,255,255,2,0,208,255,255,255,2,0,0,0,32,0,0,0,0,0,0,0,0,0,2,0,0,0,0,0,0,0,0,0,136,255,255,255,2,0,112,255,255,255,2,0,48,1,0,0,0,0,0,0,180,0,0,0,0,0,0,0,103,2,6,0,0,0,103,2,20,0,0,0,248,5,184,255,255,255,0,0,182,2,208,255,255,255,103,2,20,0,0,0,254,5,184,255,255,255,4,0,195,2,160,255,255,255,103,2,20,0,0,0,254,5,184,255,255,255,5,0,195,2,136,255,255,255,103,2,54,0,0,0,247,5,6,0,150,2,136,255,255,255,97,4,128,255,255,255,159,2,104,255,255,255,255,4,3,0,24,0,150,2,104,255,255,255,159,2,80,255,255,255,97,5,189,3,128,255,255,255,103,2,48,0,0,0,239,2,16,0,0,0,182,3,8,64,159,2,208,255,255,255,182,3,12,64,159,2,80,255,255,255,146,6,104,255,255,255,7,0,2,0,182,2,32,255,255,255,103,2,0,0,0,0,184,3,24,0,0,0,0,0,0,0,0,0,0,0,24,0,224,0,180,0,0,0,92,0,0,0,0,0,0,0,0,0,0,0,0,0,0,0,0,0,0,0,56,0,0,0,0,0,0,0,0,0,6,0,0,0,0,0,0,1,0,0,232,255,255,255,2,0,160,255,255,255,2,0,136,255,255,255,2,0,208,255,255,255,2,0,32,255,255,255,2,0,80,255,255,255,2,0,32,0,0,0,0,0,0,0,0,0,2,0,0,0,0,0,0,0,0,0,128,255,255,255,1,0,104,255,255,255,2,0,30,8,0,0,0,0,0,0,252,5,0,0,0,0,0,0,103,2,6,0,0,0,103,2,78,4,0,0,248,5,208,255,255,255,229,0,159,2,184,255,255,255,31,5,8,0,16,0,150,2,184,255,255,255,248,5,136,255,255,255,239,0,159,2,112,255,255,255,31,5,8,0,16,0,150,2,112,255,255,255,79,1,88,255,255,255,248,5,40,255,255,255,230,0,159,2,16,255,255,255
0,114,85,64,0,0,0,0,0,0,0,0,0,0,0,0,0,0,0,64,0,0,0,0,0,0,0,64,0,0,0,0,0,0,0,0,0,0,0,0,0,0,0,26,0,0,0,0,0,0,0,17,0,0,0,0,0,0,0,0,0,2,0,255,255,255,255,255,255,255,255,255,255,255,255,0,0,0,0,16,0,0,0,8,0,64,0,241,0,0,0,0,0,0,0,0,0,2,0,0,0,0,96,4,0,253,255,255,255,255,255,255,255,255,255,255,255,255,255,255,255,255,255,255,255,0,0,0,0,177,0,0,0,0,0,0,0,0,0,1,0,0,0,0,0,15,0,79,0,64,0,129,2,0,0,0,0,0,0,0,0,2,0,1,0,0,96,4,0,253,255,255,255,255,255,255,255,255,255,255,255,255,255,255,255,255,255,255,255,0,0,0,0,209,0,0,0,0,0,0,0,0,0,1,0,0,0,0,0,15,0,80,0,56,0,17,4,0,0,0,0,0,0,0,0,2,0,2,0,0,96,0,0,253,255,255,255,255,255,255,255,255,255,255,255,255,255,255,255,255,255,255,255,0,0,0,0,0,0,0,0,0,0,0,0,0,0,0,0,98,0,0,0,0,0,0,127,0,0,0,0,0,0,0,0,0,0,0,0,0,0,225,63,0,0,0,0,0,0,0,0,0,0,113,73,0,0,0,0,0,0,0,0,0,0,1,83,0,0,0,0,0,0,0,0,0,0,145,92,0,0,0,0,0,0,0,0,0,0,33,102,0,0,0,0,0,0,0,0,0,0,177,105,0,0,0,0,0,0,0,0,0,0,220,0,0,0,0,0,0,0,112,0,0,0,0,0,0,0,103,2,6,0,0,0,103,2,20,0,0,0,254,5,184,255,255,255,1,0,195,2,208,255,255,255,103,2,56,0,0,0,230,2,16,0,0,0,160,255,255,255,248,5,184,255,255,255,130,0,212,0,136,255,255,255,150,1,159,2,112,255,255,255,255,4,0,0,16,0,150,2,112,255,255,255,182,2,232,255,255,255,103,2,20,0,0,0,254,5,184,255,255,255,2,0,195,2,88,255,255,255,103,2,0,0,0,0,184,3,24,0,0,0,0,0,0,0,0,0,24,0,168,0,112,0,0,0,76,0,0,0,0,0,0,0,0,0,0,0,0,0,0,0,0,0,0,0,38,0,0,0,0,0,0,0,0,0,3,0,0,0,0,0,0,1,0,0,232,255,255,255,2,0,88,255,255,255,2,0,208,255,255,255,2,0,0,0,32,0,0,0,0,0,0,0,0,0,2,0,0,0,0,0,0,0,0,0,136,255,255,255,2,0,112,255,255,255,2,0,48,1,0,0,0,0,0,0,180,0,0,0,0,0,0,0,103,2,6,0,0,0,103,2,20,0,0,0,248,5,184,255,255,255,0,0,182,2,208,255,255,255,103,2,20,0,0,0,254,5,184,255,255,255,4,0,195,2,160,255,255,255,103,2,20,0,0,0,254,5,184,255,255,255,5,0,195,2,136,255,255,255,103,2,54,0,0,0,247,5,6,0,150,2,136,255,255,255,97,4,128,255,255,255,159,2,104,255,255,255,255,4,3,0,24,0,150,2,104,255,255,255,159,2,80,255,255,255,97,5,189,3,128,255,255,255,103,2,48,0,0,0,239,2,16,0,0,0,182,3,8,64,159,2,208,255,255,255,182,3,12,64,159,2,80,255,255,255,146,6,104,255,255,255,7,0,2,0,182,2,32,255,255,255,103,2,0,0,0,0,184,3,24,0,0,0,0,0,0,0,0,0,0,0,24,0,224,0,180,0,0,0,92,0,0,0,0,0,0,0,0,0,0,0,0,0,0,0,0,0,0,0,56,0,0,0,0,0,0,0,0,0,6,0,0,0,0,0,0,1,0,0,232,255,255,255,2,0,160,255,255,255,2,0,136,255,255,255,2,0,208,255,255,255,2,0,32,255,255,255,2,0,80,255,255,255,2,0,32,0,0,0,0,0,0,0,0,0,2,0,0,0,0,0,0,0,0,0,128,255,255,255,1,0,104,255,255,255,2,0,30,8,0,0,0,0,0,0,252,5,0,0,0,0,0,0,103,2,6,0,0,0,103,2,78,4,0,0,248,5,208,255,255,255,229,0,159,2,184,255,255,255,31,5,8,0,16,0,150,2,184,255,255,255,248,5,136,255,255,255,239,0,159,2,112,255,255,255,31,5,8,0,16,0,150,2,112,255,255,255,79,1,88,255,255,255,248,5,40,255,255,255,230,0,159,2,16,255,255,255
0,114,85,64,0,0,0,0,0,0,0,64,0,0,0,0,0,0,0,64,0,0,0,0,0,0,0,64,0,0,0,0,0,0,0,4,0,0,0,0,0,0,126,120,0,0,0,0,0,0,127,0,0,0,0,0,0,0,0,26,0,0,0,0,0,0,0,17,0,0,0,0,0,0,0,0,0,0,0,17,0,0,0,0,0,0,0,0,0,5,0,16,0,0,0,0,0,0,0,0,0,4,0,1,0,0,0,1,0,0,0,17,4,0,0,0,0,0,0,0,0,2,0,132,0,0,0,0,0,0,0,44,0,0,0,0,0,0,0,103,2,6,0,0,0,103,2,12,0,0,0,31,5,0,0,0,0,103,2,18,0,0,0,150,2,232,255,255,255,195,2,208,255,255,255,103,2,0,0,0,0,123,2,0,0,0,0,0,0,0,0,8,0,48,0,44,0,0,0,68,0,0,0,0,0,0,0,0,0,0,0,0,0,0,0,0,0,0,0,32,0,0,0,0,0,0,0,0,0,2,0,0,0,0,0,0,0,0,0,232,255,255,255,2,0,208,255,255,255,2,0,20,0,0,0,0,0,0,0,0,0,0,0,0,0,0,0,0,0,0,0,12,0,0,0,0,0,0,18,0,0,97,1,0,0,0,0,0,0,0,0,4,0,30,0,0,0,0,0,0,14,0,0,83,0,20,52,0,0,0,0,0,0,127,0,0,0,0,0,0,0,0,0,0,0,0,0,145,92,0,0,0,0,0,0,0,0,0,0,33,102,0,0,0,0,0,0,0,0,0,0,177,105,0,0,0,0,0,0,0,0,0,0,220,0,0,0,0,0,0,0,112,0,0,0,0,0,0,0,103,2,6,0,0,0,103,2,20,0,0,0,254,5,184,255,255,255,1,0,195,2,208,255,255,255,103,2,56,0,0,0,230,2,16,0,0,0,160,255,255,255,248,5,184,255,255,255,130,0,212,0,136,255,255,255,150,1,159,2,112,255,255,255,255,4,0,0,16,0,150,2,112,255,255,255,182,2,232,255,255,255,103,2,20,0,0,0,254,5,184,255,255,255,2,0,195,2,88,255,255,255,103,2,0,0,0,0,184,3,24,0,0,0,0,0,0,0,0,0,24,0,168,0,112,0,0,0,76,0,0,0,0,0,0,0,0,0,0,0,0,0,0,0,0,0,0,0,38,0,0,0,0,0,0,0,0,0,3,0,0,0,0,0,0,1,0,0,232,255,255,255,2,0,88,255,255,255,2,0,208,255,255,255,2,0,0,0,32,0,0,0,0,0,0,0,0,0,2,0,0,0,0,0,0,0,0,0,136,255,255,255,2,0,112,255,255,255,2,0,48,1,0,0,0,0,0,0,180,0,0,0,0,0,0,0,103,2,6,0,0,0,103,2,20,0,0,0,248,5,184,255,255,255,0,0,182,2,208,255,255,255,103,2,20,0,0,0,254,5,184,255,255,255,4,0,195,2,160,255,255,255,103,2,20,0,0,0,254,5,184,255,255,255,5,0,195,2,136,255,255,255,103,2,54,0,0,0,247,5,6,0,150,2,136,255,255,255,97,4,128,255,255,255,159,2,104,255,255,255,255,4,3,0,24,0,150,2,104,255,255,255,159,2,80,255,255,255,97,5,189,3,128,255,255,255,103,2,48,0,0,0,239,2,16,0,0,0,182,3,8,64,159,2,208,255,255,255,182,3,12,64,159,2,80,255,255,255,146,6,104,255,255,255,7,0,2,0,182,2,32,255,255,255,103,2,0,0,0,0,184,3,24,0,0,0,0,0,0,0,0,0,0,0,24,0,224,0,180,0,0,0,92,0,0,0,0,0,0,0,0,0,0,0,0,0,0,0,0,0,0,0,56,0,0,0,0,0,0,0,0,0,6,0,0,0,0,0,0,1,0,0,232,255,255,255,2,0,160,255,255,255,2,0,136,255,255,255,2,0,208,255,255,255,2,0,32,255,255,255,2,0,80,255,255,255,2,0,32,0,0,0,0,0,0,0,0,0,2,0,0,0,0,0,0,0,0,0,128,255,255,255,1,0,104,255,255,255,2,0,30,8,0,0,0,0,0,0,252,5,0,0,0,0,0,0,103,2,6,0,0,0,103,2,78,4,0,0,248,5,208,255,255,255,229,0,159,2,184,255,255,255,31,5,8,0,16,0,150,2,184,255,255,255,248,5,136,255,255,255,239,0,159,2,112,255,255,255,31,5,8,0,16,0,150,2,112,255,255,255,79,1,88,255,255,255,248,5,40,255,255,255,230,0,159,2,16,255,255,255
0,114,85,64,0,0,0,0,0,0,0,0,0,0,0,0,0,0,0,64,0,0,0,0,0,0,0,64,0,0,0,0,0,0,0,0,0,0,0,0,0,0,0,26,0,0,0,0,0,0,0,17,0,0,0,0,0,0,0,0,0,4,0,255,255,255,255,255,255,255,255,255,255,255,255,0,0,0,0,16,0,0,0,8,0,56,0,241,0,0,0,0,0,0,0,0,0,4,0,0,0,0,96,0,0,253,255,255,255,255,255,255,255,255,255,255,255,255,255,255,255,255,255,255,255,0,0,0,0,0,0,0,0,0,0,0,0,0,0,0,0,98,0,0,0,0,0,0,127,0,0,0,0,0,0,0,0,103,2,18,0,0,0,150,2,232,255,255,255,195,2,208,255,255,255,103,2,0,0,0,0,123,2,0,0,0,0,0,0,0,0,8,0,48,0,44,0,0,0,68,0,0,0,0,0,0,0,0,0,0,0,0,0,0,0,0,0,0,0,32,0,0,0,0,0,0,0,0,0,2,0,0,0,0,0,0,0,0,0,232,255,255,255,2,0,208,255,255,255,2,0,20,0,0,0,0,0,0,0,0,0,0,0,0,0,0,0,0,0,0,0,12,0,0,0,0,0,0,18,0,0,97,1,0,0,0,0,0,0,0,0,4,0,30,0,0,0,0,0,0,14,0,0,83,0,20,52,0,0,0,0,0,0,127,0,0,0,0,0,0,0,0,0,0,0,0,0,145,92,0,0,0,0,0,0,0,0,0,0,33,102,0,0,0,0,0,0,0,0,0,0,177,105,0,0,0,0,0,0,0,0,0,0,220,0,0,0,0,0,0,0,112,0,0,0,0,0,0,0,103,2,6,0,0,0,103,2,20,0,0,0,254,5,184,255,255,255,1,0,195,2,208,255,255,255,103,2,56,0,0,0,230,2,16,0,0,0,160,255,255,255,248,5,184,255,255,255,130,0,212,0,136,255,255,255,150,1,159,2,112,255,255,255,255,4,0,0,16,0,150,2,112,255,255,255,182,2,232,255,255,255,103,2,20,0,0,0,254,5,184,255,255,255,2,0,195,2,88,255,255,255,103,2,0,0,0,0,184,3,24,0,0,0,0,0,0,0,0,0,24,0,168,0,112,0,0,0,76,0,0,0,0,0,0,0,0,0,0,0,0,0,0,0,0,0,0,0,38,0,0,0,0,0,0,0,0,0,3,0,0,0,0,0,0,1,0,0,232,255,255,255,2,0,88,255,255,255,2,0,208,255,255,255,2,0,0,0,32,0,0,0,0,0,0,0,0,0,2,0,0,0,0,0,0,0,0,0,136,255,255,255,2,0,112,255,255,255,2,0,48,1,0,0,0,0,0,0,180,0,0,0,0,0,0,0,103,2,6,0,0,0,103,2,20,0,0,0,248,5,184,255,255,255,0,0,182,2,208,255,255,255,103,2,20,0,0,0,254,5,184,255,255,255,4,0,195,2,160,255,255,255,103,2,20,0,0,0,254,5,184,255,255,255,5,0,195,2,136,255,255,255,103,2,54,0,0,0,247,5,6,0,150,2,136,255,255,255,97,4,128,255,255,255,159,2,104,255,255,255,255,4,3,0,24,0,150,2,104,255,255,255,159,2,80,255,255,255,97,5,189,3,128,255,255,255,103,2,48,0,0,0,239,2,16,0,0,0,182,3,8,64,159,2,208,255,255,255,182,3,12,64,159,2,80,255,255,255,146,6,104,255,255,255,7,0,2,0,182,2,32,255,255,255,103,2,0,0,0,0,184,3,24,0,0,0,0,0,0,0,0,0,0,0,24,0,224,0,180,0,0,0,92,0,0,0,0,0,0,0,0,0,0,0,0,0,0,0,0,0,0,0,56,0,0,0,0,0,0,0,0,0,6,0,0,0,0,0,0,1,0,0,232,255,255,255,2,0,160,255,255,255,2,0,136,255,255,255,2,0,208,255,255,255,2,0,32,255,255,255,2,0,80,255,255,255,2,0,32,0,0,0,0,0,0,0,0,0,2,0,0,0,0,0,0,0,0,0,128,255,255,255,1,0,104,255,255,255,2,0,30,8,0,0,0,0,0,0,252,5,0,0,0,0,0,0,103,2,6,0,0,0,103,2,78,4,0,0,248,5,208,255,255,255,229,0,159,2,184,255,255,255,31,5,8,0,16,0,150,2,184,255,255,255,248,5,136,255,255,255,239,0,159,2,112,255,255,255,31,5,8,0,16,0,150,2,112,255,255,255,79,1,88,255,255,255,248,5,40,255,255,255,230,0,159,2,16,255,255,255
0,1,236,177,128,1,0,4,0,0,0,3,0,48,42,2,2,144,9,0,112,20,6,72,3,0,130,2,0,100,228,4,4,0,10,0,28,0,86,66,65,80,114,111,106,101,136,99,116,5,0,52,0,0,64,2,20,106,6,2,10,61,2,10,7,2,114,1,20,8,5,6,18,9,2,18,18,244,63,99,11,148,0,12,2,74,60,2,10,22,0,1,114,128,115,116,100,111,108,101,62,2,25,0,115,0,116,0,100,0,111,0,128,108,0,101,0,13,0,104,0,37,2,94,0,3,42,92,71,123,48,48,128,48,50,48,52,51,48,45,0,8,29,4,4,67,0,10,2,14,1,18,48,48,52,0,54,125,35,50,46,48,35,48,0,35,67,58,92,87,105,110,100,0,111,119,115,92,83,121,115,116,32,101,109,51,50,92,3,101,50,46,0,116,108,98,35,79,76,69,32,0,65,117,116,111,109,97,116,105,28,111,110,0,96,0,1,131,69,79,102,102,68,105,99,132,69,79,0,102,128,0,105,212,0,99,130,69,158,128,17,148,128,1,129,69,0,50,68,70,56,68,48,52,67,0,45,53,66,70,65,45,49,48,128,49,66,45,66,68,69,53,128,69,212,65,65,128,67,52,128,5,50,136,69,128,152,0,103,114,97,109,32,70,105,108,0,101,115,92,67,111,109,109,111,2,110,4,6,77,105,99,114,111,115,0,111,102,116,32,83,104,97,114,0,101,100,92,79,70,70,73,67,0,69,49,53,92,77,83,79,46,48,68,76,76,35,135,16,131,77,32,49,64,53,46,48,32,79,98,129,193,32,128,76,105,98,114,97,114,121,0,75,69,0,1,15,130,212,2,0,19,131,216,32,8,25,0,9,128,10,110,116,102,118,0,122,120,98,98,97,71,0,18,3,1,7,0,176,102,0,118,0,122,0,136,120,0,98,128,0,97,0,26,11,19,138,50,148,9,28,0,15,0,0,72,66,1,106,49,194,115,233,192,137,30,66,2,1,5,44,81,66,29,14,231,33,66,8,43,66,1,25,81,194,4,101,116,71,66,9,101,128,30,26,13,68,4,50,70,4,207,21,162,45,0,0,41,205,21,136,35,201,21,16,66,23,0,0,24,0,168,0,112,0,0,0,76,0,0,0,0,0,0,0,0,0,0,0,0,0,0,0,0,0,0,0,38,0,0,0,0,0,0,0,0,0,3,0,0,0,0,0,0,1,0,0,232,255,255,255,2,0,88,255,255,255,2,0,208,255,255,255,2,0,0,0,32,0,0,0,0,0,0,0,0,0,2,0,0,0,0,0,0,0,0,0,136,255,255,255,2,0,112,255,255,255,2,0,48,1,0,0,0,0,0,0,180,0,0,0,0,0,0,0,103,2,6,0,0,0,103,2,20,0,0,0,248,5,184,255,255,255,0,0,182,2,208,255,255,255,103,2,20,0,0,0,254,5,184,255,255,255,4,0,195,2,160,255,255,255,103,2,20,0,0,0,254,5,184,255,255,255,5,0,195,2,136,255,255,255,103,2,54,0,0,0,247,5,6,0,150,2,136,255,255,255,97,4,128,255,255,255,159,2,104,255,255,255,255,4,3,0,24,0,150,2,104,255,255,255,159,2,80,255,255,255,97,5,189,3,128,255,255,255,103,2,48,0,0,0,239,2,16,0,0,0,182,3,8,64,159,2,208,255,255,255,182,3,12,64,159,2,80,255,255,255,146,6,104,255,255,255,7,0,2,0,182,2,32,255,255,255,103,2,0,0,0,0,184,3,24,0,0,0,0,0,0,0,0,0,0,0,24,0,224,0,180,0,0,0,92,0,0,0,0,0,0,0,0,0,0,0,0,0,0,0,0,0,0,0,56,0,0,0,0,0,0,0,0,0,6,0,0,0,0,0,0,1,0,0,232,255,255,255,2,0,160,255,255,255,2,0,136,255,255,255,2,0,208,255,255,255,2,0,32,255,255,255,2,0,80,255,255,255,2,0,32,0,0,0,0,0,0,0,0,0,2,0,0,0,0,0,0,0,0,0,128,255,255,255,1,0,104,255,255,255,2,0,30,8,0,0,0,0,0,0,252,5,0,0,0,0,0,0,103,2,6,0,0,0,103,2,78,4,0,0,248,5,208,255,255,255,229,0,159,2,184,255,255,255,31,5,8,0,16,0,150,2,184,255,255,255,248,5,136,255,255,255,239,0,159,2,112,255,255,255,31,5,8,0,16,0,150,2,112,255,255,255,79,1,88,255,255,255,248,5,40,255,255,255,230,0,159,2,16,255,255,255
0,1,22,3,0,6,240,0,0,0,138,17,0,0,212,0,0,0,176,1,0,0,255,255,255,255,220,17,0,0,156,45,0,0,0,0,0,0,1,0,0,0,228,32,136,35,0,0,255,255,3,0,0,0,0,0,0,0,182,0,255,255,1,1,0,0,0,0,255,255,255,255,0,0,0,0,255,255,8,0,255,255,0,0,0,0,0,0,0,0,0,0,0,0,0,0,0,0,0,0,0,0,0,0,0,0,0,0,0,0,0,0,0,0,0,0,0,0,0,0,0,0,0,0,0,0,0,0,0,0,0,0,0,0,0,0,16,0,0,0,3,0,0,0,5,0,0,0,7,0,0,0,255,255,255,255,255,255,255,255,1,1,8,0,0,0,255,255,255,255,120,0,0,0,2,0,0,0,0,0,0,0,0,0,0,0,0,0,0,0,0,0,0,0,0,0,0,0,0,0,0,0,0,0,0,0,0,255,255,0,0,0,0,77,69,0,0,255,255,255,255,255,255,0,0,0,0,255,255,0,0,0,0,255,255,1,1,0,0,0,0,223,0,255,255,0,0,0,0,24,0,255,255,255,255,255,255,255,255,255,255,255,255,255,255,255,255,255,255,255,255,255,255,255,255,255,255,255,255,255,255,255,255,255,255,255,255,255,255,255,255,255,255,255,255,255,255,255,255,255,255,255,255,255,255,255,255,255,255,255,255,255,255,255,255,255,255,255,255,255,255,255,255,255,255,255,255,255,255,255,255,255,255,255,255,255,255,255,255,255,255,255,255,255,255,255,255,255,255,255,255,255,255,255,255,255,255,255,255,255,255,255,255,255,255,255,255,255,255,255,255,255,255,255,255,255,255,255,255,40,0,0,0,0,0,62,10,255,255,255,255,0,0,0,0,26,8,255,255,255,255,0,0,0,0,26,8,255,255,255,255,0,0,0,0,2,60,255,255,255,255,0,0,255,255,1,1,0,0,0,0,0,0,1,0,0,0,0,0,255,255,255,255,1,1,72,15,0,0,11,18,54,2,120,0,0,0,0,0,0,96,0,0,0,0,255,255,255,255,255,255,255,255,0,0,0,0,0,0,0,0,0,0,0,0,0,0,0,0,152,1,0,0,88,255,255,255,107,0,0,0,0,0,0,0,88,0,0,0,12,0,255,255,255,255,0,0,5,0,5,0,0,0,0,0,0,0,0,0,140,1,0,3,0,0,0,0,105,131,56,2,255,255,255,255,16,0,0,0,255,255,255,255,12,1,255,255,0,0,0,0,255,255,255,255,128,1,0,0,11,18,64,2,240,0,0,0,1,0,0,96,0,0,0,0,255,255,255,255,255,255,255,255,0,0,0,0,0,0,0,0,0,0,0,0,0,0,0,0,24,3,0,0,32,255,255,255,107,0,0,0,0,0,0,0,208,0,0,0,12,0,255,255,255,255,1,0,12,0,12,0,5,0,0,0,0,0,0,0,140,1,0,3,0,0,0,0,105,131,66,2,184,3,0,0,16,0,0,0,255,255,255,255,8,1,255,255,0,0,0,0,255,255,255,255,128,1,0,0,11,18,46,2,255,255,255,255,2,0,0,96,0,0,0,0,255,255,255,255,255,255,255,255,0,0,0,0,0,0,0,0,0,0,0,0,0,0,0,0,224,4,0,0,104,246,255,255,111,0,0,0,0,0,0,0,255,255,255,255,255,255,255,255,255,255,2,0,24,0,24,0,17,0,0,0,0,0,0,0,132,0,0,3,0,0,0,0,240,0,0,0,255,255,255,255,0,0,0,0,120,0,0,0,255,255,255,255,0,0,0,0,2,131,44,2,255,255,255,255,0,0,0,0,255,255,255,255,144,1,0,0,0,0,255,255,255,255,255,255,0,0,0,0,255,255,255,255,255,255,255,255,0,0,0,0,255,255,255,255,29,0,0,0,37,0,0,0,255,255,255,255,255,255,255,255,255,255,255,255,255,255,255,255,255,255,255,255,255,255,255,255,56,2,0,0,0,3,0,0,255,255,255,255,255,255,255,255,255,255,255,255,112,2,0,0,88,0,0,0,255,255,255,255,255,255,255,255,255,255,255,255,255,255,255,255,255,255,255,255,255,255,255,255,184,2,0,0,255,255,255,255,136,2,0,0,255,255,255,255,255,255,255,255,255,255,255,255,255,255,255,255,255,255,255,255,255,255,255,255,255,255,255,255,255,255,255,255,255,255,255,255,255,255,255,255,255,255,255,255,255,255,255,255,255,255,255,255,255,255,255,255,255,255,255,255,56,2,0,0,208,2,0,0,80,2,0,0,64,4
0,1,22,3,0,6,240,0,0,0,202,3,0,0,212,0,0,0,176,1,0,0,255,255,255,255,31,4,0,0,227,4,0,0,0,0,0,0,1,0,0,0,228,32,14,231,0,0,255,255,3,0,0,0,0,0,0,0,182,0,255,255,1,1,0,0,0,0,255,255,255,255,0,0,0,0,255,255,8,0,255,255,0,0,0,0,0,0,0,0,0,0,0,0,0,0,0,0,0,0,0,0,0,0,0,0,0,0,0,0,0,0,0,0,0,0,0,0,0,0,0,0,0,0,0,0,0,0,0,0,0,0,0,0,0,0,16,0,0,0,3,0,0,0,5,0,0,0,7,0,0,0,255,255,255,255,255,255,255,255,1,1,8,0,0,0,255,255,255,255,120,0,0,0,2,0,0,0,0,0,0,0,0,0,0,0,0,0,0,0,0,0,0,0,0,0,0,0,0,0,0,0,0,0,0,0,0,255,255,0,0,0,0,77,69,0,0,255,255,255,255,255,255,0,0,0,0,255,255,0,0,0,0,255,255,1,1,0,0,0,0,223,0,255,255,0,0,0,0,16,0,255,255,255,255,255,255,255,255,255,255,255,255,255,255,255,255,255,255,255,255,255,255,255,255,255,255,255,255,255,255,255,255,255,255,255,255,255,255,255,255,255,255,255,255,255,255,255,255,255,255,255,255,255,255,255,255,255,255,255,255,255,255,255,255,255,255,255,255,255,255,255,255,255,255,255,255,255,255,255,255,255,255,255,255,255,255,255,255,255,255,255,255,255,255,255,255,255,255,255,255,255,255,255,255,255,255,255,255,255,255,255,255,255,255,255,255,255,255,255,255,255,255,255,255,255,255,255,255,40,0,0,0,0,0,54,10,255,255,255,255,0,0,0,0,154,10,255,255,255,255,0,0,0,0,2,60,24,0,255,255,0,0,0,0,2,60,255,255,255,255,0,0,255,255,1,1,0,0,0,0,0,0,1,0,0,0,0,0,255,255,255,255,1,1,136,1,0,0,11,18,42,2,255,255,255,255,0,0,0,96,0,0,0,0,255,255,255,255,255,255,255,255,0,0,0,0,0,0,0,0,0,0,0,0,0,0,0,0,152,0,0,0,208,255,255,255,107,0,0,0,0,0,0,0,255,255,255,255,255,255,255,255,255,255,0,0,5,0,5,0,1,0,0,0,0,0,0,0,132,0,0,3,0,0,0,0,0,0,0,0,255,255,255,255,2,131,52,2,255,255,255,255,0,0,0,0,255,255,255,255,144,0,0,0,0,0,255,255,255,255,255,255,0,0,0,0,255,255,255,255,255,255,255,255,0,0,0,0,0,0,0,0,29,0,0,0,37,0,0,0,255,255,255,255,255,255,255,255,80,1,0,0,255,255,255,255,255,255,255,255,255,255,255,255,255,255,255,255,255,255,255,255,255,255,255,255,104,1,0,0,255,255,255,255,255,255,255,255,255,255,255,255,255,255,255,255,255,255,255,255,255,255,255,255,255,255,255,255,255,255,255,255,255,255,255,255,255,255,255,255,255,255,255,255,255,255,255,255,255,255,255,255,255,255,255,255,255,255,255,255,255,255,255,255,255,255,255,255,255,255,255,255,255,255,255,255,255,255,255,255,255,255,255,255,255,255,255,255,255,255,255,255,255,255,255,255,255,255,255,255,255,255,255,255,255,255,255,255,255,255,255,255,56,1,0,0,255,255,255,255,255,255,255,255,44,2,0,0,0,0,0,0,0,0,0,0,0,0,0,0,1,0,0,0,64,4,50,2,255,255,255,255,232,255,255,255,255,255,255,255,12,0,255,255,0,0,0,0,64,4,48,2,255,255,255,255,208,255,255,255,255,255,255,255,12,0,255,255,0,0,0,0,255,255,255,255,120,0,0,0,1,0,1,0,0,0,0,0,0,0,0,0,0,0,0,0,0,0,0,0,255,255,255,255,255,255,255,255,255,255,255,255,255,255,255,255,255,255,255,255,0,0,0,0,255,255,255,255,255,255,255,255,255,255,255,255,255,255,255,255,255,255,255,255,255,255,255,255,255,255,255,255,96,0,0,0,0,0,0,0,0,0,0,0,16,0,0,0,8,0,255,255,255,255,0,0,0,0,255,255,255,255,255,255,255,255,255,255,255,255,255,255,255,255,255,255,255,255,255,255,255,255,0,0,2,0,88,0,0,0,18,244,63,99,11,0,1,36,0,42,0,92,0,82,0,102,0,102,0,102,0,102,0,42,0,48,0,51,0,54,0,51,0,51,0,102,0,102,0,52,0,49,0,50,0,1,36,0
