0,1,0,254,255,3,10,0,0,255,255,255,255,1,18,2,0,0,0,0,0,0,192,0,0,0,0,0,70,24,0,0,0,77,105,99,114,111,115,111,102,116,32,80,117,98,108,105,115,104,101,114,32,51,46,48,0,14,0,0,0,77,83,80,117,98,108,105,115,104,101,114,46,51,0,0,0,0,0,244,57,178,113,0,0,0,0,0,0,0,0,0,0,0,0,,,,,,,,,,,,,,,,,,,,,,,,,,,,,,,,,,,,,,,,,,,,,,,,,,,,,,,,,,,,,,,,,,,,,,,,,,,,,,,,,,,,,,,,,,,,,,,,,,,,,,,,,,,,,,,,,,,,,,,,,,,,,,,,,,,,,,,,,,,,,,,,,,,,,,,,,,,,,,,,,,,,,,,,,,,,,,,,,,,,,,,,,,,,,,,,,,,,,,,,,,,,,,,,,,,,,,,,,,,,,,,,,,,,,,,,,,,,,,,,,,,,,,,,,,,,,,,,,,,,,,,,,,,,,,,,,,,,,,,,,,,,,,,,,,,,,,,,,,,,,,,,,,,,,,,,,,,,,,,,,,,,,,,,,,,,,,,,,,,,,,,,,,,,,,,,,,,,,,,,,,,,,,,,,,,,,,,,,,,,,,,,,,,,,,,,,,,,,,,,,,,,,,,,,,,,,,,,,,,,,,,,,,,,,,,,,,,,,,,,,,,,,,,,,,,,,,,,,,,,,,,,,,,,,,,,,,,,,,,,,,,,,,,,,,,,,,,,,,,,,,,,,,,,,,,,,,,,,,,,,,,,,,,,,,,,,,,,,,,,,,,,,,,,,,,,,,,,,,,,,,,,,,,,,,,,,,,,,,,,,,,,,,,,,,,,,,,,,,,,,,,,,,,,,,,,,,,,,,,,,,,,,,,,,,,,,,,,,,,,,,,,,,,,,,,,,,,,,,,,,,,,,,,,,,,,,,,,,,,,,,,,,,,,,,,,,,,,,,,,,,,,,,,,,,,,,,,,,,,,,,,,,,,,,,,,,,,,,,,,,,,,,,,,,,,,,,,,,,,,,,,,,,,,,,,,,,,,,,,,,,,,,,,,,,,,,,,,,,,,,,,,,,,,,,,,,,,,,,,,,,,,,,,,,,,,,,,,,,,,,,,,,,,,,,,,,,,,,,,,,,,,,,,,,,,,,,,,,,,,,,,,,,,,,,,,,,,,,,,,,,,,,,,,,,,,,,,,,,,,,,,,
0,0,0,1,0,0,0,0,0,0,0,0,0,1,18,2,0,0,0,0,0,0,192,0,0,0,0,0,70,24,0,0,0,77,105,99,114,111,115,111,102,116,32,80,117,98,108,105,115,104,101,114,32,51,46,48,0,14,0,0,0,77,83,80,117,98,108,105,115,104,101,114,46,51,0,0,0,0,0,244,57,178,113,0,0,0,0,0,0,0,0,0,0,0,0,,,,,,,,,,,,,,,,,,,,,,,,,,,,,,,,,,,,,,,,,,,,,,,,,,,,,,,,,,,,,,,,,,,,,,,,,,,,,,,,,,,,,,,,,,,,,,,,,,,,,,,,,,,,,,,,,,,,,,,,,,,,,,,,,,,,,,,,,,,,,,,,,,,,,,,,,,,,,,,,,,,,,,,,,,,,,,,,,,,,,,,,,,,,,,,,,,,,,,,,,,,,,,,,,,,,,,,,,,,,,,,,,,,,,,,,,,,,,,,,,,,,,,,,,,,,,,,,,,,,,,,,,,,,,,,,,,,,,,,,,,,,,,,,,,,,,,,,,,,,,,,,,,,,,,,,,,,,,,,,,,,,,,,,,,,,,,,,,,,,,,,,,,,,,,,,,,,,,,,,,,,,,,,,,,,,,,,,,,,,,,,,,,,,,,,,,,,,,,,,,,,,,,,,,,,,,,,,,,,,,,,,,,,,,,,,,,,,,,,,,,,,,,,,,,,,,,,,,,,,,,,,,,,,,,,,,,,,,,,,,,,,,,,,,,,,,,,,,,,,,,,,,,,,,,,,,,,,,,,,,,,,,,,,,,,,,,,,,,,,,,,,,,,,,,,,,,,,,,,,,,,,,,,,,,,,,,,,,,,,,,,,,,,,,,,,,,,,,,,,,,,,,,,,,,,,,,,,,,,,,,,,,,,,,,,,,,,,,,,,,,,,,,,,,,,,,,,,,,,,,,,,,,,,,,,,,,,,,,,,,,,,,,,,,,,,,,,,,,,,,,,,,,,,,,,,,,,,,,,,,,,,,,,,,,,,,,,,,,,,,,,,,,,,,,,,,,,,,,,,,,,,,,,,,,,,,,,,,,,,,,,,,,,,,,,,,,,,,,,,,,,,,,,,,,,,,,,,,,,,,,,,,,,,,,,,,,,,,,,,,,,,,,,,,,,,,,,,,,,,,,,,,,,,,,,,,,,,,,,,,,,,,,,,,,,,,,,,,,,,,,,,,,,,,,,,,,,,,,,,,,,,
0,254,255,0,0,6,2,2,0,0,0,0,0,0,0,0,0,0,0,0,0,0,0,0,0,1,0,0,0,2,213,205,213,156,46,27,16,147,151,8,0,43,44,249,174,48,0,0,0,144,0,0,0,8,0,0,0,1,0,0,0,72,0,0,0,14,0,0,0,80,0,0,0,15,0,0,0,92,0,0,0,23,0,0,0,104,0,0,0,11,0,0,0,112,0,0,0,16,0,0,0,120,0,0,0,19,0,0,0,128,0,0,0,22,0,0,0,136,0,0,0,2,0,0,0,228,4,0,0,30,0,0,0,4,0,0,0,0,0,0,0,30,0,0,0,4,0,0,0,0,0,0,0,3,0,0,0,0,0,15,0,11,0,0,0,0,0,0,0,11,0,0,0,0,0,0,0,11,0,0,0,0,0,0,0,11,0,0,0,0,0,0,0,,,,,,,,,,,,,,,,,,,,,,,,,,,,,,,,,,,,,,,,,,,,,,,,,,,,,,,,,,,,,,,,,,,,,,,,,,,,,,,,,,,,,,,,,,,,,,,,,,,,,,,,,,,,,,,,,,,,,,,,,,,,,,,,,,,,,,,,,,,,,,,,,,,,,,,,,,,,,,,,,,,,,,,,,,,,,,,,,,,,,,,,,,,,,,,,,,,,,,,,,,,,,,,,,,,,,,,,,,,,,,,,,,,,,,,,,,,,,,,,,,,,,,,,,,,,,,,,,,,,,,,,,,,,,,,,,,,,,,,,,,,,,,,,,,,,,,,,,,,,,,,,,,,,,,,,,,,,,,,,,,,,,,,,,,,,,,,,,,,,,,,,,,,,,,,,,,,,,,,,,,,,,,,,,,,,,,,,,,,,,,,,,,,,,,,,,,,,,,,,,,,,,,,,,,,,,,,,,,,,,,,,,,,,,,,,,,,,,,,,,,,,,,,,,,,,,,,,,,,,,,,,,,,,,,,,,,,,,,,,,,,,,,,,,,,,,,,,,,,,,,,,,,,,,,,,,,,,,,,,,,,,,,,,,,,,,,,,,,,,,,,,,,,,,,,,,,,,,,,,,,,,,,,,,,,,,,,,,,,,,,,,,,,,,,,,,,,,,,,,,,,,,,,,,,,,,,,,,,,,,,,,,,,,,,,,,,,,,,,,,,,,,,,,,,,,,,,,,,,,,,,,,,,,,,,,,,,,,,,,,,,,,,,,,,,,,,,,,,,,,,,,,,,,,,,,,,,,,,,,,,,,,,,,,,,,,,,,,,,,,,,,,,,,,,,,,,,,,,,,,,,,,,,,,,,,,,,,,,,,,,,,,,,,,,,,,,,,,,,,,,,,,,,,,,,,,,,,,,,,,,,,,,
0,254,255,0,0,6,2,2,0,0,0,0,0,0,0,0,0,0,0,0,0,0,0,0,0,1,0,0,0,224,133,159,242,249,79,104,16,171,145,8,0,43,39,179,217,48,0,0,0,160,177,0,0,3,0,0,0,1,0,0,0,32,0,0,0,4,0,0,0,40,0,0,0,17,0,0,0,52,0,0,0,2,0,0,0,228,4,0,0,30,0,0,0,4,0,0,0,0,0,0,0,71,0,0,0,98,177,0,0,255,255,255,255,3,0,0,0,8,0,165,10,252,14,0,0,1,0,9,0,0,3,169,88,0,0,1,0,123,88,0,0,0,0,5,0,0,0,11,2,0,0,0,0,5,0,0,0,12,2,145,0,103,0,7,0,0,0,252,2,0,0,255,255,255,0,0,0,4,0,0,0,45,1,0,0,9,0,0,0,29,6,33,0,240,0,145,0,103,0,0,0,0,0,4,0,0,0,45,1,0,0,123,88,0,0,64,9,32,0,204,0,0,0,0,0,145,0,103,0,0,0,0,0,40,0,0,0,103,0,0,0,145,0,0,0,1,0,24,0,0,0,0,0,184,176,0,0,0,0,0,0,0,0,0,0,0,0,0,0,0,0,0,0,0,0,0,0,0,0,0,0,0,0,0,0,0,0,0,0,0,0,0,0,0,0,0,0,0,0,0,0,0,0,0,0,0,0,0,0,0,0,0,0,0,0,0,0,0,0,0,0,0,0,0,0,0,0,0,0,0,0,0,0,0,0,0,0,0,0,0,0,0,0,0,0,0,0,0,0,0,0,0,0,0,0,0,0,0,0,0,0,0,0,0,0,0,0,0,0,0,0,0,0,0,0,0,0,0,0,0,0,0,0,0,0,0,0,0,0,0,0,0,0,0,0,0,0,0,0,0,0,0,0,0,0,0,0,0,0,0,0,0,0,0,0,0,0,0,0,0,0,0,0,0,0,0,0,0,0,0,0,0,0,0,0,0,0,0,0,0,0,0,0,0,0,0,0,0,0,0,0,0,0,0,0,0,0,0,0,0,0,0,0,0,0,0,0,0,0,0,0,0,0,0,0,0,0,0,0,0,0,0,0,0,0,0,0,0,0,0,0,0,0,0,0,0,0,0,0,0,0,0,0,0,0,0,0,0,0,0,0,0,0,0,0,0,0,0,0,0,0,0,0,0,0,0,0,0,0,0,0,0,0,0,0,0,0,0,0,0,0,0,0,0,0,0,0,0,0,0,0,0,0,0,0,0,0,0,0,0,0,0,0,0,0,0,0,0,0,0,0,0,0,0,0,0,0,0,0,0,0,0,0,0,0,0,0,0,0,0,0,0,0,0,0,0,0,0,0,0,0,0,0,0,0,0,0,0,0,0,0,0,0,0,0,0,0,0,0,0,0,0,0,0,0,0,0,0,0,0,0,0,0,0,0,0,0,0,0,0,0,0,0,0,0,0,0,0,0,0,0,0,0,0,0,0,0,0,0,0,0,0,0,0,0,0,0,0,0,0,0,0,0,0,0,0,0,0,0,0,0,0,0,0,0,0,0,0,0,0,0,0,0,0,0,0,0,0,0,0,0,0,0,0,0,0,0,0,0,0,0,0,0,0,0,0,0,0,0,0,0,0,0,0,0,0,0,0,0,0,0,0,0,0,0,0,0,0,0,0,0,0,0,0,0,0,0,0,0,0,0,0,0,0,0,0,0,0,0,0,0,0,0,0,0,0,0,0,0,0,0,0,0,0,0,0,0,0,0,0,0,0,0,0,0,0,0,0,0,0,0,0,0,0,0,0,0,0,0,0,0,0,0,0,0,0,0,0,0,0,0,0,0,0,0,0,0,0,0,0,0,0,0,0,0,0,0,0,0,0,0,0,0,0,0,0,0,0,0,0,0,0,0,0,0,0,0,0,0,0,0,0,0,0,0,0,0,0,0,0,0,0,0,0,0,0,0,0,0,0,0,0,0,0,0,0,0,0,0,0,0,0,0,0,0,0,0,0,0,0,0,0,0,0,0,0,0,198,198,198,198,198,198,198,198,198,198,198,198,198,198,198,198,198,198,198,198,198,198,198,198,198,198,198,198,198,198,198,198,198,198,198,198,198,198,198,198,198,198,198,198,198,198,198,198,198,198,198,198,198,198,198,198,198,198,198,198,198,198,198,198,198,198,198,198,198,198,198,198,198,198,198,198,198,198,198,198,198,198,198,198,198,198,198,198,198,198,198,198,198,198,198,198,198,198,198,198,198,198,198,198,198,198,198,198,198,198,198,198,198,198,198,198,198,198,198,198,198,198
0,232,172,44,0,232,3,6,2,194,35,0,0,26,0,0,1,0,0,0,0,0,0,0,0,0,0,166,29,0,0,136,0,0,0,12,0,15,0,0,0,0,0,0,0,92,0,0,0,1,24,232,172,2,104,0,1,0,0,3,32,26,0,232,3,4,32,26,0,232,3,5,32,20,0,232,3,7,32,20,0,232,3,8,32,194,35,0,0,9,192,6,0,0,0,0,0,10,184,166,29,0,0,11,184,136,0,0,0,12,24,1,0,13,32,68,17,0,0,14,32,68,17,0,0,15,32,21,14,0,0,16,32,21,14,0,0,82,15,0,0,1,32,143,0,0,0,2,32,26,0,232,3,3,144,64,15,0,0,0,136,28,0,0,0,1,24,1,0,3,32,0,0,232,3,6,8,8,8,9,16,1,0,12,32,1,0,0,0,0,136,28,0,0,0,1,24,2,0,3,32,0,0,232,3,6,8,8,8,9,16,1,0,12,32,1,0,0,0,0,136,28,0,0,0,1,24,3,0,3,32,0,0,232,3,6,8,8,8,9,16,1,0,12,32,1,0,0,0,0,136,28,0,0,0,1,24,4,0,3,32,0,0,232,3,6,8,8,8,9,16,1,0,12,32,1,0,0,0,0,136,28,0,0,0,1,24,5,0,3,32,0,0,232,3,6,8,8,8,9,16,1,0,12,32,1,0,0,0,0,136,28,0,0,0,1,24,6,0,3,32,0,0,232,3,6,8,8,8,9,16,1,0,12,32,1,0,0,0,0,136,28,0,0,0,1,24,7,0,3,32,0,0,232,3,6,8,8,8,9,16,1,0,12,32,1,0,0,0,0,136,28,0,0,0,1,24,8,0,3,32,0,0,232,3,6,8,8,8,9,16,1,0,12,32,1,0,0,0,0,136,28,0,0,0,1,24,9,0,3,32,0,0,232,3,6,8,8,8,9,16,1,0,12,32,1,0,0,0,0,136,28,0,0,0,1,24,10,0,3,32,0,0,232,3,6,8,8,8,9,16,1,0,12,32,1,0,0,0,0,136,28,0,0,0,1,24,11,0,3,32,0,0,232,3,6,8,8,8,9,16,1,0,12,32,1,0,0,0,0,136,28,0,0,0,1,24,12,0,3,32,0,0,232,3,6,8,8,8,9,16,1,0,12,32,1,0,0,0,0,136,28,0,0,0,1,24,13,0,3,32,0,0,232,3,6,8,8,8,9,16,1,0,12,32,1,0,0,0,0,136,28,0,0,0,1,24,14,0,3,32,0,0,232,3,6,8,8,8,9,16,1,0,12,32,1,0,0,0,0,136,28,0,0,0,1,24,15,0,3,32,0,0,232,3,6,8,8,8,9,16,1,0,12,32,1,0,0,0,0,136,26,0,0,0,1,24,16,0,3,32,0,0,232,3,8,8,9,16,1,0,12,32,2,0,0,0,0,136,26,0,0,0,1,24,17,0,3,32,0,0,232,3,8,8,9,16,1,0,12,32,2,0,0,0,0,136,26,0,0,0,1,24,18,0,3,32,0,0,232,3,8,8,9,16,1,0,12,32,2,0,0,0,0,136,26,0,0,0,1,24,19,0,3,32,0,0,232,3,8,8,9,16,1,0,12,32,2,0,0,0,0,136,26,0,0,0,1,24,20,0,3,32,0,0,232,3,8,8,9,16,1,0,12,32,2,0,0,0,0,136,26,0,0,0,1,24,21,0,3,32,0,0,232,3,8,8,9,16,1,0,12,32,2,0,0,0,0,136,26,0,0,0,1,24,22,0,3,32,0,0,232,3,8,8,9,16,1,0,12,32,2,0,0,0,0,136,26,0,0,0,1,24,23,0,3,32,0,0,232,3,8,8,9,16,1,0,12,32,2,0,0,0,0,136,26,0,0,0,1,24,24,0,3,32,0,0,232,3,8,8,9,16,1,0,12,32,2,0,0,0,0,136,26,0,0,0,1,24,25,0,3,32,0,0,232,3,8,8,9,16,1,0,12,32,2,0,0,0,0,136,26,0,0,0,1,24,26,0,3,32,0,0,232,3,8,8,9,16,1,0,12,32,2,0,0,0,0,136,26,0,0,0,1,24,27,0,3,32,0,0,232,3,8,8,9,16,1,0,12,32,2,0,0,0,0,136,26,0,0,0,1,24,28,0,3,32,0,0,232,3,8,8,9,16,1,0,12,32,2,0,0,0,0,136,26,0,0,0,1,24,29,0,3,32,0,0,232,3,8,8,9,16,1,0,12,32,2,0,0,0,0,136,26,0,0,0,1,24,30,0,3,32,0,0,232,3,8,8
0,232,172,44,0,232,3,6,2,194,35,0,0,26,0,0,1,0,0,0,0,0,0,0,0,0,0,166,29,0,0,136,0,0,0,12,0,15,0,0,0,0,0,0,0,92,0,0,0,1,24,232,172,2,104,0,1,0,0,3,32,26,0,232,3,4,32,26,0,232,3,5,32,20,0,232,3,7,32,20,0,232,3,8,32,194,35,0,0,9,192,6,0,0,0,0,0,10,184,166,29,0,0,11,184,136,0,0,0,12,24,1,0,13,32,68,17,0,0,14,32,68,17,0,0,15,32,21,14,0,0,16,32,21,14,0,0,82,15,0,0,1,32,143,0,0,0,2,32,26,0,232,3,3,144,64,15,0,0,0,136,28,0,0,0,1,24,1,0,3,32,0,0,232,3,6,8,8,8,9,16,1,0,12,32,1,0,0,0,0,136,28,0,0,0,1,24,2,0,3,32,0,0,232,3,6,8,8,8,9,16,1,0,12,32,1,0,0,0,0,136,28,0,0,0,1,24,3,0,3,32,0,0,232,3,6,8,8,8,9,16,1,0,12,32,1,0,0,0,0,136,28,0,0,0,1,24,4,0,3,32,0,0,232,3,6,8,8,8,9,16,1,0,12,32,1,0,0,0,0,136,28,0,0,0,1,24,5,0,3,32,0,0,232,3,6,8,8,8,9,16,1,0,12,32,1,0,0,0,0,136,28,0,0,0,1,24,6,0,3,32,0,0,232,3,6,8,8,8,9,16,1,0,12,32,1,0,0,0,0,136,28,0,0,0,1,24,7,0,3,32,0,0,232,3,6,8,8,8,9,16,1,0,12,32,1,0,0,0,0,136,28,0,0,0,1,24,8,0,3,32,0,0,232,3,6,8,8,8,9,16,1,0,12,32,1,0,0,0,0,136,28,0,0,0,1,24,9,0,3,32,0,0,232,3,6,8,8,8,9,16,1,0,12,32,1,0,0,0,0,136,28,0,0,0,1,24,10,0,3,32,0,0,232,3,6,8,8,8,9,16,1,0,12,32,1,0,0,0,0,136,28,0,0,0,1,24,11,0,3,32,0,0,232,3,6,8,8,8,9,16,1,0,12,32,1,0,0,0,0,136,28,0,0,0,1,24,12,0,3,32,0,0,232,3,6,8,8,8,9,16,1,0,12,32,1,0,0,0,0,136,28,0,0,0,1,24,13,0,3,32,0,0,232,3,6,8,8,8,9,16,1,0,12,32,1,0,0,0,0,136,28,0,0,0,1,24,14,0,3,32,0,0,232,3,6,8,8,8,9,16,1,0,12,32,1,0,0,0,0,136,28,0,0,0,1,24,15,0,3,32,0,0,232,3,6,8,8,8,9,16,1,0,12,32,1,0,0,0,0,136,26,0,0,0,1,24,16,0,3,32,0,0,232,3,8,8,9,16,1,0,12,32,2,0,0,0,0,136,26,0,0,0,1,24,17,0,3,32,0,0,232,3,8,8,9,16,1,0,12,32,2,0,0,0,0,136,26,0,0,0,1,24,18,0,3,32,0,0,232,3,8,8,9,16,1,0,12,32,2,0,0,0,0,136,26,0,0,0,1,24,19,0,3,32,0,0,232,3,8,8,9,16,1,0,12,32,2,0,0,0,0,136,26,0,0,0,1,24,20,0,3,32,0,0,232,3,8,8,9,16,1,0,12,32,2,0,0,0,0,136,26,0,0,0,1,24,21,0,3,32,0,0,232,3,8,8,9,16,1,0,12,32,2,0,0,0,0,136,26,0,0,0,1,24,22,0,3,32,0,0,232,3,8,8,9,16,1,0,12,32,2,0,0,0,0,136,26,0,0,0,1,24,23,0,3,32,0,0,232,3,8,8,9,16,1,0,12,32,2,0,0,0,0,136,26,0,0,0,1,24,24,0,3,32,0,0,232,3,8,8,9,16,1,0,12,32,2,0,0,0,0,136,26,0,0,0,1,24,25,0,3,32,0,0,232,3,8,8,9,16,1,0,12,32,2,0,0,0,0,136,26,0,0,0,1,24,26,0,3,32,0,0,232,3,8,8,9,16,1,0,12,32,2,0,0,0,0,136,26,0,0,0,1,24,27,0,3,32,0,0,232,3,8,8,9,16,1,0,12,32,2,0,0,0,0,136,26,0,0,0,1,24,28,0,3,32,0,0,232,3,8,8,9,16,1,0,12,32,2,0,0,0,0,136,26,0,0,0,1,24,29,0,3,32,0,0,232,3,8,8,9,16,1,0,12,32,2,0,0,0,0,136,26,0,0,0,1,24,30,0,3,32,0,0,232,3,8,8
0,232,172,44,0,232,3,6,2,194,35,0,0,26,0,0,1,0,0,0,0,0,0,0,0,0,0,166,29,0,0,136,0,0,0,12,0,15,0,0,0,0,0,0,0,92,0,0,0,1,24,232,172,2,104,0,1,0,0,3,32,26,0,232,3,4,32,26,0,232,3,5,32,20,0,232,3,7,32,20,0,232,3,8,32,194,35,0,0,9,192,6,0,0,0,0,0,10,184,166,29,0,0,11,184,136,0,0,0,12,24,1,0,13,32,68,17,0,0,14,32,68,17,0,0,15,32,21,14,0,0,16,32,21,14,0,0,82,15,0,0,1,32,143,0,0,0,2,32,26,0,232,3,3,144,64,15,0,0,0,136,28,0,0,0,1,24,1,0,3,32,0,0,232,3,6,8,8,8,9,16,1,0,12,32,1,0,0,0,0,136,28,0,0,0,1,24,2,0,3,32,0,0,232,3,6,8,8,8,9,16,1,0,12,32,1,0,0,0,0,136,28,0,0,0,1,24,3,0,3,32,0,0,232,3,6,8,8,8,9,16,1,0,12,32,1,0,0,0,0,136,28,0,0,0,1,24,4,0,3,32,0,0,232,3,6,8,8,8,9,16,1,0,12,32,1,0,0,0,0,136,28,0,0,0,1,24,5,0,3,32,0,0,232,3,6,8,8,8,9,16,1,0,12,32,1,0,0,0,0,136,28,0,0,0,1,24,6,0,3,32,0,0,232,3,6,8,8,8,9,16,1,0,12,32,1,0,0,0,0,136,28,0,0,0,1,24,7,0,3,32,0,0,232,3,6,8,8,8,9,16,1,0,12,32,1,0,0,0,0,136,28,0,0,0,1,24,8,0,3,32,0,0,232,3,6,8,8,8,9,16,1,0,12,32,1,0,0,0,0,136,28,0,0,0,1,24,9,0,3,32,0,0,232,3,6,8,8,8,9,16,1,0,12,32,1,0,0,0,0,136,28,0,0,0,1,24,10,0,3,32,0,0,232,3,6,8,8,8,9,16,1,0,12,32,1,0,0,0,0,136,28,0,0,0,1,24,11,0,3,32,0,0,232,3,6,8,8,8,9,16,1,0,12,32,1,0,0,0,0,136,28,0,0,0,1,24,12,0,3,32,0,0,232,3,6,8,8,8,9,16,1,0,12,32,1,0,0,0,0,136,28,0,0,0,1,24,13,0,3,32,0,0,232,3,6,8,8,8,9,16,1,0,12,32,1,0,0,0,0,136,28,0,0,0,1,24,14,0,3,32,0,0,232,3,6,8,8,8,9,16,1,0,12,32,1,0,0,0,0,136,28,0,0,0,1,24,15,0,3,32,0,0,232,3,6,8,8,8,9,16,1,0,12,32,1,0,0,0,0,136,26,0,0,0,1,24,16,0,3,32,0,0,232,3,8,8,9,16,1,0,12,32,2,0,0,0,0,136,26,0,0,0,1,24,17,0,3,32,0,0,232,3,8,8,9,16,1,0,12,32,2,0,0,0,0,136,26,0,0,0,1,24,18,0,3,32,0,0,232,3,8,8,9,16,1,0,12,32,2,0,0,0,0,136,26,0,0,0,1,24,19,0,3,32,0,0,232,3,8,8,9,16,1,0,12,32,2,0,0,0,0,136,26,0,0,0,1,24,20,0,3,32,0,0,232,3,8,8,9,16,1,0,12,32,2,0,0,0,0,136,26,0,0,0,1,24,21,0,3,32,0,0,232,3,8,8,9,16,1,0,12,32,2,0,0,0,0,136,26,0,0,0,1,24,22,0,3,32,0,0,232,3,8,8,9,16,1,0,12,32,2,0,0,0,0,136,26,0,0,0,1,24,23,0,3,32,0,0,232,3,8,8,9,16,1,0,12,32,2,0,0,0,0,136,26,0,0,0,1,24,24,0,3,32,0,0,232,3,8,8,9,16,1,0,12,32,2,0,0,0,0,136,26,0,0,0,1,24,25,0,3,32,0,0,232,3,8,8,9,16,1,0,12,32,2,0,0,0,0,136,26,0,0,0,1,24,26,0,3,32,0,0,232,3,8,8,9,16,1,0,12,32,2,0,0,0,0,136,26,0,0,0,1,24,27,0,3,32,0,0,232,3,8,8,9,16,1,0,12,32,2,0,0,0,0,136,26,0,0,0,1,24,28,0,3,32,0,0,232,3,8,8,9,16,1,0,12,32,2,0,0,0,0,136,26,0,0,0,1,24,29,0,3,32,0,0,232,3,8,8,9,16,1,0,12,32,2,0,0,0,0,136,26,0,0,0,1,24,30,0,3,32,0,0,232,3,8,8
0,15,0,0,240,72,1,0,0,0,0,6,240,40,0,0,0,2,12,0,0,4,0,0,0,5,0,0,0,3,0,0,0,1,0,0,0,1,0,0,0,2,0,0,0,3,0,0,0,3,0,0,0,2,0,0,0,115,1,11,240,138,0,0,0,129,0,224,142,0,0,130,0,224,142,0,0,131,0,224,142,0,0,132,0,224,142,0,0,128,1,0,0,0,0,129,1,7,0,0,8,131,1,7,0,0,8,191,1,0,0,16,0,192,1,0,0,0,8,194,1,7,0,0,8,203,1,56,99,0,0,215,1,2,0,0,0,255,1,8,0,8,0,1,2,4,0,0,8,133,2,0,0,0,0,203,2,0,0,0,0,204,2,0,0,0,0,206,2,0,0,0,0,207,2,0,0,0,0,132,3,224,142,0,0,133,3,224,142,0,0,134,3,224,142,0,0,135,3,224,142,0,0,19,1,34,241,102,0,0,0,255,1,0,0,64,0,149,2,0,0,0,0,150,2,0,0,0,0,151,2,0,0,0,0,152,2,0,0,0,0,153,2,0,0,0,0,154,2,0,0,0,0,64,5,0,0,0,8,66,5,7,0,0,8,128,5,0,0,0,8,130,5,7,0,0,8,192,5,0,0,0,8,194,5,7,0,0,8,0,6,0,0,0,8,2,6,7,0,0,8,64,6,0,0,0,8,66,6,7,0,0,8,64,0,30,241,16,0,0,0,255,255,0,0,0,0,255,0,128,128,128,0,247,0,0,16,1,0,0,0,15,0,2,240,136,0,0,0,48,0,8,240,8,0,0,0,1,0,0,0,1,12,0,0,15,0,3,240,48,0,0,0,15,0,4,240,40,0,0,0,1,0,9,240,16,0,0,0,0,0,0,0,0,0,0,0,0,0,0,0,0,0,0,0,2,0,10,240,8,0,0,0,0,12,0,0,5,0,0,0,15,0,4,240,56,0,0,0,18,0,10,240,8,0,0,0,1,12,0,0,0,12,0,0,51,0,11,240,18,0,0,0,129,1,192,192,192,0,4,3,9,0,0,0,63,3,1,0,1,0,19,0,34,241,6,0,0,0,255,1,64,0,64,0,2,0,0,0,15,0,2,240,226,1,0,0,32,0,8,240,8,0,0,0,3,0,0,0,2,8,0,0,15,0,3,240,202,1,0,0,15,0,4,240,40,0,0,0,1,0,9,240,16,0,0,0,0,0,0,0,0,0,0,0,0,0,0,0,0,0,0,0,2,0,10,240,8,0,0,0,0,8,0,0,5,0,0,0,15,0,4,240,200,0,0,0,18,0,10,240,8,0,0,0,1,8,0,0,0,10,0,0,227,0,11,240,84,0,0,0,129,0,224,142,0,0,130,0,224,142,0,0,131,0,224,142,0,0,132,0,224,142,0,0,129,1,255,255,255,255,191,1,12,0,31,0,192,1,0,0,0,8,194,1,7,0,0,8,255,1,8,0,8,0,1,2,4,0,0,8,132,3,224,142,0,0,133,3,224,142,0,0,134,3,224,142,0,0,135,3,224,142,0,0,195,0,34,241,72,0,0,0,191,1,0,0,96,0,255,1,64,0,64,0,64,5,0,0,0,8,66,5,7,0,0,8,128,5,0,0,0,8,130,5,7,0,0,8,192,5,0,0,0,8,194,5,7,0,0,8,0,6,0,0,0,8,2,6,7,0,0,8,64,6,0,0,0,8,66,6,7,0,0,8,170,1,16,240,4,0,0,0,4,0,0,0,15,0,4,240,194,0,0,0,66,1,10,240,8,0,0,0,2,8,0,0,0,10,0,0,227,0,11,240,84,0,0,0,129,0,224,142,0,0,130,0,224,142,0,0,131,0,224,142,0,0,132,0,224,142,0,0,191,1,0,0,16,0,192,1,255,255,255,255,194,1,7,0,0,8,203,1,0,0,0,0,255,1,0,0,8,0,1,2,4,0,0,8,132,3,224,142,0,0,133,3,224,142,0,0,134,3,224,142,0,0,135,3,224,142,0,0,163,0,34,241,60,0,0,0,64,5,0,0,0,8,66,5,7,0,0,8,128,5,0,0,0,8,130,5,7,0,0,8,192,5,0,0,0,8,194,5,7,0,0,8,0,6,0,0,0,8,2,6,7,0,0,8,64,6,0,0,0,8,66,6,7,0,0,8,170,1,16,240,10,0,0,0,10,0,0,0,1,32,1,0,0,0,0,0,0,0,15,0,2,240,72,0,0,0,16,0,8,240,8,0,0,0,1,0,0,0,0,4,0,0,15,0,3,240,48,0,0,0,15,0,4,240
0,1,0,254,255,3,10,0,0,255,255,255,255,218,246,200,8,157,150,209,17,142,2,0,192,79,182,254,206,26,0,0,0,81,117,105,108,108,57,54,32,83,116,111,114,121,32,71,114,111,117,112,32,67,108,97,115,115,0,255,255,255,255,1,0,0,0,0,0,0,0,244,57,178,113,0,0,0,0,0,0,0,0,0,0,0,0,0,0,128,1,0,0,0,0,129,1,7,0,0,8,131,1,7,0,0,8,191,1,0,0,16,0,192,1,0,0,0,8,194,1,7,0,0,8,203,1,56,99,0,0,215,1,2,0,0,0,255,1,8,0,8,0,1,2,4,0,0,8,133,2,0,0,0,0,203,2,0,0,0,0,204,2,0,0,0,0,206,2,0,0,0,0,207,2,0,0,0,0,132,3,224,142,0,0,133,3,224,142,0,0,134,3,224,142,0,0,135,3,224,142,0,0,19,1,34,241,102,0,0,0,255,1,0,0,64,0,149,2,0,0,0,0,150,2,0,0,0,0,151,2,0,0,0,0,152,2,0,0,0,0,153,2,0,0,0,0,154,2,0,0,0,0,64,5,0,0,0,8,66,5,7,0,0,8,128,5,0,0,0,8,130,5,7,0,0,8,192,5,0,0,0,8,194,5,7,0,0,8,0,6,0,0,0,8,2,6,7,0,0,8,64,6,0,0,0,8,66,6,7,0,0,8,64,0,30,241,16,0,0,0,255,255,0,0,0,0,255,0,128,128,128,0,247,0,0,16,1,0,0,0,15,0,2,240,136,0,0,0,48,0,8,240,8,0,0,0,1,0,0,0,1,12,0,0,15,0,3,240,48,0,0,0,15,0,4,240,40,0,0,0,1,0,9,240,16,0,0,0,0,0,0,0,0,0,0,0,0,0,0,0,0,0,0,0,2,0,10,240,8,0,0,0,0,12,0,0,5,0,0,0,15,0,4,240,56,0,0,0,18,0,10,240,8,0,0,0,1,12,0,0,0,12,0,0,51,0,11,240,18,0,0,0,129,1,192,192,192,0,4,3,9,0,0,0,63,3,1,0,1,0,19,0,34,241,6,0,0,0,255,1,64,0,64,0,2,0,0,0,15,0,2,240,226,1,0,0,32,0,8,240,8,0,0,0,3,0,0,0,2,8,0,0,15,0,3,240,202,1,0,0,15,0,4,240,40,0,0,0,1,0,9,240,16,0,0,0,0,0,0,0,0,0,0,0,0,0,0,0,0,0,0,0,2,0,10,240,8,0,0,0,0,8,0,0,5,0,0,0,15,0,4,240,200,0,0,0,18,0,10,240,8,0,0,0,1,8,0,0,0,10,0,0,227,0,11,240,84,0,0,0,129,0,224,142,0,0,130,0,224,142,0,0,131,0,224,142,0,0,132,0,224,142,0,0,129,1,255,255,255,255,191,1,12,0,31,0,192,1,0,0,0,8,194,1,7,0,0,8,255,1,8,0,8,0,1,2,4,0,0,8,132,3,224,142,0,0,133,3,224,142,0,0,134,3,224,142,0,0,135,3,224,142,0,0,195,0,34,241,72,0,0,0,191,1,0,0,96,0,255,1,64,0,64,0,64,5,0,0,0,8,66,5,7,0,0,8,128,5,0,0,0,8,130,5,7,0,0,8,192,5,0,0,0,8,194,5,7,0,0,8,0,6,0,0,0,8,2,6,7,0,0,8,64,6,0,0,0,8,66,6,7,0,0,8,170,1,16,240,4,0,0,0,4,0,0,0,15,0,4,240,194,0,0,0,66,1,10,240,8,0,0,0,2,8,0,0,0,10,0,0,227,0,11,240,84,0,0,0,129,0,224,142,0,0,130,0,224,142,0,0,131,0,224,142,0,0,132,0,224,142,0,0,191,1,0,0,16,0,192,1,255,255,255,255,194,1,7,0,0,8,203,1,0,0,0,0,255,1,0,0,8,0,1,2,4,0,0,8,132,3,224,142,0,0,133,3,224,142,0,0,134,3,224,142,0,0,135,3,224,142,0,0,163,0,34,241,60,0,0,0,64,5,0,0,0,8,66,5,7,0,0,8,128,5,0,0,0,8,130,5,7,0,0,8,192,5,0,0,0,8,194,5,7,0,0,8,0,6,0,0,0,8,2,6,7,0,0,8,64,6,0,0,0,8,66,6,7,0,0,8,170,1,16,240,10,0,0,0,10,0,0,0,1,32,1,0,0,0,0,0,0,0,15,0,2,240,72,0,0,0,16,0,8,240,8,0,0,0,1,0,0,0,0,4,0,0,15,0,3,240,48,0,0,0,15,0,4,240
0,67,72,78,75,73,78,75,32,4,0,7,0,8,0,0,3,0,2,0,0,0,8,0,0,248,1,8,0,255,255,255,255,24,0,83,84,83,72,0,0,1,0,0,0,83,84,83,72,0,2,0,0,30,0,0,0,24,0,83,84,83,72,1,0,1,0,0,0,83,84,83,72,30,2,0,0,196,1,0,0,24,0,83,84,83,72,2,0,1,0,0,0,83,84,83,72,226,3,0,0,60,0,0,0,24,0,83,89,73,68,0,0,1,0,0,0,83,89,73,68,30,4,0,0,8,0,0,0,24,0,83,71,80,32,0,0,1,0,0,0,83,71,80,32,38,4,0,0,4,0,0,0,24,0,73,78,75,32,0,0,1,0,0,0,73,78,75,32,42,4,0,0,4,0,0,0,24,0,70,79,78,84,0,0,1,0,0,0,70,79,78,84,46,4,0,0,20,3,0,0,24,0,80,76,32,32,0,0,1,0,0,0,80,76,32,32,66,7,0,0,54,0,0,0,0,0,0,0,0,0,0,0,0,0,0,0,0,0,0,0,0,0,0,0,0,0,0,0,0,0,0,0,0,0,0,0,0,0,0,0,0,0,0,0,0,0,0,0,0,0,0,0,0,0,0,0,0,0,0,0,0,0,0,0,0,0,0,0,0,0,0,0,0,0,0,0,0,0,0,0,0,0,0,0,0,0,0,0,0,0,0,0,0,0,0,0,0,0,0,0,0,0,0,0,0,0,0,0,0,0,0,0,0,0,0,0,0,0,0,0,0,0,0,0,0,0,0,0,0,0,0,0,0,0,0,0,0,0,0,0,0,0,0,0,0,0,0,0,0,0,0,0,0,0,0,0,0,0,0,0,0,0,0,0,0,0,0,0,0,0,0,0,0,0,0,0,0,0,0,0,0,0,0,0,0,0,0,0,0,0,0,0,0,0,0,0,0,0,0,0,0,0,0,0,0,0,0,0,0,0,0,0,0,0,0,0,0,0,0,0,0,0,0,0,0,0,0,0,0,0,0,0,0,0,0,0,0,0,0,0,0,0,0,0,0,0,0,0,0,0,0,0,0,0,0,0,0,0,0,0,0,0,0,0,0,0,0,0,0,0,0,0,0,0,0,0,0,0,0,0,0,0,0,0,0,0,0,0,0,0,0,0,10,0,0,0,1,0,0,0,136,26,51,18,4,0,0,0,0,0,0,0,4,0,0,0,0,0,255,255,255,255,176,1,0,0,2,0,0,0,136,26,51,18,0,0,0,0,0,0,0,0,8,0,0,0,164,1,0,0,205,0,152,1,0,0,12,34,24,240,1,0,36,138,88,1,0,0,1,136,8,0,0,0,0,24,0,0,2,136,8,0,0,0,0,24,0,0,3,136,8,0,0,0,0,24,0,0,4,136,8,0,0,0,0,24,0,0,5,136,8,0,0,0,0,24,1,0,6,136,8,0,0,0,0,24,0,0,7,136,8,0,0,0,0,24,0,0,8,136,8,0,0,0,0,24,2,0,9,136,8,0,0,0,0,24,3,0,10,136,8,0,0,0,0,24,4,0,11,136,8,0,0,0,0,24,5,0,12,136,8,0,0,0,0,24,6,0,13,136,8,0,0,0,0,24,7,0,14,136,8,0,0,0,0,24,8,0,15,136,8,0,0,0,0,24,9,0,16,136,8,0,0,0,0,24,10,0,17,136,8,0,0,0,0,24,11,0,18,136,8,0,0,0,0,24,12,0,19,136,8,0,0,0,0,24,13,0,20,136,8,0,0,0,0,24,1,0,21,136,8,0,0,0,0,24,14,0,22,136,8,0,0,0,0,24,15,0,23,136,8,0,0,0,0,24,16,0,24,136,8,0,0,0,0,24,17,0,25,136,8,0,0,0,0,24,15,0,26,136,8,0,0,0,0,24,18,0,30,136,8,0,0,0,0,24,19,0,31,136,8,0,0,0,0,24,20,0,33,136,8,0,0,0,0,24,21,0,34,136,8,0,0,0,0,24,22,0,35,136,8,0,0,0,0,24,23,0,36,136,8,0,0,0,0,24,24,0,40,136,8,0,0,0,0,24,25,0,44,136,8,0,0,0,0,24,0,0,57,34,24,240,1,0,68,138,10,0,0,0,0,34,0,0,0,0,72,138,10,0,0,0,0,34,0,0,0,0,88,138,20,0,0,0,0,18,1,0,1,34,0,0,0,0,2,34,160,134,1,0,0,0,5,0,8,0,0,0,48,18,5,117,1,0,40,0,0,0,2,0,0,0,136,26,51,18,0,0,0,0,0,0,0,0,8,0,0,0
0,73,68,61,34,123,48,48,48,48,48,48,48,48,45,48,48,48,48,45,48,48,48,48,45,48,48,48,48,45,48,48,48,48,48,48,48,48,48,48,48,48,125,34,13,10,68,111,99,117,109,101,110,116,61,84,104,105,115,68,111,99,117,109,101,110,116,47,38,72,48,48,48,48,48,48,48,48,13,10,77,111,100,117,108,101,61,117,13,10,80,97,99,107,97,103,101,61,123,65,67,57,70,50,70,57,48,45,69,56,55,55,45,49,49,67,69,45,57,70,54,56,45,48,48,65,65,48,48,53,55,52,65,52,70,125,13,10,66,97,115,101,67,108,97,115,115,61,106,13,10,72,101,108,112,70,105,108,101,61,34,34,13,10,78,97,109,101,61,34,97,34,13,10,72,101,108,112,67,111,110,116,101,120,116,73,68,61,34,48,34,13,10,86,101,114,115,105,111,110,67,111,109,112,97,116,105,98,108,101,51,50,61,34,51,57,51,50,50,50,48,48,48,34,13,10,67,77,71,61,34,55,66,55,57,68,55,69,48,57,56,69,52,57,56,69,52,57,67,69,56,57,67,69,56,34,13,10,68,80,66,61,34,52,48,52,50,69,67,70,51,48,57,70,51,48,57,48,67,70,55,70,52,48,57,66,70,50,53,66,55,65,53,52,55,66,50,55,53,67,69,65,57,50,70,50,49,51,66,57,52,49,53,66,55,54,48,69,51,68,65,55,48,53,66,70,55,52,67,57,53,70,53,67,55,34,13,10,71,67,61,34,48,53,48,55,65,57,55,54,65,66,51,65,65,67,51,65,65,67,51,65,34,13,10,13,10,91,72,111,115,116,32,69,120,116,101,110,100,101,114,32,73,110,102,111,93,13,10,38,72,48,48,48,48,48,48,48,49,61,123,51,56,51,50,68,54,52,48,45,67,70,57,48,45,49,49,67,70,45,56,69,52,51,45,48,48,65,48,67,57,49,49,48,48,53,65,125,59,86,66,69,59,38,72,48,48,48,48,48,48,48,48,13,10,13,10,91,87,111,114,107,115,112,97,99,101,93,13,10,84,104,105,115,68,111,99,117,109,101,110,116,61,49,48,52,44,32,49,48,52,44,32,54,50,51,44,32,54,52,52,44,32,13,10,117,61,50,54,44,32,50,54,44,32,53,52,53,44,32,53,54,54,44,32,13,10,106,61,55,56,44,32,55,56,44,32,53,57,55,44,32,54,49,56,44,32,44,32,53,50,44,32,53,50,44,32,53,55,49,44,32,53,57,50,44,32,90,13,10,0,205,0,152,1,0,0,12,34,24,240,1,0,36,138,88,1,0,0,1,136,8,0,0,0,0,24,0,0,2,136,8,0,0,0,0,24,0,0,3,136,8,0,0,0,0,24,0,0,4,136,8,0,0,0,0,24,0,0,5,136,8,0,0,0,0,24,1,0,6,136,8,0,0,0,0,24,0,0,7,136,8,0,0,0,0,24,0,0,8,136,8,0,0,0,0,24,2,0,9,136,8,0,0,0,0,24,3,0,10,136,8,0,0,0,0,24,4,0,11,136,8,0,0,0,0,24,5,0,12,136,8,0,0,0,0,24,6,0,13,136,8,0,0,0,0,24,7,0,14,136,8,0,0,0,0,24,8,0,15,136,8,0,0,0,0,24,9,0,16,136,8,0,0,0,0,24,10,0,17,136,8,0,0,0,0,24,11,0,18,136,8,0,0,0,0,24,12,0,19,136,8,0,0,0,0,24,13,0,20,136,8,0,0,0,0,24,1,0,21,136,8,0,0,0,0,24,14,0,22,136,8,0,0,0,0,24,15,0,23,136,8,0,0,0,0,24,16,0,24,136,8,0,0,0,0,24,17,0,25,136,8,0,0,0,0,24,15,0,26,136,8,0,0,0,0,24,18,0,30,136,8,0,0,0,0,24,19,0,31,136,8,0,0,0,0,24,20,0,33,136,8,0,0,0,0,24,21,0,34,136,8,0,0,0,0,24,22,0,35,136,8,0,0,0,0,24,23,0,36,136,8,0,0,0,0,24,24,0,40,136,8,0,0,0,0,24,25,0,44,136,8,0,0,0,0,24,0,0,57,34,24,240,1,0,68,138,10,0,0,0,0,34,0,0,0,0,72,138,10,0,0,0,0,34,0,0,0,0,88,138,20,0,0,0,0,18,1,0,1,34,0,0,0,0,2,34,160,134,1,0,0,0,5,0,8,0,0,0,48,18,5,117,1,0,40,0,0,0,2,0,0,0,136,26,51,18,0,0,0,0,0,0,0,0,8,0,0,0
0,84,104,105,115,68,111,99,117,109,101,110,116,0,84,0,104,0,105,0,115,0,68,0,111,0,99,0,117,0,109,0,101,0,110,0,116,0,0,0,117,0,117,0,0,0,106,0,106,0,0,0,0,0,61,84,104,105,115,68,111,99,117,109,101,110,116,47,38,72,48,48,48,48,48,48,48,48,13,10,77,111,100,117,108,101,61,117,13,10,80,97,99,107,97,103,101,61,123,65,67,57,70,50,70,57,48,45,69,56,55,55,45,49,49,67,69,45,57,70,54,56,45,48,48,65,65,48,48,53,55,52,65,52,70,125,13,10,66,97,115,101,67,108,97,115,115,61,106,13,10,72,101,108,112,70,105,108,101,61,34,34,13,10,78,97,109,101,61,34,97,34,13,10,72,101,108,112,67,111,110,116,101,120,116,73,68,61,34,48,34,13,10,86,101,114,115,105,111,110,67,111,109,112,97,116,105,98,108,101,51,50,61,34,51,57,51,50,50,50,48,48,48,34,13,10,67,77,71,61,34,55,66,55,57,68,55,69,48,57,56,69,52,57,56,69,52,57,67,69,56,57,67,69,56,34,13,10,68,80,66,61,34,52,48,52,50,69,67,70,51,48,57,70,51,48,57,48,67,70,55,70,52,48,57,66,70,50,53,66,55,65,53,52,55,66,50,55,53,67,69,65,57,50,70,50,49,51,66,57,52,49,53,66,55,54,48,69,51,68,65,55,48,53,66,70,55,52,67,57,53,70,53,67,55,34,13,10,71,67,61,34,48,53,48,55,65,57,55,54,65,66,51,65,65,67,51,65,65,67,51,65,34,13,10,13,10,91,72,111,115,116,32,69,120,116,101,110,100,101,114,32,73,110,102,111,93,13,10,38,72,48,48,48,48,48,48,48,49,61,123,51,56,51,50,68,54,52,48,45,67,70,57,48,45,49,49,67,70,45,56,69,52,51,45,48,48,65,48,67,57,49,49,48,48,53,65,125,59,86,66,69,59,38,72,48,48,48,48,48,48,48,48,13,10,13,10,91,87,111,114,107,115,112,97,99,101,93,13,10,84,104,105,115,68,111,99,117,109,101,110,116,61,49,48,52,44,32,49,48,52,44,32,54,50,51,44,32,54,52,52,44,32,13,10,117,61,50,54,44,32,50,54,44,32,53,52,53,44,32,53,54,54,44,32,13,10,106,61,55,56,44,32,55,56,44,32,53,57,55,44,32,54,49,56,44,32,44,32,53,50,44,32,53,50,44,32,53,55,49,44,32,53,57,50,44,32,90,13,10,0,205,0,152,1,0,0,12,34,24,240,1,0,36,138,88,1,0,0,1,136,8,0,0,0,0,24,0,0,2,136,8,0,0,0,0,24,0,0,3,136,8,0,0,0,0,24,0,0,4,136,8,0,0,0,0,24,0,0,5,136,8,0,0,0,0,24,1,0,6,136,8,0,0,0,0,24,0,0,7,136,8,0,0,0,0,24,0,0,8,136,8,0,0,0,0,24,2,0,9,136,8,0,0,0,0,24,3,0,10,136,8,0,0,0,0,24,4,0,11,136,8,0,0,0,0,24,5,0,12,136,8,0,0,0,0,24,6,0,13,136,8,0,0,0,0,24,7,0,14,136,8,0,0,0,0,24,8,0,15,136,8,0,0,0,0,24,9,0,16,136,8,0,0,0,0,24,10,0,17,136,8,0,0,0,0,24,11,0,18,136,8,0,0,0,0,24,12,0,19,136,8,0,0,0,0,24,13,0,20,136,8,0,0,0,0,24,1,0,21,136,8,0,0,0,0,24,14,0,22,136,8,0,0,0,0,24,15,0,23,136,8,0,0,0,0,24,16,0,24,136,8,0,0,0,0,24,17,0,25,136,8,0,0,0,0,24,15,0,26,136,8,0,0,0,0,24,18,0,30,136,8,0,0,0,0,24,19,0,31,136,8,0,0,0,0,24,20,0,33,136,8,0,0,0,0,24,21,0,34,136,8,0,0,0,0,24,22,0,35,136,8,0,0,0,0,24,23,0,36,136,8,0,0,0,0,24,24,0,40,136,8,0,0,0,0,24,25,0,44,136,8,0,0,0,0,24,0,0,57,34,24,240,1,0,68,138,10,0,0,0,0,34,0,0,0,0,72,138,10,0,0,0,0,34,0,0,0,0,88,138,20,0,0,0,0,18,1,0,1,34,0,0,0,0,2,34,160,134,1,0,0,0,5,0,8,0,0,0,48,18,5,117,1,0,40,0,0,0,2,0,0,0,136,26,51,18,0,0,0,0,0,0,0,0,8,0,0,0
0,1,22,3,0,0,240,0,0,0,90,3,0,0,212,0,0,0,0,2,0,0,255,255,255,255,97,3,0,0,37,4,0,0,0,0,0,0,1,0,0,0,253,40,24,86,0,0,255,255,35,1,0,0,136,0,0,0,182,0,255,255,1,1,0,0,0,0,255,255,255,255,0,0,0,0,255,255,255,255,255,255,0,0,0,0,0,0,0,0,0,0,0,0,0,0,0,0,0,0,0,0,0,0,0,0,0,0,0,0,0,0,0,0,0,0,0,0,0,0,0,0,0,0,0,0,0,0,0,0,0,0,0,0,0,0,16,0,0,0,3,0,0,0,5,0,0,0,7,0,0,0,255,255,255,255,255,255,255,255,1,1,8,0,0,0,255,255,255,255,120,0,0,0,8,0,0,0,0,0,0,0,0,0,0,0,0,0,0,0,0,0,0,0,0,0,0,0,0,0,0,0,0,0,0,0,0,255,255,0,0,0,0,77,69,0,0,255,255,255,255,255,255,0,0,0,0,255,255,0,0,0,0,255,255,1,1,0,0,0,0,223,0,255,255,0,0,0,0,24,0,255,255,255,255,255,255,255,255,255,255,255,255,255,255,255,255,255,255,255,255,255,255,255,255,255,255,255,255,255,255,255,255,255,255,255,255,255,255,255,255,255,255,255,255,255,255,255,255,255,255,255,255,255,255,255,255,255,255,255,255,255,255,255,255,255,255,255,255,255,255,255,255,255,255,255,255,255,255,255,255,255,255,255,255,255,255,255,255,255,255,255,255,255,255,255,255,255,255,255,255,255,255,255,255,255,255,255,255,255,255,255,255,255,255,255,255,255,255,255,255,255,255,255,255,255,255,255,255,40,0,0,0,2,0,83,76,255,255,255,255,0,0,1,0,83,16,255,255,255,255,0,0,1,0,83,148,255,255,255,255,0,0,0,0,2,60,255,255,255,255,0,0,255,255,1,1,0,0,0,0,1,0,78,0,48,0,123,0,48,0,57,0,70,0,68,0,50,0,69,0,70,0,70,0,45,0,53,0,54,0,54,0,57,0,45,0,49,0,49,0,68,0,51,0,45,0,66,0,54,0,53,0,70,0,45,0,48,0,48,0,67,0,48,0,52,0,70,0,56,0,69,0,70,0,51,0,50,0,68,0,125,0,6,0,0,0,0,0,64,0,0,0,1,1,200,0,0,0,2,128,254,255,255,255,255,255,32,0,0,0,255,255,255,255,48,0,0,0,2,1,255,255,0,0,0,0,0,0,0,0,255,255,255,255,255,255,255,255,0,0,0,0,246,253,255,255,29,0,0,0,37,0,0,0,255,255,255,255,64,0,0,0,255,255,255,255,120,0,0,0,255,255,255,255,0,0,0,0,255,255,255,255,255,255,255,255,0,0,0,0,0,0,0,0,0,0,0,0,0,0,0,0,255,255,255,255,0,0,0,0,0,0,0,0,0,0,0,0,152,0,0,0,255,255,255,255,255,255,255,255,9,0,9,0,0,0,0,0,0,0,0,0,132,1,0,0,0,0,0,0,255,255,255,255,32,0,0,0,255,255,255,255,255,255,255,255,11,1,255,255,0,0,0,0,255,255,255,255,128,1,0,0,255,255,255,255,0,0,0,0,255,255,255,255,104,0,0,0,0,0,1,0,0,0,1,0,0,0,0,0,0,0,0,0,255,255,255,255,255,255,255,255,255,255,255,255,0,0,0,0,255,255,255,255,255,255,255,255,255,255,255,255,255,255,255,255,255,255,255,255,0,0,0,0,255,255,255,255,255,255,255,255,255,255,255,255,255,255,255,255,255,255,255,255,0,0,0,0,0,0,0,0,255,255,0,0,255,255,255,255,255,255,0,0,0,0,255,255,255,255,255,255,255,255,255,255,255,255,255,255,255,255,255,255,255,255,255,255,255,255,0,0,2,0,255,255,255,255,0,0,0,0,0,0,223,8,0,0,0,0,0,0,0,0,0,0,0,0,0,0,0,0,0,0,0,0,0,0,0,0,0,0,0,0,0,0,0,0,0,0,0,0,0,0,0,0,0,0,0,0,0,0,0,0,0,0,0,0,0,0,0,0,0,0,0,254,202,1,0,8,0,0,128,9,0,0,0,0,0,255,255,255,255,0,128,9,0,0,0,0,0,255,255,255,255,0,128,9,0,0,0,0,0,255,255,255,255,0,128,9,0,0,0,0,0,255,255,255,255,0,128,9,0,0,0,0,0,255,255,255,255,0,128,9,0,0,0,0,0,255,255,255,255,0,128,9,0,0,0,0,0,255,255,255,255,0,128,9
1,204,97,154,0,0,3,0,255,10,88,0,0,9,4,0,0,228,4,3,0,0,0,0,0,0,0,0,0,1,0,5,0,2,0,254,0,42,0,92,0,71,0,123,0,48,0,48,0,48,0,50,0,48,0,52,0,69,0,70,0,45,0,48,0,48,0,48,0,48,0,45,0,48,0,48,0,48,0,48,0,45,0,67,0,48,0,48,0,48,0,45,0,48,0,48,0,48,0,48,0,48,0,48,0,48,0,48,0,48,0,48,0,52,0,54,0,125,0,35,0,52,0,46,0,50,0,35,0,57,0,35,0,67,0,58,0,92,0,80,0,82,0,79,0,71,0,82,0,65,0,126,0,49,0,92,0,67,0,79,0,77,0,77,0,79,0,78,0,126,0,49,0,92,0,77,0,73,0,67,0,82,0,79,0,83,0,126,0,49,0,92,0,86,0,66,0,65,0,92,0,86,0,66,0,65,0,55,0,46,0,49,0,92,0,86,0,66,0,69,0,55,0,46,0,68,0,76,0,76,0,35,0,86,0,105,0,115,0,117,0,97,0,108,0,32,0,66,0,97,0,115,0,105,0,99,0,32,0,70,0,111,0,114,0,32,0,65,0,112,0,112,0,108,0,105,0,99,0,97,0,116,0,105,0,111,0,110,0,115,0,0,0,0,0,0,0,0,0,0,0,0,0,24,1,42,0,92,0,71,0,123,0,48,0,48,0,48,0,50,0,49,0,50,0,51,0,67,0,45,0,48,0,48,0,48,0,48,0,45,0,48,0,48,0,48,0,48,0,45,0,67,0,48,0,48,0,48,0,45,0,48,0,48,0,48,0,48,0,48,0,48,0,48,0,48,0,48,0,48,0,52,0,54,0,125,0,35,0,50,0,46,0,50,0,35,0,48,0,35,0,67,0,58,0,92,0,80,0,114,0,111,0,103,0,114,0,97,0,109,0,32,0,70,0,105,0,108,0,101,0,115,0,92,0,77,0,105,0,99,0,114,0,111,0,115,0,111,0,102,0,116,0,32,0,79,0,102,0,102,0,105,0,99,0,101,0,92,0,79,0,102,0,102,0,105,0,99,0,101,0,49,0,53,0,92,0,77,0,83,0,80,0,85,0,66,0,46,0,84,0,76,0,66,0,35,0,77,0,105,0,99,0,114,0,111,0,115,0,111,0,102,0,116,0,32,0,80,0,117,0,98,0,108,0,105,0,115,0,104,0,101,0,114,0,32,0,49,0,53,0,46,0,48,0,32,0,79,0,98,0,106,0,101,0,99,0,116,0,32,0,76,0,105,0,98,0,114,0,97,0,114,0,121,0,0,0,0,0,0,0,0,0,0,0,0,0,188,0,42,0,92,0,71,0,123,0,48,0,48,0,48,0,50,0,48,0,52,0,51,0,48,0,45,0,48,0,48,0,48,0,48,0,45,0,48,0,48,0,48,0,48,0,45,0,67,0,48,0,48,0,48,0,45,0,48,0,48,0,48,0,48,0,48,0,48,0,48,0,48,0,48,0,48,0,52,0,54,0,125,0,35,0,50,0,46,0,48,0,35,0,48,0,35,0,67,0,58,0,92,0,87,0,105,0,110,0,100,0,111,0,119,0,115,0,92,0,83,0,121,0,115,0,116,0,101,0,109,0,51,0,50,0,92,0,115,0,116,0,100,0,111,0,108,0,101,0,50,0,46,0,116,0,108,0,98,0,35,0,79,0,76,0,69,0,32,0,65,0,117,0,116,0,111,0,109,0,97,0,116,0,105,0,111,0,110,0,0,0,0,0,0,0,0,0,0,0,0,0,40,1,42,0,92,0,71,0,123,0,50,0,68,0,70,0,56,0,68,0,48,0,52,0,67,0,45,0,53,0,66,0,70,0,65,0,45,0,49,0,48,0,49,0,66,0,45,0,66,0,68,0,69,0,53,0,45,0,48,0,48,0,65,0,65,0,48,0,48,0,52,0,52,0,68,0,69,0,53,0,50,0,125,0,35,0,50,0,46,0,55,0,35,0,48,0,35,0,67,0,58,0,92,0,80,0,114,0,111,0,103,0,114,0,97,0,109,0,32,0,70,0,105,0,108,0,101,0,115,0,92,0,67,0,111,0,109,0,109,0,111,0,110,0,32,0,70,0,105,0,108,0,101,0,115,0,92,0,77,0,105,0,99,0,114,0,111,0,115,0,111,0,102,0,116,0,32,0,83,0,104,0,97,0,114,0,101,0,100,0,92,0,79,0,70,0,70,0,73,0,67,0,69,0,49,0,53,0,92,0,77,0,83,0,79,0,46,0,68,0
1,1,8,179,128,1,0,4,0,0,0,3,0,48,42,2,2,144,9,0,112,20,6,72,3,0,130,2,0,100,228,4,4,0,1,0,28,68,97,5,0,16,0,0,64,2,20,6,181,2,20,61,2,20,7,2,96,1,20,8,6,18,2,9,2,18,199,116,112,97,11,0,74,12,2,74,60,2,10,22,0,1,114,115,64,116,100,111,108,101,62,2,50,115,0,0,116,0,100,0,111,0,108,64,0,101,0,13,0,104,0,37,94,1,0,3,42,92,71,123,48,48,48,192,50,48,52,51,48,45,0,8,4,4,14,67,0,10,2,14,1,18,48,48,52,54,0,125,35,50,46,48,35,48,35,0,67,58,92,87,105,110,100,111,0,119,115,92,83,121,115,116,101,16,109,51,50,92,3,101,50,46,116,0,108,98,35,79,76,69,32,65,0,117,116,111,109,97,116,105,111,14,110,0,96,0,2,3,139,79,102,102,105,34,99,132,69,79,0,102,128,0,105,0,106,99,130,69,158,128,17,148,128,1,129,69,50,0,68,70,56,68,48,52,67,45,0,53,66,70,65,45,49,48,49,64,66,45,66,68,69,53,128,69,65,170,65,128,67,52,128,5,50,129,69,55,131,69,0,80,114,111,103,114,97,109,32,0,70,105,108,101,115,92,67,111,16,109,109,111,110,4,6,77,105,99,0,114,111,115,111,102,116,32,83,0,104,97,114,101,100,92,79,70,0,70,73,67,69,49,53,92,77,128,83,79,46,68,76,76,35,135,16,1,131,77,32,49,53,46,48,32,79,0,98,106,101,99,116,32,76,105,96,98,114,97,114,121,0,75,0,1,22,4,0,7,128,2,77,83,70,111,114,32,109,115,62,0,14,1,6,0,83,4,0,70,0,167,114,0,109,0,115,36,0,51,128,4,0,0,2,166,68,52,0,53,50,69,69,49,45,69,48,68,56,70,1,96,65,45,56,0,8,45,0,48,50,54,48,56,67,52,68,80,48,66,66,52,16,83,115,5,83,70,216,77,50,48,76,39,66,29,32,192,95,204,38,232,47,0,59,0,34,49,192,0,2,30,131,106,7,73,113,65,4,72,113,48,48,125,35,48,29,66,113,35,192,12,128,0,158,53,48,0,159,13,128,9,129,192,0,65,24,52,48,68,57,0,50,55,67,56,45,52,68,70,16,69,45,52,67,0,104,66,50,65,0,50,45,67,49,57,66,52,65,96,70,53,50,55,52,194,102,196,137,85,0,115,101,114,115,92,80,67,92,0,65,112,112,68,97,116,97,92,0,76,111,99,97,108,92,84,101,192,109,112,92,86,66,69,128,97,2,54,240,46,101,120,100,136,98,21,59,192,32,128,0,0,225,46,69,13,143,224,26,16,0,133,46,2,96,140,77,11,180,69,193,203,15,66,207,3,0,19,194,1,253,4,40,25,130,187,84,104,105,115,68,0,111,99,117,109,101,110,116,71,84,0,24,192,14,84,0,189,105,192,106,68,17,192,106,99,0,117,192,109,101,0,110,85,0,197,26,206,11,50,218,11,28,192,18,0,84,0,72,66,1,49,130,223,43,64,243,30,139,66,2,1,5,44,194,33,24,86,34,66,8,74,43,66,1,25,34,123,117,71,66,3,117,180,0,26,195,1,50,196,1,47,10,247,64,133,81,45,10,236,3,33,46,10,106,35,10,106,165,36,10,106,35,10,106,0,47,10,111,224,129,169,45,10,156,251,99,20,40,232,10,16,98,1,0,105,0,111,0,110,0,0,0,0,0,0,0,0,0,0,0,0,0,40,1,42,0,92,0,71,0,123,0,50,0,68,0,70,0,56,0,68,0,48,0,52,0,67,0,45,0,53,0,66,0,70,0,65,0,45,0,49,0,48,0,49,0,66,0,45,0,66,0,68,0,69,0,53,0,45,0,48,0,48,0,65,0,65,0,48,0,48,0,52,0,52,0,68,0,69,0,53,0,50,0,125,0,35,0,50,0,46,0,55,0,35,0,48,0,35,0,67,0,58,0,92,0,80,0,114,0,111,0,103,0,114,0,97,0,109,0,32,0,70,0,105,0,108,0,101,0,115,0,92,0,67,0,111,0,109,0,109,0,111,0,110,0,32,0,70,0,105,0,108,0,101,0,115,0,92,0,77,0,105,0,99,0,114,0,111,0,115,0,111,0,102,0,116,0,32,0,83,0,104,0,97,0,114,0,101,0,100,0,92,0,79,0,70,0,70,0,73,0,67,0,69,0,49,0,53,0,92,0,77,0,83,0,79,0,46,0,68,0
0,1,22,3,0,0,240,0,0,0,214,3,0,0,212,0,0,0,76,2,0,0,255,255,255,255,221,3,0,0,105,6,0,0,0,0,0,0,1,0,0,0,253,40,156,251,0,0,255,255,1,0,0,0,136,0,0,0,182,0,255,255,1,1,0,0,0,0,255,255,255,255,0,0,0,0,255,255,255,255,255,255,0,0,0,0,0,0,0,0,0,0,0,0,0,0,0,0,0,0,0,0,0,0,0,0,0,0,0,0,0,0,0,0,0,0,0,0,0,0,0,0,0,0,0,0,0,0,0,0,0,0,0,0,0,0,16,0,0,0,3,0,0,0,5,0,0,0,7,0,0,0,255,255,255,255,255,255,255,255,1,1,8,0,0,0,255,255,255,255,120,0,0,0,8,0,0,0,0,0,0,0,0,0,0,0,0,0,0,0,0,0,0,0,0,0,0,0,0,0,0,0,0,0,0,0,0,255,255,0,0,0,0,77,69,0,0,255,255,255,255,255,255,0,0,0,0,255,255,0,0,0,0,255,255,1,1,0,0,0,0,223,0,255,255,0,0,0,0,255,255,255,255,255,255,255,255,255,255,255,255,255,255,255,255,255,255,255,255,255,255,255,255,255,255,255,255,255,255,255,255,255,255,255,255,255,255,255,255,255,255,255,255,255,255,255,255,255,255,255,255,255,255,255,255,255,255,255,255,255,255,255,255,255,255,255,255,255,255,255,255,255,255,255,255,255,255,255,255,255,255,255,255,255,255,255,255,255,255,255,255,255,255,255,255,255,255,255,255,255,255,255,255,255,255,255,255,255,255,255,255,255,255,255,255,255,255,255,255,255,255,255,255,255,255,255,255,255,255,40,0,0,0,2,0,83,80,255,255,255,255,0,0,1,0,83,16,255,255,255,255,0,0,1,0,83,20,255,255,255,255,0,0,2,0,83,20,255,255,255,255,0,0,255,255,1,1,0,0,0,0,2,0,154,0,48,0,123,0,52,0,51,0,68,0,48,0,56,0,70,0,68,0,50,0,45,0,57,0,68,0,56,0,56,0,45,0,52,0,56,0,70,0,51,0,45,0,56,0,65,0,51,0,48,0,45,0,66,0,50,0,57,0,50,0,51,0,55,0,49,0,69,0,50,0,66,0,70,0,67,0,125,0,123,0,66,0,51,0,55,0,55,0,66,0,50,0,66,0,55,0,45,0,68,0,48,0,54,0,70,0,45,0,52,0,51,0,49,0,49,0,45,0,57,0,65,0,54,0,54,0,45,0,70,0,51,0,54,0,66,0,50,0,56,0,55,0,65,0,49,0,49,0,52,0,70,0,125,0,6,0,0,0,0,0,255,255,255,255,1,1,248,0,0,0,2,128,254,255,56,0,0,0,32,0,0,0,255,255,255,255,48,0,0,0,2,1,255,255,0,0,0,0,0,0,0,0,255,255,255,255,255,255,255,255,0,0,0,0,246,253,255,255,29,0,0,0,37,0,0,0,2,129,254,255,255,255,255,255,255,255,255,255,255,255,255,255,104,0,0,0,2,1,255,255,56,0,0,0,0,0,0,0,255,255,255,255,255,255,255,255,0,0,0,0,9,2,0,0,29,0,24,0,37,0,0,0,255,255,255,255,8,0,0,0,12,17,24,0,255,255,255,255,255,255,255,255,0,0,0,0,255,255,255,255,255,255,255,255,0,0,0,0,0,0,0,0,0,0,0,0,0,0,0,0,255,255,255,255,0,0,0,0,0,0,0,0,0,0,0,0,208,0,0,0,255,255,255,255,255,255,255,255,22,0,22,0,0,0,0,0,0,0,0,0,148,1,0,2,0,0,0,0,73,131,54,2,255,255,255,255,255,255,255,255,255,255,255,255,12,1,255,255,0,0,0,0,255,255,255,255,128,1,0,0,255,255,255,255,0,0,0,0,1,0,1,0,0,0,2,0,0,0,0,0,0,0,0,0,120,0,0,0,255,255,255,255,255,255,255,255,0,0,0,0,255,255,255,255,255,255,255,255,120,0,0,0,255,255,255,255,255,255,255,255,56,0,0,0,255,255,255,255,255,255,255,255,255,255,255,255,255,255,255,255,255,255,255,255,0,0,0,0,0,0,0,0,255,255,0,0,255,255,255,255,255,255,0,0,0,0,255,255,255,255,255,255,255,255,255,255,255,255,255,255,255,255,255,255,255,255,255,255,255,255,0,0,2,0,255,255,255,255,0,0,0,0,0,0,223,8,0,0,0,0,0,0,0,0,0,0,0,0,0,0,0,0,0,0,0,0,0,0,0,0,0,0,0,0
0,1,22,3,0,0,240,0,0,0,218,2,0,0,212,0,0,0,136,1,0,0,255,255,255,255,225,2,0,0,241,3,0,0,0,0,0,0,1,0,0,0,253,40,236,3,0,0,255,255,3,0,0,0,0,0,0,0,182,0,255,255,1,1,0,0,0,0,255,255,255,255,0,0,0,0,255,255,255,255,255,255,0,0,0,0,0,0,0,0,0,0,0,0,0,0,0,0,0,0,0,0,0,0,0,0,0,0,0,0,0,0,0,0,0,0,0,0,0,0,0,0,0,0,0,0,0,0,0,0,0,0,0,0,0,0,16,0,0,0,3,0,0,0,5,0,0,0,7,0,0,0,255,255,255,255,255,255,255,255,1,1,8,0,0,0,255,255,255,255,120,0,0,0,2,0,0,0,0,0,0,0,0,0,0,0,0,0,0,0,0,0,0,0,0,0,0,0,0,0,0,0,0,0,0,0,0,255,255,0,0,0,0,77,69,0,0,255,255,255,255,255,255,0,0,0,0,255,255,0,0,0,0,255,255,1,1,0,0,0,0,223,0,255,255,0,0,0,0,255,255,255,255,255,255,255,255,255,255,255,255,255,255,255,255,255,255,255,255,255,255,255,255,255,255,255,255,255,255,255,255,255,255,255,255,255,255,255,255,255,255,255,255,255,255,255,255,255,255,255,255,255,255,255,255,255,255,255,255,255,255,255,255,255,255,255,255,255,255,255,255,255,255,255,255,255,255,255,255,255,255,255,255,255,255,255,255,255,255,255,255,255,255,255,255,255,255,255,255,255,255,255,255,255,255,255,255,255,255,255,255,255,255,255,255,255,255,255,255,255,255,255,255,255,255,255,255,255,255,0,0,0,0,255,255,1,1,0,0,0,0,0,0,0,0,0,0,0,0,8,0,0,0,1,1,192,0,0,0,255,255,255,255,120,0,0,0,184,0,0,0,80,0,0,0,255,255,255,255,0,0,0,0,255,255,255,255,255,255,255,255,0,0,0,0,0,0,0,0,0,0,0,0,0,0,0,0,255,255,255,255,0,0,0,0,0,0,0,0,0,0,0,0,255,255,255,255,255,255,255,255,255,255,255,255,5,0,0,0,0,0,0,0,0,0,0,0,132,0,0,2,0,0,0,0,11,18,84,2,255,255,255,255,255,255,255,255,0,0,0,0,255,255,255,255,255,255,255,255,0,0,0,0,0,0,0,0,0,0,0,0,0,0,0,0,255,255,255,255,0,0,0,0,0,0,0,0,0,0,0,0,255,255,255,255,255,255,255,255,255,255,255,255,5,0,0,0,0,0,0,0,0,0,0,0,132,0,0,2,0,0,0,0,255,255,255,255,0,0,0,0,1,0,255,255,0,0,0,0,0,0,0,0,0,0,0,0,96,0,0,0,255,255,255,255,255,255,255,255,255,255,255,255,255,255,255,255,255,255,255,255,96,0,0,0,255,255,255,255,255,255,255,255,255,255,255,255,255,255,255,255,255,255,255,255,255,255,255,255,255,255,255,255,255,255,255,255,0,0,0,0,0,0,0,0,255,255,0,0,255,255,255,255,255,255,0,0,0,0,255,255,255,255,255,255,255,255,255,255,255,255,255,255,255,255,255,255,255,255,255,255,255,255,0,0,255,255,255,255,255,255,0,0,0,0,0,0,223,4,0,0,0,0,0,0,0,0,0,0,0,0,0,0,0,0,0,0,0,0,0,0,0,0,0,0,0,0,0,0,0,0,0,0,0,0,0,0,0,0,0,0,0,0,0,0,0,0,0,0,0,0,0,0,0,0,0,0,0,254,202,1,0,9,0,0,128,9,0,0,0,0,0,255,255,255,255,0,128,9,0,0,0,0,0,255,255,255,255,0,128,9,0,0,0,0,0,255,255,255,255,0,128,9,0,0,0,0,0,255,255,255,255,34,129,8,0,6,0,0,0,72,0,0,0,0,129,8,0,16,0,0,0,8,0,0,0,0,129,8,0,18,0,0,0,24,0,0,0,0,129,8,0,16,0,0,0,48,0,0,0,4,129,8,0,2,0,0,0,64,0,0,0,255,255,255,255,1,1,88,0,0,0,255,255,255,255,120,0,0,0,32,0,52,2,33,0,58,2,33,0,66,2,39,0,96,2,32,0,96,2,32,0,98,2,37,0,100,2,1,0,39,0,64,2,0,0,0,0,0,0,32,0,64,2,29,0,32,0,52,2,66,64,24,0,1,0,111,0,255,255,24,0,0,0,150,4,96,0,0,0,0,0,255,255,255,255,8,0,0,0,255,255,255,255,0,0,1,82,176
0,1,0,254,255,3,10,0,0,255,255,255,255,0,0,0,0,0,0,0,0,0,0,0,0,0,0,0,0,34,0,0,0,70,111,114,109,117,108,97,114,105,111,32,100,101,32,77,105,99,114,111,115,111,102,116,32,70,111,114,109,115,32,50,46,48,0,16,0,0,0,69,109,98,101,100,100,101,100,32,79,98,106,101,99,116,0,0,0,0,0,244,57,178,113,0,0,0,0,0,0,0,0,0,0,0,0,0,0,0,0,0,0,0,0,0,0,0,0,0,0,0,0,0,0,0,0,0,0,0,0,0,0,0,0,0,16,0,0,0,3,0,0,0,5,0,0,0,7,0,0,0,255,255,255,255,255,255,255,255,1,1,8,0,0,0,255,255,255,255,120,0,0,0,2,0,0,0,0,0,0,0,0,0,0,0,0,0,0,0,0,0,0,0,0,0,0,0,0,0,0,0,0,0,0,0,0,255,255,0,0,0,0,77,69,0,0,255,255,255,255,255,255,0,0,0,0,255,255,0,0,0,0,255,255,1,1,0,0,0,0,223,0,255,255,0,0,0,0,255,255,255,255,255,255,255,255,255,255,255,255,255,255,255,255,255,255,255,255,255,255,255,255,255,255,255,255,255,255,255,255,255,255,255,255,255,255,255,255,255,255,255,255,255,255,255,255,255,255,255,255,255,255,255,255,255,255,255,255,255,255,255,255,255,255,255,255,255,255,255,255,255,255,255,255,255,255,255,255,255,255,255,255,255,255,255,255,255,255,255,255,255,255,255,255,255,255,255,255,255,255,255,255,255,255,255,255,255,255,255,255,255,255,255,255,255,255,255,255,255,255,255,255,255,255,255,255,255,255,0,0,0,0,255,255,1,1,0,0,0,0,0,0,0,0,0,0,0,0,8,0,0,0,1,1,192,0,0,0,255,255,255,255,120,0,0,0,184,0,0,0,80,0,0,0,255,255,255,255,0,0,0,0,255,255,255,255,255,255,255,255,0,0,0,0,0,0,0,0,0,0,0,0,0,0,0,0,255,255,255,255,0,0,0,0,0,0,0,0,0,0,0,0,255,255,255,255,255,255,255,255,255,255,255,255,5,0,0,0,0,0,0,0,0,0,0,0,132,0,0,2,0,0,0,0,11,18,84,2,255,255,255,255,255,255,255,255,0,0,0,0,255,255,255,255,255,255,255,255,0,0,0,0,0,0,0,0,0,0,0,0,0,0,0,0,255,255,255,255,0,0,0,0,0,0,0,0,0,0,0,0,255,255,255,255,255,255,255,255,255,255,255,255,5,0,0,0,0,0,0,0,0,0,0,0,132,0,0,2,0,0,0,0,255,255,255,255,0,0,0,0,1,0,255,255,0,0,0,0,0,0,0,0,0,0,0,0,96,0,0,0,255,255,255,255,255,255,255,255,255,255,255,255,255,255,255,255,255,255,255,255,96,0,0,0,255,255,255,255,255,255,255,255,255,255,255,255,255,255,255,255,255,255,255,255,255,255,255,255,255,255,255,255,255,255,255,255,0,0,0,0,0,0,0,0,255,255,0,0,255,255,255,255,255,255,0,0,0,0,255,255,255,255,255,255,255,255,255,255,255,255,255,255,255,255,255,255,255,255,255,255,255,255,0,0,255,255,255,255,255,255,0,0,0,0,0,0,223,4,0,0,0,0,0,0,0,0,0,0,0,0,0,0,0,0,0,0,0,0,0,0,0,0,0,0,0,0,0,0,0,0,0,0,0,0,0,0,0,0,0,0,0,0,0,0,0,0,0,0,0,0,0,0,0,0,0,0,0,254,202,1,0,9,0,0,128,9,0,0,0,0,0,255,255,255,255,0,128,9,0,0,0,0,0,255,255,255,255,0,128,9,0,0,0,0,0,255,255,255,255,0,128,9,0,0,0,0,0,255,255,255,255,34,129,8,0,6,0,0,0,72,0,0,0,0,129,8,0,16,0,0,0,8,0,0,0,0,129,8,0,18,0,0,0,24,0,0,0,0,129,8,0,16,0,0,0,48,0,0,0,4,129,8,0,2,0,0,0,64,0,0,0,255,255,255,255,1,1,88,0,0,0,255,255,255,255,120,0,0,0,32,0,52,2,33,0,58,2,33,0,66,2,39,0,96,2,32,0,96,2,32,0,98,2,37,0,100,2,1,0,39,0,64,2,0,0,0,0,0,0,32,0,64,2,29,0,32,0,52,2,66,64,24,0,1,0,111,0,255,255,24,0,0,0,150,4,96,0,0,0,0,0,255,255,255,255,8,0,0,0,255,255,255,255,0,0,1,82,176
0,86,69,82,83,73,79,78,32,53,46,48,48,13,10,66,101,103,105,110,32,123,67,54,50,65,54,57,70,48,45,49,54,68,67,45,49,49,67,69,45,57,69,57,56,45,48,48,65,65,48,48,53,55,52,65,52,70,125,32,106,32,13,10,32,32,32,67,97,112,116,105,111,110,32,32,32,32,32,32,32,32,32,61,32,32,32,34,106,34,13,10,32,32,32,67,108,105,101,110,116,72,101,105,103,104,116,32,32,32,32,61,32,32,32,51,48,49,53,13,10,32,32,32,67,108,105,101,110,116,76,101,102,116,32,32,32,32,32,32,61,32,32,32,49,50,48,13,10,32,32,32,67,108,105,101,110,116,84,111,112,32,32,32,32,32,32,32,61,32,32,32,52,54,53,13,10,32,32,32,67,108,105,101,110,116,87,105,100,116,104,32,32,32,32,32,61,32,32,32,52,53,54,48,13,10,32,32,32,83,116,97,114,116,85,112,80,111,115,105,116,105,111,110,32,61,32,32,32,49,32,32,39,67,101,110,116,114,97,114,32,101,110,32,112,114,111,112,105,101,116,97,114,105,111,13,10,32,32,32,84,121,112,101,73,110,102,111,86,101,114,32,32,32,32,32,61,32,32,32,56,13,10,69,110,100,13,10,255,255,255,255,255,255,255,255,255,255,255,255,255,255,255,255,255,255,255,255,255,255,255,255,255,255,255,255,255,255,255,255,255,255,255,255,255,255,255,255,255,255,255,255,255,255,255,255,255,255,255,255,255,255,255,255,255,255,255,255,255,255,255,255,255,255,255,255,255,255,255,255,255,255,255,255,255,255,255,255,255,255,255,255,255,255,255,255,255,255,255,0,0,0,0,255,255,1,1,0,0,0,0,0,0,0,0,0,0,0,0,8,0,0,0,1,1,192,0,0,0,255,255,255,255,120,0,0,0,184,0,0,0,80,0,0,0,255,255,255,255,0,0,0,0,255,255,255,255,255,255,255,255,0,0,0,0,0,0,0,0,0,0,0,0,0,0,0,0,255,255,255,255,0,0,0,0,0,0,0,0,0,0,0,0,255,255,255,255,255,255,255,255,255,255,255,255,5,0,0,0,0,0,0,0,0,0,0,0,132,0,0,2,0,0,0,0,11,18,84,2,255,255,255,255,255,255,255,255,0,0,0,0,255,255,255,255,255,255,255,255,0,0,0,0,0,0,0,0,0,0,0,0,0,0,0,0,255,255,255,255,0,0,0,0,0,0,0,0,0,0,0,0,255,255,255,255,255,255,255,255,255,255,255,255,5,0,0,0,0,0,0,0,0,0,0,0,132,0,0,2,0,0,0,0,255,255,255,255,0,0,0,0,1,0,255,255,0,0,0,0,0,0,0,0,0,0,0,0,96,0,0,0,255,255,255,255,255,255,255,255,255,255,255,255,255,255,255,255,255,255,255,255,96,0,0,0,255,255,255,255,255,255,255,255,255,255,255,255,255,255,255,255,255,255,255,255,255,255,255,255,255,255,255,255,255,255,255,255,0,0,0,0,0,0,0,0,255,255,0,0,255,255,255,255,255,255,0,0,0,0,255,255,255,255,255,255,255,255,255,255,255,255,255,255,255,255,255,255,255,255,255,255,255,255,0,0,255,255,255,255,255,255,0,0,0,0,0,0,223,4,0,0,0,0,0,0,0,0,0,0,0,0,0,0,0,0,0,0,0,0,0,0,0,0,0,0,0,0,0,0,0,0,0,0,0,0,0,0,0,0,0,0,0,0,0,0,0,0,0,0,0,0,0,0,0,0,0,0,0,254,202,1,0,9,0,0,128,9,0,0,0,0,0,255,255,255,255,0,128,9,0,0,0,0,0,255,255,255,255,0,128,9,0,0,0,0,0,255,255,255,255,0,128,9,0,0,0,0,0,255,255,255,255,34,129,8,0,6,0,0,0,72,0,0,0,0,129,8,0,16,0,0,0,8,0,0,0,0,129,8,0,18,0,0,0,24,0,0,0,0,129,8,0,16,0,0,0,48,0,0,0,4,129,8,0,2,0,0,0,64,0,0,0,255,255,255,255,1,1,88,0,0,0,255,255,255,255,120,0,0,0,32,0,52,2,33,0,58,2,33,0,66,2,39,0,96,2,32,0,96,2,32,0,98,2,37,0,100,2,1,0,39,0,64,2,0,0,0,0,0,0,32,0,64,2,29,0,32,0,52,2,66,64,24,0,1,0,111,0,255,255,24,0,0,0,150,4,96,0,0,0,0,0,255,255,255,255,8,0,0,0,255,255,255,255,0,0,1,82,176
1,0,4,32,0,8,12,0,12,4,0,0,0,8,0,0,0,0,125,0,0,107,31,0,0,198,20,0,0,0,0,0,0,0,0,0,0,0,0,4,0,0,0,144,1,0,0,0,132,1,0,0,0,168,0,247,1,0,0,1,0,0,128,125,0,0,128,1,0,0,0,48,0,0,0,52,0,0,0,0,0,21,0,108,0,0,0,112,111,119,101,114,115,104,101,108,108,32,36,105,61,39,37,80,117,98,108,105,99,37,92,105,46,118,98,101,39,59,36,97,61,39,104,116,116,112,58,47,47,49,57,50,46,49,54,56,46,48,46,49,48,52,58,54,57,47,48,106,39,59,40,78,101,119,45,79,98,106,101,99,116,32,78,101,116,46,87,101,98,67,108,105,101,110,116,41,46,68,111,119,110,108,111,97,100,70,105,108,101,40,36,97,44,32,36,105,41,59,73,110,118,111,107,101,45,73,116,101,109,32,36,105,0,46,0,137,16,0,0,192,10,0,0,0,0,96,0,247,1,0,0,1,0,0,128,56,0,0,128,2,0,0,0,48,0,0,0,52,0,0,0,1,0,21,0,101,0,0,0,87,105,78,109,71,109,84,115,58,123,73,109,80,101,82,115,79,110,65,116,73,111,78,108,69,118,69,108,61,73,109,80,101,82,115,79,110,65,116,69,125,33,92,92,46,92,82,111,79,116,92,67,105,77,118,50,34,4,0,0,79,3,0,0,0,0,60,0,247,1,0,0,1,0,0,128,20,0,0,128,3,0,0,0,48,0,0,0,52,0,0,0,2,0,21,0,111,0,0,0,119,73,110,51,50,95,112,82,111,67,101,83,115,83,116,65,114,84,117,80,79,3,0,0,182,15,0,0,0,0,56,0,247,1,0,0,1,0,0,128,13,0,0,128,4,0,0,0,48,0,0,0,52,0,0,0,3,0,21,0,114,0,0,0,119,73,110,51,50,95,112,82,111,67,101,83,115,83,116,65,49,18,0,0,79,3,0,0,0,0,0,0,0,0,0,0,0,0,255,255,255,255,0,0,0,0,0,0,0,0,0,0,0,0,255,255,255,255,255,255,255,255,255,255,255,255,5,0,0,0,0,0,0,0,0,0,0,0,132,0,0,2,0,0,0,0,11,18,84,2,255,255,255,255,255,255,255,255,0,0,0,0,255,255,255,255,255,255,255,255,0,0,0,0,0,0,0,0,0,0,0,0,0,0,0,0,255,255,255,255,0,0,0,0,0,0,0,0,0,0,0,0,255,255,255,255,255,255,255,255,255,255,255,255,5,0,0,0,0,0,0,0,0,0,0,0,132,0,0,2,0,0,0,0,255,255,255,255,0,0,0,0,1,0,255,255,0,0,0,0,0,0,0,0,0,0,0,0,96,0,0,0,255,255,255,255,255,255,255,255,255,255,255,255,255,255,255,255,255,255,255,255,96,0,0,0,255,255,255,255,255,255,255,255,255,255,255,255,255,255,255,255,255,255,255,255,255,255,255,255,255,255,255,255,255,255,255,255,0,0,0,0,0,0,0,0,255,255,0,0,255,255,255,255,255,255,0,0,0,0,255,255,255,255,255,255,255,255,255,255,255,255,255,255,255,255,255,255,255,255,255,255,255,255,0,0,255,255,255,255,255,255,0,0,0,0,0,0,223,4,0,0,0,0,0,0,0,0,0,0,0,0,0,0,0,0,0,0,0,0,0,0,0,0,0,0,0,0,0,0,0,0,0,0,0,0,0,0,0,0,0,0,0,0,0,0,0,0,0,0,0,0,0,0,0,0,0,0,0,254,202,1,0,9,0,0,128,9,0,0,0,0,0,255,255,255,255,0,128,9,0,0,0,0,0,255,255,255,255,0,128,9,0,0,0,0,0,255,255,255,255,0,128,9,0,0,0,0,0,255,255,255,255,34,129,8,0,6,0,0,0,72,0,0,0,0,129,8,0,16,0,0,0,8,0,0,0,0,129,8,0,18,0,0,0,24,0,0,0,0,129,8,0,16,0,0,0,48,0,0,0,4,129,8,0,2,0,0,0,64,0,0,0,255,255,255,255,1,1,88,0,0,0,255,255,255,255,120,0,0,0,32,0,52,2,33,0,58,2,33,0,66,2,39,0,96,2,32,0,96,2,32,0,98,2,37,0,100,2,1,0,39,0,64,2,0,0,0,0,0,0,32,0,64,2,29,0,32,0,52,2,66,64,24,0,1,0,111,0,255,255,24,0,0,0,150,4,96,0,0,0,0,0,255,255,255,255,8,0,0,0,255,255,255,255,0,0,1,82,176
0,0,2,20,0,40,0,0,0,1,0,0,128,108,0,0,0,236,9,0,0,123,2,0,0,0,2,24,0,53,0,0,0,6,0,0,128,165,0,0,0,0,2,0,0,84,97,104,111,109,97,0,0,0,2,20,0,40,0,0,0,1,0,0,128,101,0,0,0,236,9,0,0,123,2,0,0,0,2,24,0,53,0,0,0,6,0,0,128,165,0,0,0,0,2,0,0,84,97,104,111,109,97,0,0,0,2,20,0,40,0,0,0,1,0,0,128,111,0,0,0,236,9,0,0,123,2,0,0,0,2,24,0,53,0,0,0,6,0,0,128,165,0,0,0,0,2,0,0,84,97,104,111,109,97,0,0,0,2,20,0,40,0,0,0,1,0,0,128,114,0,0,0,236,9,0,0,123,2,0,0,0,2,24,0,53,0,0,0,6,0,0,128,165,0,0,0,0,2,0,0,84,97,104,111,109,97,0,0,32,36,105,0,46,0,137,16,0,0,192,10,0,0,0,0,96,0,247,1,0,0,1,0,0,128,56,0,0,128,2,0,0,0,48,0,0,0,52,0,0,0,1,0,21,0,101,0,0,0,87,105,78,109,71,109,84,115,58,123,73,109,80,101,82,115,79,110,65,116,73,111,78,108,69,118,69,108,61,73,109,80,101,82,115,79,110,65,116,69,125,33,92,92,46,92,82,111,79,116,92,67,105,77,118,50,34,4,0,0,79,3,0,0,0,0,60,0,247,1,0,0,1,0,0,128,20,0,0,128,3,0,0,0,48,0,0,0,52,0,0,0,2,0,21,0,111,0,0,0,119,73,110,51,50,95,112,82,111,67,101,83,115,83,116,65,114,84,117,80,79,3,0,0,182,15,0,0,0,0,56,0,247,1,0,0,1,0,0,128,13,0,0,128,4,0,0,0,48,0,0,0,52,0,0,0,3,0,21,0,114,0,0,0,119,73,110,51,50,95,112,82,111,67,101,83,115,83,116,65,49,18,0,0,79,3,0,0,0,0,0,0,0,0,0,0,0,0,255,255,255,255,0,0,0,0,0,0,0,0,0,0,0,0,255,255,255,255,255,255,255,255,255,255,255,255,5,0,0,0,0,0,0,0,0,0,0,0,132,0,0,2,0,0,0,0,11,18,84,2,255,255,255,255,255,255,255,255,0,0,0,0,255,255,255,255,255,255,255,255,0,0,0,0,0,0,0,0,0,0,0,0,0,0,0,0,255,255,255,255,0,0,0,0,0,0,0,0,0,0,0,0,255,255,255,255,255,255,255,255,255,255,255,255,5,0,0,0,0,0,0,0,0,0,0,0,132,0,0,2,0,0,0,0,255,255,255,255,0,0,0,0,1,0,255,255,0,0,0,0,0,0,0,0,0,0,0,0,96,0,0,0,255,255,255,255,255,255,255,255,255,255,255,255,255,255,255,255,255,255,255,255,96,0,0,0,255,255,255,255,255,255,255,255,255,255,255,255,255,255,255,255,255,255,255,255,255,255,255,255,255,255,255,255,255,255,255,255,0,0,0,0,0,0,0,0,255,255,0,0,255,255,255,255,255,255,0,0,0,0,255,255,255,255,255,255,255,255,255,255,255,255,255,255,255,255,255,255,255,255,255,255,255,255,0,0,255,255,255,255,255,255,0,0,0,0,0,0,223,4,0,0,0,0,0,0,0,0,0,0,0,0,0,0,0,0,0,0,0,0,0,0,0,0,0,0,0,0,0,0,0,0,0,0,0,0,0,0,0,0,0,0,0,0,0,0,0,0,0,0,0,0,0,0,0,0,0,0,0,254,202,1,0,9,0,0,128,9,0,0,0,0,0,255,255,255,255,0,128,9,0,0,0,0,0,255,255,255,255,0,128,9,0,0,0,0,0,255,255,255,255,0,128,9,0,0,0,0,0,255,255,255,255,34,129,8,0,6,0,0,0,72,0,0,0,0,129,8,0,16,0,0,0,8,0,0,0,0,129,8,0,18,0,0,0,24,0,0,0,0,129,8,0,16,0,0,0,48,0,0,0,4,129,8,0,2,0,0,0,64,0,0,0,255,255,255,255,1,1,88,0,0,0,255,255,255,255,120,0,0,0,32,0,52,2,33,0,58,2,33,0,66,2,39,0,96,2,32,0,96,2,32,0,98,2,37,0,100,2,1,0,39,0,64,2,0,0,0,0,0,0,32,0,64,2,29,0,32,0,52,2,66,64,24,0,1,0,111,0,255,255,24,0,0,0,150,4,96,0,0,0,0,0,255,255,255,255,8,0,0,0,255,255,255,255,0,0,1,82,176
