0,1,0,254,255,3,10,0,0,255,255,255,255,6,9,2,0,0,0,0,0,192,0,0,0,0,0,0,70,43,0,0,0,68,111,99,117,109,101,110,116,111,32,100,101,32,77,105,99,114,111,115,111,102,116,32,79,102,102,105,99,101,32,87,111,114,100,32,57,55,45,50,48,48,51,0,10,0,0,0,77,83,87,111,114,100,68,111,99,0,16,0,0,0,87,111,114,100,46,68,111,99,117,109,101,110,116,46,56,0,244,57,178,113,0,0,0,0,0,0,0,0,0,0,0,0,,,,,,,,,,,,,,,,,,,,,,,,,,,,,,,,,,,,,,,,,,,,,,,,,,,,,,,,,,,,,,,,,,,,,,,,,,,,,,,,,,,,,,,,,,,,,,,,,,,,,,,,,,,,,,,,,,,,,,,,,,,,,,,,,,,,,,,,,,,,,,,,,,,,,,,,,,,,,,,,,,,,,,,,,,,,,,,,,,,,,,,,,,,,,,,,,,,,,,,,,,,,,,,,,,,,,,,,,,,,,,,,,,,,,,,,,,,,,,,,,,,,,,,,,,,,,,,,,,,,,,,,,,,,,,,,,,,,,,,,,,,,,,,,,,,,,,,,,,,,,,,,,,,,,,,,,,,,,,,,,,,,,,,,,,,,,,,,,,,,,,,,,,,,,,,,,,,,,,,,,,,,,,,,,,,,,,,,,,,,,,,,,,,,,,,,,,,,,,,,,,,,,,,,,,,,,,,,,,,,,,,,,,,,,,,,,,,,,,,,,,,,,,,,,,,,,,,,,,,,,,,,,,,,,,,,,,,,,,,,,,,,,,,,,,,,,,,,,,,,,,,,,,,,,,,,,,,,,,,,,,,,,,,,,,,,,,,,,,,,,,,,,,,,,,,,,,,,,,,,,,,,,,,,,,,,,,,,,,,,,,,,,,,,,,,,,,,,,,,,,,,,,,,,,,,,,,,,,,,,,,,,,,,,,,,,,,,,,,,,,,,,,,,,,,,,,,,,,,,,,,,,,,,,,,,,,,,,,,,,,,,,,,,,,,,,,,,,,,,,,,,,,,,,,,,,,,,,,,,,,,,,,,,,,,,,,,,,,,,,,,,,,,,,,,,,,,,,,,,,,,,,,,,,,,,,,,,,,,,,,,,,,,,,,,,,,,,,,,,,,,,,,,,,,,,,,,,,,,,,,,,,,,,,,,,,,,,,,,,,,,,,,,,,,,,,,,,,,,,,,,,,,,,,,,,,,,,,,,,,,,,,,,,,,,,,,
0,254,255,0,0,5,1,2,0,0,0,0,0,0,0,0,0,0,0,0,0,0,0,0,0,1,0,0,0,2,213,205,213,156,46,27,16,147,151,8,0,43,44,249,174,48,0,0,0,12,1,0,0,12,0,0,0,1,0,0,0,104,0,0,0,15,0,0,0,112,0,0,0,5,0,0,0,128,0,0,0,6,0,0,0,136,0,0,0,17,0,0,0,144,0,0,0,23,0,0,0,152,0,0,0,11,0,0,0,160,0,0,0,16,0,0,0,168,0,0,0,19,0,0,0,176,0,0,0,22,0,0,0,184,0,0,0,13,0,0,0,192,0,0,0,12,0,0,0,236,0,0,0,2,0,0,0,228,4,0,0,30,0,0,0,8,0,0,0,79,114,97,99,108,101,0,0,3,0,0,0,34,0,0,0,3,0,0,0,9,0,0,0,3,0,0,0,24,19,0,0,3,0,0,0,0,0,12,0,11,0,0,0,0,0,0,0,11,0,0,0,0,0,0,0,11,0,0,0,0,0,0,0,11,0,0,0,0,0,0,0,30,16,0,0,1,0,0,0,32,0,0,0,68,105,115,101,241,111,32,100,101,32,83,101,114,118,105,99,105,111,115,32,119,101,98,32,100,101,32,83,101,117,114,0,12,16,0,0,2,0,0,0,30,0,0,0,7,0,0,0,84,237,116,117,108,111,0,3,0,0,0,1,0,0,0,0,,,,,,,,,,,,,,,,,,,,,,,,,,,,,,,,,,,,,,,,,,,,,,,,,,,,,,,,,,,,,,,,,,,,,,,,,,,,,,,,,,,,,,,,,,,,,,,,,,,,,,,,,,,,,,,,,,,,,,,,,,,,,,,,,,,,,,,,,,,,,,,,,,,,,,,,,,,,,,,,,,,,,,,,,,,,,,,,,,,,,,,,,,,,,,,,,,,,,,,,,,,,,,,,,,,,,,,,,,,,,,,,,,,,,,,,,,,,,,,,,,,,,,,,,,,,,,,,,,,,,,,,,,,,,,,,,,,,,,,,,,,,,,,,,,,,,,,,,,,,,,,,,,,,,,,,,,,,,,,,,,,,,,,,,,,,,,,,,,,,,,,,,,,,,,,,,,,,,,,,,,,,,,,,,,,,,,,,,,,,,,,,,,,,,,,,,,,,,,,,,,,,,,,,,,,,,,,,,,,,,,,,,,,,,,,,,,,,,,,,,,,,,,,,,,,,,,,,,,,,,,,,,,,,,,,,,,,,,,,,,,,,,,,,,,,,,,,,,,,,,,,,,,,,,,,,,,,,,,,,,,,,,,,,,,,,,,,,,,,,,,,,,,,,,,,,,,,,,,,,,,,,,,,,,,,,,,,,,,,,,,,,,,,,,,,,,,,,,,,,,,,,,,,,,,,,,,,,,,,,,,,,,,,,,,,,,,,,,,,,,,,,,,,,,,,,,,,,,,,,,,,,,,,,,,,,,,,,,,,,,,,,,,,,,,,,,,,,,,,,,,
0,254,255,0,0,5,1,2,0,0,0,0,0,0,0,0,0,0,0,0,0,0,0,0,0,1,0,0,0,224,133,159,242,249,79,104,16,171,145,8,0,43,39,179,217,48,0,0,0,20,2,0,0,18,0,0,0,1,0,0,0,152,0,0,0,2,0,0,0,160,0,0,0,3,0,0,0,200,0,0,0,4,0,0,0,236,0,0,0,5,0,0,0,252,0,0,0,6,0,0,0,56,1,0,0,7,0,0,0,96,1,0,0,8,0,0,0,116,1,0,0,9,0,0,0,152,1,0,0,18,0,0,0,164,1,0,0,10,0,0,0,196,1,0,0,11,0,0,0,208,1,0,0,12,0,0,0,220,1,0,0,13,0,0,0,232,1,0,0,14,0,0,0,244,1,0,0,15,0,0,0,252,1,0,0,16,0,0,0,4,2,0,0,19,0,0,0,12,2,0,0,2,0,0,0,228,4,0,0,30,0,0,0,32,0,0,0,68,105,115,101,241,111,32,100,101,32,83,101,114,118,105,99,105,111,115,32,119,101,98,32,100,101,32,83,101,117,114,0,30,0,0,0,28,0,0,0,68,111,99,46,84,233,99,110,105,99,97,32,87,101,98,32,83,101,114,118,105,99,101,115,0,0,0,0,30,0,0,0,8,0,0,0,101,118,101,114,105,115,0,0,30,0,0,0,52,0,0,0,83,101,117,114,32,87,101,98,83,101,114,118,105,99,101,115,32,99,111,110,115,117,108,116,97,32,114,101,99,111,103,105,100,97,115,32,101,120,112,101,100,105,99,105,111,110,101,115,0,0,0,0,30,0,0,0,32,0,0,0,68,101,115,97,114,114,111,108,108,111,32,83,105,115,116,101,109,97,115,44,32,83,69,85,82,46,32,83,46,65,46,0,30,0,0,0,12,0,0,0,79,77,71,117,105,100,101,46,100,111,116,0,30,0,0,0,28,0,0,0,65,108,98,101,114,116,111,32,72,111,114,109,105,103,111,115,32,71,111,110,122,97,108,101,122,0,0,0,30,0,0,0,4,0,0,0,53,0,0,0,30,0,0,0,24,0,0,0,77,105,99,114,111,115,111,102,116,32,79,102,102,105,99,101,32,87,111,114,100,0,0,0,64,0,0,0,0,234,86,250,0,0,0,0,64,0,0,0,0,42,12,225,219,94,202,1,64,0,0,0,0,170,45,236,1,241,206,1,64,0,0,0,0,148,132,230,2,241,206,1,3,0,0,0,3,0,0,0,3,0,0,0,241,2,0,0,3,0,0,0,48,16,0,0,3,0,0,0,0,0,0,0,,,,,,,,,,,,,,,,,,,,,,,,,,,,,,,,,,,,,,,,,,,,,,,,,,,,,,,,,,,,,,,,,,,,,,,,,,,,,,,,,,,,,,,,,,,,,,,,,,,,,,,,,,,,,,,,,,,,,,,,,,,,,,,,,,,,,,,,,,,,,,,,,,,,,,,,,,,,,,,,,,,,,,,,,,,,,,,,,,,,,,,,,,,,,,,,,,,,,,,,,,,,,,,,,,,,,,,,,,,,,,,,,,,,,,,,,,,,,,,,,,,,,,,,,,,,,,,,,,,,,,,,,,,,,,,,,,,,,,,,,,,,,,,,,,,,,,,,,,,,,,,,,,,,,,,,,,,,,,,,,,,,,,,,,,,,,,,,,,,,,,,,,,,,,,,,,,,,,,,,,,,,,,,,,,,,,,,,,,,,,,,,,,,,,,,,,,,,,,,,,,,,,,,,,,,,,,,,,,,,,,,,,,,,,,,,,,,,,,
0,102,4,77,0,18,0,1,0,11,1,15,0,7,0,5,0,0,0,5,0,0,0,4,0,8,0,0,0,8,0,0,0,8,0,0,0,8,0,0,0,8,0,0,0,8,0,0,0,8,0,0,0,8,0,0,0,8,0,0,0,8,0,0,0,0,0,0,0,0,0,0,0,0,0,0,0,0,0,0,0,0,0,0,0,0,0,0,0,0,0,0,0,0,0,0,0,0,0,0,0,0,0,0,0,112,2,0,0,112,2,0,0,0,0,0,0,0,0,0,0,0,0,0,0,0,0,0,0,0,0,0,0,0,0,0,0,0,0,0,0,0,0,0,0,0,0,0,0,0,0,0,0,0,0,0,0,0,0,0,0,8,0,0,0,0,0,0,0,0,0,0,0,0,0,0,0,0,0,0,0,0,0,0,0,0,0,0,0,0,0,0,0,0,0,0,0,0,0,0,0,0,0,0,0,0,0,0,0,0,0,0,0,0,0,0,0,0,0,0,0,0,0,0,0,0,0,0,0,0,0,0,0,0,0,0,0,0,0,0,0,0,0,0,0,0,0,0,0,0,0,0,0,0,0,0,0,0,0,0,0,0,0,0,0,0,0,0,0,0,0,0,0,8,0,0,0,0,0,0,0,0,0,0,0,0,0,0,0,0,0,0,0,0,0,0,0,0,0,0,0,0,0,0,0,0,0,0,0,0,0,0,0,0,0,0,0,0,0,0,0,8,0,0,0,0,0,0,0,0,0,0,0,0,0,0,0,0,0,0,0,0,0,0,0,0,0,0,0,0,0,0,0,0,0,0,0,0,0,0,0,0,0,0,0,0,0,0,0,0,0,0,0,8,0,0,0,8,0,0,0,0,0,0,0,0,0,0,0,0,0,0,0,0,0,0,0,0,0,0,0,0,0,0,0,0,0,0,0,0,0,0,0,0,0,0,0,0,0,0,0,0,0,0,0,0,0,0,0,0,0,0,0,0,0,0,0,0,0,0,0,0,0,0,0,0,0,0,0,0,0,0,0,0,0,0,0,0,0,0,0,0,0,0,0,0,0,0,0,0,0,0,0,0,0,0,0,0,0,0,0,0,0,0,0,0,0,0,0,0,0,0,0,0,0,0,0,0,0,0,0,0,0,0,0,0,0,0,0,0,0,0,0,0,0,0,0,0,0,0,0,0,0,0,0,0,0,0,0,0,0,0,0,0,0,0,0,0,0,0,0,0,0,0,0,0,0,0,0,0,0,0,0,0,0,0,0,0,0,0,0,0,0,0,0,0,0,0,0,0,0,0,0,0,0,0,0,0,0,0,0,0,0,0,0,0,0,0,0,0,0,0,0,0,0,0,0,0,0,0,0,0,0,0,0,0,0,0,0,0,0,0,0,0,0,0,0,0,0,0,0,0,0,0,0,0,0,0,0,0,0,0,0,0,0,0,0,0,0,0,0,0,0,0,0,0,0,0,0,50,6,0,0,24,0,0,0,192,3,0,0,208,3,0,0,224,3,0,0,240,3,0,0,0,4,0,0,16,4,0,0,32,4,0,0,48,4,0,0,64,4,0,0,80,4,0,0,96,4,0,0,112,4,0,0,128,4,0,0,144,4,0,0,192,3,0,0,208,3,0,0,224,3,0,0,240,3,0,0,0,4,0,0,16,4,0,0,50,6,0,0,40,2,0,0,216,1,0,0,232,1,0,0,32,4,0,0,48,4,0,0,64,4,0,0,80,4,0,0,96,4,0,0,112,4,0,0,128,4,0,0,144,4,0,0,192,3,0,0,208,3,0,0,224,3,0,0,240,3,0,0,0,4,0,0,16,4,0,0,32,4,0,0,48,4,0,0,64,4,0,0,80,4,0,0,96,4,0,0,112,4,0,0,128,4,0,0,144,4,0,0,192,3,0,0,208,3,0,0,224,3,0,0,240,3,0,0,0,4,0,0,16,4,0,0,32,4,0,0,48,4,0,0,64,4,0,0,80,4,0,0,96,4,0,0,112,4,0,0,128,4,0,0,144,4,0,0,192,3,0,0,208,3,0,0,224,3,0,0,240,3,0,0,0,4,0,0,16,4,0,0,32,4,0,0,48,4,0,0,64,4,0,0,80,4,0,0,96,4,0,0,112,4,0,0,128,4,0,0,144,4,0,0,192,3,0,0,208,3,0,0,224,3,0,0,240,3,0,0,0,4,0,0,16,4,0,0,32,4,0,0,48,4,0,0,64,4,0,0,80,4,0,0,96,4,0,0,112,4,0,0,128,4,0,0,144,4,0,0,192,3,0,0,208,3,0,0,224,3
0,70,3,0,0,68,0,100,0,0,0,0,0,0,0,10,0,0,0,0,0,0,0,0,0,0,0,0,0,49,11,253,2,232,3,232,3,0,0,0,0,0,0,0,0,0,0,0,0,0,0,0,0,0,0,0,0,0,0,0,0,0,0,0,0,0,0,0,0,15,0,4,240,48,0,0,0,178,4,10,240,8,0,0,0,1,4,0,0,0,10,0,0,35,0,11,240,12,0,0,0,4,65,1,0,0,0,255,1,0,0,8,0,0,0,16,240,4,0,0,0,0,0,0,128,50,0,7,240,194,2,0,0,3,4,23,247,0,238,4,157,20,186,114,143,125,197,104,255,2,69,255,0,158,2,0,0,1,0,0,0,68,0,0,0,0,0,149,9,96,33,27,240,150,2,0,0,23,247,0,238,4,157,20,186,114,143,125,197,104,255,2,69,138,14,0,0,0,0,0,0,0,0,0,0,190,0,0,0,50,0,0,0,48,195,27,0,8,105,7,0,100,2,0,0,0,254,120,1,237,151,191,107,219,64,20,199,191,82,126,152,196,134,118,9,116,8,137,221,161,100,73,134,122,232,216,132,146,110,166,131,19,232,86,68,227,80,131,29,23,156,162,116,170,38,19,66,135,174,130,172,249,3,186,151,142,157,60,103,246,150,57,132,76,45,168,223,167,179,212,195,182,100,41,103,218,12,125,190,31,239,206,231,207,61,189,123,39,243,44,44,1,115,187,5,192,70,101,17,148,5,214,162,29,105,37,251,41,190,99,149,195,159,246,109,32,179,192,23,139,141,84,236,57,239,58,109,7,56,93,93,174,225,87,1,175,191,94,187,14,107,121,251,198,61,127,118,232,205,115,205,38,87,10,115,41,102,90,118,16,4,184,224,220,78,241,7,78,81,230,71,68,245,175,176,17,234,192,54,123,139,159,80,134,157,26,252,105,133,244,175,101,0,20,254,82,125,192,125,214,89,159,179,126,98,13,6,176,2,57,183,157,226,75,28,14,61,56,238,201,50,196,147,143,216,82,74,170,155,216,238,207,84,198,183,232,245,122,151,87,87,253,89,8,45,77,226,51,40,12,133,6,254,231,167,248,240,62,248,167,116,39,81,15,149,197,126,198,106,222,56,165,69,185,248,188,11,217,11,141,209,249,181,90,45,61,254,213,93,75,57,68,253,43,117,43,117,254,212,248,143,249,84,148,16,24,169,189,17,221,132,175,219,153,164,155,240,233,88,192,83,100,234,30,60,22,14,225,113,90,10,117,19,126,72,225,223,84,184,5,223,217,0,119,25,242,3,25,26,243,73,137,248,10,24,50,227,71,48,228,11,71,204,140,236,231,56,18,229,28,142,76,252,19,193,210,250,123,203,167,97,25,203,200,253,205,114,191,248,147,92,146,247,254,86,253,190,15,36,149,40,252,227,123,0,197,87,103,145,197,254,106,63,72,130,115,158,231,205,45,244,150,124,5,247,125,63,11,63,126,219,100,84,200,167,63,9,119,93,119,42,63,45,28,39,125,23,91,78,248,204,249,180,153,47,124,74,85,19,140,9,253,64,51,38,89,55,101,142,124,181,34,229,112,185,155,33,63,29,110,200,159,10,55,228,51,114,38,198,140,126,8,202,63,180,36,111,73,10,120,29,174,236,207,24,234,35,203,200,31,65,233,67,201,207,108,75,82,44,209,182,44,73,4,87,88,43,11,107,168,59,173,230,129,243,162,115,212,253,208,58,118,118,79,222,55,14,154,111,155,157,163,70,119,235,164,221,170,224,205,48,59,124,8,38,145,148,111,97,158,103,217,246,227,250,199,238,113,163,13,72,38,8,44,227,9,206,194,44,78,2,237,51,179,197,121,174,222,228,174,115,242,51,252,6,209,39,139,31,138,7,0,0,68,0,100,0,0,0,0,0,0,0,10,0,0,0,0,0,0,0,0,0,0,0,0,0,250,5,222,3,232,3,232,3,0,0,0,0,0,0,0,0,0,0,0,0,0,0,0,0,0,0,0,0,0,0,0,0,0,0,0,0,0,0,0,0,15,0,4,240,98,0,0,0,178,4,10,240,8,0,0,0,2,4,0,0,0,10,0,0,99,0,11,240,36,0,0,0,127,0,128,0,128,0,4,65,2,0,0,0,63,1,0,0,7,0,191,1,12,0,31,0,255,1,0,0,8,0,63,3,16,0,16,0,51,0,34,241,18,0,0,0,191,1,0,0,96,0,191,3,0,0,128,1,63,4,0,0,7,0,0,0,16,240,4,0,0,0,1,0,0,128,34,0,7,240,212,6
0,1,0,254,255,3,10,0,0,255,255,255,255,12,0,3,0,0,0,0,0,192,0,0,0,0,0,0,70,8,0,0,0,80,97,113,117,101,116,101,0,8,0,0,0,80,97,99,107,97,103,101,0,8,0,0,0,80,97,99,107,97,103,101,0,244,57,178,113,0,0,0,0,0,0,0,0,0,0,0,0,8,0,0,0,1,4,0,0,0,10,0,0,35,0,11,240,12,0,0,0,4,65,1,0,0,0,255,1,0,0,8,0,0,0,16,240,4,0,0,0,0,0,0,128,50,0,7,240,194,2,0,0,3,4,23,247,0,238,4,157,20,186,114,143,125,197,104,255,2,69,255,0,158,2,0,0,1,0,0,0,68,0,0,0,0,0,149,9,96,33,27,240,150,2,0,0,23,247,0,238,4,157,20,186,114,143,125,197,104,255,2,69,138,14,0,0,0,0,0,0,0,0,0,0,190,0,0,0,50,0,0,0,48,195,27,0,8,105,7,0,100,2,0,0,0,254,120,1,237,151,191,107,219,64,20,199,191,82,126,152,196,134,118,9,116,8,137,221,161,100,73,134,122,232,216,132,146,110,166,131,19,232,86,68,227,80,131,29,23,156,162,116,170,38,19,66,135,174,130,172,249,3,186,151,142,157,60,103,246,150,57,132,76,45,168,223,167,179,212,195,182,100,41,103,218,12,125,190,31,239,206,231,207,61,189,123,39,243,44,44,1,115,187,5,192,70,101,17,148,5,214,162,29,105,37,251,41,190,99,149,195,159,246,109,32,179,192,23,139,141,84,236,57,239,58,109,7,56,93,93,174,225,87,1,175,191,94,187,14,107,121,251,198,61,127,118,232,205,115,205,38,87,10,115,41,102,90,118,16,4,184,224,220,78,241,7,78,81,230,71,68,245,175,176,17,234,192,54,123,139,159,80,134,157,26,252,105,133,244,175,101,0,20,254,82,125,192,125,214,89,159,179,126,98,13,6,176,2,57,183,157,226,75,28,14,61,56,238,201,50,196,147,143,216,82,74,170,155,216,238,207,84,198,183,232,245,122,151,87,87,253,89,8,45,77,226,51,40,12,133,6,254,231,167,248,240,62,248,167,116,39,81,15,149,197,126,198,106,222,56,165,69,185,248,188,11,217,11,141,209,249,181,90,45,61,254,213,93,75,57,68,253,43,117,43,117,254,212,248,143,249,84,148,16,24,169,189,17,221,132,175,219,153,164,155,240,233,88,192,83,100,234,30,60,22,14,225,113,90,10,117,19,126,72,225,223,84,184,5,223,217,0,119,25,242,3,25,26,243,73,137,248,10,24,50,227,71,48,228,11,71,204,140,236,231,56,18,229,28,142,76,252,19,193,210,250,123,203,167,97,25,203,200,253,205,114,191,248,147,92,146,247,254,86,253,190,15,36,149,40,252,227,123,0,197,87,103,145,197,254,106,63,72,130,115,158,231,205,45,244,150,124,5,247,125,63,11,63,126,219,100,84,200,167,63,9,119,93,119,42,63,45,28,39,125,23,91,78,248,204,249,180,153,47,124,74,85,19,140,9,253,64,51,38,89,55,101,142,124,181,34,229,112,185,155,33,63,29,110,200,159,10,55,228,51,114,38,198,140,126,8,202,63,180,36,111,73,10,120,29,174,236,207,24,234,35,203,200,31,65,233,67,201,207,108,75,82,44,209,182,44,73,4,87,88,43,11,107,168,59,173,230,129,243,162,115,212,253,208,58,118,118,79,222,55,14,154,111,155,157,163,70,119,235,164,221,170,224,205,48,59,124,8,38,145,148,111,97,158,103,217,246,227,250,199,238,113,163,13,72,38,8,44,227,9,206,194,44,78,2,237,51,179,197,121,174,222,228,174,115,242,51,252,6,209,39,139,31,138,7,0,0,68,0,100,0,0,0,0,0,0,0,10,0,0,0,0,0,0,0,0,0,0,0,0,0,250,5,222,3,232,3,232,3,0,0,0,0,0,0,0,0,0,0,0,0,0,0,0,0,0,0,0,0,0,0,0,0,0,0,0,0,0,0,0,0,15,0,4,240,98,0,0,0,178,4,10,240,8,0,0,0,2,4,0,0,0,10,0,0,99,0,11,240,36,0,0,0,127,0,128,0,128,0,4,65,2,0,0,0,63,1,0,0,7,0,191,1,12,0,31,0,255,1,0,0,8,0,63,3,16,0,16,0,51,0,34,241,18,0,0,0,191,1,0,0,96,0,191,3,0,0,128,1,63,4,0,0,7,0,0,0,16,240,4,0,0,0,1,0,0,128,34,0,7,240,212,6
0,1,0,0,2,0,0,0,0,0,0,0,0,0,0,0,0,0,0,0,0,192,0,0,0,0,0,0,70,8,0,0,0,80,97,113,117,101,116,101,0,8,0,0,0,80,97,99,107,97,103,101,0,8,0,0,0,80,97,99,107,97,103,101,0,244,57,178,113,0,0,0,0,0,0,0,0,0,0,0,0,8,0,0,0,1,4,0,0,0,10,0,0,35,0,11,240,12,0,0,0,4,65,1,0,0,0,255,1,0,0,8,0,0,0,16,240,4,0,0,0,0,0,0,128,50,0,7,240,194,2,0,0,3,4,23,247,0,238,4,157,20,186,114,143,125,197,104,255,2,69,255,0,158,2,0,0,1,0,0,0,68,0,0,0,0,0,149,9,96,33,27,240,150,2,0,0,23,247,0,238,4,157,20,186,114,143,125,197,104,255,2,69,138,14,0,0,0,0,0,0,0,0,0,0,190,0,0,0,50,0,0,0,48,195,27,0,8,105,7,0,100,2,0,0,0,254,120,1,237,151,191,107,219,64,20,199,191,82,126,152,196,134,118,9,116,8,137,221,161,100,73,134,122,232,216,132,146,110,166,131,19,232,86,68,227,80,131,29,23,156,162,116,170,38,19,66,135,174,130,172,249,3,186,151,142,157,60,103,246,150,57,132,76,45,168,223,167,179,212,195,182,100,41,103,218,12,125,190,31,239,206,231,207,61,189,123,39,243,44,44,1,115,187,5,192,70,101,17,148,5,214,162,29,105,37,251,41,190,99,149,195,159,246,109,32,179,192,23,139,141,84,236,57,239,58,109,7,56,93,93,174,225,87,1,175,191,94,187,14,107,121,251,198,61,127,118,232,205,115,205,38,87,10,115,41,102,90,118,16,4,184,224,220,78,241,7,78,81,230,71,68,245,175,176,17,234,192,54,123,139,159,80,134,157,26,252,105,133,244,175,101,0,20,254,82,125,192,125,214,89,159,179,126,98,13,6,176,2,57,183,157,226,75,28,14,61,56,238,201,50,196,147,143,216,82,74,170,155,216,238,207,84,198,183,232,245,122,151,87,87,253,89,8,45,77,226,51,40,12,133,6,254,231,167,248,240,62,248,167,116,39,81,15,149,197,126,198,106,222,56,165,69,185,248,188,11,217,11,141,209,249,181,90,45,61,254,213,93,75,57,68,253,43,117,43,117,254,212,248,143,249,84,148,16,24,169,189,17,221,132,175,219,153,164,155,240,233,88,192,83,100,234,30,60,22,14,225,113,90,10,117,19,126,72,225,223,84,184,5,223,217,0,119,25,242,3,25,26,243,73,137,248,10,24,50,227,71,48,228,11,71,204,140,236,231,56,18,229,28,142,76,252,19,193,210,250,123,203,167,97,25,203,200,253,205,114,191,248,147,92,146,247,254,86,253,190,15,36,149,40,252,227,123,0,197,87,103,145,197,254,106,63,72,130,115,158,231,205,45,244,150,124,5,247,125,63,11,63,126,219,100,84,200,167,63,9,119,93,119,42,63,45,28,39,125,23,91,78,248,204,249,180,153,47,124,74,85,19,140,9,253,64,51,38,89,55,101,142,124,181,34,229,112,185,155,33,63,29,110,200,159,10,55,228,51,114,38,198,140,126,8,202,63,180,36,111,73,10,120,29,174,236,207,24,234,35,203,200,31,65,233,67,201,207,108,75,82,44,209,182,44,73,4,87,88,43,11,107,168,59,173,230,129,243,162,115,212,253,208,58,118,118,79,222,55,14,154,111,155,157,163,70,119,235,164,221,170,224,205,48,59,124,8,38,145,148,111,97,158,103,217,246,227,250,199,238,113,163,13,72,38,8,44,227,9,206,194,44,78,2,237,51,179,197,121,174,222,228,174,115,242,51,252,6,209,39,139,31,138,7,0,0,68,0,100,0,0,0,0,0,0,0,10,0,0,0,0,0,0,0,0,0,0,0,0,0,250,5,222,3,232,3,232,3,0,0,0,0,0,0,0,0,0,0,0,0,0,0,0,0,0,0,0,0,0,0,0,0,0,0,0,0,0,0,0,0,15,0,4,240,98,0,0,0,178,4,10,240,8,0,0,0,2,4,0,0,0,10,0,0,99,0,11,240,36,0,0,0,127,0,128,0,128,0,4,65,2,0,0,0,63,1,0,0,7,0,191,1,12,0,31,0,255,1,0,0,8,0,63,3,16,0,16,0,51,0,34,241,18,0,0,0,191,1,0,0,96,0,191,3,0,0,128,1,63,4,0,0,7,0,0,0,16,240,4,0,0,0,1,0,0,128,34,0,7,240,212,6
0,217,0,0,0,2,0,83,97,108,105,100,97,67,111,110,115,117,108,116,97,69,120,112,101,100,105,99,105,111,110,101,115,46,120,109,108,0,92,92,97,118,105,105,111,110,46,115,101,117,114,46,101,115,92,111,114,97,99,108,101,101,120,116,101,114,110,111,115,92,51,52,70,49,65,57,126,49,46,78,85,69,92,48,67,57,66,54,126,49,46,68,79,67,92,78,117,101,118,97,87,101,98,92,87,69,66,83,69,82,126,49,92,83,65,76,73,68,65,126,49,46,88,77,76,0,0,0,1,0,1,0,92,92,97,118,105,105,111,110,46,115,101,117,114,46,101,115,92,111,114,97,99,108,101,101,120,116,101,114,110,111,115,92,51,52,70,49,65,57,126,49,46,78,85,69,92,48,67,57,66,54,126,49,46,68,79,67,92,78,117,101,118,97,87,101,98,92,87,69,66,83,69,82,126,49,92,83,65,76,73,68,65,126,49,46,88,77,76,0,0,0,2,0,0,0,254,120,1,237,151,191,107,219,64,20,199,191,82,126,152,196,134,118,9,116,8,137,221,161,100,73,134,122,232,216,132,146,110,166,131,19,232,86,68,227,80,131,29,23,156,162,116,170,38,19,66,135,174,130,172,249,3,186,151,142,157,60,103,246,150,57,132,76,45,168,223,167,179,212,195,182,100,41,103,218,12,125,190,31,239,206,231,207,61,189,123,39,243,44,44,1,115,187,5,192,70,101,17,148,5,214,162,29,105,37,251,41,190,99,149,195,159,246,109,32,179,192,23,139,141,84,236,57,239,58,109,7,56,93,93,174,225,87,1,175,191,94,187,14,107,121,251,198,61,127,118,232,205,115,205,38,87,10,115,41,102,90,118,16,4,184,224,220,78,241,7,78,81,230,71,68,245,175,176,17,234,192,54,123,139,159,80,134,157,26,252,105,133,244,175,101,0,20,254,82,125,192,125,214,89,159,179,126,98,13,6,176,2,57,183,157,226,75,28,14,61,56,238,201,50,196,147,143,216,82,74,170,155,216,238,207,84,198,183,232,245,122,151,87,87,253,89,8,45,77,226,51,40,12,133,6,254,231,167,248,240,62,248,167,116,39,81,15,149,197,126,198,106,222,56,165,69,185,248,188,11,217,11,141,209,249,181,90,45,61,254,213,93,75,57,68,253,43,117,43,117,254,212,248,143,249,84,148,16,24,169,189,17,221,132,175,219,153,164,155,240,233,88,192,83,100,234,30,60,22,14,225,113,90,10,117,19,126,72,225,223,84,184,5,223,217,0,119,25,242,3,25,26,243,73,137,248,10,24,50,227,71,48,228,11,71,204,140,236,231,56,18,229,28,142,76,252,19,193,210,250,123,203,167,97,25,203,200,253,205,114,191,248,147,92,146,247,254,86,253,190,15,36,149,40,252,227,123,0,197,87,103,145,197,254,106,63,72,130,115,158,231,205,45,244,150,124,5,247,125,63,11,63,126,219,100,84,200,167,63,9,119,93,119,42,63,45,28,39,125,23,91,78,248,204,249,180,153,47,124,74,85,19,140,9,253,64,51,38,89,55,101,142,124,181,34,229,112,185,155,33,63,29,110,200,159,10,55,228,51,114,38,198,140,126,8,202,63,180,36,111,73,10,120,29,174,236,207,24,234,35,203,200,31,65,233,67,201,207,108,75,82,44,209,182,44,73,4,87,88,43,11,107,168,59,173,230,129,243,162,115,212,253,208,58,118,118,79,222,55,14,154,111,155,157,163,70,119,235,164,221,170,224,205,48,59,124,8,38,145,148,111,97,158,103,217,246,227,250,199,238,113,163,13,72,38,8,44,227,9,206,194,44,78,2,237,51,179,197,121,174,222,228,174,115,242,51,252,6,209,39,139,31,138,7,0,0,68,0,100,0,0,0,0,0,0,0,10,0,0,0,0,0,0,0,0,0,0,0,0,0,250,5,222,3,232,3,232,3,0,0,0,0,0,0,0,0,0,0,0,0,0,0,0,0,0,0,0,0,0,0,0,0,0,0,0,0,0,0,0,0,15,0,4,240,98,0,0,0,178,4,10,240,8,0,0,0,2,4,0,0,0,10,0,0,99,0,11,240,36,0,0,0,127,0,128,0,128,0,4,65,2,0,0,0,63,1,0,0,7,0,191,1,12,0,31,0,255,1,0,0,8,0,63,3,16,0,16,0,51,0,34,241,18,0,0,0,191,1,0,0,96,0,191,3,0,0,128,1,63,4,0,0,7,0,0,0,16,240,4,0,0,0,1,0,0,128,34,0,7,240,212,6
0,255,255,255,255,3,0,0,0,4,0,0,0,1,0,0,0,255,255,255,255,2,0,0,0,0,0,0,0,190,19,0,0,69,5,0,0,138,14,0,0,1,0,9,0,0,3,69,7,0,0,2,0,33,6,0,0,0,0,5,0,0,0,11,2,0,0,0,0,5,0,0,0,12,2,50,0,190,0,28,0,0,0,251,2,245,255,0,0,0,0,0,0,144,1,0,0,0,1,0,0,0,0,84,97,104,111,109,97,0,0,136,28,10,77,0,252,7,0,88,177,241,119,97,177,241,119,32,64,243,119,156,55,102,128,4,0,0,0,45,1,0,0,5,0,0,0,9,2,0,0,0,0,5,0,0,0,1,2,255,255,255,0,165,0,0,0,65,11,198,0,136,0,32,0,32,0,0,0,0,0,32,0,32,0,0,0,79,0,40,0,0,0,32,0,0,0,64,0,0,0,1,0,1,0,0,0,0,0,0,1,0,0,0,0,0,0,0,0,0,0,0,0,0,0,0,0,0,0,0,0,0,0,255,255,255,0,0,0,0,0,0,0,0,0,0,0,0,0,0,0,0,0,0,0,0,0,0,0,0,0,0,0,0,0,0,0,0,0,0,0,0,0,0,0,0,0,0,0,0,0,0,0,0,0,0,0,0,0,0,0,0,0,0,0,0,0,0,0,0,0,0,0,0,0,0,0,0,0,0,0,0,0,0,0,0,0,0,0,0,0,0,0,0,0,0,0,0,0,0,0,0,0,0,0,0,0,0,0,0,0,0,0,0,0,0,0,0,0,0,0,0,0,0,0,0,0,0,0,0,0,0,0,0,0,224,0,0,7,224,0,0,7,224,0,0,7,224,0,0,7,224,0,0,7,224,0,0,7,224,0,0,7,224,0,0,7,224,0,0,7,224,0,0,7,224,0,0,7,224,0,0,7,224,0,0,7,224,0,0,7,224,0,0,7,224,0,0,7,224,0,0,7,224,0,0,7,224,0,0,7,224,0,0,7,224,0,0,7,224,0,0,7,224,0,0,7,224,0,0,7,224,0,0,7,224,0,0,7,224,0,0,15,224,0,0,31,224,0,0,63,224,0,0,127,224,0,0,255,224,0,1,255,33,6,0,0,65,11,70,0,102,0,32,0,32,0,0,0,0,0,32,0,32,0,0,0,79,0,40,0,0,0,32,0,0,0,32,0,0,0,1,0,24,0,0,0,0,0,0,12,0,0,0,0,0,0,0,0,0,0,0,0,0,0,0,0,0,0,0,0,0,0,0,0,0,0,0,85,85,85,85,85,85,85,85,85,85,85,85,85,85,85,85,85,85,85,85,85,85,85,85,85,85,85,85,85,85,85,85,85,85,85,85,85,85,85,85,85,85,85,85,85,85,85,85,85,85,85,85,85,85,85,85,85,85,85,85,85,85,85,85,85,85,85,85,85,85,85,85,85,85,85,85,85,85,0,0,0,0,0,0,0,0,0,0,0,0,0,0,0,0,0,0,134,134,134,214,231,231,204,204,204,204,204,204,204,204,204,204,204,204,204,204,204,204,204,204,204,204,204,204,204,204,204,204,204,204,204,204,204,204,204,204,204,204,204,204,204,204,204,204,204,204,204,204,204,204,204,204,204,204,204,204,204,204,204,204,204,204,204,204,204,204,204,204,204,204,204,85,85,85,0,0,0,0,0,0,0,0,0,0,0,0,0,0,0,0,0,0,134,134,134,214,231,231,255,255,255,255,255,255,255,255,255,255,255,255,255,255,255,255,255,255,255,255,255,255,255,255,255,255,255,255,255,255,255,255,255,255,255,255,255,255,255,255,255,255,255,255,255,255,255,255,255,255,255,255,255,255,255,255,255,255,255,255,255,255,255,255,255,255,204,204,204,85,85,85,0,0,0,0,0,0,0,0,0,0,0,0,0,0,0,0,0,0,134,134,134,214,231,231,255,255,255,255,255,255,255,255,255,255,255,255,255,255,255,255,255,255,255,255,255,255,255,255,255,255,255,255,255,255,255,255,255,255,255,255,255,255,255,255,255,255,255,255,255,255,255,255,255,255,255,255,255,255,255,255,255,255,255,255,255,255,255,255,255,255,204,204,204,85,85,85,0,0,0,0,0,0,0,0,0,0,0,0,0,0,0,0,0,0,134,134,134,214,231,231,255,255,255,255,255,255,255,255,255,255,255,255,255,255,255,255,255,255,255,255,255,255,255,255,255,255,255,255,255,255,255,255,255,255,255,255,255,255,255,255,255,255,255,255,255,255,255,255,255,255,255,255,255,255,255,255,255,255,255,255,255
0,128,0,3,0,4,0,0,0,4,0,0,0,1,0,0,0,255,255,255,255,2,0,0,0,0,0,0,0,190,19,0,0,69,5,0,0,138,14,0,0,1,0,9,0,0,3,69,7,0,0,2,0,33,6,0,0,0,0,5,0,0,0,11,2,0,0,0,0,5,0,0,0,12,2,50,0,190,0,28,0,0,0,251,2,245,255,0,0,0,0,0,0,144,1,0,0,0,1,0,0,0,0,84,97,104,111,109,97,0,0,136,28,10,77,0,252,7,0,88,177,241,119,97,177,241,119,32,64,243,119,156,55,102,128,4,0,0,0,45,1,0,0,5,0,0,0,9,2,0,0,0,0,5,0,0,0,1,2,255,255,255,0,165,0,0,0,65,11,198,0,136,0,32,0,32,0,0,0,0,0,32,0,32,0,0,0,79,0,40,0,0,0,32,0,0,0,64,0,0,0,1,0,1,0,0,0,0,0,0,1,0,0,0,0,0,0,0,0,0,0,0,0,0,0,0,0,0,0,0,0,0,0,255,255,255,0,0,0,0,0,0,0,0,0,0,0,0,0,0,0,0,0,0,0,0,0,0,0,0,0,0,0,0,0,0,0,0,0,0,0,0,0,0,0,0,0,0,0,0,0,0,0,0,0,0,0,0,0,0,0,0,0,0,0,0,0,0,0,0,0,0,0,0,0,0,0,0,0,0,0,0,0,0,0,0,0,0,0,0,0,0,0,0,0,0,0,0,0,0,0,0,0,0,0,0,0,0,0,0,0,0,0,0,0,0,0,0,0,0,0,0,0,0,0,0,0,0,0,0,0,0,0,0,0,224,0,0,7,224,0,0,7,224,0,0,7,224,0,0,7,224,0,0,7,224,0,0,7,224,0,0,7,224,0,0,7,224,0,0,7,224,0,0,7,224,0,0,7,224,0,0,7,224,0,0,7,224,0,0,7,224,0,0,7,224,0,0,7,224,0,0,7,224,0,0,7,224,0,0,7,224,0,0,7,224,0,0,7,224,0,0,7,224,0,0,7,224,0,0,7,224,0,0,7,224,0,0,7,224,0,0,15,224,0,0,31,224,0,0,63,224,0,0,127,224,0,0,255,224,0,1,255,33,6,0,0,65,11,70,0,102,0,32,0,32,0,0,0,0,0,32,0,32,0,0,0,79,0,40,0,0,0,32,0,0,0,32,0,0,0,1,0,24,0,0,0,0,0,0,12,0,0,0,0,0,0,0,0,0,0,0,0,0,0,0,0,0,0,0,0,0,0,0,0,0,0,0,85,85,85,85,85,85,85,85,85,85,85,85,85,85,85,85,85,85,85,85,85,85,85,85,85,85,85,85,85,85,85,85,85,85,85,85,85,85,85,85,85,85,85,85,85,85,85,85,85,85,85,85,85,85,85,85,85,85,85,85,85,85,85,85,85,85,85,85,85,85,85,85,85,85,85,85,85,85,0,0,0,0,0,0,0,0,0,0,0,0,0,0,0,0,0,0,134,134,134,214,231,231,204,204,204,204,204,204,204,204,204,204,204,204,204,204,204,204,204,204,204,204,204,204,204,204,204,204,204,204,204,204,204,204,204,204,204,204,204,204,204,204,204,204,204,204,204,204,204,204,204,204,204,204,204,204,204,204,204,204,204,204,204,204,204,204,204,204,204,204,204,85,85,85,0,0,0,0,0,0,0,0,0,0,0,0,0,0,0,0,0,0,134,134,134,214,231,231,255,255,255,255,255,255,255,255,255,255,255,255,255,255,255,255,255,255,255,255,255,255,255,255,255,255,255,255,255,255,255,255,255,255,255,255,255,255,255,255,255,255,255,255,255,255,255,255,255,255,255,255,255,255,255,255,255,255,255,255,255,255,255,255,255,255,204,204,204,85,85,85,0,0,0,0,0,0,0,0,0,0,0,0,0,0,0,0,0,0,134,134,134,214,231,231,255,255,255,255,255,255,255,255,255,255,255,255,255,255,255,255,255,255,255,255,255,255,255,255,255,255,255,255,255,255,255,255,255,255,255,255,255,255,255,255,255,255,255,255,255,255,255,255,255,255,255,255,255,255,255,255,255,255,255,255,255,255,255,255,255,255,204,204,204,85,85,85,0,0,0,0,0,0,0,0,0,0,0,0,0,0,0,0,0,0,134,134,134,214,231,231,255,255,255,255,255,255,255,255,255,255,255,255,255,255,255,255,255,255,255,255,255,255,255,255,255,255,255,255,255,255,255,255,255,255,255,255,255,255,255,255,255,255,255,255,255,255,255,255,255,255,255,255,255,255,255,255,255,255,255,255,255
0,1,0,254,255,3,10,0,0,255,255,255,255,32,8,2,0,0,0,0,0,192,0,0,0,0,0,0,70,33,0,0,0,77,105,99,114,111,115,111,102,116,32,79,102,102,105,99,101,32,69,120,99,101,108,32,87,111,114,107,115,104,101,101,116,0,6,0,0,0,66,105,102,102,56,0,14,0,0,0,69,120,99,101,108,46,83,104,101,101,116,46,56,0,244,57,178,113,0,0,0,0,0,0,0,0,0,0,0,0,0,136,28,10,77,0,252,7,0,88,177,241,119,97,177,241,119,32,64,243,119,156,55,102,128,4,0,0,0,45,1,0,0,5,0,0,0,9,2,0,0,0,0,5,0,0,0,1,2,255,255,255,0,165,0,0,0,65,11,198,0,136,0,32,0,32,0,0,0,0,0,32,0,32,0,0,0,79,0,40,0,0,0,32,0,0,0,64,0,0,0,1,0,1,0,0,0,0,0,0,1,0,0,0,0,0,0,0,0,0,0,0,0,0,0,0,0,0,0,0,0,0,0,255,255,255,0,0,0,0,0,0,0,0,0,0,0,0,0,0,0,0,0,0,0,0,0,0,0,0,0,0,0,0,0,0,0,0,0,0,0,0,0,0,0,0,0,0,0,0,0,0,0,0,0,0,0,0,0,0,0,0,0,0,0,0,0,0,0,0,0,0,0,0,0,0,0,0,0,0,0,0,0,0,0,0,0,0,0,0,0,0,0,0,0,0,0,0,0,0,0,0,0,0,0,0,0,0,0,0,0,0,0,0,0,0,0,0,0,0,0,0,0,0,0,0,0,0,0,0,0,0,0,0,0,224,0,0,7,224,0,0,7,224,0,0,7,224,0,0,7,224,0,0,7,224,0,0,7,224,0,0,7,224,0,0,7,224,0,0,7,224,0,0,7,224,0,0,7,224,0,0,7,224,0,0,7,224,0,0,7,224,0,0,7,224,0,0,7,224,0,0,7,224,0,0,7,224,0,0,7,224,0,0,7,224,0,0,7,224,0,0,7,224,0,0,7,224,0,0,7,224,0,0,7,224,0,0,7,224,0,0,15,224,0,0,31,224,0,0,63,224,0,0,127,224,0,0,255,224,0,1,255,33,6,0,0,65,11,70,0,102,0,32,0,32,0,0,0,0,0,32,0,32,0,0,0,79,0,40,0,0,0,32,0,0,0,32,0,0,0,1,0,24,0,0,0,0,0,0,12,0,0,0,0,0,0,0,0,0,0,0,0,0,0,0,0,0,0,0,0,0,0,0,0,0,0,0,85,85,85,85,85,85,85,85,85,85,85,85,85,85,85,85,85,85,85,85,85,85,85,85,85,85,85,85,85,85,85,85,85,85,85,85,85,85,85,85,85,85,85,85,85,85,85,85,85,85,85,85,85,85,85,85,85,85,85,85,85,85,85,85,85,85,85,85,85,85,85,85,85,85,85,85,85,85,0,0,0,0,0,0,0,0,0,0,0,0,0,0,0,0,0,0,134,134,134,214,231,231,204,204,204,204,204,204,204,204,204,204,204,204,204,204,204,204,204,204,204,204,204,204,204,204,204,204,204,204,204,204,204,204,204,204,204,204,204,204,204,204,204,204,204,204,204,204,204,204,204,204,204,204,204,204,204,204,204,204,204,204,204,204,204,204,204,204,204,204,204,85,85,85,0,0,0,0,0,0,0,0,0,0,0,0,0,0,0,0,0,0,134,134,134,214,231,231,255,255,255,255,255,255,255,255,255,255,255,255,255,255,255,255,255,255,255,255,255,255,255,255,255,255,255,255,255,255,255,255,255,255,255,255,255,255,255,255,255,255,255,255,255,255,255,255,255,255,255,255,255,255,255,255,255,255,255,255,255,255,255,255,255,255,204,204,204,85,85,85,0,0,0,0,0,0,0,0,0,0,0,0,0,0,0,0,0,0,134,134,134,214,231,231,255,255,255,255,255,255,255,255,255,255,255,255,255,255,255,255,255,255,255,255,255,255,255,255,255,255,255,255,255,255,255,255,255,255,255,255,255,255,255,255,255,255,255,255,255,255,255,255,255,255,255,255,255,255,255,255,255,255,255,255,255,255,255,255,255,255,204,204,204,85,85,85,0,0,0,0,0,0,0,0,0,0,0,0,0,0,0,0,0,0,134,134,134,214,231,231,255,255,255,255,255,255,255,255,255,255,255,255,255,255,255,255,255,255,255,255,255,255,255,255,255,255,255,255,255,255,255,255,255,255,255,255,255,255,255,255,255,255,255,255,255,255,255,255,255,255,255,255,255,255,255,255,255,255,255,255,255
0,1,0,0,2,8,0,0,0,0,0,0,0,0,0,0,0,0,0,0,0,192,0,0,0,0,0,0,70,33,0,0,0,77,105,99,114,111,115,111,102,116,32,79,102,102,105,99,101,32,69,120,99,101,108,32,87,111,114,107,115,104,101,101,116,0,6,0,0,0,66,105,102,102,56,0,14,0,0,0,69,120,99,101,108,46,83,104,101,101,116,46,56,0,244,57,178,113,0,0,0,0,0,0,0,0,0,0,0,0,0,136,28,10,77,0,252,7,0,88,177,241,119,97,177,241,119,32,64,243,119,156,55,102,128,4,0,0,0,45,1,0,0,5,0,0,0,9,2,0,0,0,0,5,0,0,0,1,2,255,255,255,0,165,0,0,0,65,11,198,0,136,0,32,0,32,0,0,0,0,0,32,0,32,0,0,0,79,0,40,0,0,0,32,0,0,0,64,0,0,0,1,0,1,0,0,0,0,0,0,1,0,0,0,0,0,0,0,0,0,0,0,0,0,0,0,0,0,0,0,0,0,0,255,255,255,0,0,0,0,0,0,0,0,0,0,0,0,0,0,0,0,0,0,0,0,0,0,0,0,0,0,0,0,0,0,0,0,0,0,0,0,0,0,0,0,0,0,0,0,0,0,0,0,0,0,0,0,0,0,0,0,0,0,0,0,0,0,0,0,0,0,0,0,0,0,0,0,0,0,0,0,0,0,0,0,0,0,0,0,0,0,0,0,0,0,0,0,0,0,0,0,0,0,0,0,0,0,0,0,0,0,0,0,0,0,0,0,0,0,0,0,0,0,0,0,0,0,0,0,0,0,0,0,0,224,0,0,7,224,0,0,7,224,0,0,7,224,0,0,7,224,0,0,7,224,0,0,7,224,0,0,7,224,0,0,7,224,0,0,7,224,0,0,7,224,0,0,7,224,0,0,7,224,0,0,7,224,0,0,7,224,0,0,7,224,0,0,7,224,0,0,7,224,0,0,7,224,0,0,7,224,0,0,7,224,0,0,7,224,0,0,7,224,0,0,7,224,0,0,7,224,0,0,7,224,0,0,7,224,0,0,15,224,0,0,31,224,0,0,63,224,0,0,127,224,0,0,255,224,0,1,255,33,6,0,0,65,11,70,0,102,0,32,0,32,0,0,0,0,0,32,0,32,0,0,0,79,0,40,0,0,0,32,0,0,0,32,0,0,0,1,0,24,0,0,0,0,0,0,12,0,0,0,0,0,0,0,0,0,0,0,0,0,0,0,0,0,0,0,0,0,0,0,0,0,0,0,85,85,85,85,85,85,85,85,85,85,85,85,85,85,85,85,85,85,85,85,85,85,85,85,85,85,85,85,85,85,85,85,85,85,85,85,85,85,85,85,85,85,85,85,85,85,85,85,85,85,85,85,85,85,85,85,85,85,85,85,85,85,85,85,85,85,85,85,85,85,85,85,85,85,85,85,85,85,0,0,0,0,0,0,0,0,0,0,0,0,0,0,0,0,0,0,134,134,134,214,231,231,204,204,204,204,204,204,204,204,204,204,204,204,204,204,204,204,204,204,204,204,204,204,204,204,204,204,204,204,204,204,204,204,204,204,204,204,204,204,204,204,204,204,204,204,204,204,204,204,204,204,204,204,204,204,204,204,204,204,204,204,204,204,204,204,204,204,204,204,204,85,85,85,0,0,0,0,0,0,0,0,0,0,0,0,0,0,0,0,0,0,134,134,134,214,231,231,255,255,255,255,255,255,255,255,255,255,255,255,255,255,255,255,255,255,255,255,255,255,255,255,255,255,255,255,255,255,255,255,255,255,255,255,255,255,255,255,255,255,255,255,255,255,255,255,255,255,255,255,255,255,255,255,255,255,255,255,255,255,255,255,255,255,204,204,204,85,85,85,0,0,0,0,0,0,0,0,0,0,0,0,0,0,0,0,0,0,134,134,134,214,231,231,255,255,255,255,255,255,255,255,255,255,255,255,255,255,255,255,255,255,255,255,255,255,255,255,255,255,255,255,255,255,255,255,255,255,255,255,255,255,255,255,255,255,255,255,255,255,255,255,255,255,255,255,255,255,255,255,255,255,255,255,255,255,255,255,255,255,204,204,204,85,85,85,0,0,0,0,0,0,0,0,0,0,0,0,0,0,0,0,0,0,134,134,134,214,231,231,255,255,255,255,255,255,255,255,255,255,255,255,255,255,255,255,255,255,255,255,255,255,255,255,255,255,255,255,255,255,255,255,255,255,255,255,255,255,255,255,255,255,255,255,255,255,255,255,255,255,255,255,255,255,255,255,255,255,255,255,255
0,64,0,3,0,1,0,0,0,0,0,0,0,0,0,0,0,0,0,0,0,192,0,0,0,0,0,0,70,33,0,0,0,77,105,99,114,111,115,111,102,116,32,79,102,102,105,99,101,32,69,120,99,101,108,32,87,111,114,107,115,104,101,101,116,0,6,0,0,0,66,105,102,102,56,0,14,0,0,0,69,120,99,101,108,46,83,104,101,101,116,46,56,0,244,57,178,113,0,0,0,0,0,0,0,0,0,0,0,0,0,136,28,10,77,0,252,7,0,88,177,241,119,97,177,241,119,32,64,243,119,156,55,102,128,4,0,0,0,45,1,0,0,5,0,0,0,9,2,0,0,0,0,5,0,0,0,1,2,255,255,255,0,165,0,0,0,65,11,198,0,136,0,32,0,32,0,0,0,0,0,32,0,32,0,0,0,79,0,40,0,0,0,32,0,0,0,64,0,0,0,1,0,1,0,0,0,0,0,0,1,0,0,0,0,0,0,0,0,0,0,0,0,0,0,0,0,0,0,0,0,0,0,255,255,255,0,0,0,0,0,0,0,0,0,0,0,0,0,0,0,0,0,0,0,0,0,0,0,0,0,0,0,0,0,0,0,0,0,0,0,0,0,0,0,0,0,0,0,0,0,0,0,0,0,0,0,0,0,0,0,0,0,0,0,0,0,0,0,0,0,0,0,0,0,0,0,0,0,0,0,0,0,0,0,0,0,0,0,0,0,0,0,0,0,0,0,0,0,0,0,0,0,0,0,0,0,0,0,0,0,0,0,0,0,0,0,0,0,0,0,0,0,0,0,0,0,0,0,0,0,0,0,0,0,224,0,0,7,224,0,0,7,224,0,0,7,224,0,0,7,224,0,0,7,224,0,0,7,224,0,0,7,224,0,0,7,224,0,0,7,224,0,0,7,224,0,0,7,224,0,0,7,224,0,0,7,224,0,0,7,224,0,0,7,224,0,0,7,224,0,0,7,224,0,0,7,224,0,0,7,224,0,0,7,224,0,0,7,224,0,0,7,224,0,0,7,224,0,0,7,224,0,0,7,224,0,0,7,224,0,0,15,224,0,0,31,224,0,0,63,224,0,0,127,224,0,0,255,224,0,1,255,33,6,0,0,65,11,70,0,102,0,32,0,32,0,0,0,0,0,32,0,32,0,0,0,79,0,40,0,0,0,32,0,0,0,32,0,0,0,1,0,24,0,0,0,0,0,0,12,0,0,0,0,0,0,0,0,0,0,0,0,0,0,0,0,0,0,0,0,0,0,0,0,0,0,0,85,85,85,85,85,85,85,85,85,85,85,85,85,85,85,85,85,85,85,85,85,85,85,85,85,85,85,85,85,85,85,85,85,85,85,85,85,85,85,85,85,85,85,85,85,85,85,85,85,85,85,85,85,85,85,85,85,85,85,85,85,85,85,85,85,85,85,85,85,85,85,85,85,85,85,85,85,85,0,0,0,0,0,0,0,0,0,0,0,0,0,0,0,0,0,0,134,134,134,214,231,231,204,204,204,204,204,204,204,204,204,204,204,204,204,204,204,204,204,204,204,204,204,204,204,204,204,204,204,204,204,204,204,204,204,204,204,204,204,204,204,204,204,204,204,204,204,204,204,204,204,204,204,204,204,204,204,204,204,204,204,204,204,204,204,204,204,204,204,204,204,85,85,85,0,0,0,0,0,0,0,0,0,0,0,0,0,0,0,0,0,0,134,134,134,214,231,231,255,255,255,255,255,255,255,255,255,255,255,255,255,255,255,255,255,255,255,255,255,255,255,255,255,255,255,255,255,255,255,255,255,255,255,255,255,255,255,255,255,255,255,255,255,255,255,255,255,255,255,255,255,255,255,255,255,255,255,255,255,255,255,255,255,255,204,204,204,85,85,85,0,0,0,0,0,0,0,0,0,0,0,0,0,0,0,0,0,0,134,134,134,214,231,231,255,255,255,255,255,255,255,255,255,255,255,255,255,255,255,255,255,255,255,255,255,255,255,255,255,255,255,255,255,255,255,255,255,255,255,255,255,255,255,255,255,255,255,255,255,255,255,255,255,255,255,255,255,255,255,255,255,255,255,255,255,255,255,255,255,255,204,204,204,85,85,85,0,0,0,0,0,0,0,0,0,0,0,0,0,0,0,0,0,0,134,134,134,214,231,231,255,255,255,255,255,255,255,255,255,255,255,255,255,255,255,255,255,255,255,255,255,255,255,255,255,255,255,255,255,255,255,255,255,255,255,255,255,255,255,255,255,255,255,255,255,255,255,255,255,255,255,255,255,255,255,255,255,255,255,255,255
0,254,255,0,0,5,1,2,0,0,0,0,0,0,0,0,0,0,0,0,0,0,0,0,0,1,0,0,0,2,213,205,213,156,46,27,16,147,151,8,0,43,44,249,174,48,0,0,0,184,0,0,0,8,0,0,0,1,0,0,0,72,0,0,0,23,0,0,0,80,0,0,0,11,0,0,0,88,0,0,0,16,0,0,0,96,0,0,0,19,0,0,0,104,0,0,0,22,0,0,0,112,0,0,0,13,0,0,0,120,0,0,0,12,0,0,0,147,0,0,0,2,0,0,0,228,4,0,0,3,0,0,0,15,39,11,0,11,0,0,0,0,0,0,0,11,0,0,0,0,0,0,0,11,0,0,0,0,0,0,0,11,0,0,0,0,0,0,0,30,16,0,0,1,0,0,0,15,0,0,0,101,120,112,101,100,105,99,105,111,110,101,115,45,55,0,12,16,0,0,2,0,0,0,30,0,0,0,11,0,0,0,87,111,114,107,115,104,101,101,116,115,0,3,0,0,0,1,0,0,0,0,0,255,255,255,0,0,0,0,0,0,0,0,0,0,0,0,0,0,0,0,0,0,0,0,0,0,0,0,0,0,0,0,0,0,0,0,0,0,0,0,0,0,0,0,0,0,0,0,0,0,0,0,0,0,0,0,0,0,0,0,0,0,0,0,0,0,0,0,0,0,0,0,0,0,0,0,0,0,0,0,0,0,0,0,0,0,0,0,0,0,0,0,0,0,0,0,0,0,0,0,0,0,0,0,0,0,0,0,0,0,0,0,0,0,0,0,0,0,0,0,0,0,0,0,0,0,0,0,0,0,0,0,0,224,0,0,7,224,0,0,7,224,0,0,7,224,0,0,7,224,0,0,7,224,0,0,7,224,0,0,7,224,0,0,7,224,0,0,7,224,0,0,7,224,0,0,7,224,0,0,7,224,0,0,7,224,0,0,7,224,0,0,7,224,0,0,7,224,0,0,7,224,0,0,7,224,0,0,7,224,0,0,7,224,0,0,7,224,0,0,7,224,0,0,7,224,0,0,7,224,0,0,7,224,0,0,7,224,0,0,15,224,0,0,31,224,0,0,63,224,0,0,127,224,0,0,255,224,0,1,255,33,6,0,0,65,11,70,0,102,0,32,0,32,0,0,0,0,0,32,0,32,0,0,0,79,0,40,0,0,0,32,0,0,0,32,0,0,0,1,0,24,0,0,0,0,0,0,12,0,0,0,0,0,0,0,0,0,0,0,0,0,0,0,0,0,0,0,0,0,0,0,0,0,0,0,85,85,85,85,85,85,85,85,85,85,85,85,85,85,85,85,85,85,85,85,85,85,85,85,85,85,85,85,85,85,85,85,85,85,85,85,85,85,85,85,85,85,85,85,85,85,85,85,85,85,85,85,85,85,85,85,85,85,85,85,85,85,85,85,85,85,85,85,85,85,85,85,85,85,85,85,85,85,0,0,0,0,0,0,0,0,0,0,0,0,0,0,0,0,0,0,134,134,134,214,231,231,204,204,204,204,204,204,204,204,204,204,204,204,204,204,204,204,204,204,204,204,204,204,204,204,204,204,204,204,204,204,204,204,204,204,204,204,204,204,204,204,204,204,204,204,204,204,204,204,204,204,204,204,204,204,204,204,204,204,204,204,204,204,204,204,204,204,204,204,204,85,85,85,0,0,0,0,0,0,0,0,0,0,0,0,0,0,0,0,0,0,134,134,134,214,231,231,255,255,255,255,255,255,255,255,255,255,255,255,255,255,255,255,255,255,255,255,255,255,255,255,255,255,255,255,255,255,255,255,255,255,255,255,255,255,255,255,255,255,255,255,255,255,255,255,255,255,255,255,255,255,255,255,255,255,255,255,255,255,255,255,255,255,204,204,204,85,85,85,0,0,0,0,0,0,0,0,0,0,0,0,0,0,0,0,0,0,134,134,134,214,231,231,255,255,255,255,255,255,255,255,255,255,255,255,255,255,255,255,255,255,255,255,255,255,255,255,255,255,255,255,255,255,255,255,255,255,255,255,255,255,255,255,255,255,255,255,255,255,255,255,255,255,255,255,255,255,255,255,255,255,255,255,255,255,255,255,255,255,204,204,204,85,85,85,0,0,0,0,0,0,0,0,0,0,0,0,0,0,0,0,0,0,134,134,134,214,231,231,255,255,255,255,255,255,255,255,255,255,255,255,255,255,255,255,255,255,255,255,255,255,255,255,255,255,255,255,255,255,255,255,255,255,255,255,255,255,255,255,255,255,255,255,255,255,255,255,255,255,255,255,255,255,255,255,255,255,255,255,255
0,254,255,0,0,5,1,2,0,0,0,0,0,0,0,0,0,0,0,0,0,0,0,0,0,1,0,0,0,224,133,159,242,249,79,104,16,171,145,8,0,43,39,179,217,48,0,0,0,108,0,0,0,5,0,0,0,1,0,0,0,48,0,0,0,8,0,0,0,56,0,0,0,12,0,0,0,76,0,0,0,13,0,0,0,88,0,0,0,19,0,0,0,100,0,0,0,2,0,0,0,228,4,0,0,30,0,0,0,12,0,0,0,109,97,118,105,108,108,97,114,0,0,0,0,64,0,0,0,0,25,95,170,25,68,201,1,64,0,0,0,0,33,0,47,104,93,202,1,3,0,0,0,0,0,0,0,0,0,0,0,11,0,0,0,0,0,0,0,30,16,0,0,1,0,0,0,15,0,0,0,101,120,112,101,100,105,99,105,111,110,101,115,45,55,0,12,16,0,0,2,0,0,0,30,0,0,0,11,0,0,0,87,111,114,107,115,104,101,101,116,115,0,3,0,0,0,1,0,0,0,0,0,255,255,255,0,0,0,0,0,0,0,0,0,0,0,0,0,0,0,0,0,0,0,0,0,0,0,0,0,0,0,0,0,0,0,0,0,0,0,0,0,0,0,0,0,0,0,0,0,0,0,0,0,0,0,0,0,0,0,0,0,0,0,0,0,0,0,0,0,0,0,0,0,0,0,0,0,0,0,0,0,0,0,0,0,0,0,0,0,0,0,0,0,0,0,0,0,0,0,0,0,0,0,0,0,0,0,0,0,0,0,0,0,0,0,0,0,0,0,0,0,0,0,0,0,0,0,0,0,0,0,0,0,224,0,0,7,224,0,0,7,224,0,0,7,224,0,0,7,224,0,0,7,224,0,0,7,224,0,0,7,224,0,0,7,224,0,0,7,224,0,0,7,224,0,0,7,224,0,0,7,224,0,0,7,224,0,0,7,224,0,0,7,224,0,0,7,224,0,0,7,224,0,0,7,224,0,0,7,224,0,0,7,224,0,0,7,224,0,0,7,224,0,0,7,224,0,0,7,224,0,0,7,224,0,0,7,224,0,0,15,224,0,0,31,224,0,0,63,224,0,0,127,224,0,0,255,224,0,1,255,33,6,0,0,65,11,70,0,102,0,32,0,32,0,0,0,0,0,32,0,32,0,0,0,79,0,40,0,0,0,32,0,0,0,32,0,0,0,1,0,24,0,0,0,0,0,0,12,0,0,0,0,0,0,0,0,0,0,0,0,0,0,0,0,0,0,0,0,0,0,0,0,0,0,0,85,85,85,85,85,85,85,85,85,85,85,85,85,85,85,85,85,85,85,85,85,85,85,85,85,85,85,85,85,85,85,85,85,85,85,85,85,85,85,85,85,85,85,85,85,85,85,85,85,85,85,85,85,85,85,85,85,85,85,85,85,85,85,85,85,85,85,85,85,85,85,85,85,85,85,85,85,85,0,0,0,0,0,0,0,0,0,0,0,0,0,0,0,0,0,0,134,134,134,214,231,231,204,204,204,204,204,204,204,204,204,204,204,204,204,204,204,204,204,204,204,204,204,204,204,204,204,204,204,204,204,204,204,204,204,204,204,204,204,204,204,204,204,204,204,204,204,204,204,204,204,204,204,204,204,204,204,204,204,204,204,204,204,204,204,204,204,204,204,204,204,85,85,85,0,0,0,0,0,0,0,0,0,0,0,0,0,0,0,0,0,0,134,134,134,214,231,231,255,255,255,255,255,255,255,255,255,255,255,255,255,255,255,255,255,255,255,255,255,255,255,255,255,255,255,255,255,255,255,255,255,255,255,255,255,255,255,255,255,255,255,255,255,255,255,255,255,255,255,255,255,255,255,255,255,255,255,255,255,255,255,255,255,255,204,204,204,85,85,85,0,0,0,0,0,0,0,0,0,0,0,0,0,0,0,0,0,0,134,134,134,214,231,231,255,255,255,255,255,255,255,255,255,255,255,255,255,255,255,255,255,255,255,255,255,255,255,255,255,255,255,255,255,255,255,255,255,255,255,255,255,255,255,255,255,255,255,255,255,255,255,255,255,255,255,255,255,255,255,255,255,255,255,255,255,255,255,255,255,255,204,204,204,85,85,85,0,0,0,0,0,0,0,0,0,0,0,0,0,0,0,0,0,0,134,134,134,214,231,231,255,255,255,255,255,255,255,255,255,255,255,255,255,255,255,255,255,255,255,255,255,255,255,255,255,255,255,255,255,255,255,255,255,255,255,255,255,255,255,255,255,255,255,255,255,255,255,255,255,255,255,255,255,255,255,255,255,255,255,255,255
0,9,8,16,0,0,6,5,0,19,32,205,7,193,192,0,0,6,3,0,0,225,0,2,0,176,4,193,0,2,0,0,0,226,0,0,0,92,0,112,0,8,0,0,109,97,118,105,108,108,97,114,32,32,32,32,32,32,32,32,32,32,32,32,32,32,32,32,32,32,32,32,32,32,32,32,32,32,32,32,32,32,32,32,32,32,32,32,32,32,32,32,32,32,32,32,32,32,32,32,32,32,32,32,32,32,32,32,32,32,32,32,32,32,32,32,32,32,32,32,32,32,32,32,32,32,32,32,32,32,32,32,32,32,32,32,32,32,32,32,32,32,32,32,32,32,32,32,32,32,32,32,32,66,0,2,0,176,4,97,1,2,0,0,0,192,1,0,0,61,1,2,0,1,0,156,0,2,0,14,0,222,0,8,0,72,13,0,0,5,0,0,43,25,0,2,0,0,0,18,0,2,0,0,0,19,0,2,0,0,0,175,1,2,0,0,0,188,1,2,0,0,0,61,0,18,0,6,220,13,2,120,75,88,47,56,0,0,0,0,0,1,0,88,2,64,0,2,0,0,0,141,0,2,0,0,0,34,0,2,0,0,0,14,0,2,0,1,0,183,1,2,0,0,0,218,0,2,0,0,0,49,0,30,0,220,0,0,0,8,0,144,1,0,0,0,2,0,204,7,1,67,0,97,0,108,0,105,0,98,0,114,0,105,0,49,0,30,0,220,0,0,0,8,0,144,1,0,0,0,2,0,204,7,1,67,0,97,0,108,0,105,0,98,0,114,0,105,0,49,0,30,0,220,0,0,0,8,0,144,1,0,0,0,2,0,204,7,1,67,0,97,0,108,0,105,0,98,0,114,0,105,0,49,0,30,0,220,0,0,0,8,0,144,1,0,0,0,2,0,204,7,1,67,0,97,0,108,0,105,0,98,0,114,0,105,0,49,0,30,0,220,0,0,0,8,0,144,1,0,0,0,2,0,204,7,1,67,0,97,0,108,0,105,0,98,0,114,0,105,0,49,0,30,0,220,0,0,0,9,0,144,1,0,0,0,2,0,204,7,1,67,0,97,0,108,0,105,0,98,0,114,0,105,0,49,0,30,0,220,0,0,0,17,0,144,1,0,0,0,2,0,204,7,1,67,0,97,0,108,0,105,0,98,0,114,0,105,0,49,0,30,0,220,0,1,0,52,0,188,2,0,0,0,2,0,204,7,1,67,0,97,0,108,0,105,0,98,0,114,0,105,0,49,0,30,0,220,0,1,0,9,0,188,2,0,0,0,2,0,204,7,1,67,0,97,0,108,0,105,0,98,0,114,0,105,0,49,0,30,0,220,0,0,0,52,0,144,1,0,0,0,2,0,204,7,1,67,0,97,0,108,0,105,0,98,0,114,0,105,0,49,0,30,0,220,0,1,0,56,0,188,2,0,0,0,2,0,204,7,1,67,0,97,0,108,0,105,0,98,0,114,0,105,0,49,0,30,0,220,0,0,0,62,0,144,1,0,0,0,2,0,204,7,1,67,0,97,0,108,0,105,0,98,0,114,0,105,0,49,0,30,0,220,0,0,0,20,0,144,1,0,0,0,2,0,204,7,1,67,0,97,0,108,0,105,0,98,0,114,0,105,0,49,0,30,0,220,0,0,0,60,0,144,1,0,0,0,2,0,204,7,1,67,0,97,0,108,0,105,0,98,0,114,0,105,0,49,0,30,0,220,0,1,0,63,0,188,2,0,0,0,2,0,204,7,1,67,0,97,0,108,0,105,0,98,0,114,0,105,0,49,0,30,0,220,0,0,0,10,0,144,1,0,0,0,2,0,204,7,1,67,0,97,0,108,0,105,0,98,0,114,0,105,0,49,0,30,0,220,0,2,0,23,0,144,1,0,0,0,2,0,204,7,1,67,0,97,0,108,0,105,0,98,0,114,0,105,0,49,0,30,0,104,1,1,0,56,0,188,2,0,0,0,2,0,204,7,1,67,0,97,0,109,0,98,0,114,0,105,0,97,0,49,0,30,0,44,1,1,0,56,0,188,2,0,0,0,2,0,204,7,1,67,0,97,0,108,0,105,0,98,0,114,0,105,0,49,0,30,0,4,1,1,0,56,0,188,2,0,0,0,2,0,204,7,1,67,0,97,0,108,0,105,0,98,0,114,0,105,0,49,0,30,0,220,0,1,0,8,0,188,2,0,0,0,2,0,204,7,1,67,0,97,0,108,0,105,0,98,0,114,0,105,0,49,0,30,0,200,0,0,0,8,0,144,1,0,0,0,2,0,204,7,1,67,0,97,0
1,236,165,193,0,127,128,9,4,0,0,248,18,191,0,0,0,0,0,0,16,0,0,0,0,0,8,0,0,99,27,0,0,14,0,98,106,98,106,230,230,230,230,0,0,0,0,0,0,0,0,0,0,0,0,0,0,0,0,0,0,10,12,22,0,71,90,0,0,132,140,1,0,132,140,1,0,33,19,0,0,0,0,0,0,44,0,0,0,0,0,0,0,0,0,0,0,0,0,0,0,21,0,0,0,0,0,0,0,255,255,15,0,0,0,0,0,0,0,0,0,255,255,15,0,0,0,0,0,0,0,0,0,255,255,15,0,0,0,0,0,0,0,0,0,0,0,0,0,0,0,0,0,183,0,0,0,0,0,236,31,0,0,0,0,0,0,236,31,0,0,51,45,0,0,0,0,0,0,51,45,0,0,0,0,0,0,47,48,0,0,0,0,0,0,47,48,0,0,0,0,0,0,47,48,0,0,20,0,0,0,0,0,0,0,0,0,0,0,255,255,255,255,0,0,0,0,67,48,0,0,0,0,0,0,67,48,0,0,0,0,0,0,67,48,0,0,56,0,0,0,123,48,0,0,156,0,0,0,23,49,0,0,100,0,0,0,67,48,0,0,0,0,0,0,29,116,0,0,174,3,0,0,123,49,0,0,40,0,0,0,163,49,0,0,40,0,0,0,203,49,0,0,0,0,0,0,203,49,0,0,0,0,0,0,203,49,0,0,0,0,0,0,83,52,0,0,190,0,0,0,17,53,0,0,60,0,0,0,77,53,0,0,32,0,0,0,106,115,0,0,2,0,0,0,108,115,0,0,0,0,0,0,108,115,0,0,0,0,0,0,108,115,0,0,0,0,0,0,108,115,0,0,0,0,0,0,108,115,0,0,0,0,0,0,108,115,0,0,36,0,0,0,203,119,0,0,162,2,0,0,109,122,0,0,2,2,0,0,144,115,0,0,21,0,0,0,0,0,0,0,0,0,0,0,0,0,0,0,0,0,0,0,47,48,0,0,0,0,0,0,109,53,0,0,0,0,0,0,0,0,0,0,0,0,0,0,0,0,0,0,0,0,0,0,79,52,0,0,4,0,0,0,83,52,0,0,0,0,0,0,109,53,0,0,0,0,0,0,109,53,0,0,0,0,0,0,144,115,0,0,0,0,0,0,0,0,0,0,0,0,0,0,51,45,0,0,0,0,0,0,51,45,0,0,0,0,0,0,203,49,0,0,0,0,0,0,0,0,0,0,0,0,0,0,203,49,0,0,132,2,0,0,165,115,0,0,60,0,0,0,225,55,0,0,0,0,0,0,225,55,0,0,0,0,0,0,225,55,0,0,0,0,0,0,109,53,0,0,118,0,0,0,51,45,0,0,38,2,0,0,203,49,0,0,0,0,0,0,47,48,0,0,0,0,0,0,203,49,0,0,0,0,0,0,118,112,0,0,244,2,0,0,0,0,0,0,0,0,0,0,225,55,0,0,0,0,0,0,0,0,0,0,0,0,0,0,0,0,0,0,0,0,0,0,0,0,0,0,0,0,0,0,0,0,0,0,0,0,0,0,0,0,0,0,0,0,0,0,0,0,0,0,0,0,0,0,109,53,0,0,0,0,0,0,106,115,0,0,0,0,0,0,0,0,0,0,0,0,0,0,225,55,0,0,0,0,0,0,225,55,0,0,22,2,0,0,122,88,0,0,128,1,0,0,89,47,0,0,214,0,0,0,0,0,0,0,0,0,0,0,0,0,0,0,0,0,0,0,0,0,0,0,0,0,0,0,0,0,0,0,0,0,0,0,0,0,0,0,0,0,0,0,0,0,0,0,0,0,0,0,0,0,0,0,0,0,0,0,0,0,0,0,0,0,0,0,38,92,0,0,0,0,0,0,203,49,0,0,0,0,0,0,255,255,255,255,0,0,0,0,176,218,200,246,2,241,206,1,0,0,0,0,0,0,0,0,67,48,0,0,0,0,0,0,227,53,0,0,130,0,0,0,250,89,0,0,44,0,0,0,0,0,0,0,0,0,0,0,98,112,0,0,20,0,0,0,225,115,0,0,60,0,0,0,29,116,0,0,0,0,0,0,38,90,0,0,0,2,0,0,111,124,0,0,0,0,0,0,101,54,0,0,148,0,0,0,111,124,0,0,88,0,0,0,38,92,0,0,0,0,0,0,0,0,0,0,0,0,0,0,0,0,0,0,0,0,0,0,0,0,0,0,0,0,0,0,0,0,0,0,0,0,0,0,0,0,0,0,0,0,0,0,0,0,0,0,0,0,0,0,0,0,0,0,0,0,0,0
