0,1,0,254,255,3,10,0,0,255,255,255,255,6,9,2,0,0,0,0,0,192,0,0,0,0,0,0,70,35,0,0,0,77,105,99,114,111,115,111,102,116,32,79,102,102,105,99,101,32,87,111,114,100,32,57,55,45,50,48,48,51,32,206,196,181,181,0,10,0,0,0,77,83,87,111,114,100,68,111,99,0,16,0,0,0,87,111,114,100,46,68,111,99,117,109,101,110,116,46,56,0,244,57,178,113,0,0,0,0,0,0,0,0,0,0,0,0,,,,,,,,,,,,,,,,,,,,,,,,,,,,,,,,,,,,,,,,,,,,,,,,,,,,,,,,,,,,,,,,,,,,,,,,,,,,,,,,,,,,,,,,,,,,,,,,,,,,,,,,,,,,,,,,,,,,,,,,,,,,,,,,,,,,,,,,,,,,,,,,,,,,,,,,,,,,,,,,,,,,,,,,,,,,,,,,,,,,,,,,,,,,,,,,,,,,,,,,,,,,,,,,,,,,,,,,,,,,,,,,,,,,,,,,,,,,,,,,,,,,,,,,,,,,,,,,,,,,,,,,,,,,,,,,,,,,,,,,,,,,,,,,,,,,,,,,,,,,,,,,,,,,,,,,,,,,,,,,,,,,,,,,,,,,,,,,,,,,,,,,,,,,,,,,,,,,,,,,,,,,,,,,,,,,,,,,,,,,,,,,,,,,,,,,,,,,,,,,,,,,,,,,,,,,,,,,,,,,,,,,,,,,,,,,,,,,,,,,,,,,,,,,,,,,,,,,,,,,,,,,,,,,,,,,,,,,,,,,,,,,,,,,,,,,,,,,,,,,,,,,,,,,,,,,,,,,,,,,,,,,,,,,,,,,,,,,,,,,,,,,,,,,,,,,,,,,,,,,,,,,,,,,,,,,,,,,,,,,,,,,,,,,,,,,,,,,,,,,,,,,,,,,,,,,,,,,,,,,,,,,,,,,,,,,,,,,,,,,,,,,,,,,,,,,,,,,,,,,,,,,,,,,,,,,,,,,,,,,,,,,,,,,,,,,,,,,,,,,,,,,,,,,,,,,,,,,,,,,,,,,,,,,,,,,,,,,,,,,,,,,,,,,,,,,,,,,,,,,,,,,,,,,,,,,,,,,,,,,,,,,,,,,,,,,,,,,,,,,,,,,,,,,,,,,,,,,,,,,,,,,,,,,,,,,,,,,,,,,,,,,,,,,,,,,,,,,,,,,,,,,,,,,,,,,,,,,,,,,,,,,,,,,,,,,,,,,,,,,,
0,254,255,0,0,6,1,2,0,0,0,0,0,0,0,0,0,0,0,0,0,0,0,0,0,1,0,0,0,2,213,205,213,156,46,27,16,147,151,8,0,43,44,249,174,48,0,0,0,184,0,0,0,10,0,0,0,1,0,0,0,88,0,0,0,15,0,0,0,96,0,0,0,5,0,0,0,120,0,0,0,6,0,0,0,128,0,0,0,17,0,0,0,136,0,0,0,23,0,0,0,144,0,0,0,11,0,0,0,152,0,0,0,16,0,0,0,160,0,0,0,19,0,0,0,168,0,0,0,22,0,0,0,176,0,0,0,2,0,0,0,168,3,0,0,30,0,0,0,16,0,0,0,77,111,114,114,111,119,115,111,102,116,32,73,110,99,46,0,3,0,0,0,10,0,0,0,3,0,0,0,2,0,0,0,3,0,0,0,166,5,0,0,3,0,0,0,0,0,12,0,11,0,0,0,0,0,0,0,11,0,0,0,0,0,0,0,11,0,0,0,0,0,0,0,11,0,0,0,0,0,0,0,0,0,0,0,0,0,0,0,0,0,0,0,0,0,0,0,0,0,0,0,0,0,0,0,0,0,0,0,0,0,0,0,0,0,0,0,0,0,0,0,0,0,0,0,0,0,0,0,0,0,0,0,0,0,0,0,0,0,0,0,0,0,0,0,0,0,0,0,0,0,0,0,0,0,0,0,0,0,0,0,0,0,0,0,0,0,0,0,0,0,0,0,0,0,0,0,0,0,0,0,0,0,0,0,0,0,0,0,0,0,0,0,0,0,0,0,0,0,0,0,0,0,0,0,0,0,0,0,0,0,0,0,0,0,0,0,0,0,0,0,0,0,0,0,0,0,0,0,0,0,0,0,0,0,0,0,0,0,0,0,0,0,0,0,0,0,0,0,0,0,0,0,0,0,0,0,0,0,0,0,0,0,0,0,0,0,0,0,0,0,0,0,0,0,0,0,0,0,0,0,0,0,0,0,0,0,0,0,0,0,0,0,0,0,0,0,0,0,0,0,0,0,0,0,0,0,0,0,0,0,0,0,0,0,0,0,0,0,0,0,0,0,0,0,0,0,0,0,0,0,0,0,0,0,0,0,0,0,0,0,0,0,0,0,0,0,0,0,0,0,0,0,0,0,0,0,0,0,0,0,0,0,0,0,0,0,0,0,0,0,0,0,0,0,0,0,0,0,0,0,0,0,0,0,0,0,0,0,0,0,0,0,0,0,0,0,0,0,0,0,0,0,0,0,0,0,0,0,0,0,0,0,0,0,0,0,0,0,0,0,0,0,0,0,0,0,0,0,0,0,0,0,0,0,0,0,0,0,0,0,0,0,0,0,0,0,0,0,0,0,0,0,0,0,0,0,0,0,0,0,0,0,0,0,0,0,0,0,0,0,0,0,0,0,0,0,0,0,0,0,0,0,0,0,0,0,0,0,0,0,0,0,0,0,0,0,0,0,0,0,0,0,0,0,0,0,0,0,0,0,0,0,0,0,0,0,0,0,0,0,0,0,0,0,0,0,0,0,0,0,0,0,0,0,0,0,0,0,0,0,0,0,0,0,0,0,0,0,0,0,0,0,0,0,0,0,0,0,0,0,0,0,0,0,0,0,0,0,0,0,0,0,0,0,0,0,0,0,0,0,0,0,0,0,0,0,0,0,0,0,0,0,0,0,0,0,0,0,0,0,0,0,0,0,0,0,0,0,0,0,0,0,0,0,0,0,0,0,0,0,0,0,0,0,0,0,0,0,0,0,0,0,0,0,0,0,0,0,0,0,0,0,0,0,0,0,0,0,0,0,0,0,0,0,0,0,0,0,0,0,0,0,0,0,0,0,0,0,0,0,0,0,0,0,0,0,0,0,0,0,0,0,0,0,0,0,0,0,0,0,0,0,0,0,0,0,0,0,0,0,0,0,0,0,0,0,0,0,0,0,0,0,0,0,0,0,0,0,0,0,0,0,0,0,0,0,0,0,0,0,0,0,0,0,0,0,0,0,0,0,0,0,0,0,0,0,0,0,0,0,0,0,0,0,0,0,0,0,0,0,0,0,0,0,0,0,0,0,0,0,0,0,0,0,0,0,0,0,0,0,0,0,0,0,0,0,0,0,0,0,0,0,0,0,0,0,0,0,0,0,0,0,0,0,0,0,0,0,0,0,0,0,0,0,0,0,0,0,0,0,0,0,0,0,0,0,0,0,0,0,0,0,0,0,0,0,0,0,0,0,0,0,0,0,0,0,0,0,0,0,0,0,0,0,0,0,0,0,0,0,0,0,0,0,0,0
0,254,255,0,0,6,1,2,0,0,0,0,0,0,0,0,0,0,0,0,0,0,0,0,0,1,0,0,0,224,133,159,242,249,79,104,16,171,145,8,0,43,39,179,217,48,0,0,0,108,1,0,0,17,0,0,0,1,0,0,0,144,0,0,0,2,0,0,0,152,0,0,0,3,0,0,0,164,0,0,0,4,0,0,0,176,0,0,0,5,0,0,0,196,0,0,0,7,0,0,0,208,0,0,0,8,0,0,0,224,0,0,0,9,0,0,0,240,0,0,0,18,0,0,0,252,0,0,0,10,0,0,0,28,1,0,0,11,0,0,0,40,1,0,0,12,0,0,0,52,1,0,0,13,0,0,0,64,1,0,0,14,0,0,0,76,1,0,0,15,0,0,0,84,1,0,0,16,0,0,0,92,1,0,0,19,0,0,0,100,1,0,0,2,0,0,0,168,3,0,0,30,0,0,0,4,0,0,0,32,32,0,0,30,0,0,0,4,0,0,0,0,0,0,0,30,0,0,0,12,0,0,0,67,104,101,110,81,105,121,105,110,103,0,0,30,0,0,0,4,0,0,0,0,0,0,0,30,0,0,0,8,0,0,0,78,111,114,109,97,108,0,0,30,0,0,0,8,0,0,0,204,239,206,176,193,250,0,0,30,0,0,0,4,0,0,0,50,0,0,0,30,0,0,0,24,0,0,0,77,105,99,114,111,115,111,102,116,32,79,102,102,105,99,101,32,87,111,114,100,0,0,0,64,0,0,0,0,0,0,0,0,0,0,0,64,0,0,0,0,92,186,113,48,125,200,1,64,0,0,0,0,226,158,199,75,146,215,1,64,0,0,0,0,226,158,199,75,146,215,1,3,0,0,0,4,0,0,0,3,0,0,0,216,0,0,0,3,0,0,0,208,4,0,0,3,0,0,0,0,0,0,0,0,0,0,0,0,0,0,0,0,0,0,0,0,0,0,0,0,0,0,0,0,0,0,0,0,0,0,0,0,0,0,0,0,0,0,0,0,0,0,0,0,0,0,0,0,0,0,0,0,0,0,0,0,0,0,0,0,0,0,0,0,0,0,0,0,0,0,0,0,0,0,0,0,0,0,0,0,0,0,0,0,0,0,0,0,0,0,0,0,0,0,0,0,0,0,0,0,0,0,0,0,0,0,0,0,0,0,0,0,0,0,0,0,0,0,0,0,0,0,0,0,0,0,0,0,0,0,0,0,0,0,0,0,0,0,0,0,0,0,0,0,0,0,0,0,0,0,0,0,0,0,0,0,0,0,0,0,0,0,0,0,0,0,0,0,0,0,0,0,0,0,0,0,0,0,0,0,0,0,0,0,0,0,0,0,0,0,0,0,0,0,0,0,0,0,0,0,0,0,0,0,0,0,0,0,0,0,0,0,0,0,0,0,0,0,0,0,0,0,0,0,0,0,0,0,0,0,0,0,0,0,0,0,0,0,0,0,0,0,0,0,0,0,0,0,0,0,0,0,0,0,0,0,0,0,0,0,0,0,0,0,0,0,0,0,0,0,0,0,0,0,0,0,0,0,0,0,0,0,0,0,0,0,0,0,0,0,0,0,0,0,0,0,0,0,0,0,0,0,0,0,0,0,0,0,0,0,0,0,0,0,0,0,0,0,0,0,0,0,0,0,0,0,0,0,0,0,0,0,0,0,0,0,0,0,0,0,0,0,0,0,0,0,0,0,0,0,0,0,0,0,0,0,0,0,0,0,0,0,0,0,0,0,0,0,0,0,0,0,0,0,0,0,0,0,0,0,0,0,0,0,0,0,0,0,0,0,0,0,0,0,0,0,0,0,0,0,0,0,0,0,0,0,0,0,0,0,0,0,0,0,0,0,0,0,0,0,0,0,0,0,0,0,0,0,0,0,0,0,0,0,0,0,0,0,0,0,0,0,0,0,0,0,0,0,0,0,0,0,0,0,0,0,0,0,0,0,0,0,0,0,0,0,0,0,0,0,0,0,0,0,0,0,0,0,0,0,0,0,0,0,0,0,0,0,0,0,0,0,0,0,0,0,0,0,0,0,0,0,0,0,0,0,0,0,0,0,0,0,0,0,0,0,0,0,0,0,0,0,0,0,0,0,0,0,0,0,0,0,0,0,0,0,0,0,0,0,0,0,0,0,0,0,0,0,0,0,0,0,0,0,0,0,0,0,0,0,0,0,0,0,0,0,0,0,0,0,0,0,0,0,0,0,0,0,0,0,0,0,0,0,0,0,0,0,0,0,0,0,0,0,0,0,0,0,0,0,0,0,0,0,0,0,0,0,0
0,98,4,23,0,18,0,1,0,11,1,15,0,7,0,0,0,4,0,0,0,0,0,4,0,8,0,0,0,8,0,0,0,14,0,0,0,14,0,0,0,14,0,0,0,14,0,0,0,14,0,0,0,14,0,0,0,14,0,0,0,14,0,0,0,0,0,0,0,0,0,0,0,0,0,0,0,0,0,0,0,0,0,0,0,0,0,0,0,0,0,0,0,0,0,0,0,0,0,0,0,0,0,0,0,0,0,0,0,0,0,0,0,0,0,0,0,0,0,0,0,0,0,0,0,0,0,0,0,0,0,0,0,0,0,0,0,0,0,0,0,0,0,0,0,0,0,0,0,0,0,0,0,48,6,0,0,0,0,0,0,14,0,0,0,0,0,0,0,0,0,0,0,0,0,0,0,0,0,0,0,0,0,0,0,0,0,0,0,0,0,0,0,0,0,0,0,0,0,0,0,0,0,0,0,0,0,0,0,0,0,0,0,0,0,0,0,0,0,0,0,0,0,0,0,0,0,0,0,0,0,0,0,0,0,0,0,0,0,0,0,0,0,0,0,0,0,0,0,0,0,0,0,0,0,0,0,0,0,0,0,0,0,0,0,0,0,0,0,0,0,0,0,8,0,0,0,0,0,0,0,0,0,0,0,0,0,0,0,0,0,0,0,0,0,0,0,0,0,0,0,0,0,0,0,0,0,0,0,0,0,0,0,0,0,0,0,0,0,0,0,8,0,0,0,0,0,0,0,0,0,0,0,0,0,0,0,0,0,0,0,0,0,0,0,0,0,0,0,0,0,0,0,0,0,0,0,0,0,0,0,0,0,0,0,0,0,0,0,0,0,0,0,8,0,0,0,8,0,0,0,0,0,0,0,0,0,0,0,0,0,0,0,0,0,0,0,0,0,0,0,0,0,0,0,0,0,0,0,0,0,0,0,0,0,0,0,0,0,0,0,0,0,0,0,0,0,0,0,0,0,0,0,0,0,0,0,0,0,0,0,0,0,0,0,0,0,0,0,0,0,0,0,0,0,0,0,0,0,0,0,0,0,0,0,0,0,0,0,0,0,0,0,0,0,0,0,0,0,0,0,0,0,0,0,0,0,0,0,0,0,0,0,0,0,0,0,0,0,0,0,0,0,0,0,0,0,0,0,0,0,0,0,0,0,0,0,0,0,0,0,0,0,0,0,0,0,0,0,0,0,0,0,0,0,0,0,0,0,0,0,0,0,0,0,0,0,0,0,0,0,0,0,0,0,0,0,0,0,0,0,0,0,0,0,0,0,0,0,0,0,0,0,0,0,0,0,0,0,0,0,0,0,0,0,0,0,0,0,0,0,0,0,0,0,0,0,0,0,0,0,0,0,0,0,0,0,0,0,0,0,0,0,0,0,0,0,0,0,0,0,0,0,0,0,0,0,0,0,0,0,0,0,0,0,0,0,0,0,0,0,0,0,0,0,0,0,0,0,50,6,0,0,24,0,0,0,192,3,0,0,208,3,0,0,224,3,0,0,240,3,0,0,0,4,0,0,16,4,0,0,32,4,0,0,48,4,0,0,64,4,0,0,80,4,0,0,96,4,0,0,112,4,0,0,128,4,0,0,144,4,0,0,192,3,0,0,208,3,0,0,224,3,0,0,240,3,0,0,0,4,0,0,16,4,0,0,50,6,0,0,40,2,0,0,216,1,0,0,232,1,0,0,32,4,0,0,48,4,0,0,64,4,0,0,80,4,0,0,96,4,0,0,112,4,0,0,128,4,0,0,144,4,0,0,192,3,0,0,208,3,0,0,224,3,0,0,240,3,0,0,0,4,0,0,16,4,0,0,32,4,0,0,48,4,0,0,64,4,0,0,80,4,0,0,96,4,0,0,112,4,0,0,128,4,0,0,144,4,0,0,192,3,0,0,208,3,0,0,224,3,0,0,240,3,0,0,0,4,0,0,16,4,0,0,32,4,0,0,48,4,0,0,64,4,0,0,80,4,0,0,96,4,0,0,112,4,0,0,128,4,0,0,144,4,0,0,192,3,0,0,208,3,0,0,224,3,0,0,240,3,0,0,0,4,0,0,16,4,0,0,32,4,0,0,48,4,0,0,64,4,0,0,80,4,0,0,96,4,0,0,112,4,0,0,128,4,0,0,144,4,0,0,192,3,0,0,208,3,0,0,224,3,0,0,240,3,0,0,0,4,0,0,16,4,0,0,32,4,0,0,48,4,0,0,64,4,0,0,80,4,0,0,96,4,0,0,112,4,0,0,128,4,0,0,144,4,0,0,192,3,0,0,208,3,0,0,224,3
0,12,1,0,0,68,0,100,0,0,0,0,0,0,0,6,0,0,0,0,0,0,0,0,0,0,0,0,0,240,75,57,3,215,1,212,4,0,0,0,0,0,0,0,0,0,0,0,0,0,0,0,0,0,0,0,0,0,0,0,0,0,0,0,0,0,0,0,0,15,0,4,240,192,0,0,0,130,8,10,240,8,0,0,0,1,4,0,0,0,10,0,0,243,0,11,240,156,0,0,0,192,192,56,0,0,0,195,0,0,0,32,0,196,0,105,230,0,0,197,192,10,0,0,0,255,0,0,87,255,255,129,1,255,0,0,0,191,1,16,0,16,0,192,1,255,0,0,0,203,1,156,49,0,0,255,1,8,0,8,0,1,2,134,134,134,0,63,2,0,0,3,0,127,2,0,0,1,0,191,2,1,0,15,0,255,2,22,0,31,0,45,78,113,81,45,78,193,148,53,117,20,108,22,83,64,92,198,150,226,86,9,103,80,150,108,81,248,83,193,148,239,141,229,93,11,122,108,81,248,83,170,126,139,95,192,104,229,103,212,89,88,84,26,79,0,0,78,83,135,101,45,78,139,91,0,0,0,0,16,240,4,0,0,0,0,0,0,128,142,0,22,36,1,23,36,1,73,102,1,0,0,0,1,150,0,0,33,118,0,1,104,1,53,214,5,0,1,3,74,33,35,118,0,1,74,33,58,86,11,0,2,150,108,0,7,148,34,0,10,116,0,0,224,1,13,54,96,15,148,232,255,16,148,180,0,19,214,48,0,0,0,255,12,1,0,0,0,0,0,255,0,0,0,0,0,0,0,255,12,1,0,0,0,0,0,255,0,0,0,0,0,0,0,255,4,1,0,0,0,0,0,255,4,1,0,0,20,246,1,0,0,21,54,1,30,148,180,0,53,214,5,0,1,3,74,33,121,116,122,40,209,0,142,0,22,36,1,23,36,1,73,102,1,0,0,0,1,150,0,0,33,118,0,1,104,1,53,214,5,0,1,3,74,33,35,118,0,1,74,33,58,86,11,0,2,150,108,0,7,148,34,0,10,116,0,0,224,1,13,54,96,15,148,232,255,16,148,180,0,19,214,48,0,0,0,255,12,1,0,0,0,0,0,255,0,0,0,0,0,0,0,255,12,1,0,0,0,0,0,255,0,0,0,0,0,0,0,255,4,1,0,0,0,0,0,255,4,1,0,0,20,246,1,0,0,21,54,1,30,148,180,0,53,214,5,0,1,3,74,33,121,116,122,40,209,0,0,0,0,0,0,0,0,0,0,0,0,0,0,0,0,0,0,0,0,0,0,0,0,0,0,0,0,0,0,0,0,0,0,0,0,0,0,0,0,0,0,0,0,0,0,0,0,0,0,0,0,0,0,0,0,0,0,0,0,0,0,0,0,0,0,0,0,0,0,0,0,0,0,0,0,0,0,0,0,0,0,0,0,0,0,0,0,0,0,0,0,0,0,0,0,0,0,0,0,0,0,0,0,0,0,0,0,0,0,0,0,0,0,0,0,0,0,0,0,0,0,0,0,0,0,0,0,0,0,0,0,0,0,0,0,0,0,0,0,0,0,0,0,0,0,0,0,0,0,0,0,0,0,0,0,0,0,0,0,0,0,0,0,0,0,0,0,0,0,0,0,0,0,0,0,0,0,0,0,0,0,0,0,0,0,0,0,0,0,0,0,0,0,0,0,0,0,0,0,0,0,0,0,0,0,0,0,0,0,0,0,0,0,0,0,0,0,0,0,0,0,0,0,0,0,0,0,0,0,0,0,0,0,0,0,0,0,0,0,0,0,0,0,0,0,0,0,0,0,0,0,0,0,0,0,0,0,0,0,0,0,0,0,0,0,0,0,0,0,0,0,0,0,0,0,0,0,0,0,0,0,0,0,0,0,0,0,0,0,0,0,0,0,0,0,0,0,0,0,0,0,0,0,0,0,0,0,0,0,0,0,0,0,0,0,0,0,0,0,0,0,0,0,0,0,0,0,0,0,0,0,0,0,0,0,0,0,0,0,0,0,0,0,0,0,0,0,0,0,0,0,0,0,0,0,0,0,0,0,0,0,0,0,0,0,0,0,0,0,0,0,0,0,0,0,0,0,0,0,0,0,0,0,0,0,0,0,0,0,0,0,0,0,0,0,0,0,0,0,0,0,0,0,0,0,0,0,0,0,0,0,0,0,0,0,0,0,0,0,0,0,0,0,0,0,0,0,0,0,0,0,0,0,0,0,0,0,0,0,0,0,0,0,0,0,0,0,0,0,0,0,0,0,0,0,0,0,0,0,0,0,0
0,73,68,61,34,123,65,52,51,55,70,66,53,53,45,68,48,56,55,45,52,53,48,49,45,66,55,49,70,45,50,55,65,68,55,65,67,48,48,53,66,55,125,34,13,10,68,111,99,117,109,101,110,116,61,84,104,105,115,68,111,99,117,109,101,110,116,47,38,72,48,48,48,48,48,48,48,48,13,10,78,97,109,101,61,34,80,114,111,106,101,99,116,34,13,10,72,101,108,112,67,111,110,116,101,120,116,73,68,61,34,48,34,13,10,86,101,114,115,105,111,110,67,111,109,112,97,116,105,98,108,101,51,50,61,34,51,57,51,50,50,50,48,48,48,34,13,10,67,77,71,61,34,55,67,55,69,65,68,56,48,66,51,52,66,66,55,52,66,66,55,52,66,66,55,52,66,66,55,34,13,10,68,80,66,61,34,52,66,52,57,57,65,68,53,54,56,68,54,54,56,68,54,54,56,34,13,10,71,67,61,34,49,65,49,56,67,66,50,54,57,66,50,55,57,66,50,55,54,52,34,13,10,13,10,91,72,111,115,116,32,69,120,116,101,110,100,101,114,32,73,110,102,111,93,13,10,38,72,48,48,48,48,48,48,48,49,61,123,51,56,51,50,68,54,52,48,45,67,70,57,48,45,49,49,67,70,45,56,69,52,51,45,48,48,65,48,67,57,49,49,48,48,53,65,125,59,86,66,69,59,38,72,48,48,48,48,48,48,48,48,13,10,13,10,91,87,111,114,107,115,112,97,99,101,93,13,10,84,104,105,115,68,111,99,117,109,101,110,116,61,48,44,32,48,44,32,48,44,32,48,44,32,67,13,10,255,0,0,0,0,0,0,0,255,4,1,0,0,0,0,0,255,4,1,0,0,20,246,1,0,0,21,54,1,30,148,180,0,53,214,5,0,1,3,74,33,121,116,122,40,209,0,142,0,22,36,1,23,36,1,73,102,1,0,0,0,1,150,0,0,33,118,0,1,104,1,53,214,5,0,1,3,74,33,35,118,0,1,74,33,58,86,11,0,2,150,108,0,7,148,34,0,10,116,0,0,224,1,13,54,96,15,148,232,255,16,148,180,0,19,214,48,0,0,0,255,12,1,0,0,0,0,0,255,0,0,0,0,0,0,0,255,12,1,0,0,0,0,0,255,0,0,0,0,0,0,0,255,4,1,0,0,0,0,0,255,4,1,0,0,20,246,1,0,0,21,54,1,30,148,180,0,53,214,5,0,1,3,74,33,121,116,122,40,209,0,0,0,0,0,0,0,0,0,0,0,0,0,0,0,0,0,0,0,0,0,0,0,0,0,0,0,0,0,0,0,0,0,0,0,0,0,0,0,0,0,0,0,0,0,0,0,0,0,0,0,0,0,0,0,0,0,0,0,0,0,0,0,0,0,0,0,0,0,0,0,0,0,0,0,0,0,0,0,0,0,0,0,0,0,0,0,0,0,0,0,0,0,0,0,0,0,0,0,0,0,0,0,0,0,0,0,0,0,0,0,0,0,0,0,0,0,0,0,0,0,0,0,0,0,0,0,0,0,0,0,0,0,0,0,0,0,0,0,0,0,0,0,0,0,0,0,0,0,0,0,0,0,0,0,0,0,0,0,0,0,0,0,0,0,0,0,0,0,0,0,0,0,0,0,0,0,0,0,0,0,0,0,0,0,0,0,0,0,0,0,0,0,0,0,0,0,0,0,0,0,0,0,0,0,0,0,0,0,0,0,0,0,0,0,0,0,0,0,0,0,0,0,0,0,0,0,0,0,0,0,0,0,0,0,0,0,0,0,0,0,0,0,0,0,0,0,0,0,0,0,0,0,0,0,0,0,0,0,0,0,0,0,0,0,0,0,0,0,0,0,0,0,0,0,0,0,0,0,0,0,0,0,0,0,0,0,0,0,0,0,0,0,0,0,0,0,0,0,0,0,0,0,0,0,0,0,0,0,0,0,0,0,0,0,0,0,0,0,0,0,0,0,0,0,0,0,0,0,0,0,0,0,0,0,0,0,0,0,0,0,0,0,0,0,0,0,0,0,0,0,0,0,0,0,0,0,0,0,0,0,0,0,0,0,0,0,0,0,0,0,0,0,0,0,0,0,0,0,0,0,0,0,0,0,0,0,0,0,0,0,0,0,0,0,0,0,0,0,0,0,0,0,0,0,0,0,0,0,0,0,0,0,0,0,0,0,0,0,0,0,0,0,0,0,0,0,0,0,0,0,0,0,0,0,0,0,0,0,0,0,0,0,0,0,0,0,0,0,0,0,0,0,0,0,0,0,0,0,0,0,0,0
0,84,104,105,115,68,111,99,117,109,101,110,116,0,84,0,104,0,105,0,115,0,68,0,111,0,99,0,117,0,109,0,101,0,110,0,116,0,0,0,0,0,125,34,13,10,68,111,99,117,109,101,110,116,61,84,104,105,115,68,111,99,117,109,101,110,116,47,38,72,48,48,48,48,48,48,48,48,13,10,78,97,109,101,61,34,80,114,111,106,101,99,116,34,13,10,72,101,108,112,67,111,110,116,101,120,116,73,68,61,34,48,34,13,10,86,101,114,115,105,111,110,67,111,109,112,97,116,105,98,108,101,51,50,61,34,51,57,51,50,50,50,48,48,48,34,13,10,67,77,71,61,34,55,67,55,69,65,68,56,48,66,51,52,66,66,55,52,66,66,55,52,66,66,55,52,66,66,55,34,13,10,68,80,66,61,34,52,66,52,57,57,65,68,53,54,56,68,54,54,56,68,54,54,56,34,13,10,71,67,61,34,49,65,49,56,67,66,50,54,57,66,50,55,57,66,50,55,54,52,34,13,10,13,10,91,72,111,115,116,32,69,120,116,101,110,100,101,114,32,73,110,102,111,93,13,10,38,72,48,48,48,48,48,48,48,49,61,123,51,56,51,50,68,54,52,48,45,67,70,57,48,45,49,49,67,70,45,56,69,52,51,45,48,48,65,48,67,57,49,49,48,48,53,65,125,59,86,66,69,59,38,72,48,48,48,48,48,48,48,48,13,10,13,10,91,87,111,114,107,115,112,97,99,101,93,13,10,84,104,105,115,68,111,99,117,109,101,110,116,61,48,44,32,48,44,32,48,44,32,48,44,32,67,13,10,255,0,0,0,0,0,0,0,255,4,1,0,0,0,0,0,255,4,1,0,0,20,246,1,0,0,21,54,1,30,148,180,0,53,214,5,0,1,3,74,33,121,116,122,40,209,0,142,0,22,36,1,23,36,1,73,102,1,0,0,0,1,150,0,0,33,118,0,1,104,1,53,214,5,0,1,3,74,33,35,118,0,1,74,33,58,86,11,0,2,150,108,0,7,148,34,0,10,116,0,0,224,1,13,54,96,15,148,232,255,16,148,180,0,19,214,48,0,0,0,255,12,1,0,0,0,0,0,255,0,0,0,0,0,0,0,255,12,1,0,0,0,0,0,255,0,0,0,0,0,0,0,255,4,1,0,0,0,0,0,255,4,1,0,0,20,246,1,0,0,21,54,1,30,148,180,0,53,214,5,0,1,3,74,33,121,116,122,40,209,0,0,0,0,0,0,0,0,0,0,0,0,0,0,0,0,0,0,0,0,0,0,0,0,0,0,0,0,0,0,0,0,0,0,0,0,0,0,0,0,0,0,0,0,0,0,0,0,0,0,0,0,0,0,0,0,0,0,0,0,0,0,0,0,0,0,0,0,0,0,0,0,0,0,0,0,0,0,0,0,0,0,0,0,0,0,0,0,0,0,0,0,0,0,0,0,0,0,0,0,0,0,0,0,0,0,0,0,0,0,0,0,0,0,0,0,0,0,0,0,0,0,0,0,0,0,0,0,0,0,0,0,0,0,0,0,0,0,0,0,0,0,0,0,0,0,0,0,0,0,0,0,0,0,0,0,0,0,0,0,0,0,0,0,0,0,0,0,0,0,0,0,0,0,0,0,0,0,0,0,0,0,0,0,0,0,0,0,0,0,0,0,0,0,0,0,0,0,0,0,0,0,0,0,0,0,0,0,0,0,0,0,0,0,0,0,0,0,0,0,0,0,0,0,0,0,0,0,0,0,0,0,0,0,0,0,0,0,0,0,0,0,0,0,0,0,0,0,0,0,0,0,0,0,0,0,0,0,0,0,0,0,0,0,0,0,0,0,0,0,0,0,0,0,0,0,0,0,0,0,0,0,0,0,0,0,0,0,0,0,0,0,0,0,0,0,0,0,0,0,0,0,0,0,0,0,0,0,0,0,0,0,0,0,0,0,0,0,0,0,0,0,0,0,0,0,0,0,0,0,0,0,0,0,0,0,0,0,0,0,0,0,0,0,0,0,0,0,0,0,0,0,0,0,0,0,0,0,0,0,0,0,0,0,0,0,0,0,0,0,0,0,0,0,0,0,0,0,0,0,0,0,0,0,0,0,0,0,0,0,0,0,0,0,0,0,0,0,0,0,0,0,0,0,0,0,0,0,0,0,0,0,0,0,0,0,0,0,0,0,0,0,0,0,0,0,0,0,0,0,0,0,0,0,0,0,0,0,0,0,0,0,0,0,0,0,0,0,0,0,0,0,0,0,0,0,0,0,0,0,0,0,0
0,1,22,1,0,6,0,1,0,0,86,3,0,0,228,0,0,0,234,1,0,0,132,3,0,0,146,3,0,0,82,6,0,0,1,0,0,0,1,0,0,0,152,168,149,193,0,0,255,255,163,1,0,0,136,0,0,0,182,0,255,255,1,1,0,0,0,0,255,255,255,255,0,0,0,0,255,255,60,0,255,255,0,0,99,13,65,148,209,18,44,71,143,180,149,46,50,13,12,226,125,189,167,167,20,159,37,64,185,0,86,127,19,160,39,64,0,0,0,0,0,0,0,0,0,0,0,0,0,0,0,0,1,0,0,0,154,127,98,215,87,191,243,77,148,88,145,11,48,2,129,214,16,0,0,0,3,0,0,0,5,0,0,0,7,0,0,0,255,255,255,255,255,255,255,255,1,1,8,0,0,0,255,255,255,255,120,0,0,0,8,154,127,98,215,87,191,243,77,148,88,145,11,48,2,129,214,99,13,65,148,209,18,44,71,143,180,149,46,50,13,12,226,255,255,0,0,0,0,77,69,0,0,255,255,255,255,255,255,0,0,0,0,255,255,0,0,0,0,255,255,1,1,0,0,0,0,223,0,255,255,0,0,0,0,255,255,255,255,255,255,255,255,255,255,255,255,255,255,255,255,255,255,255,255,255,255,255,255,255,255,255,255,255,255,255,255,255,255,255,255,255,255,255,255,255,255,255,255,255,255,255,255,255,255,255,255,255,255,255,255,255,255,255,255,255,255,255,255,255,255,255,255,255,255,255,255,255,255,255,255,255,255,255,255,255,255,255,255,255,255,255,255,255,255,255,255,255,255,255,255,255,255,255,255,255,255,255,255,255,255,255,255,255,255,255,255,255,255,255,255,255,255,255,255,255,255,255,255,255,255,255,255,255,255,40,0,0,0,2,0,83,34,255,255,255,255,0,0,1,0,83,16,255,255,255,255,0,0,1,0,83,34,255,255,255,255,0,0,0,0,54,34,255,255,255,255,0,0,255,255,1,1,0,0,0,0,1,0,40,0,49,0,78,0,111,0,114,0,109,0,97,0,108,0,46,0,84,0,104,0,105,0,115,0,68,0,111,0,99,0,117,0,109,0,101,0,110,0,116,0,9,0,0,0,255,255,255,255,1,1,224,0,0,0,2,128,254,255,255,255,255,255,16,0,255,255,40,0,0,0,2,1,255,255,0,0,0,0,0,0,0,0,255,255,255,255,255,255,255,255,0,0,0,0,29,0,0,0,37,0,0,0,255,255,255,255,152,0,0,0,2,131,254,255,255,255,255,255,8,0,255,255,96,0,0,0,0,0,255,255,255,255,255,255,0,0,0,0,255,255,255,255,255,255,255,255,0,0,0,0,29,0,12,0,37,0,0,0,130,160,18,2,255,255,255,255,254,255,255,255,144,0,0,0,2,0,255,255,254,255,255,255,0,0,0,0,255,255,255,255,255,255,255,255,0,0,0,0,29,0,12,0,37,0,0,0,12,17,28,2,255,255,255,255,0,0,4,96,0,0,0,0,255,255,255,255,255,255,255,255,0,0,0,0,0,0,0,0,255,255,255,255,0,0,14,0,255,255,255,255,255,255,255,255,188,6,0,0,17,0,17,0,2,0,148,0,0,1,0,0,255,255,255,255,32,0,0,0,1,0,1,0,0,0,1,0,0,0,0,0,0,0,0,0,152,0,0,0,255,255,255,255,255,255,255,255,0,0,0,0,255,255,255,255,255,255,255,255,152,0,0,0,255,255,255,255,255,255,255,255,0,0,0,0,255,255,255,255,255,255,255,255,255,255,255,255,104,0,0,0,56,0,0,0,0,0,0,0,0,0,0,0,64,0,4,0,0,0,0,0,192,6,188,6,255,255,255,255,255,255,255,255,255,255,255,255,255,255,255,255,255,255,255,255,255,255,8,0,2,0,48,0,0,0,103,141,16,99,31,0,1,36,0,42,0,92,0,82,0,102,0,102,0,102,0,102,0,42,0,48,0,73,0,54,0,51,0,49,0,48,0,56,0,101,0,53,0,53,0,223,1,0,0,0,0,0,255,255,255,255,52,0,0,0,2,0,0,0,0,0,0,0,0,0,0,0,0,0,0,0,0,0,0,0,0,0,0,0,0,0,0,0,0,0,0,0,0,0,0,0,0,0,0,0,0,0,0,0,0,0,0,0,0,0,0,0,0,0,0,0,0,0,0,0,254,202,1,0,19,0,0,128,9,0,10,0,0,0,0,0,0,0,0,128,9,0,10,0,0,0,16,0,0,0,34,129,8,0,6,0,12,0,32,0,0,0,0,129
1,204,97,133,0,0,1,0,255,4,8,0,0,9,4,0,0,168,3,1,0,0,0,0,0,0,0,0,0,1,0,5,0,2,0,40,1,42,0,92,0,71,0,123,0,48,0,48,0,48,0,50,0,48,0,52,0,69,0,70,0,45,0,48,0,48,0,48,0,48,0,45,0,48,0,48,0,48,0,48,0,45,0,67,0,48,0,48,0,48,0,45,0,48,0,48,0,48,0,48,0,48,0,48,0,48,0,48,0,48,0,48,0,52,0,54,0,125,0,35,0,52,0,46,0,48,0,35,0,57,0,35,0,67,0,58,0,92,0,80,0,114,0,111,0,103,0,114,0,97,0,109,0,32,0,70,0,105,0,108,0,101,0,115,0,32,0,40,0,120,0,56,0,54,0,41,0,92,0,67,0,111,0,109,0,109,0,111,0,110,0,32,0,70,0,105,0,108,0,101,0,115,0,92,0,77,0,105,0,99,0,114,0,111,0,115,0,111,0,102,0,116,0,32,0,83,0,104,0,97,0,114,0,101,0,100,0,92,0,86,0,66,0,65,0,92,0,86,0,66,0,65,0,54,0,92,0,86,0,66,0,69,0,54,0,46,0,68,0,76,0,76,0,35,0,86,0,105,0,115,0,117,0,97,0,108,0,32,0,66,0,97,0,115,0,105,0,99,0,32,0,70,0,111,0,114,0,32,0,65,0,112,0,112,0,108,0,105,0,99,0,97,0,116,0,105,0,111,0,110,0,115,0,0,0,0,0,0,0,0,0,0,0,0,0,28,1,42,0,92,0,71,0,123,0,48,0,48,0,48,0,50,0,48,0,57,0,48,0,53,0,45,0,48,0,48,0,48,0,48,0,45,0,48,0,48,0,48,0,48,0,45,0,67,0,48,0,48,0,48,0,45,0,48,0,48,0,48,0,48,0,48,0,48,0,48,0,48,0,48,0,48,0,52,0,54,0,125,0,35,0,56,0,46,0,52,0,35,0,48,0,35,0,67,0,58,0,92,0,80,0,114,0,111,0,103,0,114,0,97,0,109,0,32,0,70,0,105,0,108,0,101,0,115,0,32,0,40,0,120,0,56,0,54,0,41,0,92,0,77,0,105,0,99,0,114,0,111,0,115,0,111,0,102,0,116,0,32,0,79,0,102,0,102,0,105,0,99,0,101,0,92,0,79,0,102,0,102,0,105,0,99,0,101,0,49,0,50,0,92,0,77,0,83,0,87,0,79,0,82,0,68,0,46,0,79,0,76,0,66,0,35,0,77,0,105,0,99,0,114,0,111,0,115,0,111,0,102,0,116,0,32,0,87,0,111,0,114,0,100,0,32,0,49,0,50,0,46,0,48,0,32,0,79,0,98,0,106,0,101,0,99,0,116,0,32,0,76,0,105,0,98,0,114,0,97,0,114,0,121,0,0,0,0,0,0,0,0,0,0,0,0,0,188,0,42,0,92,0,71,0,123,0,48,0,48,0,48,0,50,0,48,0,52,0,51,0,48,0,45,0,48,0,48,0,48,0,48,0,45,0,48,0,48,0,48,0,48,0,45,0,67,0,48,0,48,0,48,0,45,0,48,0,48,0,48,0,48,0,48,0,48,0,48,0,48,0,48,0,48,0,52,0,54,0,125,0,35,0,50,0,46,0,48,0,35,0,48,0,35,0,67,0,58,0,92,0,87,0,105,0,110,0,100,0,111,0,119,0,115,0,92,0,83,0,121,0,115,0,87,0,111,0,119,0,54,0,52,0,92,0,115,0,116,0,100,0,111,0,108,0,101,0,50,0,46,0,116,0,108,0,98,0,35,0,79,0,76,0,69,0,32,0,65,0,117,0,116,0,111,0,109,0,97,0,116,0,105,0,111,0,110,0,0,0,0,0,0,0,0,0,0,0,0,0,18,0,42,0,92,0,67,0,78,0,111,0,114,0,109,0,97,0,108,0,18,0,42,0,92,0,67,0,78,0,111,0,114,0,109,0,97,0,108,0,55,140,16,99,1,0,0,0,0,0,0,0,52,1,42,0,92,0,71,0,123,0,50,0,68,0,70,0,56,0,68,0,48,0,52,0,67,0,45,0,53,0,66,0,70,0,65,0,45,0,49,0,48,0,49,0,66,0,45,0,66,0,68,0,69,0,53,0,45,0,48,0,48,0,65,0,65,0,48,0,48,0,52,0,52,0,68,0,69,0,53,0,50,0,125,0,35,0,50,0,46,0,52,0,35,0,48,0,35,0,67,0,58,0,92,0,80,0,114,0,111,0,103,0,114,0,97,0,109,0,32,0,70,0
1,147,75,42,133,1,0,16,0,0,0,255,255,0,0,0,0,1,0,2,0,255,255,0,0,0,0,1,0,0,0,0,0,0,0,0,0,1,0,2,0,0,0,0,0,0,0,1,0,5,0,5,0,5,0,5,0,5,0,5,0,5,0,5,0,5,0,5,0,5,0,5,0,1,0,9,0,0,0,42,92,67,78,111,114,109,97,108,114,85,0,1,0,0,128,0,0,0,128,0,0,0,128,0,0,0,4,0,0,126,5,0,0,126,1,0,0,126,1,0,0,126,1,0,0,126,1,0,0,126,108,0,0,127,0,0,0,0,21,0,0,0,9,0,0,0,0,0,1,0,8,0,0,0,0,0,0,0,225,0,0,0,0,0,0,0,121,148,163,121,165,58,218,64,132,244,137,105,239,107,71,111,1,0,9,4,0,0,4,8,0,0,168,3,0,0,0,0,0,0,1,0,255,255,255,255,1,0,131,138,101,0,9,0,0,0,0,0,2,0,161,6,0,0,0,0,0,0,255,255,255,255,1,0,121,6,0,0,0,0,0,0,255,255,0,0,185,0,0,0,0,0,0,0,5,0,201,1,0,0,0,0,0,0,0,0,0,0,0,0,0,0,0,0,0,0,0,0,0,0,225,2,0,0,0,0,0,0,0,0,0,0,0,0,0,0,0,0,0,0,0,0,0,0,9,4,0,0,0,0,0,0,0,0,0,0,0,0,0,0,0,0,0,0,0,0,0,0,9,0,0,0,1,0,0,0,191,238,199,233,203,169,248,74,142,53,206,245,219,133,133,207,57,5,0,0,0,0,0,0,0,0,0,0,0,0,0,0,0,0,0,0,0,0,0,0,4,0,0,2,12,0,0,0,84,104,105,115,68,111,99,117,109,101,110,116,2,0,0,2,7,0,0,0,80,114,111,106,101,99,116,4,0,0,3,239,4,2,0,0,0,0,0,192,0,0,0,0,0,0,70,18,0,0,2,70,0,0,0,67,58,92,80,114,111,103,114,97,109,32,70,105,108,101,115,32,40,120,56,54,41,92,67,111,109,109,111,110,32,70,105,108,101,115,92,77,105,99,114,111,115,111,102,116,32,83,104,97,114,101,100,92,86,66,65,92,86,66,65,54,92,86,66,69,54,46,68,76,76,1,0,0,2,3,0,0,0,86,66,65,10,0,0,10,249,0,0,0,0,0,0,0,255,255,255,255,4,0,0,0,9,0,0,0,33,1,0,0,0,0,0,0,185,1,0,0,0,0,0,0,96,0,0,0,0,0,0,0,0,0,0,0,0,0,4,0,0,3,5,9,2,0,0,0,0,0,192,0,0,0,0,0,0,70,15,0,0,2,59,0,0,0,67,58,92,80,114,111,103,114,97,109,32,70,105,108,101,115,32,40,120,56,54,41,92,77,105,99,114,111,115,111,102,116,32,79,102,102,105,99,101,92,79,102,102,105,99,101,49,50,92,77,83,87,79,82,68,46,79,76,66,2,0,0,2,4,0,0,0,87,111,114,100,10,0,0,10,33,2,0,0,0,0,0,0,255,255,255,255,8,0,4,0,0,0,0,0,73,2,0,0,0,0,0,0,201,2,0,0,0,0,0,0,112,0,0,0,0,0,0,0,0,0,0,0,0,0,4,0,0,3,48,4,2,0,0,0,0,0,192,0,0,0,0,0,0,70,8,0,0,2,31,0,0,0,67,58,92,87,105,110,100,111,119,115,92,83,121,115,87,111,119,54,52,92,115,116,100,111,108,101,50,46,116,108,98,2,0,0,2,6,0,0,0,115,116,100,111,108,101,8,0,0,127,10,0,0,10,57,3,0,0,0,0,0,0,255,255,255,255,2,0,0,0,0,0,0,0,97,3,0,0,0,0,0,0,169,3,0,0,0,0,0,0,128,0,0,0,0,0,0,0,0,0,0,0,0,0,4,0,0,3,76,208,248,45,250,91,27,16,189,229,0,170,0,68,222,82,18,0,0,2,69,0,0,0,67,58,92,80,114,111,103,114,97,109,32,70,105,108,101,115,32,40,120,56,54,41,92,67,111,109,109,111,110,32,70,105,108,101,115,92,77,105,99,114,111,115,111,102,116,32,83,104,97,114,101,100,92,79,70,70,73,67,69,49,50,92,77,83,79,46,68,76,76,2,0,0,2,6,0,0,0,79,102,102,105,99,101,10,0,0,10,97,4,0,0,0,0,0,0,255,255,255,255,2,0,4,0,0,0,0,0,137,4,0,0,0,0,0,0,33,5,0,0,0,0,0,0,144,0,0,0,0,0,0,0,0,0
0,114,85,128,0,0,0,128,0,0,0,128,0,0,0,128,0,0,0,1,0,0,126,125,0,0,127,0,0,0,0,10,0,0,0,9,0,0,0,0,0,0,0,255,255,255,255,255,255,255,255,255,255,255,255,0,0,0,0,9,0,0,0,0,0,3,0,3,0,0,9,225,2,0,0,0,0,0,0,49,6,0,0,0,0,0,0,8,0,0,0,0,0,1,0,112,0,0,127,0,0,0,0,0,0,0,4,0,0,126,5,0,0,126,1,0,0,126,1,0,0,126,1,0,0,126,1,0,0,126,108,0,0,127,0,0,0,0,21,0,0,0,9,0,0,0,0,0,1,0,8,0,0,0,0,0,0,0,225,0,0,0,0,0,0,0,121,148,163,121,165,58,218,64,132,244,137,105,239,107,71,111,1,0,9,4,0,0,4,8,0,0,168,3,0,0,0,0,0,0,1,0,255,255,255,255,1,0,131,138,101,0,9,0,0,0,0,0,2,0,161,6,0,0,0,0,0,0,255,255,255,255,1,0,121,6,0,0,0,0,0,0,255,255,0,0,185,0,0,0,0,0,0,0,5,0,201,1,0,0,0,0,0,0,0,0,0,0,0,0,0,0,0,0,0,0,0,0,0,0,225,2,0,0,0,0,0,0,0,0,0,0,0,0,0,0,0,0,0,0,0,0,0,0,9,4,0,0,0,0,0,0,0,0,0,0,0,0,0,0,0,0,0,0,0,0,0,0,9,0,0,0,1,0,0,0,191,238,199,233,203,169,248,74,142,53,206,245,219,133,133,207,57,5,0,0,0,0,0,0,0,0,0,0,0,0,0,0,0,0,0,0,0,0,0,0,4,0,0,2,12,0,0,0,84,104,105,115,68,111,99,117,109,101,110,116,2,0,0,2,7,0,0,0,80,114,111,106,101,99,116,4,0,0,3,239,4,2,0,0,0,0,0,192,0,0,0,0,0,0,70,18,0,0,2,70,0,0,0,67,58,92,80,114,111,103,114,97,109,32,70,105,108,101,115,32,40,120,56,54,41,92,67,111,109,109,111,110,32,70,105,108,101,115,92,77,105,99,114,111,115,111,102,116,32,83,104,97,114,101,100,92,86,66,65,92,86,66,65,54,92,86,66,69,54,46,68,76,76,1,0,0,2,3,0,0,0,86,66,65,10,0,0,10,249,0,0,0,0,0,0,0,255,255,255,255,4,0,0,0,9,0,0,0,33,1,0,0,0,0,0,0,185,1,0,0,0,0,0,0,96,0,0,0,0,0,0,0,0,0,0,0,0,0,4,0,0,3,5,9,2,0,0,0,0,0,192,0,0,0,0,0,0,70,15,0,0,2,59,0,0,0,67,58,92,80,114,111,103,114,97,109,32,70,105,108,101,115,32,40,120,56,54,41,92,77,105,99,114,111,115,111,102,116,32,79,102,102,105,99,101,92,79,102,102,105,99,101,49,50,92,77,83,87,79,82,68,46,79,76,66,2,0,0,2,4,0,0,0,87,111,114,100,10,0,0,10,33,2,0,0,0,0,0,0,255,255,255,255,8,0,4,0,0,0,0,0,73,2,0,0,0,0,0,0,201,2,0,0,0,0,0,0,112,0,0,0,0,0,0,0,0,0,0,0,0,0,4,0,0,3,48,4,2,0,0,0,0,0,192,0,0,0,0,0,0,70,8,0,0,2,31,0,0,0,67,58,92,87,105,110,100,111,119,115,92,83,121,115,87,111,119,54,52,92,115,116,100,111,108,101,50,46,116,108,98,2,0,0,2,6,0,0,0,115,116,100,111,108,101,8,0,0,127,10,0,0,10,57,3,0,0,0,0,0,0,255,255,255,255,2,0,0,0,0,0,0,0,97,3,0,0,0,0,0,0,169,3,0,0,0,0,0,0,128,0,0,0,0,0,0,0,0,0,0,0,0,0,4,0,0,3,76,208,248,45,250,91,27,16,189,229,0,170,0,68,222,82,18,0,0,2,69,0,0,0,67,58,92,80,114,111,103,114,97,109,32,70,105,108,101,115,32,40,120,56,54,41,92,67,111,109,109,111,110,32,70,105,108,101,115,92,77,105,99,114,111,115,111,102,116,32,83,104,97,114,101,100,92,79,70,70,73,67,69,49,50,92,77,83,79,46,68,76,76,2,0,0,2,6,0,0,0,79,102,102,105,99,101,10,0,0,10,97,4,0,0,0,0,0,0,255,255,255,255,2,0,4,0,0,0,0,0,137,4,0,0,0,0,0,0,33,5,0,0,0,0,0,0,144,0,0,0,0,0,0,0,0,0
0,114,85,128,0,0,0,0,0,0,0,128,0,0,0,128,0,0,0,0,0,0,0,30,0,0,0,9,0,0,0,0,0,0,0,9,0,0,0,0,0,3,0,48,0,0,0,0,0,0,0,1,0,1,0,0,0,0,0,1,0,1,0,0,0,1,0,185,5,0,0,0,0,0,0,225,5,0,0,0,0,0,0,9,6,0,0,0,0,0,0,9,0,0,0,1,0,3,0,145,5,0,0,0,0,0,0,8,0,13,0,52,0,0,0,49,6,0,0,0,0,0,0,97,0,0,0,0,0,1,0,89,6,0,0,0,0,0,0,255,255,255,255,255,255,255,255,255,255,255,255,1,0,5,0,0,0,0,0,4,96,9,1,0,0,0,0,2,0,255,255,255,255,255,255,255,255,255,255,255,255,255,255,255,255,255,255,255,255,255,255,255,255,255,255,255,255,255,255,255,255,255,255,255,255,255,255,255,255,255,255,255,255,255,255,255,255,255,255,255,255,1,0,168,1,23,1,0,0,0,0,2,0,48,0,0,0,12,0,0,0,252,198,0,0,0,0,0,0,152,0,0,0,0,0,0,0,4,0,0,0,12,0,0,0,8,0,0,0,0,0,0,0,0,0,0,0,12,0,0,0,0,0,0,0,0,0,0,0,7,0,0,19,0,0,52,0,88,0,0,127,0,0,0,0,4,0,0,0,0,0,0,0,0,0,0,0,0,0,0,0,0,0,0,0,0,0,0,9,0,0,0,1,0,0,0,191,238,199,233,203,169,248,74,142,53,206,245,219,133,133,207,57,5,0,0,0,0,0,0,0,0,0,0,0,0,0,0,0,0,0,0,0,0,0,0,4,0,0,2,12,0,0,0,84,104,105,115,68,111,99,117,109,101,110,116,2,0,0,2,7,0,0,0,80,114,111,106,101,99,116,4,0,0,3,239,4,2,0,0,0,0,0,192,0,0,0,0,0,0,70,18,0,0,2,70,0,0,0,67,58,92,80,114,111,103,114,97,109,32,70,105,108,101,115,32,40,120,56,54,41,92,67,111,109,109,111,110,32,70,105,108,101,115,92,77,105,99,114,111,115,111,102,116,32,83,104,97,114,101,100,92,86,66,65,92,86,66,65,54,92,86,66,69,54,46,68,76,76,1,0,0,2,3,0,0,0,86,66,65,10,0,0,10,249,0,0,0,0,0,0,0,255,255,255,255,4,0,0,0,9,0,0,0,33,1,0,0,0,0,0,0,185,1,0,0,0,0,0,0,96,0,0,0,0,0,0,0,0,0,0,0,0,0,4,0,0,3,5,9,2,0,0,0,0,0,192,0,0,0,0,0,0,70,15,0,0,2,59,0,0,0,67,58,92,80,114,111,103,114,97,109,32,70,105,108,101,115,32,40,120,56,54,41,92,77,105,99,114,111,115,111,102,116,32,79,102,102,105,99,101,92,79,102,102,105,99,101,49,50,92,77,83,87,79,82,68,46,79,76,66,2,0,0,2,4,0,0,0,87,111,114,100,10,0,0,10,33,2,0,0,0,0,0,0,255,255,255,255,8,0,4,0,0,0,0,0,73,2,0,0,0,0,0,0,201,2,0,0,0,0,0,0,112,0,0,0,0,0,0,0,0,0,0,0,0,0,4,0,0,3,48,4,2,0,0,0,0,0,192,0,0,0,0,0,0,70,8,0,0,2,31,0,0,0,67,58,92,87,105,110,100,111,119,115,92,83,121,115,87,111,119,54,52,92,115,116,100,111,108,101,50,46,116,108,98,2,0,0,2,6,0,0,0,115,116,100,111,108,101,8,0,0,127,10,0,0,10,57,3,0,0,0,0,0,0,255,255,255,255,2,0,0,0,0,0,0,0,97,3,0,0,0,0,0,0,169,3,0,0,0,0,0,0,128,0,0,0,0,0,0,0,0,0,0,0,0,0,4,0,0,3,76,208,248,45,250,91,27,16,189,229,0,170,0,68,222,82,18,0,0,2,69,0,0,0,67,58,92,80,114,111,103,114,97,109,32,70,105,108,101,115,32,40,120,56,54,41,92,67,111,109,109,111,110,32,70,105,108,101,115,92,77,105,99,114,111,115,111,102,116,32,83,104,97,114,101,100,92,79,70,70,73,67,69,49,50,92,77,83,79,46,68,76,76,2,0,0,2,6,0,0,0,79,102,102,105,99,101,10,0,0,10,97,4,0,0,0,0,0,0,255,255,255,255,2,0,4,0,0,0,0,0,137,4,0,0,0,0,0,0,33,5,0,0,0,0,0,0,144,0,0,0,0,0,0,0,0,0
0,114,85,128,0,0,0,0,0,0,0,128,0,0,0,128,0,0,0,0,0,0,0,16,0,0,0,9,0,0,0,0,0,2,0,255,255,255,255,255,255,255,255,0,0,0,0,64,0,0,0,4,0,36,0,1,1,0,0,0,0,2,0,0,0,4,96,0,0,188,6,28,0,255,255,255,255,255,255,255,255,0,0,0,0,0,0,0,0,30,0,0,0,0,0,0,110,0,0,127,0,0,0,0,0,0,0,8,0,13,0,52,0,0,0,49,6,0,0,0,0,0,0,97,0,0,0,0,0,1,0,89,6,0,0,0,0,0,0,255,255,255,255,255,255,255,255,255,255,255,255,1,0,5,0,0,0,0,0,4,96,9,1,0,0,0,0,2,0,255,255,255,255,255,255,255,255,255,255,255,255,255,255,255,255,255,255,255,255,255,255,255,255,255,255,255,255,255,255,255,255,255,255,255,255,255,255,255,255,255,255,255,255,255,255,255,255,255,255,255,255,1,0,168,1,23,1,0,0,0,0,2,0,48,0,0,0,12,0,0,0,252,198,0,0,0,0,0,0,152,0,0,0,0,0,0,0,4,0,0,0,12,0,0,0,8,0,0,0,0,0,0,0,0,0,0,0,12,0,0,0,0,0,0,0,0,0,0,0,7,0,0,19,0,0,52,0,88,0,0,127,0,0,0,0,4,0,0,0,0,0,0,0,0,0,0,0,0,0,0,0,0,0,0,0,0,0,0,9,0,0,0,1,0,0,0,191,238,199,233,203,169,248,74,142,53,206,245,219,133,133,207,57,5,0,0,0,0,0,0,0,0,0,0,0,0,0,0,0,0,0,0,0,0,0,0,4,0,0,2,12,0,0,0,84,104,105,115,68,111,99,117,109,101,110,116,2,0,0,2,7,0,0,0,80,114,111,106,101,99,116,4,0,0,3,239,4,2,0,0,0,0,0,192,0,0,0,0,0,0,70,18,0,0,2,70,0,0,0,67,58,92,80,114,111,103,114,97,109,32,70,105,108,101,115,32,40,120,56,54,41,92,67,111,109,109,111,110,32,70,105,108,101,115,92,77,105,99,114,111,115,111,102,116,32,83,104,97,114,101,100,92,86,66,65,92,86,66,65,54,92,86,66,69,54,46,68,76,76,1,0,0,2,3,0,0,0,86,66,65,10,0,0,10,249,0,0,0,0,0,0,0,255,255,255,255,4,0,0,0,9,0,0,0,33,1,0,0,0,0,0,0,185,1,0,0,0,0,0,0,96,0,0,0,0,0,0,0,0,0,0,0,0,0,4,0,0,3,5,9,2,0,0,0,0,0,192,0,0,0,0,0,0,70,15,0,0,2,59,0,0,0,67,58,92,80,114,111,103,114,97,109,32,70,105,108,101,115,32,40,120,56,54,41,92,77,105,99,114,111,115,111,102,116,32,79,102,102,105,99,101,92,79,102,102,105,99,101,49,50,92,77,83,87,79,82,68,46,79,76,66,2,0,0,2,4,0,0,0,87,111,114,100,10,0,0,10,33,2,0,0,0,0,0,0,255,255,255,255,8,0,4,0,0,0,0,0,73,2,0,0,0,0,0,0,201,2,0,0,0,0,0,0,112,0,0,0,0,0,0,0,0,0,0,0,0,0,4,0,0,3,48,4,2,0,0,0,0,0,192,0,0,0,0,0,0,70,8,0,0,2,31,0,0,0,67,58,92,87,105,110,100,111,119,115,92,83,121,115,87,111,119,54,52,92,115,116,100,111,108,101,50,46,116,108,98,2,0,0,2,6,0,0,0,115,116,100,111,108,101,8,0,0,127,10,0,0,10,57,3,0,0,0,0,0,0,255,255,255,255,2,0,0,0,0,0,0,0,97,3,0,0,0,0,0,0,169,3,0,0,0,0,0,0,128,0,0,0,0,0,0,0,0,0,0,0,0,0,4,0,0,3,76,208,248,45,250,91,27,16,189,229,0,170,0,68,222,82,18,0,0,2,69,0,0,0,67,58,92,80,114,111,103,114,97,109,32,70,105,108,101,115,32,40,120,56,54,41,92,67,111,109,109,111,110,32,70,105,108,101,115,92,77,105,99,114,111,115,111,102,116,32,83,104,97,114,101,100,92,79,70,70,73,67,69,49,50,92,77,83,79,46,68,76,76,2,0,0,2,6,0,0,0,79,102,102,105,99,101,10,0,0,10,97,4,0,0,0,0,0,0,255,255,255,255,2,0,4,0,0,0,0,0,137,4,0,0,0,0,0,0,33,5,0,0,0,0,0,0,144,0,0,0,0,0,0,0,0,0
1,1,5,178,128,1,0,4,0,0,0,1,0,48,42,2,2,144,9,0,112,20,6,72,3,0,130,2,0,100,168,3,4,0,7,0,28,0,80,114,111,106,101,99,116,5,81,0,40,0,0,64,2,20,6,2,20,61,173,2,10,7,2,108,1,20,8,6,18,9,2,18,128,103,141,16,99,31,0,12,2,74,18,60,2,10,22,0,1,114,115,116,100,16,111,108,101,62,2,25,115,0,116,0,0,100,0,111,0,108,0,101,80,0,13,0,104,0,37,94,0,3,42,0,92,71,123,48,48,48,50,48,176,52,51,48,45,0,8,4,4,67,0,10,3,2,14,1,18,48,48,52,54,125,35,0,50,46,48,35,48,35,67,58,0,92,87,105,110,100,111,119,115,0,92,83,121,115,87,111,119,54,4,52,92,3,101,50,46,116,108,98,0,35,79,76,69,32,65,117,116,128,111,109,97,116,105,111,110,0,96,3,0,2,131,69,78,111,114,109,97,108,5,131,69,78,128,67,114,0,109,0,97,81,128,70,14,0,32,128,17,9,128,1,42,12,92,67,3,18,10,6,55,140,16,99,4,1,0,131,33,79,102,102,105,99,17,132,103,79,0,102,128,0,105,0,99,21,130,103,164,128,31,154,130,33,71,123,50,0,68,70,56,68,48,52,67,45,0,53,66,70,65,45,49,48,49,64,66,45,66,68,69,53,128,103,65,106,65,128,101,52,128,5,50,136,103,128,186,103,0,114,97,109,32,70,105,108,101,0,115,32,40,120,56,54,41,92,64,67,111,109,109,111,110,3,9,92,0,77,105,99,114,111,115,111,102,0,116,32,83,104,97,114,101,100,0,92,79,70,70,73,67,69,49,0,50,92,77,83,79,46,68,76,76,76,35,135,16,131,80,32,49,128,150,32,4,79,98,129,230,32,76,105,98,114,88,97,114,121,0,39,128,0,15,2,124,1,68,0,19,194,1,152,168,25,194,102,84,0,104,105,115,68,111,99,117,109,64,101,110,116,71,0,24,192,9,84,65,64,104,105,0,115,0,68,64,74,99,68,0,117,192,74,101,0,110,64,112,26,21,206,11,50,218,11,28,192,18,0,0,72,213,66,1,49,194,138,88,0,134,30,66,2,1,5,162,44,194,33,149,193,34,66,8,43,66,1,2,16,66,1,0,10,249,0,0,0,0,0,0,0,255,255,255,255,4,0,0,0,9,0,0,0,33,1,0,0,0,0,0,0,185,1,0,0,0,0,0,0,96,0,0,0,0,0,0,0,0,0,0,0,0,0,4,0,0,3,5,9,2,0,0,0,0,0,192,0,0,0,0,0,0,70,15,0,0,2,59,0,0,0,67,58,92,80,114,111,103,114,97,109,32,70,105,108,101,115,32,40,120,56,54,41,92,77,105,99,114,111,115,111,102,116,32,79,102,102,105,99,101,92,79,102,102,105,99,101,49,50,92,77,83,87,79,82,68,46,79,76,66,2,0,0,2,4,0,0,0,87,111,114,100,10,0,0,10,33,2,0,0,0,0,0,0,255,255,255,255,8,0,4,0,0,0,0,0,73,2,0,0,0,0,0,0,201,2,0,0,0,0,0,0,112,0,0,0,0,0,0,0,0,0,0,0,0,0,4,0,0,3,48,4,2,0,0,0,0,0,192,0,0,0,0,0,0,70,8,0,0,2,31,0,0,0,67,58,92,87,105,110,100,111,119,115,92,83,121,115,87,111,119,54,52,92,115,116,100,111,108,101,50,46,116,108,98,2,0,0,2,6,0,0,0,115,116,100,111,108,101,8,0,0,127,10,0,0,10,57,3,0,0,0,0,0,0,255,255,255,255,2,0,0,0,0,0,0,0,97,3,0,0,0,0,0,0,169,3,0,0,0,0,0,0,128,0,0,0,0,0,0,0,0,0,0,0,0,0,4,0,0,3,76,208,248,45,250,91,27,16,189,229,0,170,0,68,222,82,18,0,0,2,69,0,0,0,67,58,92,80,114,111,103,114,97,109,32,70,105,108,101,115,32,40,120,56,54,41,92,67,111,109,109,111,110,32,70,105,108,101,115,92,77,105,99,114,111,115,111,102,116,32,83,104,97,114,101,100,92,79,70,70,73,67,69,49,50,92,77,83,79,46,68,76,76,2,0,0,2,6,0,0,0,79,102,102,105,99,101,10,0,0,10,97,4,0,0,0,0,0,0,255,255,255,255,2,0,4,0,0,0,0,0,137,4,0,0,0,0,0,0,33,5,0,0,0,0,0,0,144,0,0,0,0,0,0,0,0,0
0,236,165,193,0,91,128,9,4,0,0,248,82,191,0,0,0,0,0,0,16,0,0,0,0,0,8,0,0,242,27,0,0,14,0,98,106,98,106,172,250,172,250,0,0,0,0,0,0,0,0,0,0,0,0,0,0,0,0,0,0,4,8,22,0,214,158,0,0,206,144,1,0,206,144,1,0,168,5,0,0,0,0,0,0,47,0,0,0,0,0,0,0,0,0,0,0,0,0,0,0,0,0,0,0,0,0,0,0,255,255,15,0,0,0,0,0,0,0,0,0,255,255,15,0,0,0,0,0,0,0,0,0,255,255,15,0,0,0,0,0,0,0,0,0,0,0,0,0,0,0,0,0,183,0,0,0,0,0,224,7,0,0,0,0,0,0,224,7,0,0,41,21,0,0,0,0,0,0,41,21,0,0,0,0,0,0,41,21,0,0,0,0,0,0,41,21,0,0,0,0,0,0,41,21,0,0,20,0,0,0,0,0,0,0,0,0,0,0,255,255,255,255,0,0,0,0,61,21,0,0,0,0,0,0,61,21,0,0,0,0,0,0,61,21,0,0,56,0,0,0,117,21,0,0,52,0,0,0,169,21,0,0,52,0,0,0,61,21,0,0,0,0,0,0,69,36,0,0,132,2,0,0,221,21,0,0,0,0,0,0,221,21,0,0,22,0,0,0,243,21,0,0,0,0,0,0,243,21,0,0,0,0,0,0,243,21,0,0,0,0,0,0,117,24,0,0,22,0,0,0,139,24,0,0,20,0,0,0,159,24,0,0,12,0,0,0,200,35,0,0,2,0,0,0,202,35,0,0,0,0,0,0,202,35,0,0,0,0,0,0,202,35,0,0,0,0,0,0,202,35,0,0,0,0,0,0,202,35,0,0,0,0,0,0,202,35,0,0,0,0,0,0,201,38,0,0,162,2,0,0,107,41,0,0,72,0,0,0,202,35,0,0,33,0,0,0,0,0,0,0,0,0,0,0,0,0,0,0,0,0,0,0,41,21,0,0,0,0,0,0,171,24,0,0,0,0,0,0,0,0,0,0,0,0,0,0,0,0,0,0,0,0,0,0,53,24,0,0,64,0,0,0,117,24,0,0,0,0,0,0,171,24,0,0,0,0,0,0,171,24,0,0,0,0,0,0,202,35,0,0,0,0,0,0,0,0,0,0,0,0,0,0,41,21,0,0,0,0,0,0,41,21,0,0,0,0,0,0,243,21,0,0,0,0,0,0,0,0,0,0,0,0,0,0,243,21,0,0,66,2,0,0,235,35,0,0,30,0,0,0,51,28,0,0,0,0,0,0,51,28,0,0,0,0,0,0,51,28,0,0,0,0,0,0,171,24,0,0,240,1,0,0,41,21,0,0,0,0,0,0,243,21,0,0,0,0,0,0,41,21,0,0,0,0,0,0,243,21,0,0,0,0,0,0,200,35,0,0,0,0,0,0,0,0,0,0,0,0,0,0,51,28,0,0,0,0,0,0,0,0,0,0,0,0,0,0,0,0,0,0,0,0,0,0,0,0,0,0,0,0,0,0,0,0,0,0,0,0,0,0,0,0,0,0,0,0,0,0,0,0,0,0,0,0,0,0,171,24,0,0,0,0,0,0,200,35,0,0,0,0,0,0,0,0,0,0,0,0,0,0,51,28,0,0,0,0,0,0,51,28,0,0,26,1,0,0,6,32,0,0,204,0,0,0,0,0,0,0,0,0,0,0,0,0,0,0,0,0,0,0,0,0,0,0,0,0,0,0,0,0,0,0,0,0,0,0,0,0,0,0,0,0,0,0,0,0,0,0,0,0,0,0,0,0,0,0,0,0,0,0,0,0,0,0,0,0,0,0,0,0,0,0,0,0,0,0,6,33,0,0,0,0,0,0,243,21,0,0,0,0,0,0,255,255,255,255,0,0,0,0,192,130,246,200,75,146,215,1,0,0,0,0,0,0,0,0,61,21,0,0,0,0,0,0,155,26,0,0,136,0,0,0,210,32,0,0,26,0,0,0,0,0,0,0,0,0,0,0,180,35,0,0,20,0,0,0,9,36,0,0,60,0,0,0,69,36,0,0,0,0,0,0,236,32,0,0,26,0,0,0,179,41,0,0,0,0,0,0,35,27,0,0,112,0,0,0,179,41,0,0,52,0,0,0,6,33,0,0,0,0,0,0,0,0,0,0,0,0,0,0,0,0,0,0,0,0,0,0,0,0,0,0,0,0,0,0,0,0,0,0,0,0,0,0,0,0,0,0,0,0,0,0,0,0,0,0,0,0,0,0,0,0,0,0,0,0,0,0
