0,1,0,254,255,3,10,0,0,255,255,255,255,6,9,2,0,0,0,0,0,192,0,0,0,0,0,0,70,28,0,0,0,77,105,99,114,111,115,111,102,116,32,87,111,114,100,32,57,55,45,50,48,48,51,32,206,196,181,181,0,10,0,0,0,77,83,87,111,114,100,68,111,99,0,16,0,0,0,87,111,114,100,46,68,111,99,117,109,101,110,116,46,56,0,244,57,178,113,0,0,0,0,0,0,0,0,0,0,0,0,,,,,,,,,,,,,,,,,,,,,,,,,,,,,,,,,,,,,,,,,,,,,,,,,,,,,,,,,,,,,,,,,,,,,,,,,,,,,,,,,,,,,,,,,,,,,,,,,,,,,,,,,,,,,,,,,,,,,,,,,,,,,,,,,,,,,,,,,,,,,,,,,,,,,,,,,,,,,,,,,,,,,,,,,,,,,,,,,,,,,,,,,,,,,,,,,,,,,,,,,,,,,,,,,,,,,,,,,,,,,,,,,,,,,,,,,,,,,,,,,,,,,,,,,,,,,,,,,,,,,,,,,,,,,,,,,,,,,,,,,,,,,,,,,,,,,,,,,,,,,,,,,,,,,,,,,,,,,,,,,,,,,,,,,,,,,,,,,,,,,,,,,,,,,,,,,,,,,,,,,,,,,,,,,,,,,,,,,,,,,,,,,,,,,,,,,,,,,,,,,,,,,,,,,,,,,,,,,,,,,,,,,,,,,,,,,,,,,,,,,,,,,,,,,,,,,,,,,,,,,,,,,,,,,,,,,,,,,,,,,,,,,,,,,,,,,,,,,,,,,,,,,,,,,,,,,,,,,,,,,,,,,,,,,,,,,,,,,,,,,,,,,,,,,,,,,,,,,,,,,,,,,,,,,,,,,,,,,,,,,,,,,,,,,,,,,,,,,,,,,,,,,,,,,,,,,,,,,,,,,,,,,,,,,,,,,,,,,,,,,,,,,,,,,,,,,,,,,,,,,,,,,,,,,,,,,,,,,,,,,,,,,,,,,,,,,,,,,,,,,,,,,,,,,,,,,,,,,,,,,,,,,,,,,,,,,,,,,,,,,,,,,,,,,,,,,,,,,,,,,,,,,,,,,,,,,,,,,,,,,,,,,,,,,,,,,,,,,,,,,,,,,,,,,,,,,,,,,,,,,,,,,,,,,,,,,,,,,,,,,,,,,,,,,,,,,,,,,,,,,,,,,,,,,,,,,,,,,,,,,,,,,,,,,,,,,,,,,,,,,,,,,,,,
0,254,255,0,0,10,14,1,0,0,0,0,0,0,0,0,0,0,0,0,0,0,0,0,0,2,0,0,0,2,213,205,213,156,46,27,16,147,151,8,0,43,44,249,174,68,0,0,0,5,213,205,213,156,46,27,16,147,151,8,0,43,44,249,174,124,1,0,0,56,1,0,0,18,0,0,0,1,0,0,0,152,0,0,0,2,0,0,0,160,0,0,0,3,0,0,0,172,0,0,0,14,0,0,0,184,0,0,0,15,0,0,0,196,0,0,0,4,0,0,0,208,0,0,0,5,0,0,0,216,0,0,0,6,0,0,0,224,0,0,0,7,0,0,0,232,0,0,0,8,0,0,0,240,0,0,0,9,0,0,0,248,0,0,0,10,0,0,0,0,1,0,0,17,0,0,0,8,1,0,0,23,0,0,0,16,1,0,0,11,0,0,0,24,1,0,0,16,0,0,0,32,1,0,0,19,0,0,0,40,1,0,0,22,0,0,0,48,1,0,0,2,0,0,0,24,39,0,0,30,0,0,0,4,0,0,0,0,0,0,0,30,0,0,0,4,0,0,0,0,0,0,0,30,0,0,0,4,0,0,0,0,0,0,0,30,0,0,0,4,0,0,0,0,0,0,0,3,0,0,0,0,0,0,0,3,0,0,0,139,3,0,0,3,0,0,0,103,1,0,0,3,0,0,0,0,0,0,0,3,0,0,0,0,0,0,0,3,0,0,0,0,0,0,0,3,0,0,0,0,0,0,0,3,0,0,0,162,12,0,0,3,0,0,0,0,0,16,0,11,0,0,0,0,0,0,0,11,0,0,0,0,0,0,0,11,0,0,0,0,0,0,0,11,0,0,0,0,0,0,0,96,0,0,0,3,0,0,0,0,0,0,0,32,0,0,0,1,0,0,0,63,0,0,0,2,0,0,0,71,0,0,0,1,0,0,0,2,0,0,0,19,0,0,0,75,83,79,80,114,111,100,117,99,116,66,117,105,108,100,86,101,114,0,2,0,0,0,24,39,0,0,30,0,0,0,16,0,0,0,50,48,53,50,45,57,46,49,46,48,46,52,52,54,56,0,0,0,0,0,0,0,0,0,0,0,0,0,0,0,0,0,0,0,0,0,0,0,0,0,0,0,0,0,0,0,0,0,0,0,0,0,0,0,0,0,0,0,0,0,0,0,0,0,0,0,0,0,0,0,0,0,0,0,0,0,0,0,0,0,0,0,0,0,0,0,0,0,0,0,0,0,0,0,0,0,0,0,0,0,0,0,0,0,0,0,0,0,0,0,0,0,0,0,0,0,0,0,0,0,0,0,0,0,0,0,0,0,0,0,0,0,0,0,0,0,0,0,0,0,0,0,0,0,0,0,0,0,0,0,0,0,0,0,0,0,0,0,0,0,0,0,0,0,0,0,0,0,0,0,0,0,0,0,0,0,0,0,0,0,0,0,0,0,0,0,0,0,0,0,0,0,0,0,0,0,0,0,0,0,0,0,0,0,0,0,0,0,0,0,0,0,0,0,0,0,0,0,0,0,0,0,0,0,0,0,0,0,0,0,0,0,0,0,0,0,0,0,0,0,0,0,0,0,0,0,0,0,0,0,0,0,0,0,0,0,0,0,0,0,0,0,0,0,0,0,0,0,0,0,0,0,0,0,0,0,0,0,0,0,0,0,0,0,0,0,0,0,0,0,0,0,0,0,0,0,0,0,0,0,0,0,0,0,0,0,0,0,0,0,0,0,0,0,0,0,0,0,0,0,0,0,0,0,0,0,0,0,0,0,0,0,0,0,0,0,0,0,0,0,0,0,0,0,0,0,0,0,0,0,0,0,0,0,0,0,0,0,0,0,0,0,0,0,0,0,0,0,0,0,0,0,0,0,0,0,0,0,0,0,0,0,0,0,0,0,0,0,0,0,0,0,0,0,0,0,0,0,0,0,0,0,0,0,0,0,0,0,0,0,0,0,0,0,0,0,0,0,0,0,0,0,0,0,0,0,0,0,0,0,0,0,0,0,0,0,0,0,0,0,0,0,0,0,0,0,0,0,0,0,0,0,0,0,0,0,0,0,0,0,0,0,0,0,0,0,0,0,0,0,0,0,0,0,0,0,0,0,0,0,0,0,0,0,0,0,0,0,0,0,0,0,0,0,0,0,0,0,0,0,0,0,0,0,0,0,0,0,0,0,0,0,0,0,0,0,0,0,0,0,0,0,0,0,0,0,0,0,0,0,0,0,0,0,0,0,0,0,0,0,0,0,0,0,0,0,0,0,0,0,0,0,0,0,0,0,0,0,0
0,254,255,0,0,10,14,1,0,0,0,0,0,0,0,0,0,0,0,0,0,0,0,0,0,1,0,0,0,224,133,159,242,249,79,104,16,171,145,8,0,43,39,179,217,48,0,0,0,128,1,0,0,17,0,0,0,1,0,0,0,144,0,0,0,2,0,0,0,152,0,0,0,3,0,0,0,188,0,0,0,4,0,0,0,200,0,0,0,5,0,0,0,212,0,0,0,6,0,0,0,224,0,0,0,7,0,0,0,236,0,0,0,8,0,0,0,0,1,0,0,9,0,0,0,16,1,0,0,18,0,0,0,28,1,0,0,10,0,0,0,60,1,0,0,12,0,0,0,72,1,0,0,13,0,0,0,84,1,0,0,14,0,0,0,96,1,0,0,15,0,0,0,104,1,0,0,16,0,0,0,112,1,0,0,19,0,0,0,120,1,0,0,2,0,0,0,24,39,0,0,30,0,0,0,28,0,0,0,188,198,203,227,187,250,200,237,188,254,214,248,215,247,200,168,181,199,188,199,201,234,199,235,177,237,0,0,30,0,0,0,4,0,0,0,0,0,0,0,30,0,0,0,4,0,0,0,48,0,0,0,30,0,0,0,4,0,0,0,0,0,0,0,30,0,0,0,4,0,0,0,0,0,0,0,30,0,0,0,12,0,0,0,78,111,114,109,97,108,46,100,111,116,109,0,30,0,0,0,8,0,0,0,195,215,197,181,0,0,0,0,30,0,0,0,4,0,0,0,50,0,0,0,30,0,0,0,24,0,0,0,77,105,99,114,111,115,111,102,116,32,79,102,102,105,99,101,32,87,111,114,100,0,0,0,64,0,0,0,0,0,0,0,0,0,0,0,64,0,0,0,0,216,133,0,6,195,214,1,64,0,0,0,0,216,133,0,6,195,214,1,3,0,0,0,2,0,0,0,3,0,0,0,242,6,0,0,3,0,0,0,23,7,0,0,3,0,0,0,0,0,0,0,0,0,0,0,0,0,0,0,0,0,0,0,0,0,0,0,0,0,0,0,0,0,0,0,0,0,0,0,0,0,0,0,0,0,0,0,0,0,0,0,0,0,0,0,0,0,0,0,0,0,0,0,0,0,0,0,0,0,0,0,0,0,0,0,0,0,0,0,0,0,0,0,0,0,0,0,0,0,0,0,0,0,0,0,0,0,0,0,0,0,0,0,0,0,0,0,0,0,0,0,0,0,0,0,0,0,0,0,0,0,0,0,0,0,0,0,0,0,0,0,0,0,0,0,0,0,0,0,0,0,0,0,0,0,0,0,0,0,0,0,0,0,0,0,0,0,0,0,0,0,0,0,0,0,0,0,0,0,0,0,0,0,0,0,0,0,0,0,0,0,0,0,0,0,0,0,0,0,0,0,0,0,0,0,0,0,0,0,0,0,0,0,0,0,0,0,0,0,0,0,0,0,0,0,0,0,0,0,0,0,0,0,0,0,0,0,0,0,0,0,0,0,0,0,0,0,0,0,0,0,0,0,0,0,0,0,0,0,0,0,0,0,0,0,0,0,0,0,0,0,0,0,0,0,0,0,0,0,0,0,0,0,0,0,0,0,0,0,0,0,0,0,0,0,0,0,0,0,0,0,0,0,0,0,0,0,0,0,0,0,0,0,0,0,0,0,0,0,0,0,0,0,0,0,0,0,0,0,0,0,0,0,0,0,0,0,0,0,0,0,0,0,0,0,0,0,0,0,0,0,0,0,0,0,0,0,0,0,0,0,0,0,0,0,0,0,0,0,0,0,0,0,0,0,0,0,0,0,0,0,0,0,0,0,0,0,0,0,0,0,0,0,0,0,0,0,0,0,0,0,0,0,0,0,0,0,0,0,0,0,0,0,0,0,0,0,0,0,0,0,0,0,0,0,0,0,0,0,0,0,0,0,0,0,0,0,0,0,0,0,0,0,0,0,0,0,0,0,0,0,0,0,0,0,0,0,0,0,0,0,0,0,0,0,0,0,0,0,0,0,0,0,0,0,0,0,0,0,0,0,0,0,0,0,0,0,0,0,0,0,0,0,0,0,0,0,0,0,0,0,0,0,0,0,0,0,0,0,0,0,0,0,0,0,0,0,0,0,0,0,0,0,0,0,0,0,0,0,0,0,0,0,0,0,0,0,0,0,0,0,0,0,0,0,0,0,0,0,0,0,0,0,0,0,0,0,0,0,0,0,0,0,0,0,0,0,0,0,0,0,0,0,0,0,0,0,0,0,0,0,0,0,0,0,0,0,0,0,0,0,0,0,0,0,0,0,0,0,0,0,0,0,0,0,0,0
0,18,6,18,0,18,0,1,0,119,1,15,0,7,0,0,0,3,0,0,0,0,0,4,0,8,0,0,0,8,0,0,0,14,0,0,0,14,0,0,0,14,0,0,0,14,0,0,0,14,0,0,0,14,0,0,0,14,0,0,0,14,0,0,0,0,0,0,0,0,0,0,0,0,0,0,0,0,0,0,0,0,0,0,0,0,0,0,0,0,0,0,0,0,0,0,0,0,0,0,0,0,0,0,0,0,0,0,0,0,0,0,0,0,0,0,0,0,0,0,0,0,0,0,0,0,0,0,0,0,0,0,0,0,0,0,0,0,0,0,0,0,0,0,0,0,0,0,0,0,0,0,0,0,0,0,0,0,0,0,0,14,0,0,0,0,0,0,0,0,0,0,0,0,0,0,0,0,0,0,0,0,0,0,0,0,0,0,0,0,0,0,0,0,0,0,0,0,0,0,0,0,0,0,0,0,0,0,0,0,0,0,0,0,0,0,0,0,0,0,0,0,0,0,0,0,0,0,0,0,0,0,0,0,0,0,0,0,0,0,0,0,0,0,0,0,0,0,0,0,0,0,0,0,0,0,0,0,0,0,0,0,0,0,0,0,0,0,0,0,0,0,0,8,0,0,0,0,0,0,0,0,0,0,0,2,0,0,0,0,0,0,0,0,0,0,0,0,0,0,0,0,0,0,0,0,0,0,0,0,0,0,0,0,0,0,0,0,0,0,0,8,0,0,0,0,0,0,0,0,0,0,0,0,0,0,0,0,0,0,0,0,0,0,0,0,0,0,0,0,0,0,0,0,0,0,0,0,0,0,0,0,0,0,0,0,0,0,0,0,0,0,0,8,0,0,0,8,0,0,0,0,0,0,0,0,0,0,0,0,0,0,0,0,0,0,0,0,0,0,0,0,0,0,0,0,0,0,0,0,0,0,0,0,0,0,0,0,0,0,0,0,0,0,0,0,0,0,0,0,0,0,0,0,0,0,0,0,0,0,0,0,0,0,0,54,6,0,0,0,0,0,0,54,6,0,0,54,6,0,0,54,6,0,0,54,6,0,0,54,6,0,0,54,6,0,0,54,6,0,0,54,6,0,0,54,6,0,0,54,6,0,0,54,6,0,0,54,6,0,0,54,6,0,0,54,6,0,0,54,6,0,0,54,6,0,0,54,6,0,0,54,6,0,0,54,6,0,0,54,6,0,0,54,6,0,0,54,6,0,0,54,6,0,0,54,6,0,0,54,6,0,0,54,6,0,0,54,6,0,0,54,6,0,0,54,6,0,0,54,6,0,0,54,6,0,0,54,6,0,0,54,6,0,0,54,6,0,0,54,6,0,0,54,6,0,0,54,6,0,0,54,6,0,0,54,6,0,0,54,6,0,0,54,6,0,0,54,6,0,0,54,6,0,0,54,6,0,0,54,6,0,0,54,6,0,0,0,0,0,0,54,6,0,0,54,6,0,0,50,6,0,0,24,0,0,0,198,3,0,0,214,3,0,0,230,3,0,0,246,3,0,0,6,4,0,0,22,4,0,0,38,4,0,0,54,4,0,0,70,4,0,0,86,4,0,0,102,4,0,0,118,4,0,0,134,4,0,0,150,4,0,0,198,3,0,0,214,3,0,0,230,3,0,0,246,3,0,0,6,4,0,0,22,4,0,0,50,6,0,0,40,2,0,0,216,1,0,0,232,1,0,0,38,4,0,0,54,4,0,0,70,4,0,0,86,4,0,0,102,4,0,0,118,4,0,0,134,4,0,0,150,4,0,0,198,3,0,0,214,3,0,0,230,3,0,0,246,3,0,0,6,4,0,0,22,4,0,0,38,4,0,0,54,4,0,0,70,4,0,0,86,4,0,0,102,4,0,0,118,4,0,0,134,4,0,0,150,4,0,0,198,3,0,0,214,3,0,0,230,3,0,0,246,3,0,0,6,4,0,0,22,4,0,0,38,4,0,0,54,4,0,0,70,4,0,0,86,4,0,0,102,4,0,0,118,4,0,0,134,4,0,0,150,4,0,0,198,3,0,0,214,3,0,0,230,3,0,0,246,3,0,0,6,4,0,0,22,4,0,0,38,4,0,0,54,4,0,0,70,4,0,0,86,4,0,0,102,4,0,0,118,4,0,0,134,4,0,0,150,4,0,0,198,3,0,0,214,3,0,0,230,3,0,0,246,3,0,0,6,4,0,0,22,4,0,0,38,4,0,0,54,4,0,0,70,4,0,0,86,4,0,0,102,4,0,0,118,4,0,0,134,4,0,0,150,4,0,0,198,3,0,0,214,3,0,0,230,3
0,105,0,22,36,1,23,36,1,73,102,1,0,0,0,1,150,211,255,33,118,0,1,104,1,35,118,0,1,30,38,58,86,11,0,7,148,135,1,20,246,1,0,0,24,246,3,0,0,44,214,3,0,1,1,53,214,5,0,1,3,30,38,47,214,11,0,1,15,51,51,51,0,6,1,0,0,50,214,6,0,1,5,3,30,0,50,214,6,0,1,10,3,45,0,52,214,6,0,1,10,3,0,0,138,84,1,0,119,0,22,36,1,23,36,1,73,102,1,0,0,0,1,150,211,255,33,118,0,2,104,1,35,118,0,1,196,7,35,118,1,2,90,30,58,86,11,0,7,148,194,1,20,246,1,0,0,24,246,3,0,0,44,214,3,0,2,1,53,214,5,0,1,3,196,7,53,214,5,1,2,3,90,30,47,214,11,0,2,15,51,51,51,0,6,1,0,0,50,214,6,0,2,5,3,30,0,50,214,6,0,2,10,3,45,0,52,214,6,0,1,10,3,0,0,138,84,1,0,119,0,22,36,1,23,36,1,73,102,1,0,0,0,1,150,211,255,33,118,0,2,104,1,35,118,0,1,196,7,35,118,1,2,90,30,58,86,11,0,7,148,194,1,20,246,1,0,0,24,246,3,0,0,44,214,3,0,2,1,53,214,5,0,1,3,196,7,53,214,5,1,2,3,90,30,47,214,11,0,2,15,51,51,51,0,6,1,0,0,50,214,6,0,2,5,3,30,0,50,214,6,0,2,10,3,45,0,52,214,6,0,1,10,3,0,0,138,84,1,0,119,0,22,36,1,23,36,1,73,102,1,0,0,0,1,150,211,255,33,118,0,2,104,1,35,118,0,1,196,7,35,118,1,2,90,30,58,86,11,0,7,148,194,1,20,246,1,0,0,24,246,3,0,0,44,214,3,0,2,1,53,214,5,0,1,3,196,7,53,214,5,1,2,3,90,30,47,214,11,0,2,15,51,51,51,0,6,1,0,0,50,214,6,0,2,5,3,30,0,50,214,6,0,2,10,3,45,0,52,214,6,0,1,10,3,0,0,138,84,1,0,119,0,22,36,1,23,36,1,73,102,1,0,0,0,1,150,211,255,33,118,0,2,104,1,35,118,0,1,196,7,35,118,1,2,90,30,58,86,11,0,7,148,194,1,20,246,1,0,0,24,246,3,0,0,44,214,3,0,2,1,53,214,5,0,1,3,196,7,53,214,5,1,2,3,90,30,47,214,11,0,2,15,51,51,51,0,6,1,0,0,50,214,6,0,2,5,3,30,0,50,214,6,0,2,10,3,45,0,52,214,6,0,1,10,3,0,0,138,84,1,0,104,0,0,0,68,0,0,0,0,0,0,0,0,0,0,0,0,0,0,0,0,0,0,0,0,0,0,0,0,0,0,0,0,0,0,0,0,0,0,0,0,0,0,0,0,0,0,0,0,0,0,0,0,0,0,0,0,0,0,0,0,0,0,0,0,0,0,0,255,255,255,255,1,0,0,0,20,0,0,0,0,0,0,0,0,0,0,0,0,0,0,0,0,0,0,0,0,0,0,0,0,0,0,0,169,0,22,36,1,23,36,1,73,102,1,0,0,0,1,150,211,255,33,118,0,2,104,1,35,118,0,1,196,7,35,118,1,2,90,30,58,86,11,0,3,52,1,7,148,164,1,20,246,1,0,0,24,246,3,0,0,43,214,2,0,3,44,214,3,0,2,1,53,214,5,0,1,3,196,7,53,214,5,1,2,3,90,30,47,214,11,1,2,15,51,51,51,0,6,1,0,0,47,214,11,0,1,1,51,51,51,0,6,1,0,0,47,214,11,0,1,2,51,51,51,0,6,1,0,0,47,214,11,0,1,8,51,51,51,0,6,1,0,0,50,214,6,0,1,5,3,30,0,50,214,6,0,1,10,3,45,0,52,214,6,0,1,10,3,0,0,138,84,1,0,116,0,0,0,68,0,0,0,0,0,0,0,0,0,0,0,0,0,0,0,0,0,0,0,0,0,0,0,0,0,0,0,0,0,0,0,0,0,0,0,0,0,0,0,0,0,0,0,0,0,0,0,0,0,0,0,0,0,0,0,0,0,0,0,0,0,0,0,255,255,255,255,1,0,0,0,20,0,6,0,67,0,104,0,101,0,99,0,107,0,49,0,0,0,0,0,0,0,0,0,0,0,0,0,0,0,0,0,0,0,0,0,0,0,0,0,116,0,0,0,68,0,0,0,0,0,0,0,0,0,0,0,0,0,0,0,0,0,0,0,0,0,0,0,0,0,0,0,0,0,0,0
0,73,68,61,34,123,69,49,49,69,68,67,51,57,45,68,48,48,56,45,55,54,52,51,45,65,66,65,70,45,68,57,53,55,65,65,55,69,54,57,68,67,125,34,13,10,68,111,99,117,109,101,110,116,61,84,104,105,115,68,111,99,117,109,101,110,116,47,38,72,48,48,48,48,48,48,48,48,13,10,78,97,109,101,61,34,80,114,111,106,101,99,116,34,13,10,72,101,108,112,67,111,110,116,101,120,116,73,68,61,34,48,34,13,10,86,101,114,115,105,111,110,67,111,109,112,97,116,105,98,108,101,51,50,61,34,51,57,51,50,50,50,48,48,48,34,13,10,67,77,71,61,34,48,52,48,54,50,54,68,67,69,69,68,52,70,50,68,52,70,50,68,52,70,50,68,52,70,50,34,13,10,68,80,66,61,34,70,56,70,65,68,65,49,68,68,66,49,68,68,66,49,68,34,13,10,71,67,61,34,69,67,69,69,67,69,69,52,51,54,68,57,51,55,68,57,51,55,50,54,34,13,10,13,10,91,72,111,115,116,32,69,120,116,101,110,100,101,114,32,73,110,102,111,93,13,10,38,72,48,48,48,48,48,48,48,49,61,123,51,56,51,50,68,54,52,48,45,67,70,57,48,45,49,49,67,70,45,56,69,52,51,45,48,48,65,48,67,57,49,49,48,48,53,65,125,59,86,66,69,59,38,72,48,48,48,48,48,48,48,48,13,10,13,10,91,87,111,114,107,115,112,97,99,101,93,13,10,84,104,105,115,68,111,99,117,109,101,110,116,61,48,44,32,48,44,32,48,44,32,48,44,32,67,13,10,211,255,33,118,0,2,104,1,35,118,0,1,196,7,35,118,1,2,90,30,58,86,11,0,7,148,194,1,20,246,1,0,0,24,246,3,0,0,44,214,3,0,2,1,53,214,5,0,1,3,196,7,53,214,5,1,2,3,90,30,47,214,11,0,2,15,51,51,51,0,6,1,0,0,50,214,6,0,2,5,3,30,0,50,214,6,0,2,10,3,45,0,52,214,6,0,1,10,3,0,0,138,84,1,0,119,0,22,36,1,23,36,1,73,102,1,0,0,0,1,150,211,255,33,118,0,2,104,1,35,118,0,1,196,7,35,118,1,2,90,30,58,86,11,0,7,148,194,1,20,246,1,0,0,24,246,3,0,0,44,214,3,0,2,1,53,214,5,0,1,3,196,7,53,214,5,1,2,3,90,30,47,214,11,0,2,15,51,51,51,0,6,1,0,0,50,214,6,0,2,5,3,30,0,50,214,6,0,2,10,3,45,0,52,214,6,0,1,10,3,0,0,138,84,1,0,104,0,0,0,68,0,0,0,0,0,0,0,0,0,0,0,0,0,0,0,0,0,0,0,0,0,0,0,0,0,0,0,0,0,0,0,0,0,0,0,0,0,0,0,0,0,0,0,0,0,0,0,0,0,0,0,0,0,0,0,0,0,0,0,0,0,0,0,255,255,255,255,1,0,0,0,20,0,0,0,0,0,0,0,0,0,0,0,0,0,0,0,0,0,0,0,0,0,0,0,0,0,0,0,169,0,22,36,1,23,36,1,73,102,1,0,0,0,1,150,211,255,33,118,0,2,104,1,35,118,0,1,196,7,35,118,1,2,90,30,58,86,11,0,3,52,1,7,148,164,1,20,246,1,0,0,24,246,3,0,0,43,214,2,0,3,44,214,3,0,2,1,53,214,5,0,1,3,196,7,53,214,5,1,2,3,90,30,47,214,11,1,2,15,51,51,51,0,6,1,0,0,47,214,11,0,1,1,51,51,51,0,6,1,0,0,47,214,11,0,1,2,51,51,51,0,6,1,0,0,47,214,11,0,1,8,51,51,51,0,6,1,0,0,50,214,6,0,1,5,3,30,0,50,214,6,0,1,10,3,45,0,52,214,6,0,1,10,3,0,0,138,84,1,0,116,0,0,0,68,0,0,0,0,0,0,0,0,0,0,0,0,0,0,0,0,0,0,0,0,0,0,0,0,0,0,0,0,0,0,0,0,0,0,0,0,0,0,0,0,0,0,0,0,0,0,0,0,0,0,0,0,0,0,0,0,0,0,0,0,0,0,0,255,255,255,255,1,0,0,0,20,0,6,0,67,0,104,0,101,0,99,0,107,0,49,0,0,0,0,0,0,0,0,0,0,0,0,0,0,0,0,0,0,0,0,0,0,0,0,0,116,0,0,0,68,0,0,0,0,0,0,0,0,0,0,0,0,0,0,0,0,0,0,0,0,0,0,0,0,0,0,0,0,0,0,0
0,84,104,105,115,68,111,99,117,109,101,110,116,0,84,0,104,0,105,0,115,0,68,0,111,0,99,0,117,0,109,0,101,0,110,0,116,0,0,0,0,0,125,34,13,10,68,111,99,117,109,101,110,116,61,84,104,105,115,68,111,99,117,109,101,110,116,47,38,72,48,48,48,48,48,48,48,48,13,10,78,97,109,101,61,34,80,114,111,106,101,99,116,34,13,10,72,101,108,112,67,111,110,116,101,120,116,73,68,61,34,48,34,13,10,86,101,114,115,105,111,110,67,111,109,112,97,116,105,98,108,101,51,50,61,34,51,57,51,50,50,50,48,48,48,34,13,10,67,77,71,61,34,48,52,48,54,50,54,68,67,69,69,68,52,70,50,68,52,70,50,68,52,70,50,68,52,70,50,34,13,10,68,80,66,61,34,70,56,70,65,68,65,49,68,68,66,49,68,68,66,49,68,34,13,10,71,67,61,34,69,67,69,69,67,69,69,52,51,54,68,57,51,55,68,57,51,55,50,54,34,13,10,13,10,91,72,111,115,116,32,69,120,116,101,110,100,101,114,32,73,110,102,111,93,13,10,38,72,48,48,48,48,48,48,48,49,61,123,51,56,51,50,68,54,52,48,45,67,70,57,48,45,49,49,67,70,45,56,69,52,51,45,48,48,65,48,67,57,49,49,48,48,53,65,125,59,86,66,69,59,38,72,48,48,48,48,48,48,48,48,13,10,13,10,91,87,111,114,107,115,112,97,99,101,93,13,10,84,104,105,115,68,111,99,117,109,101,110,116,61,48,44,32,48,44,32,48,44,32,48,44,32,67,13,10,211,255,33,118,0,2,104,1,35,118,0,1,196,7,35,118,1,2,90,30,58,86,11,0,7,148,194,1,20,246,1,0,0,24,246,3,0,0,44,214,3,0,2,1,53,214,5,0,1,3,196,7,53,214,5,1,2,3,90,30,47,214,11,0,2,15,51,51,51,0,6,1,0,0,50,214,6,0,2,5,3,30,0,50,214,6,0,2,10,3,45,0,52,214,6,0,1,10,3,0,0,138,84,1,0,119,0,22,36,1,23,36,1,73,102,1,0,0,0,1,150,211,255,33,118,0,2,104,1,35,118,0,1,196,7,35,118,1,2,90,30,58,86,11,0,7,148,194,1,20,246,1,0,0,24,246,3,0,0,44,214,3,0,2,1,53,214,5,0,1,3,196,7,53,214,5,1,2,3,90,30,47,214,11,0,2,15,51,51,51,0,6,1,0,0,50,214,6,0,2,5,3,30,0,50,214,6,0,2,10,3,45,0,52,214,6,0,1,10,3,0,0,138,84,1,0,104,0,0,0,68,0,0,0,0,0,0,0,0,0,0,0,0,0,0,0,0,0,0,0,0,0,0,0,0,0,0,0,0,0,0,0,0,0,0,0,0,0,0,0,0,0,0,0,0,0,0,0,0,0,0,0,0,0,0,0,0,0,0,0,0,0,0,0,255,255,255,255,1,0,0,0,20,0,0,0,0,0,0,0,0,0,0,0,0,0,0,0,0,0,0,0,0,0,0,0,0,0,0,0,169,0,22,36,1,23,36,1,73,102,1,0,0,0,1,150,211,255,33,118,0,2,104,1,35,118,0,1,196,7,35,118,1,2,90,30,58,86,11,0,3,52,1,7,148,164,1,20,246,1,0,0,24,246,3,0,0,43,214,2,0,3,44,214,3,0,2,1,53,214,5,0,1,3,196,7,53,214,5,1,2,3,90,30,47,214,11,1,2,15,51,51,51,0,6,1,0,0,47,214,11,0,1,1,51,51,51,0,6,1,0,0,47,214,11,0,1,2,51,51,51,0,6,1,0,0,47,214,11,0,1,8,51,51,51,0,6,1,0,0,50,214,6,0,1,5,3,30,0,50,214,6,0,1,10,3,45,0,52,214,6,0,1,10,3,0,0,138,84,1,0,116,0,0,0,68,0,0,0,0,0,0,0,0,0,0,0,0,0,0,0,0,0,0,0,0,0,0,0,0,0,0,0,0,0,0,0,0,0,0,0,0,0,0,0,0,0,0,0,0,0,0,0,0,0,0,0,0,0,0,0,0,0,0,0,0,0,0,0,255,255,255,255,1,0,0,0,20,0,6,0,67,0,104,0,101,0,99,0,107,0,49,0,0,0,0,0,0,0,0,0,0,0,0,0,0,0,0,0,0,0,0,0,0,0,0,0,116,0,0,0,68,0,0,0,0,0,0,0,0,0,0,0,0,0,0,0,0,0,0,0,0,0,0,0,0,0,0,0,0,0,0,0
1,1,22,3,0,0,244,0,0,0,0,3,0,0,216,0,0,0,222,1,0,0,255,255,255,255,7,3,0,0,199,5,0,0,89,6,0,0,0,0,0,0,1,0,0,0,117,100,107,233,0,0,255,255,163,1,0,0,136,0,0,0,182,0,255,255,1,1,0,0,0,0,255,255,255,255,0,0,0,0,255,255,255,255,255,255,0,0,0,0,0,0,0,0,0,0,0,0,0,0,0,0,0,0,0,0,0,0,0,0,0,0,0,0,0,0,0,0,0,0,0,0,0,0,0,0,0,0,0,0,0,0,0,0,0,0,0,0,0,0,16,0,0,0,3,0,0,0,5,0,0,0,7,0,0,0,255,255,255,255,255,255,255,255,1,1,8,0,0,0,255,255,255,255,120,0,0,0,8,0,0,0,0,0,0,0,0,0,0,0,0,0,0,0,0,0,0,0,0,0,0,0,0,0,0,0,0,0,0,0,0,255,255,0,0,0,0,77,69,0,0,255,255,255,255,255,255,0,0,0,0,255,255,0,0,0,0,255,255,1,1,0,0,0,0,223,0,255,255,0,0,0,0,24,0,255,255,255,255,255,255,255,255,255,255,255,255,255,255,255,255,255,255,255,255,255,255,255,255,255,255,255,255,255,255,255,255,255,255,255,255,255,255,255,255,255,255,255,255,255,255,255,255,255,255,255,255,255,255,255,255,255,255,255,255,255,255,255,255,255,255,255,255,255,255,255,255,255,255,255,255,255,255,255,255,255,255,255,255,255,255,255,255,255,255,255,255,255,255,255,255,255,255,255,255,255,255,255,255,255,255,255,255,255,255,255,255,255,255,255,255,255,255,255,255,255,255,255,255,255,255,255,255,40,0,0,0,2,0,83,34,255,255,255,255,0,0,1,0,83,16,255,255,255,255,0,0,1,0,83,34,255,255,255,255,0,0,0,0,2,60,255,255,255,255,0,0,255,255,1,1,0,0,0,0,1,0,40,0,49,0,78,0,111,0,114,0,109,0,97,0,108,0,46,0,84,0,104,0,105,0,115,0,68,0,111,0,99,0,117,0,109,0,101,0,110,0,116,0,0,0,0,0,0,0,255,255,255,255,1,1,144,0,0,0,2,128,254,255,255,255,255,255,32,0,0,0,255,255,255,255,48,0,0,0,2,1,255,255,0,0,0,0,0,0,0,0,255,255,255,255,255,255,255,255,0,0,255,255,254,253,255,255,29,0,0,0,37,0,0,0,12,17,48,2,255,255,255,255,255,255,255,255,0,0,0,0,255,255,255,255,255,255,255,255,0,0,0,0,0,0,0,0,0,0,0,0,0,0,0,0,255,255,255,255,0,0,0,0,0,0,0,0,0,0,0,0,255,255,255,255,255,255,255,255,255,255,255,255,17,0,0,0,0,0,148,0,0,0,0,0,255,255,255,255,112,0,0,0,1,0,255,255,0,0,1,0,0,0,0,0,0,0,0,0,56,0,0,0,255,255,255,255,255,255,255,255,0,0,0,0,255,255,255,255,255,255,255,255,56,0,0,0,255,255,255,255,255,255,255,255,0,0,0,0,255,255,255,255,255,255,255,255,255,255,255,255,255,255,255,255,255,255,255,255,0,0,0,0,0,0,0,0,255,255,0,0,255,255,255,255,255,255,0,0,0,0,255,255,255,255,255,255,255,255,255,255,255,255,255,255,255,255,255,255,255,255,255,255,255,255,0,0,255,255,255,255,255,255,0,0,0,0,0,0,223,2,0,0,0,0,0,0,0,0,0,0,0,0,0,0,0,0,0,0,0,0,0,0,0,0,0,0,0,0,0,0,0,0,0,0,0,0,0,0,0,0,0,0,0,0,0,0,0,0,0,0,0,0,0,0,0,0,0,0,0,254,202,1,0,19,0,0,128,9,0,10,0,0,0,0,0,0,0,0,128,9,0,10,0,0,0,16,0,0,0,34,129,8,0,6,0,0,0,32,0,0,0,0,129,8,3,4,0,0,0,40,0,0,0,0,129,8,3,10,0,0,0,48,0,0,0,0,129,8,3,10,0,0,0,64,0,0,0,0,129,8,3,10,0,0,0,80,0,0,0,0,129,8,3,40,0,0,0,96,0,0,0,0,129,8,3,28,0,0,0,136,0,0,0,0,129,16,3,52,0,0,0,168,0,0,0,0,129,8,3,8,0,0,0,224,0,0,0,0,129,8,7,52,0,0,0,232,0,0,0,0,129,8,10,14,0,0,0,32,1,0,0,0,129,8,10,14,0,0,0,48,1,0,0,0,129,16,10,42,0,0,0,64
1,204,97,220,0,0,3,0,255,4,8,0,0,9,4,0,0,41,39,3,0,0,0,0,0,0,0,0,0,1,0,5,0,2,0,62,1,42,0,92,0,72,0,123,0,48,0,48,0,48,0,50,0,48,0,52,0,69,0,70,0,45,0,48,0,48,0,48,0,48,0,45,0,48,0,48,0,48,0,48,0,45,0,67,0,48,0,48,0,48,0,45,0,48,0,48,0,48,0,48,0,48,0,48,0,48,0,48,0,48,0,48,0,52,0,54,0,125,0,35,0,54,0,46,0,48,0,35,0,57,0,35,0,47,0,65,0,112,0,112,0,108,0,105,0,99,0,97,0,116,0,105,0,111,0,110,0,115,0,47,0,77,0,105,0,99,0,114,0,111,0,115,0,111,0,102,0,116,0,32,0,87,0,111,0,114,0,100,0,46,0,97,0,112,0,112,0,47,0,67,0,111,0,110,0,116,0,101,0,110,0,116,0,115,0,47,0,83,0,104,0,97,0,114,0,101,0,100,0,83,0,117,0,112,0,112,0,111,0,114,0,116,0,47,0,84,0,121,0,112,0,101,0,32,0,76,0,105,0,98,0,114,0,97,0,114,0,105,0,101,0,115,0,47,0,86,0,98,0,101,0,69,0,78,0,54,0,46,0,116,0,108,0,98,0,35,0,86,0,105,0,115,0,117,0,97,0,108,0,32,0,66,0,97,0,115,0,105,0,99,0,32,0,70,0,111,0,114,0,32,0,65,0,112,0,112,0,108,0,105,0,99,0,97,0,116,0,105,0,111,0,110,0,115,0,0,0,0,0,0,0,0,0,0,0,0,0,88,1,42,0,92,0,72,0,123,0,48,0,48,0,48,0,50,0,48,0,57,0,48,0,53,0,45,0,48,0,48,0,48,0,48,0,45,0,48,0,48,0,48,0,48,0,45,0,67,0,48,0,48,0,48,0,45,0,48,0,48,0,48,0,48,0,48,0,48,0,48,0,48,0,48,0,48,0,52,0,54,0,125,0,35,0,56,0,46,0,55,0,35,0,48,0,35,0,47,0,65,0,112,0,112,0,108,0,105,0,99,0,97,0,116,0,105,0,111,0,110,0,115,0,47,0,77,0,105,0,99,0,114,0,111,0,115,0,111,0,102,0,116,0,32,0,87,0,111,0,114,0,100,0,46,0,97,0,112,0,112,0,47,0,67,0,111,0,110,0,116,0,101,0,110,0,116,0,115,0,47,0,83,0,104,0,97,0,114,0,101,0,100,0,83,0,117,0,112,0,112,0,111,0,114,0,116,0,47,0,84,0,121,0,112,0,101,0,32,0,76,0,105,0,98,0,114,0,97,0,114,0,105,0,101,0,115,0,47,0,77,0,105,0,99,0,114,0,111,0,115,0,111,0,102,0,116,0,32,0,87,0,111,0,114,0,100,0,46,0,116,0,108,0,98,0,35,0,77,0,105,0,99,0,114,0,111,0,115,0,111,0,102,0,116,0,32,0,87,0,111,0,114,0,100,0,32,0,49,0,54,0,46,0,48,0,32,0,79,0,98,0,106,0,101,0,99,0,116,0,32,0,76,0,105,0,98,0,114,0,97,0,114,0,121,0,0,0,0,0,0,0,0,0,0,0,0,0,182,0,42,0,92,0,72,0,123,0,48,0,68,0,52,0,53,0,50,0,69,0,69,0,49,0,45,0,69,0,48,0,56,0,70,0,45,0,49,0,48,0,49,0,65,0,45,0,56,0,53,0,50,0,69,0,45,0,48,0,50,0,54,0,48,0,56,0,67,0,52,0,68,0,48,0,66,0,66,0,52,0,125,0,35,0,50,0,46,0,48,0,35,0,48,0,35,0,102,0,109,0,50,0,48,0,46,0,116,0,108,0,98,0,35,0,77,0,105,0,99,0,114,0,111,0,115,0,111,0,102,0,116,0,32,0,70,0,111,0,114,0,109,0,115,0,32,0,50,0,46,0,48,0,32,0,79,0,98,0,106,0,101,0,99,0,116,0,32,0,76,0,105,0,98,0,114,0,97,0,114,0,121,0,0,0,0,0,0,0,0,0,0,0,1,0,86,1,42,0,92,0,72,0,123,0,55,0,69,0,55,0,52,0,68,0,67,0,53,0,68,0,45,0,51,0,57,0,55,0,51,0,45,0,49,0,70,0,52,0,67,0,45,0,65,0,52,0,53,0,52,0,45,0,65,0,70,0,53,0,55,0,48,0,66,0,48,0,68,0,55,0,56,0,54,0,70,0,125,0,35,0,50,0,46,0,48,0,35,0,48,0,35,0
0,1,220,178,128,1,0,4,0,0,0,3,0,48,42,2,2,144,9,0,112,20,6,72,3,0,130,2,0,100,41,39,4,0,7,0,28,0,80,114,111,106,101,99,116,5,81,0,40,0,0,64,2,20,6,2,20,61,173,2,10,7,2,108,1,20,8,6,18,9,2,18,128,133,234,172,97,100,0,12,2,74,10,60,2,10,22,2,160,77,83,70,111,64,114,109,115,62,0,14,0,20,77,0,0,83,0,70,0,111,0,114,0,0,109,0,115,0,51,0,91,1,0,19,42,92,72,123,48,68,52,0,53,50,69,69,49,45,69,48,0,56,70,45,49,48,49,65,45,2,56,0,16,45,48,50,54,48,56,0,67,52,68,48,66,66,52,125,0,35,50,46,48,35,48,35,102,0,109,50,48,46,116,108,98,35,0,77,105,99,114,111,115,111,102,20,116,32,2,97,32,0,30,32,79,98,1,1,189,32,76,105,98,114,97,114,80,121,47,0,59,0,96,49,2,100,71,116,123,48,4,0,45,129,3,12,2,4,13,48,232,125,35,48,2,50,35,128,25,0,1,30,97,104,48,0,201,0,19,171,128,1,1,99,55,0,69,55,52,68,67,53,68,45,0,51,57,55,51,45,49,70,52,0,67,45,65,52,53,52,45,65,0,70,53,55,48,66,48,68,55,8,56,54,70,5,99,47,85,115,101,0,114,115,47,102,117,106,105,110,4,103,47,5,88,67,111,110,116,97,4,105,110,129,12,99,111,109,46,109,1,5,113,46,87,111,114,100,47,68,8,97,116,97,6,21,80,114,101,102,0,101,114,101,110,99,101,115,47,225,4,178,46,101,120,100,32,139,64,43,128,0,0,225,46,69,13,143,224,26,16,0,133,46,2,96,140,77,11,180,82,1,192,4,22,0,1,123,78,0,108,97,20,108,62,2,115,78,68,107,97,0,108,21,64,112,64,0,9,154,192,9,42,92,68,5,226,47,116,129,39,110,116,46,70,111,224,120,109,97,105,108,11,48,5,5,128,156,24,102,105,108,64,49,65,66,46,102,117,0,64,116,111,110,103,100,117,110,64,46,110,101,116,47,77,129,13,50,4,51,47,128,0,54,55,52,52,57,1,0,1,57,51,54,53,57,57,52,0,50,54,52,55,46,97,116,116,0,97,99,104,109,101,110,116,47,197,67,45,152,67,39,46,46,47,134,0,212,86,3,255,38,237,38,38,101,170,97,23,0,129,195,88,79,102,102,105,99,101,195,88,8,79,0,102,64,0,105,0,99,0,136,101,0,13,64,2,0,0,92,66,49,0,72,123,50,68,70,56,68,48,33,128,145,53,66,70,65,193,197,66,45,16,66,68,69,53,0,175,65,65,48,40,48,52,52,192,2,50,5,148,109,115,6,111,140,197,195,24,32,49,54,46,48,23,12,99,192,11,64,0,15,34,127,1,0,19,17,226,0,117,100,25,34,62,84,104,105,32,115,68,111,99,117,129,42,71,0,130,24,224,4,84,0,104,0,105,224,117,34,68,96,65,99,0,117,96,119,101,0,160,110,0,116,0,26,238,5,50,250,5,162,28,96,9,0,0,72,162,0,49,130,134,90,95,192,77,30,34,1,129,2,44,226,16,107,84,233,34,34,4,43,162,0,16,162,0,68,0,52,0,53,0,50,0,69,0,69,0,49,0,45,0,69,0,48,0,56,0,70,0,45,0,49,0,48,0,49,0,65,0,45,0,56,0,53,0,50,0,69,0,45,0,48,0,50,0,54,0,48,0,56,0,67,0,52,0,68,0,48,0,66,0,66,0,52,0,125,0,35,0,50,0,46,0,48,0,35,0,48,0,35,0,102,0,109,0,50,0,48,0,46,0,116,0,108,0,98,0,35,0,77,0,105,0,99,0,114,0,111,0,115,0,111,0,102,0,116,0,32,0,70,0,111,0,114,0,109,0,115,0,32,0,50,0,46,0,48,0,32,0,79,0,98,0,106,0,101,0,99,0,116,0,32,0,76,0,105,0,98,0,114,0,97,0,114,0,121,0,0,0,0,0,0,0,0,0,0,0,1,0,86,1,42,0,92,0,72,0,123,0,55,0,69,0,55,0,52,0,68,0,67,0,53,0,68,0,45,0,51,0,57,0,55,0,51,0,45,0,49,0,70,0,52,0,67,0,45,0,65,0,52,0,53,0,52,0,45,0,65,0,70,0,53,0,55,0,48,0,66,0,48,0,68,0,55,0,56,0,54,0,70,0,125,0,35,0,50,0,46,0,48,0,35,0,48,0,35,0
0,236,165,193,0,21,8,9,4,0,0,248,82,191,0,0,0,0,0,1,16,0,0,0,0,0,8,0,0,30,116,0,0,14,0,98,106,98,106,57,17,57,17,0,0,0,0,0,0,0,0,0,0,0,0,0,0,0,0,0,0,4,8,22,0,50,122,0,0,91,123,248,95,91,123,248,95,9,14,0,0,0,0,0,0,0,0,0,0,0,0,0,0,0,0,0,0,0,0,0,0,0,0,0,0,0,0,0,0,255,255,15,0,0,0,0,0,0,0,0,0,255,255,15,0,0,0,0,0,0,0,0,0,255,255,15,0,0,0,0,0,0,0,0,0,0,0,0,0,0,0,0,0,183,0,0,0,0,0,36,8,0,0,0,0,0,0,36,8,0,0,120,22,0,0,0,0,0,0,120,22,0,0,0,0,0,0,120,22,0,0,0,0,0,0,120,22,0,0,0,0,0,0,120,22,0,0,20,0,0,0,0,0,0,0,0,0,0,0,255,255,255,255,0,0,0,0,140,22,0,0,0,0,0,0,140,22,0,0,0,0,0,0,140,22,0,0,0,0,0,0,140,22,0,0,132,0,0,0,16,23,0,0,212,0,0,0,140,22,0,0,0,0,0,0,79,42,0,0,174,1,0,0,228,23,0,0,156,1,0,0,128,25,0,0,0,0,0,0,128,25,0,0,0,0,0,0,128,25,0,0,0,0,0,0,128,25,0,0,0,0,0,0,129,26,0,0,20,0,0,0,149,26,0,0,12,0,0,0,161,26,0,0,8,0,0,0,146,41,0,0,2,0,0,0,148,41,0,0,0,0,0,0,148,41,0,0,0,0,0,0,148,41,0,0,0,0,0,0,148,41,0,0,0,0,0,0,148,41,0,0,0,0,0,0,148,41,0,0,36,0,0,0,253,43,0,0,182,2,0,0,179,46,0,0,74,0,0,0,184,41,0,0,81,0,0,0,0,0,0,0,0,0,0,0,0,0,0,0,0,0,0,0,120,22,0,0,0,0,0,0,169,26,0,0,0,0,0,0,0,0,0,0,0,0,0,0,0,0,0,0,0,0,0,0,129,26,0,0,0,0,0,0,129,26,0,0,0,0,0,0,169,26,0,0,0,0,0,0,169,26,0,0,0,0,0,0,184,41,0,0,0,0,0,0,0,0,0,0,0,0,0,0,120,22,0,0,0,0,0,0,120,22,0,0,0,0,0,0,128,25,0,0,0,0,0,0,0,0,0,0,0,0,0,0,128,25,0,0,1,1,0,0,9,42,0,0,22,0,0,0,249,38,0,0,0,0,0,0,249,38,0,0,0,0,0,0,249,38,0,0,0,0,0,0,169,26,0,0,184,9,0,0,120,22,0,0,0,0,0,0,128,25,0,0,0,0,0,0,120,22,0,0,0,0,0,0,128,25,0,0,0,0,0,0,146,41,0,0,0,0,0,0,0,0,0,0,0,0,0,0,249,38,0,0,0,0,0,0,0,0,0,0,0,0,0,0,0,0,0,0,0,0,0,0,0,0,0,0,0,0,0,0,0,0,0,0,0,0,0,0,0,0,0,0,0,0,0,0,0,0,0,0,0,0,0,0,169,26,0,0,0,0,0,0,146,41,0,0,0,0,0,0,0,0,0,0,0,0,0,0,249,38,0,0,0,0,0,0,249,38,0,0,30,0,0,0,50,41,0,0,24,0,0,0,0,0,0,0,0,0,0,0,0,0,0,0,0,0,0,0,0,0,0,0,0,0,0,0,0,0,0,0,0,0,0,0,0,0,0,0,0,0,0,0,0,0,0,0,0,0,0,0,0,0,0,0,0,0,0,0,0,0,0,0,0,0,0,0,0,0,0,0,0,0,0,0,90,41,0,0,0,0,0,0,0,0,0,0,0,0,0,0,255,255,255,255,0,0,0,0,16,42,153,13,6,195,214,1,0,0,0,0,0,0,0,0,255,255,255,255,0,0,0,0,97,36,0,0,0,0,0,0,74,41,0,0,8,0,0,0,0,0,0,0,0,0,0,0,126,41,0,0,20,0,0,0,31,42,0,0,48,0,0,0,79,42,0,0,0,0,0,0,82,41,0,0,8,0,0,0,253,46,0,0,0,0,0,0,97,36,0,0,152,2,0,0,253,46,0,0,16,0,0,0,90,41,0,0,0,0,0,0,0,0,0,0,0,0,0,0,0,0,0,0,0,0,0,0,0,0,0,0,0,0,0,0,0,0,0,0,0,0,0,0,0,0,0,0,0,0,0,0,0,0,0,0,0,0,0,0,0,0,0,0,0,0,0,0
