0,1,0,254,255,3,10,0,0,255,255,255,255,6,9,2,0,0,0,0,0,192,0,0,0,0,0,0,70,32,0,0,0,77,105,99,114,111,115,111,102,116,32,87,111,114,100,32,57,55,45,50,48,48,51,32,68,111,99,117,109,101,110,116,0,10,0,0,0,77,83,87,111,114,100,68,111,99,0,16,0,0,0,87,111,114,100,46,68,111,99,117,109,101,110,116,46,56,0,244,57,178,113,0,0,0,0,0,0,0,0,0,0,0,0,,,,,,,,,,,,,,,,,,,,,,,,,,,,,,,,,,,,,,,,,,,,,,,,,,,,,,,,,,,,,,,,,,,,,,,,,,,,,,,,,,,,,,,,,,,,,,,,,,,,,,,,,,,,,,,,,,,,,,,,,,,,,,,,,,,,,,,,,,,,,,,,,,,,,,,,,,,,,,,,,,,,,,,,,,,,,,,,,,,,,,,,,,,,,,,,,,,,,,,,,,,,,,,,,,,,,,,,,,,,,,,,,,,,,,,,,,,,,,,,,,,,,,,,,,,,,,,,,,,,,,,,,,,,,,,,,,,,,,,,,,,,,,,,,,,,,,,,,,,,,,,,,,,,,,,,,,,,,,,,,,,,,,,,,,,,,,,,,,,,,,,,,,,,,,,,,,,,,,,,,,,,,,,,,,,,,,,,,,,,,,,,,,,,,,,,,,,,,,,,,,,,,,,,,,,,,,,,,,,,,,,,,,,,,,,,,,,,,,,,,,,,,,,,,,,,,,,,,,,,,,,,,,,,,,,,,,,,,,,,,,,,,,,,,,,,,,,,,,,,,,,,,,,,,,,,,,,,,,,,,,,,,,,,,,,,,,,,,,,,,,,,,,,,,,,,,,,,,,,,,,,,,,,,,,,,,,,,,,,,,,,,,,,,,,,,,,,,,,,,,,,,,,,,,,,,,,,,,,,,,,,,,,,,,,,,,,,,,,,,,,,,,,,,,,,,,,,,,,,,,,,,,,,,,,,,,,,,,,,,,,,,,,,,,,,,,,,,,,,,,,,,,,,,,,,,,,,,,,,,,,,,,,,,,,,,,,,,,,,,,,,,,,,,,,,,,,,,,,,,,,,,,,,,,,,,,,,,,,,,,,,,,,,,,,,,,,,,,,,,,,,,,,,,,,,,,,,,,,,,,,,,,,,,,,,,,,,,,,,,,,,,,,,,,,,,,,,,,,,,,,,,,,,,,,,,,,,,,,,,,,,,,,,,,,,,,,,,,,,,,,,,
0,254,255,0,0,10,0,2,0,0,0,0,0,0,0,0,0,0,0,0,0,0,0,0,0,1,0,0,0,2,213,205,213,156,46,27,16,147,151,8,0,43,44,249,174,48,0,0,0,64,1,0,0,15,0,0,0,1,0,0,0,128,0,0,0,2,0,0,0,136,0,0,0,14,0,0,0,148,0,0,0,15,0,0,0,160,0,0,0,4,0,0,0,172,0,0,0,5,0,0,0,180,0,0,0,6,0,0,0,188,0,0,0,17,0,0,0,196,0,0,0,23,0,0,0,204,0,0,0,11,0,0,0,212,0,0,0,16,0,0,0,220,0,0,0,19,0,0,0,228,0,0,0,22,0,0,0,236,0,0,0,13,0,0,0,244,0,0,0,12,0,0,0,6,1,0,0,2,0,0,0,227,4,0,0,30,0,0,0,4,0,0,0,0,0,0,0,30,0,0,0,4,0,0,0,0,0,0,0,30,0,0,0,4,0,0,0,0,0,0,0,3,0,0,0,0,104,0,0,3,0,0,0,46,0,0,0,3,0,0,0,1,0,0,0,3,0,0,0,56,35,0,0,3,0,0,0,0,0,16,0,11,0,0,0,0,0,0,0,11,0,0,0,0,0,0,0,11,0,0,0,0,0,0,0,11,0,0,0,0,0,0,0,30,16,0,0,2,0,0,0,1,0,0,0,0,1,0,0,0,0,12,16,0,0,4,0,0,0,30,0,0,0,6,0,0,0,84,105,116,108,101,0,3,0,0,0,1,0,0,0,30,0,0,0,9,0,0,0,205,224,231,226,224,237,232,229,0,3,0,0,0,1,0,0,0,0,0,0,0,0,0,0,0,0,0,0,0,0,0,0,0,0,0,0,0,0,0,0,0,0,0,0,0,0,0,0,0,0,0,0,0,0,0,0,0,0,0,0,0,0,0,0,0,0,0,0,0,0,0,0,0,0,0,0,0,0,0,0,0,0,0,0,0,0,0,0,0,0,0,0,0,0,0,0,0,0,0,0,0,0,0,0,0,0,0,0,0,0,0,0,0,0,0,0,0,0,0,0,0,0,0,0,0,0,0,0,0,0,0,0,0,0,0,0,0,0,0,0,0,0,0,0,0,0,0,0,0,0,0,0,0,0,0,0,0,0,0,0,0,0,0,0,0,0,0,0,0,0,0,0,0,0,0,0,0,0,0,0,0,0,0,0,0,0,0,0,0,0,0,0,0,0,0,0,0,0,0,0,0,0,0,0,0,0,0,0,0,0,0,0,0,0,0,0,0,0,0,0,0,0,0,0,0,0,0,0,0,0,0,0,0,0,0,0,0,0,0,0,0,0,0,0,0,0,0,0,0,0,0,0,0,0,0,0,0,0,0,0,0,0,0,0,0,0,0,0,0,0,0,0,0,0,0,0,0,0,0,0,0,0,0,0,0,0,0,0,0,0,0,0,0,0,0,0,0,0,0,0,0,0,0,0,0,0,0,0,0,0,0,0,0,0,0,0,0,0,0,0,0,0,0,0,0,0,0,0,0,0,0,0,0,0,0,0,0,0,0,0,0,0,0,0,0,0,0,0,0,0,0,0,0,0,0,0,0,0,0,0,0,0,0,0,0,0,0,0,0,0,0,0,0,0,0,0,0,0,0,0,0,0,0,0,0,0,0,0,0,0,0,0,0,0,0,0,0,0,0,0,0,0,0,0,0,0,0,0,0,0,0,0,0,0,0,0,0,0,0,0,0,0,0,0,0,0,0,0,0,0,0,0,0,0,0,0,0,0,0,0,0,0,0,0,0,0,0,0,0,0,0,0,0,0,0,0,0,0,0,0,0,0,0,0,0,0,0,0,0,0,0,0,0,0,0,0,0,0,0,0,0,0,0,0,0,0,0,0,0,0,0,0,0,0,0,0,0,0,0,0,0,0,0,0,0,0,0,0,0,0,0,0,0,0,0,0,0,0,0,0,0,0,0,0,0,0,0,0,0,0,0,0,0,0,0,0,0,0,0,0,0,0,0,0,0,0,0,0,0,0,0,0,0,0,0,0,0,0,0,0,0,0,0,0,0,0,0,0,0,0,0,0,0,0,0,0,0,0,0,0,0,0,0,0,0,0,0,0,0,0,0,0,0,0,0,0,0,0,0,0,0,0,0,0,0,0,0,0,0,0,0,0,0,0,0,0,0,0,0,0,0,0,0,0,0,0,0,0,0,0,0,0,0,0,0,0,0,0,0,0,0,0,0,0,0,0,0,0,0,0,0,0,0,0,0,0,0,0,0,0,0,0,0,0,0,0,0,0,0,0
1,254,255,0,0,10,0,2,0,0,0,0,0,0,0,0,0,0,0,0,0,0,0,0,0,1,0,0,0,224,133,159,242,249,79,104,16,171,145,8,0,43,39,179,217,48,0,0,0,120,1,0,0,17,0,0,0,1,0,0,0,144,0,0,0,2,0,0,0,152,0,0,0,3,0,0,0,164,0,0,0,4,0,0,0,176,0,0,0,5,0,0,0,192,0,0,0,6,0,0,0,204,0,0,0,7,0,0,0,216,0,0,0,8,0,0,0,232,0,0,0,9,0,0,0,8,1,0,0,18,0,0,0,20,1,0,0,10,0,0,0,52,1,0,0,12,0,0,0,64,1,0,0,13,0,0,0,76,1,0,0,14,0,0,0,88,1,0,0,15,0,0,0,96,1,0,0,16,0,0,0,104,1,0,0,19,0,0,0,112,1,0,0,2,0,0,0,227,4,0,0,30,0,0,0,4,0,0,0,0,0,0,0,30,0,0,0,4,0,0,0,0,0,0,0,30,0,0,0,8,0,0,0,97,100,109,105,110,0,0,0,30,0,0,0,4,0,0,0,0,0,0,0,30,0,0,0,4,0,0,0,0,0,0,0,30,0,0,0,8,0,0,0,78,111,114,109,97,108,0,0,30,0,0,0,24,0,0,0,207,238,235,252,231,238,226,224,242,229,235,252,32,87,105,110,100,111,119,115,0,0,0,0,30,0,0,0,4,0,0,0,50,0,0,0,30,0,0,0,24,0,0,0,77,105,99,114,111,115,111,102,116,32,79,102,102,105,99,101,32,87,111,114,100,0,0,0,64,0,0,0,0,0,0,0,0,0,0,0,64,0,0,0,0,228,36,152,78,190,215,1,64,0,0,0,0,228,36,152,78,190,215,1,3,0,0,0,1,0,0,0,3,0,0,0,107,0,0,0,3,0,0,0,206,34,0,0,3,0,0,0,0,0,0,0,0,0,0,0,0,0,0,0,0,0,0,0,0,0,0,0,0,0,0,0,0,0,0,0,0,0,0,0,0,0,0,0,0,0,0,0,0,0,0,0,0,0,0,0,0,0,0,0,0,0,0,0,0,0,0,0,0,0,0,0,0,0,0,0,0,0,0,0,0,0,0,0,0,0,0,0,0,0,0,0,0,0,0,0,0,0,0,0,0,0,0,0,0,0,0,0,0,0,0,0,0,0,0,0,0,0,0,0,0,0,0,0,0,0,0,0,0,0,0,0,0,0,0,0,0,0,0,0,0,0,0,0,0,0,0,0,0,0,0,0,0,0,0,0,0,0,0,0,0,0,0,0,0,0,0,0,0,0,0,0,0,0,0,0,0,0,0,0,0,0,0,0,0,0,0,0,0,0,0,0,0,0,0,0,0,0,0,0,0,0,0,0,0,0,0,0,0,0,0,0,0,0,0,0,0,0,0,0,0,0,0,0,0,0,0,0,0,0,0,0,0,0,0,0,0,0,0,0,0,0,0,0,0,0,0,0,0,0,0,0,0,0,0,0,0,0,0,0,0,0,0,0,0,0,0,0,0,0,0,0,0,0,0,0,0,0,0,0,0,0,0,0,0,0,0,0,0,0,0,0,0,0,0,0,0,0,0,0,0,0,0,0,0,0,0,0,0,0,0,0,0,0,0,0,0,0,0,0,0,0,0,0,0,0,0,0,0,0,0,0,0,0,0,0,0,0,0,0,0,0,0,0,0,0,0,0,0,0,0,0,0,0,0,0,0,0,0,0,0,0,0,0,0,0,0,0,0,0,0,0,0,0,0,0,0,0,0,0,0,0,0,0,0,0,0,0,0,0,0,0,0,0,0,0,0,0,0,0,0,0,0,0,0,0,0,0,0,0,0,0,0,0,0,0,0,0,0,0,0,0,0,0,0,0,0,0,0,0,0,0,0,0,0,0,0,0,0,0,0,0,0,0,0,0,0,0,0,0,0,0,0,0,0,0,0,0,0,0,0,0,0,0,0,0,0,0,0,0,0,0,0,0,0,0,0,0,0,0,0,0,0,0,0,0,0,0,0,0,0,0,0,0,0,0,0,0,0,0,0,0,0,0,0,0,0,0,0,0,0,0,0,0,0,0,0,0,0,0,0,0,0,0,0,0,0,0,0,0,0,0,0,0,0,0,0,0,0,0,0,0,0,0,0,0,0,0,0,0,0,0,0,0,0,0,0,0,0,0,0,0,0,0,0,0,0,0,0,0,0,0,0,0,0,0,0,0,0,0,0,0,0,0,0,0,0,0,0,0,0,0,0,0,0,0,0,0,0,0,0,0,0,0,0,0
0,10,6,15,0,18,0,1,0,115,1,15,0,7,0,3,0,3,0,3,0,0,0,4,0,8,0,0,0,152,0,0,0,158,0,0,0,158,0,0,0,158,0,0,0,158,0,0,0,158,0,0,0,158,0,0,0,158,0,0,0,158,0,0,0,54,6,0,0,54,6,0,0,54,6,0,0,54,6,0,0,54,6,0,0,54,6,0,0,54,6,0,0,54,6,0,0,54,6,0,0,118,2,0,0,118,2,0,0,118,2,0,0,118,2,0,0,118,2,0,0,118,2,0,0,118,2,0,0,118,2,0,0,118,2,0,0,54,6,0,0,54,6,0,0,54,6,0,0,54,6,0,0,54,6,0,0,54,6,0,0,62,2,0,0,54,6,0,0,54,6,0,0,54,6,0,0,54,6,0,0,54,6,0,0,54,6,0,0,54,6,0,0,54,6,0,0,54,6,0,0,54,6,0,0,54,6,0,0,54,6,0,0,54,6,0,0,54,6,0,0,54,6,0,0,54,6,0,0,54,6,0,0,54,6,0,0,54,6,0,0,54,6,0,0,54,6,0,0,54,6,0,0,54,6,0,0,54,6,0,0,54,6,0,0,54,6,0,0,54,6,0,0,168,0,0,0,54,6,0,0,54,6,0,0,22,0,0,0,54,6,0,0,54,6,0,0,54,6,0,0,54,6,0,0,54,6,0,0,54,6,0,0,54,6,0,0,54,6,0,0,184,0,0,0,54,6,0,0,54,6,0,0,54,6,0,0,54,6,0,0,54,6,0,0,54,6,0,0,54,6,0,0,54,6,0,0,54,6,0,0,54,6,0,0,54,6,0,0,54,6,0,0,104,1,0,0,72,1,0,0,54,6,0,0,54,6,0,0,54,6,0,0,54,6,0,0,54,6,0,0,54,6,0,0,54,6,0,0,54,6,0,0,54,6,0,0,54,6,0,0,54,6,0,0,54,6,0,0,54,6,0,0,54,6,0,0,54,6,0,0,54,6,0,0,54,6,0,0,54,6,0,0,54,6,0,0,54,6,0,0,54,6,0,0,54,6,0,0,54,6,0,0,54,6,0,0,54,6,0,0,54,6,0,0,54,6,0,0,54,6,0,0,54,6,0,0,54,6,0,0,54,6,0,0,54,6,0,0,54,6,0,0,54,6,0,0,54,6,0,0,54,6,0,0,54,6,0,0,54,6,0,0,54,6,0,0,54,6,0,0,54,6,0,0,54,6,0,0,54,6,0,0,54,6,0,0,54,6,0,0,54,6,0,0,54,6,0,0,54,6,0,0,54,6,0,0,54,6,0,0,54,6,0,0,54,6,0,0,54,6,0,0,54,6,0,0,54,6,0,0,54,6,0,0,54,6,0,0,54,6,0,0,54,6,0,0,54,6,0,0,54,6,0,0,54,6,0,0,54,6,0,0,54,6,0,0,54,6,0,0,112,2,0,0,54,6,0,0,50,6,0,0,24,0,0,0,198,3,0,0,214,3,0,0,230,3,0,0,246,3,0,0,6,4,0,0,22,4,0,0,38,4,0,0,54,4,0,0,70,4,0,0,86,4,0,0,102,4,0,0,118,4,0,0,134,4,0,0,150,4,0,0,198,3,0,0,214,3,0,0,230,3,0,0,246,3,0,0,6,4,0,0,22,4,0,0,50,6,0,0,40,2,0,0,216,1,0,0,232,1,0,0,38,4,0,0,54,4,0,0,70,4,0,0,86,4,0,0,102,4,0,0,118,4,0,0,134,4,0,0,150,4,0,0,198,3,0,0,214,3,0,0,230,3,0,0,246,3,0,0,6,4,0,0,22,4,0,0,38,4,0,0,54,4,0,0,70,4,0,0,86,4,0,0,102,4,0,0,118,4,0,0,134,4,0,0,150,4,0,0,198,3,0,0,214,3,0,0,230,3,0,0,246,3,0,0,6,4,0,0,22,4,0,0,38,4,0,0,54,4,0,0,70,4,0,0,86,4,0,0,102,4,0,0,118,4,0,0,134,4,0,0,150,4,0,0,198,3,0,0,214,3,0,0,230,3,0,0,246,3,0,0,6,4,0,0,22,4,0,0,38,4,0,0,54,4,0,0,70,4,0,0,86,4,0,0,102,4,0,0,118,4,0,0,134,4,0,0,150,4,0,0,198,3,0,0,214,3,0,0,230,3,0,0,246,3,0,0,6,4,0,0,22,4,0,0,38,4,0,0,54,4,0,0,70,4,0,0,86,4,0,0,102,4,0,0,118,4,0,0,134,4,0,0,150,4,0,0,198,3,0,0,214,3,0,0,230,3
0,60,103,0,0,68,0,100,0,0,0,0,0,0,0,8,0,0,0,0,0,0,0,0,0,0,0,0,0,90,45,154,11,37,3,37,3,0,0,0,0,0,0,0,0,0,0,0,0,0,0,0,0,0,0,0,0,0,0,0,0,0,0,0,0,0,0,0,0,15,0,4,240,66,0,0,0,178,4,10,240,8,0,0,0,1,4,0,0,0,10,0,0,67,0,11,240,30,0,0,0,4,65,1,0,0,0,5,193,6,0,0,0,6,1,2,0,0,0,255,1,0,0,8,0,117,0,115,0,0,0,0,0,16,240,4,0,0,0,0,0,0,128,98,0,7,240,166,102,0,0,6,6,190,176,134,23,221,233,95,125,203,230,5,44,33,14,32,114,255,0,130,102,0,0,1,0,0,0,68,0,0,0,0,0,0,0,0,110,30,240,122,102,0,0,190,176,134,23,221,233,95,125,203,230,5,44,33,14,32,114,255,137,80,78,71,13,10,26,10,0,0,0,13,73,72,68,82,0,0,3,6,0,0,0,198,8,3,0,0,0,95,24,103,207,0,0,0,14,103,73,70,120,78,69,84,83,67,65,80,69,50,46,48,1,0,0,36,78,152,80,0,0,3,0,80,76,84,69,0,0,0,255,255,255,65,165,238,41,80,147,16,63,145,234,236,242,211,216,229,222,226,236,0,52,170,134,150,187,148,162,194,175,185,208,199,206,222,19,80,197,19,75,184,85,111,163,102,125,171,118,138,179,161,174,201,187,196,215,228,233,243,251,252,254,0,61,175,16,74,178,17,71,172,19,77,186,18,74,175,18,72,174,17,70,165,15,61,144,20,79,188,19,76,177,19,75,176,16,64,147,15,60,139,15,59,138,14,57,132,13,53,122,21,82,190,20,78,180,20,77,178,20,77,177,13,51,118,13,50,115,21,80,182,13,49,114,13,49,113,24,87,196,25,70,148,28,73,151,30,74,151,32,75,153,38,81,156,67,104,169,65,96,155,100,129,184,170,186,216,218,226,241,218,223,232,0,67,179,17,82,184,8,34,76,20,84,185,16,65,149,11,46,104,11,46,103,10,42,94,9,37,84,20,79,179,20,80,177,14,56,128,13,52,118,7,29,64,22,85,193,21,84,183,21,83,183,21,81,180,18,70,156,16,62,141,22,83,182,21,80,179,17,64,143,13,50,109,24,91,197,24,89,196,24,88,194,23,86,185,22,82,181,18,66,145,23,85,184,23,84,183,24,87,186,22,79,168,25,84,182,30,79,161,42,103,206,124,152,196,131,156,197,159,179,212,177,193,220,195,211,237,218,224,234,1,73,182,8,77,181,15,81,182,18,87,188,5,23,49,20,87,187,25,95,201,23,87,186,25,93,199,25,93,194,24,92,192,24,91,190,24,90,189,23,87,182,23,86,181,18,67,140,14,53,112,27,98,204,25,93,190,25,91,189,24,88,186,24,87,185,24,89,184,22,81,170,22,79,167,26,94,191,25,91,188,25,90,188,13,47,97,26,93,190,26,92,189,26,90,187,27,94,191,26,88,184,28,95,192,28,95,191,22,73,149,29,96,192,28,93,188,30,97,192,30,96,190,33,99,194,33,94,188,37,101,197,36,98,192,38,102,193,41,104,195,53,113,198,62,118,200,72,126,203,89,135,206,104,148,212,118,157,215,131,167,220,141,173,222,147,178,224,156,184,226,167,192,230,200,216,240,210,223,242,234,240,249,241,245,251,244,246,249,3,78,184,8,82,186,12,85,187,16,88,188,20,90,189,28,98,197,27,96,192,26,92,182,28,96,191,29,97,193,30,98,193,31,99,194,31,100,194,25,79,153,32,100,194,32,100,193,26,82,155,33,102,195,34,103,195,34,101,194,33,102,192,35,103,196,44,109,197,179,203,234,223,233,246,237,243,251,246,249,253,29,95,179,34,107,200,26,80,147,19,57,103,37,109,194,217,221,226,243,247,252,22,65,115,42,122,212,41,120,208,44,126,215,43,124,211,43,123,210,38,110,187,32,92,157,25,71,121,42,118,201,54,131,213,75,151,235,144,179,217,227,237,248,47,130,215,24,66,109,249,251,253,253,254,255,252,253,254,54,140,210,155,205,246,59,155,231,57,148,221,56,144,209,65,165,239,58,148,214,58,147,213,51,129,187,43,108,158,66,167,241,67,163,237,70,160,232,78,171,239,82,172,239,84,174,240,92,177,241,105,183,241,64,166,238,64,163,235,61,156,225,65,165,237,64,161,231,68,171,242,61,154,217,55,139,198,34,85,121,60,150,213,37,93
0,73,68,61,34,123,57,56,50,67,67,55,67,57,45,66,49,70,68,45,52,52,52,67,45,56,66,57,66,45,53,57,70,70,49,68,53,50,52,65,50,57,125,34,13,10,68,111,99,117,109,101,110,116,61,84,104,105,115,68,111,99,117,109,101,110,116,47,38,72,48,48,48,48,48,48,48,48,13,10,77,111,100,117,108,101,61,109,97,105,110,13,10,78,97,109,101,61,34,104,87,90,83,108,79,101,34,13,10,72,101,108,112,67,111,110,116,101,120,116,73,68,61,34,48,34,13,10,86,101,114,115,105,111,110,67,111,109,112,97,116,105,98,108,101,51,50,61,34,51,57,51,50,50,50,48,48,48,34,13,10,67,77,71,61,34,68,52,68,54,68,66,65,52,53,68,69,49,54,49,69,49,54,49,69,49,54,49,69,49,54,49,34,13,10,68,80,66,61,34,49,53,49,55,49,65,54,55,49,65,65,57,49,66,65,57,49,66,65,57,34,13,10,71,67,61,34,53,54,53,52,53,57,50,50,68,66,50,50,49,68,50,51,49,68,50,51,69,50,34,13,10,13,10,91,72,111,115,116,32,69,120,116,101,110,100,101,114,32,73,110,102,111,93,13,10,38,72,48,48,48,48,48,48,48,49,61,123,51,56,51,50,68,54,52,48,45,67,70,57,48,45,49,49,67,70,45,56,69,52,51,45,48,48,65,48,67,57,49,49,48,48,53,65,125,59,86,66,69,59,38,72,48,48,48,48,48,48,48,48,13,10,13,10,91,87,111,114,107,115,112,97,99,101,93,13,10,84,104,105,115,68,111,99,117,109,101,110,116,61,48,44,32,48,44,32,48,44,32,48,44,32,67,13,10,109,97,105,110,61,48,44,32,48,44,32,48,44,32,48,44,32,67,13,10,13,51,118,13,50,115,21,80,182,13,49,114,13,49,113,24,87,196,25,70,148,28,73,151,30,74,151,32,75,153,38,81,156,67,104,169,65,96,155,100,129,184,170,186,216,218,226,241,218,223,232,0,67,179,17,82,184,8,34,76,20,84,185,16,65,149,11,46,104,11,46,103,10,42,94,9,37,84,20,79,179,20,80,177,14,56,128,13,52,118,7,29,64,22,85,193,21,84,183,21,83,183,21,81,180,18,70,156,16,62,141,22,83,182,21,80,179,17,64,143,13,50,109,24,91,197,24,89,196,24,88,194,23,86,185,22,82,181,18,66,145,23,85,184,23,84,183,24,87,186,22,79,168,25,84,182,30,79,161,42,103,206,124,152,196,131,156,197,159,179,212,177,193,220,195,211,237,218,224,234,1,73,182,8,77,181,15,81,182,18,87,188,5,23,49,20,87,187,25,95,201,23,87,186,25,93,199,25,93,194,24,92,192,24,91,190,24,90,189,23,87,182,23,86,181,18,67,140,14,53,112,27,98,204,25,93,190,25,91,189,24,88,186,24,87,185,24,89,184,22,81,170,22,79,167,26,94,191,25,91,188,25,90,188,13,47,97,26,93,190,26,92,189,26,90,187,27,94,191,26,88,184,28,95,192,28,95,191,22,73,149,29,96,192,28,93,188,30,97,192,30,96,190,33,99,194,33,94,188,37,101,197,36,98,192,38,102,193,41,104,195,53,113,198,62,118,200,72,126,203,89,135,206,104,148,212,118,157,215,131,167,220,141,173,222,147,178,224,156,184,226,167,192,230,200,216,240,210,223,242,234,240,249,241,245,251,244,246,249,3,78,184,8,82,186,12,85,187,16,88,188,20,90,189,28,98,197,27,96,192,26,92,182,28,96,191,29,97,193,30,98,193,31,99,194,31,100,194,25,79,153,32,100,194,32,100,193,26,82,155,33,102,195,34,103,195,34,101,194,33,102,192,35,103,196,44,109,197,179,203,234,223,233,246,237,243,251,246,249,253,29,95,179,34,107,200,26,80,147,19,57,103,37,109,194,217,221,226,243,247,252,22,65,115,42,122,212,41,120,208,44,126,215,43,124,211,43,123,210,38,110,187,32,92,157,25,71,121,42,118,201,54,131,213,75,151,235,144,179,217,227,237,248,47,130,215,24,66,109,249,251,253,253,254,255,252,253,254,54,140,210,155,205,246,59,155,231,57,148,221,56,144,209,65,165,239,58,148,214,58,147,213,51,129,187,43,108,158,66,167,241,67,163,237,70,160,232,78,171,239,82,172,239,84,174,240,92,177,241,105,183,241,64,166,238,64,163,235,61,156,225,65,165,237,64,161,231,68,171,242,61,154,217,55,139,198,34,85,121,60,150,213,37,93
0,84,104,105,115,68,111,99,117,109,101,110,116,0,84,0,104,0,105,0,115,0,68,0,111,0,99,0,117,0,109,0,101,0,110,0,116,0,0,0,109,97,105,110,0,109,0,97,0,105,0,110,0,0,0,0,0,105,115,68,111,99,117,109,101,110,116,47,38,72,48,48,48,48,48,48,48,48,13,10,77,111,100,117,108,101,61,109,97,105,110,13,10,78,97,109,101,61,34,104,87,90,83,108,79,101,34,13,10,72,101,108,112,67,111,110,116,101,120,116,73,68,61,34,48,34,13,10,86,101,114,115,105,111,110,67,111,109,112,97,116,105,98,108,101,51,50,61,34,51,57,51,50,50,50,48,48,48,34,13,10,67,77,71,61,34,68,52,68,54,68,66,65,52,53,68,69,49,54,49,69,49,54,49,69,49,54,49,69,49,54,49,34,13,10,68,80,66,61,34,49,53,49,55,49,65,54,55,49,65,65,57,49,66,65,57,49,66,65,57,34,13,10,71,67,61,34,53,54,53,52,53,57,50,50,68,66,50,50,49,68,50,51,49,68,50,51,69,50,34,13,10,13,10,91,72,111,115,116,32,69,120,116,101,110,100,101,114,32,73,110,102,111,93,13,10,38,72,48,48,48,48,48,48,48,49,61,123,51,56,51,50,68,54,52,48,45,67,70,57,48,45,49,49,67,70,45,56,69,52,51,45,48,48,65,48,67,57,49,49,48,48,53,65,125,59,86,66,69,59,38,72,48,48,48,48,48,48,48,48,13,10,13,10,91,87,111,114,107,115,112,97,99,101,93,13,10,84,104,105,115,68,111,99,117,109,101,110,116,61,48,44,32,48,44,32,48,44,32,48,44,32,67,13,10,109,97,105,110,61,48,44,32,48,44,32,48,44,32,48,44,32,67,13,10,13,51,118,13,50,115,21,80,182,13,49,114,13,49,113,24,87,196,25,70,148,28,73,151,30,74,151,32,75,153,38,81,156,67,104,169,65,96,155,100,129,184,170,186,216,218,226,241,218,223,232,0,67,179,17,82,184,8,34,76,20,84,185,16,65,149,11,46,104,11,46,103,10,42,94,9,37,84,20,79,179,20,80,177,14,56,128,13,52,118,7,29,64,22,85,193,21,84,183,21,83,183,21,81,180,18,70,156,16,62,141,22,83,182,21,80,179,17,64,143,13,50,109,24,91,197,24,89,196,24,88,194,23,86,185,22,82,181,18,66,145,23,85,184,23,84,183,24,87,186,22,79,168,25,84,182,30,79,161,42,103,206,124,152,196,131,156,197,159,179,212,177,193,220,195,211,237,218,224,234,1,73,182,8,77,181,15,81,182,18,87,188,5,23,49,20,87,187,25,95,201,23,87,186,25,93,199,25,93,194,24,92,192,24,91,190,24,90,189,23,87,182,23,86,181,18,67,140,14,53,112,27,98,204,25,93,190,25,91,189,24,88,186,24,87,185,24,89,184,22,81,170,22,79,167,26,94,191,25,91,188,25,90,188,13,47,97,26,93,190,26,92,189,26,90,187,27,94,191,26,88,184,28,95,192,28,95,191,22,73,149,29,96,192,28,93,188,30,97,192,30,96,190,33,99,194,33,94,188,37,101,197,36,98,192,38,102,193,41,104,195,53,113,198,62,118,200,72,126,203,89,135,206,104,148,212,118,157,215,131,167,220,141,173,222,147,178,224,156,184,226,167,192,230,200,216,240,210,223,242,234,240,249,241,245,251,244,246,249,3,78,184,8,82,186,12,85,187,16,88,188,20,90,189,28,98,197,27,96,192,26,92,182,28,96,191,29,97,193,30,98,193,31,99,194,31,100,194,25,79,153,32,100,194,32,100,193,26,82,155,33,102,195,34,103,195,34,101,194,33,102,192,35,103,196,44,109,197,179,203,234,223,233,246,237,243,251,246,249,253,29,95,179,34,107,200,26,80,147,19,57,103,37,109,194,217,221,226,243,247,252,22,65,115,42,122,212,41,120,208,44,126,215,43,124,211,43,123,210,38,110,187,32,92,157,25,71,121,42,118,201,54,131,213,75,151,235,144,179,217,227,237,248,47,130,215,24,66,109,249,251,253,253,254,255,252,253,254,54,140,210,155,205,246,59,155,231,57,148,221,56,144,209,65,165,239,58,148,214,58,147,213,51,129,187,43,108,158,66,167,241,67,163,237,70,160,232,78,171,239,82,172,239,84,174,240,92,177,241,105,183,241,64,166,238,64,163,235,61,156,225,65,165,237,64,161,231,68,171,242,61,154,217,55,139,198,34,85,121,60,150,213,37,93
0,1,22,3,0,6,0,1,0,0,140,3,0,0,228,0,0,0,234,1,0,0,186,3,0,0,200,3,0,0,128,4,0,0,1,0,0,0,1,0,0,0,11,152,45,224,0,0,255,255,163,1,0,0,136,0,0,0,182,0,255,255,1,1,0,0,0,0,255,255,255,255,0,0,0,0,255,255,112,0,255,255,0,0,141,233,43,36,179,101,190,71,171,77,153,213,153,142,120,36,149,22,75,11,104,194,98,75,180,57,179,85,207,179,219,99,0,0,0,0,0,0,0,0,0,0,0,0,0,0,0,0,1,0,0,0,17,129,40,248,127,103,176,71,178,205,246,104,115,1,181,36,16,0,0,0,3,0,0,0,5,0,0,0,7,0,0,0,255,255,255,255,255,255,255,255,1,1,8,0,0,0,255,255,255,255,120,0,0,0,8,17,129,40,248,127,103,176,71,178,205,246,104,115,1,181,36,141,233,43,36,179,101,190,71,171,77,153,213,153,142,120,36,255,255,0,0,0,0,77,69,0,0,255,255,255,255,255,255,0,0,0,0,255,255,0,0,0,0,255,255,1,1,0,0,0,0,223,0,255,255,0,0,0,0,255,255,255,255,255,255,255,255,255,255,255,255,255,255,255,255,255,255,255,255,255,255,255,255,255,255,255,255,255,255,255,255,255,255,255,255,255,255,255,255,255,255,255,255,255,255,255,255,255,255,255,255,255,255,255,255,255,255,255,255,255,255,255,255,255,255,255,255,255,255,255,255,255,255,255,255,255,255,255,255,255,255,255,255,255,255,255,255,255,255,255,255,255,255,255,255,255,255,255,255,255,255,255,255,255,255,255,255,255,255,255,255,255,255,255,255,255,255,255,255,255,255,255,255,255,255,255,255,255,255,40,0,0,0,2,0,83,34,255,255,255,255,0,0,1,0,83,16,255,255,255,255,0,0,1,0,83,34,255,255,255,255,0,0,0,0,54,34,255,255,255,255,0,0,255,255,1,1,0,0,0,0,1,0,40,0,49,0,78,0,111,0,114,0,109,0,97,0,108,0,46,0,84,0,104,0,105,0,115,0,68,0,111,0,99,0,117,0,109,0,101,0,110,0,116,0,9,0,0,0,0,0,255,255,255,255,1,1,16,1,0,0,2,128,254,255,255,255,255,255,32,0,0,0,255,255,255,255,48,0,0,0,2,1,255,255,0,0,0,0,0,0,0,0,255,255,255,255,255,255,255,255,0,0,0,0,0,0,0,0,29,0,0,0,37,0,0,0,255,255,255,255,176,0,0,0,2,131,254,255,255,255,255,255,0,0,0,0,255,255,255,255,112,0,0,0,0,0,255,255,255,255,255,255,0,0,0,0,255,255,255,255,255,255,255,255,0,0,0,0,0,0,0,0,29,0,24,0,37,0,0,0,130,160,36,2,255,255,255,255,254,255,255,255,255,255,255,255,168,0,0,0,2,0,255,255,254,255,255,255,0,0,0,0,255,255,255,255,255,255,255,255,0,0,0,0,0,0,0,0,29,0,24,0,37,0,0,0,12,17,46,2,255,255,255,255,0,0,4,96,0,0,0,0,255,255,255,255,255,255,255,255,0,0,0,0,0,0,0,0,0,0,0,0,0,0,0,0,255,255,255,255,0,0,0,0,10,0,0,0,0,0,0,0,255,255,255,255,255,255,255,255,224,13,0,0,3,0,3,0,0,0,0,0,0,0,0,0,148,0,0,3,0,0,0,0,255,255,255,255,240,0,0,0,1,0,1,0,0,0,1,0,0,0,0,0,0,0,0,0,176,0,0,0,255,255,255,255,255,255,255,255,0,0,0,0,255,255,255,255,255,255,255,255,176,0,0,0,255,255,255,255,255,255,255,255,0,0,0,0,255,255,255,255,255,255,255,255,255,255,255,255,120,0,0,0,64,0,0,0,0,0,0,0,0,0,0,0,120,0,0,0,8,0,0,0,0,0,232,13,224,13,255,255,255,255,255,255,255,255,255,255,255,255,255,255,255,255,255,255,255,255,255,255,16,0,0,0,2,0,56,0,0,0,77,116,91,99,12,0,1,36,0,42,0,92,0,82,0,102,0,102,0,102,0,102,0,42,0,48,0,59,0,54,0,51,0,53,0,98,0,55,0,52,0,52,0,100,0,223,1,0,0,0,0,0,255,255,255,255,96,0,0,0,0,0,0,0,0,0,0,0,0,0,0,0,0,0,0,0,0,0,0,0,0,0,0,0,0,0,0,0,0,0,0,0,0,0,0,0,0,0,0,0,0,0,0,0,0,0,0,0,0,0
1,204,97,178,0,0,3,0,255,25,4,0,0,9,4,0,0,227,4,3,0,0,0,0,0,0,0,0,0,1,0,6,0,2,0,254,0,42,0,92,0,71,0,123,0,48,0,48,0,48,0,50,0,48,0,52,0,69,0,70,0,45,0,48,0,48,0,48,0,48,0,45,0,48,0,48,0,48,0,48,0,45,0,67,0,48,0,48,0,48,0,45,0,48,0,48,0,48,0,48,0,48,0,48,0,48,0,48,0,48,0,48,0,52,0,54,0,125,0,35,0,52,0,46,0,50,0,35,0,57,0,35,0,67,0,58,0,92,0,80,0,82,0,79,0,71,0,82,0,65,0,126,0,49,0,92,0,67,0,79,0,77,0,77,0,79,0,78,0,126,0,49,0,92,0,77,0,73,0,67,0,82,0,79,0,83,0,126,0,49,0,92,0,86,0,66,0,65,0,92,0,86,0,66,0,65,0,55,0,46,0,49,0,92,0,86,0,66,0,69,0,55,0,46,0,68,0,76,0,76,0,35,0,86,0,105,0,115,0,117,0,97,0,108,0,32,0,66,0,97,0,115,0,105,0,99,0,32,0,70,0,111,0,114,0,32,0,65,0,112,0,112,0,108,0,105,0,99,0,97,0,116,0,105,0,111,0,110,0,115,0,0,0,0,0,0,0,0,0,0,0,0,0,16,1,42,0,92,0,71,0,123,0,48,0,48,0,48,0,50,0,48,0,57,0,48,0,53,0,45,0,48,0,48,0,48,0,48,0,45,0,48,0,48,0,48,0,48,0,45,0,67,0,48,0,48,0,48,0,45,0,48,0,48,0,48,0,48,0,48,0,48,0,48,0,48,0,48,0,48,0,52,0,54,0,125,0,35,0,56,0,46,0,55,0,35,0,48,0,35,0,67,0,58,0,92,0,80,0,114,0,111,0,103,0,114,0,97,0,109,0,32,0,70,0,105,0,108,0,101,0,115,0,92,0,77,0,105,0,99,0,114,0,111,0,115,0,111,0,102,0,116,0,32,0,79,0,102,0,102,0,105,0,99,0,101,0,92,0,79,0,102,0,102,0,105,0,99,0,101,0,49,0,54,0,92,0,77,0,83,0,87,0,79,0,82,0,68,0,46,0,79,0,76,0,66,0,35,0,77,0,105,0,99,0,114,0,111,0,115,0,111,0,102,0,116,0,32,0,87,0,111,0,114,0,100,0,32,0,49,0,54,0,46,0,48,0,32,0,79,0,98,0,106,0,101,0,99,0,116,0,32,0,76,0,105,0,98,0,114,0,97,0,114,0,121,0,0,0,0,0,0,0,0,0,0,0,0,0,188,0,42,0,92,0,71,0,123,0,48,0,48,0,48,0,50,0,48,0,52,0,51,0,48,0,45,0,48,0,48,0,48,0,48,0,45,0,48,0,48,0,48,0,48,0,45,0,67,0,48,0,48,0,48,0,45,0,48,0,48,0,48,0,48,0,48,0,48,0,48,0,48,0,48,0,48,0,52,0,54,0,125,0,35,0,50,0,46,0,48,0,35,0,48,0,35,0,67,0,58,0,92,0,87,0,105,0,110,0,100,0,111,0,119,0,115,0,92,0,83,0,121,0,115,0,116,0,101,0,109,0,51,0,50,0,92,0,115,0,116,0,100,0,111,0,108,0,101,0,50,0,46,0,116,0,108,0,98,0,35,0,79,0,76,0,69,0,32,0,65,0,117,0,116,0,111,0,109,0,97,0,116,0,105,0,111,0,110,0,0,0,0,0,0,0,0,0,0,0,0,0,18,0,42,0,92,0,67,0,78,0,111,0,114,0,109,0,97,0,108,0,18,0,42,0,92,0,67,0,78,0,111,0,114,0,109,0,97,0,108,0,76,116,91,99,8,0,0,0,0,0,0,0,40,1,42,0,92,0,71,0,123,0,50,0,68,0,70,0,56,0,68,0,48,0,52,0,67,0,45,0,53,0,66,0,70,0,65,0,45,0,49,0,48,0,49,0,66,0,45,0,66,0,68,0,69,0,53,0,45,0,48,0,48,0,65,0,65,0,48,0,48,0,52,0,52,0,68,0,69,0,53,0,50,0,125,0,35,0,50,0,46,0,56,0,35,0,48,0,35,0,67,0,58,0,92,0,80,0,114,0,111,0,103,0,114,0,97,0,109,0,32,0,70,0,105,0,108,0,101,0,115,0,92,0,67,0,111,0,109,0,109,0,111,0,110,0,32,0,70,0,105,0,108,0,101,0,115,0,92,0,77,0,105,0,99,0,114,0,111,0,115,0,111,0,102,0,116,0
1,147,75,42,178,3,0,16,0,0,0,255,255,0,0,0,0,1,0,2,0,255,255,0,0,0,0,1,0,0,0,0,0,0,0,0,0,1,0,2,0,0,0,0,0,0,0,1,0,5,0,5,0,5,0,5,0,5,0,5,0,5,0,5,0,5,0,5,0,5,0,5,0,1,0,9,0,0,0,42,92,67,78,111,114,109,97,108,114,85,192,0,0,0,0,0,0,0,64,0,0,0,0,0,0,0,64,0,0,0,0,0,0,0,64,0,0,0,0,0,0,0,6,0,0,0,0,0,0,126,10,0,0,0,0,0,0,126,2,0,0,0,0,0,0,126,2,0,0,0,0,0,0,126,2,0,0,0,0,0,0,126,2,0,0,0,0,0,0,126,2,0,0,0,0,0,0,126,86,0,0,0,0,0,0,127,0,0,0,0,0,0,0,0,34,0,0,0,0,0,0,0,17,0,0,0,0,0,0,0,0,0,1,0,16,0,0,0,0,0,0,0,0,0,0,0,129,1,0,0,0,0,0,0,0,0,0,0,108,255,119,176,106,179,189,74,135,168,82,216,158,91,135,205,1,0,9,4,0,0,25,4,0,0,227,4,0,0,0,0,0,0,1,0,255,255,255,255,255,255,255,255,2,0,131,138,101,0,17,0,0,0,0,0,0,0,0,0,2,0,241,9,0,0,0,0,0,0,0,0,0,0,255,255,255,255,255,255,255,255,1,0,193,9,0,0,0,0,0,0,0,0,0,0,255,255,0,0,49,1,0,0,0,0,0,0,0,0,0,0,0,8,0,0,255,255,255,255,255,255,255,255,255,255,255,255,255,255,255,255,255,255,255,255,255,255,255,255,255,255,255,255,255,255,255,255,255,255,255,255,255,255,255,255,0,0,0,0,97,1,0,0,0,0,0,0,0,0,0,0,6,0,113,2,0,0,0,0,0,0,0,0,0,0,0,0,0,0,0,0,0,0,0,0,0,0,0,0,0,0,17,4,0,0,0,0,0,0,0,0,0,0,0,0,0,0,0,0,0,0,0,0,0,0,0,0,0,0,65,5,0,0,0,0,0,0,0,0,0,0,0,0,0,0,0,0,0,0,0,0,0,0,0,0,0,0,17,0,0,0,0,0,0,0,1,0,0,0,93,60,142,96,52,146,223,79,156,17,4,228,245,92,70,145,177,6,0,0,0,0,0,0,0,0,0,0,0,0,0,0,0,0,0,0,0,0,0,0,0,0,0,0,17,8,0,0,0,0,0,0,0,0,0,0,0,0,0,0,0,0,0,0,0,0,0,0,0,0,0,0,4,0,0,0,0,0,0,2,12,0,0,0,0,0,0,0,84,104,105,115,68,111,99,117,109,101,110,116,2,0,0,0,0,0,0,2,4,0,0,0,0,0,0,0,109,97,105,110,2,0,0,0,0,0,0,2,7,0,0,0,0,0,0,0,80,114,111,106,101,99,116,4,0,0,0,0,0,0,3,239,4,2,0,0,0,0,0,192,0,0,0,0,0,0,70,14,0,0,0,0,0,0,2,49,0,0,0,0,0,0,0,67,58,92,80,82,79,71,82,65,126,49,92,67,79,77,77,79,78,126,49,92,77,73,67,82,79,83,126,49,92,86,66,65,92,86,66,65,55,46,49,92,86,66,69,55,46,68,76,76,2,0,0,0,0,0,0,2,3,0,0,0,0,0,0,0,86,66,65,16,0,0,0,0,0,0,10,161,1,0,0,0,0,0,0,0,0,0,0,255,255,255,255,255,255,255,255,4,0,2,0,9,0,0,0,209,1,0,0,0,0,0,0,0,0,0,0,81,2,0,0,0,0,0,0,0,0,0,0,176,0,0,0,0,0,0,0,0,0,0,0,0,0,0,0,0,0,4,0,0,0,0,0,0,3,5,9,2,0,0,0,0,0,192,0,0,0,0,0,0,70,14,0,0,0,0,0,0,2,53,0,0,0,0,0,0,0,67,58,92,80,114,111,103,114,97,109,32,70,105,108,101,115,92,77,105,99,114,111,115,111,102,116,32,79,102,102,105,99,101,92,79,102,102,105,99,101,49,54,92,77,83,87,79,82,68,46,79,76,66,2,0,0,0,0,0,0,2,4,0,0,0,0,0,0,0,87,111,114,100,6,0,0,0,0,0,0,127,16,0,0,0,0,0,0,10,1,3,0,0,0,0,0,0,0,0,0,0,255,255,255,255,255,255,255,255,8,0,7,0,0,0,0,0,49,3,0,0,0,0,0,0,0,0,0,0,177,3,0,0,0,0,0,0,0,0,0,0,208
0,114,85,64,0,0,0,0,0,0,0,64,0,0,0,0,0,0,0,64,0,0,0,0,0,0,0,64,0,0,0,0,0,0,0,2,0,0,0,0,0,0,126,122,0,0,0,0,0,0,127,0,0,0,0,0,0,0,0,18,0,0,0,0,0,0,0,17,0,0,0,0,0,0,0,0,0,0,0,255,255,255,255,255,255,255,255,255,255,255,255,255,255,255,255,255,255,255,255,0,0,0,0,17,0,0,0,0,0,0,0,0,0,3,0,255,255,255,255,255,255,255,255,6,0,0,0,0,0,0,9,17,4,0,0,0,0,0,0,0,0,0,0,97,9,0,0,0,0,0,0,0,0,0,0,16,0,0,0,0,0,0,0,0,0,1,0,98,0,0,0,0,0,0,127,0,0,0,0,0,0,0,0,0,0,127,0,0,0,0,0,0,0,0,34,0,0,0,0,0,0,0,17,0,0,0,0,0,0,0,0,0,1,0,16,0,0,0,0,0,0,0,0,0,0,0,129,1,0,0,0,0,0,0,0,0,0,0,108,255,119,176,106,179,189,74,135,168,82,216,158,91,135,205,1,0,9,4,0,0,25,4,0,0,227,4,0,0,0,0,0,0,1,0,255,255,255,255,255,255,255,255,2,0,131,138,101,0,17,0,0,0,0,0,0,0,0,0,2,0,241,9,0,0,0,0,0,0,0,0,0,0,255,255,255,255,255,255,255,255,1,0,193,9,0,0,0,0,0,0,0,0,0,0,255,255,0,0,49,1,0,0,0,0,0,0,0,0,0,0,0,8,0,0,255,255,255,255,255,255,255,255,255,255,255,255,255,255,255,255,255,255,255,255,255,255,255,255,255,255,255,255,255,255,255,255,255,255,255,255,255,255,255,255,0,0,0,0,97,1,0,0,0,0,0,0,0,0,0,0,6,0,113,2,0,0,0,0,0,0,0,0,0,0,0,0,0,0,0,0,0,0,0,0,0,0,0,0,0,0,17,4,0,0,0,0,0,0,0,0,0,0,0,0,0,0,0,0,0,0,0,0,0,0,0,0,0,0,65,5,0,0,0,0,0,0,0,0,0,0,0,0,0,0,0,0,0,0,0,0,0,0,0,0,0,0,17,0,0,0,0,0,0,0,1,0,0,0,93,60,142,96,52,146,223,79,156,17,4,228,245,92,70,145,177,6,0,0,0,0,0,0,0,0,0,0,0,0,0,0,0,0,0,0,0,0,0,0,0,0,0,0,17,8,0,0,0,0,0,0,0,0,0,0,0,0,0,0,0,0,0,0,0,0,0,0,0,0,0,0,4,0,0,0,0,0,0,2,12,0,0,0,0,0,0,0,84,104,105,115,68,111,99,117,109,101,110,116,2,0,0,0,0,0,0,2,4,0,0,0,0,0,0,0,109,97,105,110,2,0,0,0,0,0,0,2,7,0,0,0,0,0,0,0,80,114,111,106,101,99,116,4,0,0,0,0,0,0,3,239,4,2,0,0,0,0,0,192,0,0,0,0,0,0,70,14,0,0,0,0,0,0,2,49,0,0,0,0,0,0,0,67,58,92,80,82,79,71,82,65,126,49,92,67,79,77,77,79,78,126,49,92,77,73,67,82,79,83,126,49,92,86,66,65,92,86,66,65,55,46,49,92,86,66,69,55,46,68,76,76,2,0,0,0,0,0,0,2,3,0,0,0,0,0,0,0,86,66,65,16,0,0,0,0,0,0,10,161,1,0,0,0,0,0,0,0,0,0,0,255,255,255,255,255,255,255,255,4,0,2,0,9,0,0,0,209,1,0,0,0,0,0,0,0,0,0,0,81,2,0,0,0,0,0,0,0,0,0,0,176,0,0,0,0,0,0,0,0,0,0,0,0,0,0,0,0,0,4,0,0,0,0,0,0,3,5,9,2,0,0,0,0,0,192,0,0,0,0,0,0,70,14,0,0,0,0,0,0,2,53,0,0,0,0,0,0,0,67,58,92,80,114,111,103,114,97,109,32,70,105,108,101,115,92,77,105,99,114,111,115,111,102,116,32,79,102,102,105,99,101,92,79,102,102,105,99,101,49,54,92,77,83,87,79,82,68,46,79,76,66,2,0,0,0,0,0,0,2,4,0,0,0,0,0,0,0,87,111,114,100,6,0,0,0,0,0,0,127,16,0,0,0,0,0,0,10,1,3,0,0,0,0,0,0,0,0,0,0,255,255,255,255,255,255,255,255,8,0,7,0,0,0,0,0,49,3,0,0,0,0,0,0,0,0,0,0,177,3,0,0,0,0,0,0,0,0,0,0,208
0,114,85,128,0,0,0,0,0,0,0,0,0,0,0,0,0,0,0,64,0,0,0,0,0,0,0,64,0,0,0,0,0,0,0,0,0,0,0,0,0,0,0,56,0,0,0,0,0,0,0,17,0,0,0,0,0,0,0,0,0,0,0,17,0,0,0,0,0,0,0,0,0,3,0,80,0,0,0,0,0,0,0,0,0,0,0,1,0,1,0,0,0,0,0,1,0,1,0,0,0,1,0,209,8,0,0,0,0,0,0,0,0,0,0,1,9,0,0,0,0,0,0,0,0,0,0,49,9,0,0,0,0,0,0,0,0,0,0,17,0,0,0,0,0,0,0,1,0,2,0,161,8,0,0,0,0,0,0,0,0,0,0,8,0,13,0,96,0,0,0,97,9,0,0,0,0,0,0,0,0,0,0,177,0,0,0,0,0,0,0,0,0,1,0,145,9,0,0,0,0,0,0,0,0,0,0,255,255,255,255,255,255,255,255,255,255,255,255,1,0,5,0,0,0,0,0,4,96,105,4,0,0,0,0,0,0,0,0,2,0,255,255,255,255,255,255,255,255,255,255,255,255,255,255,255,255,255,255,255,255,255,255,255,255,255,255,255,255,255,255,255,255,255,255,255,255,255,255,255,255,255,255,255,255,255,255,255,255,255,255,255,255,255,255,255,255,255,255,255,255,255,255,255,255,255,255,255,255,255,255,255,255,255,255,255,255,255,255,255,255,255,255,255,255,255,255,255,255,255,255,255,255,255,255,255,255,255,255,255,255,1,0,181,1,233,2,0,0,0,0,0,0,0,0,2,0,72,0,0,0,0,0,0,0,16,0,0,0,0,0,0,0,105,2,0,0,0,0,0,0,176,0,0,0,0,0,0,0,0,0,0,0,0,0,0,0,8,0,0,0,16,0,0,0,0,0,0,0,8,0,0,0,0,0,0,0,0,0,0,0,0,0,0,0,20,0,0,0,0,0,0,0,0,0,0,0,0,0,0,0,0,0,0,0,20,0,0,0,0,0,0,19,0,0,96,0,145,2,0,0,0,0,0,0,0,0,2,0,17,4,0,0,0,0,0,0,0,0,2,0,32,0,0,0,0,0,0,14,0,1,90,0,2,8,12,0,0,0,0,0,0,127,32,0,0,0,0,0,0,14,0,1,90,0,2,8,92,0,0,0,0,0,0,127,0,0,0,0,0,0,0,0,0,0,0,0,0,0,0,0,0,0,0,0,0,0,0,0,0,0,0,17,8,0,0,0,0,0,0,0,0,0,0,0,0,0,0,0,0,0,0,0,0,0,0,0,0,0,0,4,0,0,0,0,0,0,2,12,0,0,0,0,0,0,0,84,104,105,115,68,111,99,117,109,101,110,116,2,0,0,0,0,0,0,2,4,0,0,0,0,0,0,0,109,97,105,110,2,0,0,0,0,0,0,2,7,0,0,0,0,0,0,0,80,114,111,106,101,99,116,4,0,0,0,0,0,0,3,239,4,2,0,0,0,0,0,192,0,0,0,0,0,0,70,14,0,0,0,0,0,0,2,49,0,0,0,0,0,0,0,67,58,92,80,82,79,71,82,65,126,49,92,67,79,77,77,79,78,126,49,92,77,73,67,82,79,83,126,49,92,86,66,65,92,86,66,65,55,46,49,92,86,66,69,55,46,68,76,76,2,0,0,0,0,0,0,2,3,0,0,0,0,0,0,0,86,66,65,16,0,0,0,0,0,0,10,161,1,0,0,0,0,0,0,0,0,0,0,255,255,255,255,255,255,255,255,4,0,2,0,9,0,0,0,209,1,0,0,0,0,0,0,0,0,0,0,81,2,0,0,0,0,0,0,0,0,0,0,176,0,0,0,0,0,0,0,0,0,0,0,0,0,0,0,0,0,4,0,0,0,0,0,0,3,5,9,2,0,0,0,0,0,192,0,0,0,0,0,0,70,14,0,0,0,0,0,0,2,53,0,0,0,0,0,0,0,67,58,92,80,114,111,103,114,97,109,32,70,105,108,101,115,92,77,105,99,114,111,115,111,102,116,32,79,102,102,105,99,101,92,79,102,102,105,99,101,49,54,92,77,83,87,79,82,68,46,79,76,66,2,0,0,0,0,0,0,2,4,0,0,0,0,0,0,0,87,111,114,100,6,0,0,0,0,0,0,127,16,0,0,0,0,0,0,10,1,3,0,0,0,0,0,0,0,0,0,0,255,255,255,255,255,255,255,255,8,0,7,0,0,0,0,0,49,3,0,0,0,0,0,0,0,0,0,0,177,3,0,0,0,0,0,0,0,0,0,0,208
0,114,85,64,0,0,0,0,0,0,0,0,0,0,0,0,0,0,0,64,0,0,0,0,0,0,0,64,0,0,0,0,0,0,0,0,0,0,0,0,0,0,0,26,0,0,0,0,0,0,0,17,0,0,0,0,0,0,0,0,0,2,0,255,255,255,255,255,255,255,255,255,255,255,255,0,0,0,0,120,0,0,0,8,0,56,0,225,1,0,0,0,0,0,0,0,0,2,0,0,0,4,96,0,0,225,13,56,0,255,255,255,255,255,255,255,255,255,255,255,255,255,255,255,255,0,0,0,0,0,0,0,0,31,0,0,0,0,0,0,0,98,0,0,0,0,0,0,127,0,0,0,0,0,0,0,0,0,0,0,0,0,0,8,0,13,0,96,0,0,0,97,9,0,0,0,0,0,0,0,0,0,0,177,0,0,0,0,0,0,0,0,0,1,0,145,9,0,0,0,0,0,0,0,0,0,0,255,255,255,255,255,255,255,255,255,255,255,255,1,0,5,0,0,0,0,0,4,96,105,4,0,0,0,0,0,0,0,0,2,0,255,255,255,255,255,255,255,255,255,255,255,255,255,255,255,255,255,255,255,255,255,255,255,255,255,255,255,255,255,255,255,255,255,255,255,255,255,255,255,255,255,255,255,255,255,255,255,255,255,255,255,255,255,255,255,255,255,255,255,255,255,255,255,255,255,255,255,255,255,255,255,255,255,255,255,255,255,255,255,255,255,255,255,255,255,255,255,255,255,255,255,255,255,255,255,255,255,255,255,255,1,0,181,1,233,2,0,0,0,0,0,0,0,0,2,0,72,0,0,0,0,0,0,0,16,0,0,0,0,0,0,0,105,2,0,0,0,0,0,0,176,0,0,0,0,0,0,0,0,0,0,0,0,0,0,0,8,0,0,0,16,0,0,0,0,0,0,0,8,0,0,0,0,0,0,0,0,0,0,0,0,0,0,0,20,0,0,0,0,0,0,0,0,0,0,0,0,0,0,0,0,0,0,0,20,0,0,0,0,0,0,19,0,0,96,0,145,2,0,0,0,0,0,0,0,0,2,0,17,4,0,0,0,0,0,0,0,0,2,0,32,0,0,0,0,0,0,14,0,1,90,0,2,8,12,0,0,0,0,0,0,127,32,0,0,0,0,0,0,14,0,1,90,0,2,8,92,0,0,0,0,0,0,127,0,0,0,0,0,0,0,0,0,0,0,0,0,0,0,0,0,0,0,0,0,0,0,0,0,0,0,17,8,0,0,0,0,0,0,0,0,0,0,0,0,0,0,0,0,0,0,0,0,0,0,0,0,0,0,4,0,0,0,0,0,0,2,12,0,0,0,0,0,0,0,84,104,105,115,68,111,99,117,109,101,110,116,2,0,0,0,0,0,0,2,4,0,0,0,0,0,0,0,109,97,105,110,2,0,0,0,0,0,0,2,7,0,0,0,0,0,0,0,80,114,111,106,101,99,116,4,0,0,0,0,0,0,3,239,4,2,0,0,0,0,0,192,0,0,0,0,0,0,70,14,0,0,0,0,0,0,2,49,0,0,0,0,0,0,0,67,58,92,80,82,79,71,82,65,126,49,92,67,79,77,77,79,78,126,49,92,77,73,67,82,79,83,126,49,92,86,66,65,92,86,66,65,55,46,49,92,86,66,69,55,46,68,76,76,2,0,0,0,0,0,0,2,3,0,0,0,0,0,0,0,86,66,65,16,0,0,0,0,0,0,10,161,1,0,0,0,0,0,0,0,0,0,0,255,255,255,255,255,255,255,255,4,0,2,0,9,0,0,0,209,1,0,0,0,0,0,0,0,0,0,0,81,2,0,0,0,0,0,0,0,0,0,0,176,0,0,0,0,0,0,0,0,0,0,0,0,0,0,0,0,0,4,0,0,0,0,0,0,3,5,9,2,0,0,0,0,0,192,0,0,0,0,0,0,70,14,0,0,0,0,0,0,2,53,0,0,0,0,0,0,0,67,58,92,80,114,111,103,114,97,109,32,70,105,108,101,115,92,77,105,99,114,111,115,111,102,116,32,79,102,102,105,99,101,92,79,102,102,105,99,101,49,54,92,77,83,87,79,82,68,46,79,76,66,2,0,0,0,0,0,0,2,4,0,0,0,0,0,0,0,87,111,114,100,6,0,0,0,0,0,0,127,16,0,0,0,0,0,0,10,1,3,0,0,0,0,0,0,0,0,0,0,255,255,255,255,255,255,255,255,8,0,7,0,0,0,0,0,49,3,0,0,0,0,0,0,0,0,0,0,177,3,0,0,0,0,0,0,0,0,0,0,208
1,1,193,178,128,1,0,4,0,0,0,3,0,48,42,2,2,144,9,0,112,20,6,72,3,0,130,2,0,100,227,4,4,0,7,0,28,0,80,114,111,106,101,99,116,5,81,0,40,0,0,64,2,20,6,2,20,61,173,2,10,7,2,108,1,20,8,6,18,9,2,18,128,77,116,91,99,12,0,12,2,74,18,60,2,10,22,0,1,114,115,116,100,16,111,108,101,62,2,25,115,0,116,0,0,100,0,111,0,108,0,101,80,0,13,0,104,0,37,94,0,3,42,0,92,71,123,48,48,48,50,48,176,52,51,48,45,0,8,4,4,67,0,10,3,2,14,1,18,48,48,52,54,125,35,0,50,46,48,35,48,35,67,58,0,92,87,105,110,100,111,119,115,0,92,83,121,115,116,101,109,51,4,50,92,3,101,50,46,116,108,98,0,35,79,76,69,32,65,117,116,128,111,109,97,116,105,111,110,0,96,3,0,2,131,69,78,111,114,109,97,108,5,131,69,78,128,67,114,0,109,0,97,81,128,70,14,0,32,128,17,9,128,1,42,44,92,67,3,18,10,6,76,128,109,8,0,65,131,33,79,102,102,105,99,132,103,79,68,0,102,128,0,105,0,99,130,103,158,5,128,31,148,130,33,71,123,50,68,70,0,56,68,48,52,67,45,53,66,0,70,65,45,49,48,49,66,45,144,66,68,69,53,128,103,65,65,128,101,26,52,128,5,50,136,103,128,186,103,114,97,0,109,32,70,105,108,101,115,92,64,67,111,109,109,111,110,4,6,77,0,105,99,114,111,115,111,102,116,0,32,83,104,97,114,101,100,92,0,79,70,70,73,67,69,49,54,0,92,77,83,79,46,68,76,76,6,35,135,16,131,77,32,49,54,46,48,8,32,79,98,129,227,32,76,105,98,48,114,97,114,121,128,37,128,0,22,0,2,18,64,1,73,87,115,104,82,117,32,110,116,105,109,101,68,7,62,0,66,36,193,5,0,87,0,115,64,101,82,80,0,117,0,110,64,106,105,64,71,101,0,0,76,0,105,0,98,0,114,209,192,73,114,0,121,64,109,120,64,10,1,85,1,65,109,70,57,51,53,68,67,50,32,48,45,49,67,70,0,1,49,68,64,48,45,65,68,66,57,64,57,67,0,48,52,70,68,53,56,65,48,16,66,125,35,49,66,109,99,58,92,10,119,68,109,115,69,109,119,115,104,111,64,109,46,111,99,120,35,4,116,32,0,83,99,114,105,112,116,32,72,8,111,115,116,69,48,77,111,100,101,22,108,0,29,128,0,15,130,170,2,0,19,17,194,1,11,152,25,66,149,84,104,105,0,115,68,111,99,117,109,101,110,80,116,71,0,24,192,9,84,64,49,105,85,192,50,68,192,120,99,64,51,109,192,103,110,85,64,52,26,206,11,50,218,11,28,192,18,0,84,0,72,66,1,49,66,185,134,128,206,30,139,66,2,1,5,44,194,33,45,224,34,66,8,10,43,66,1,25,66,7,109,97,105,110,88,71,0,8,64,4,65,152,105,192,83,26,45,198,5,50,202,5,207,24,124,208,24,40,83,22,33,66,23,195,24,16,194,2,49,92,77,73,67,82,79,83,126,49,92,86,66,65,92,86,66,65,55,46,49,92,86,66,69,55,46,68,76,76,2,0,0,0,0,0,0,2,3,0,0,0,0,0,0,0,86,66,65,16,0,0,0,0,0,0,10,161,1,0,0,0,0,0,0,0,0,0,0,255,255,255,255,255,255,255,255,4,0,2,0,9,0,0,0,209,1,0,0,0,0,0,0,0,0,0,0,81,2,0,0,0,0,0,0,0,0,0,0,176,0,0,0,0,0,0,0,0,0,0,0,0,0,0,0,0,0,4,0,0,0,0,0,0,3,5,9,2,0,0,0,0,0,192,0,0,0,0,0,0,70,14,0,0,0,0,0,0,2,53,0,0,0,0,0,0,0,67,58,92,80,114,111,103,114,97,109,32,70,105,108,101,115,92,77,105,99,114,111,115,111,102,116,32,79,102,102,105,99,101,92,79,102,102,105,99,101,49,54,92,77,83,87,79,82,68,46,79,76,66,2,0,0,0,0,0,0,2,4,0,0,0,0,0,0,0,87,111,114,100,6,0,0,0,0,0,0,127,16,0,0,0,0,0,0,10,1,3,0,0,0,0,0,0,0,0,0,0,255,255,255,255,255,255,255,255,8,0,7,0,0,0,0,0,49,3,0,0,0,0,0,0,0,0,0,0,177,3,0,0,0,0,0,0,0,0,0,0,208
1,1,22,3,0,0,240,0,0,0,194,2,0,0,212,0,0,0,176,1,0,0,255,255,255,255,202,2,0,0,118,4,0,0,0,0,0,0,1,0,0,0,11,152,40,83,0,0,255,255,3,0,0,0,0,0,0,0,182,0,255,255,1,1,0,0,0,0,255,255,255,255,0,0,0,0,255,255,255,255,255,255,0,0,0,0,0,0,0,0,0,0,0,0,0,0,0,0,0,0,0,0,0,0,0,0,0,0,0,0,0,0,0,0,0,0,0,0,0,0,0,0,0,0,0,0,0,0,0,0,0,0,0,0,0,0,16,0,0,0,3,0,0,0,5,0,0,0,7,0,0,0,255,255,255,255,255,255,255,255,1,1,8,0,0,0,255,255,255,255,120,0,0,0,2,0,0,0,0,0,0,0,0,0,0,0,0,0,0,0,0,0,0,0,0,0,0,0,0,0,0,0,0,0,0,0,0,255,255,0,0,0,0,77,69,0,0,255,255,255,255,255,255,0,0,0,0,255,255,0,0,0,0,255,255,1,1,0,0,0,0,223,0,255,255,0,0,0,0,8,0,255,255,255,255,255,255,255,255,255,255,255,255,255,255,255,255,255,255,255,255,0,0,255,255,255,255,255,255,255,255,255,255,255,255,255,255,255,255,255,255,255,255,255,255,255,255,255,255,255,255,255,255,255,255,255,255,255,255,255,255,255,255,255,255,255,255,255,255,255,255,255,255,255,255,255,255,255,255,255,255,255,255,255,255,255,255,255,255,255,255,255,255,255,255,255,255,255,255,255,255,255,255,255,255,255,255,255,255,255,255,255,255,255,255,255,255,255,255,255,255,255,255,255,255,255,255,255,255,40,0,0,0,1,0,0,60,255,255,86,2,0,0,0,0,2,60,16,0,255,255,0,0,0,0,2,60,24,0,255,255,0,0,0,0,2,60,255,255,255,255,0,0,255,255,1,1,0,0,0,0,0,0,0,0,0,0,0,0,120,0,0,0,1,1,128,0,0,0,11,18,52,2,255,255,255,255,255,255,255,255,0,0,0,0,255,255,255,255,255,255,255,255,0,0,0,0,0,0,0,0,0,0,0,0,0,0,0,0,255,255,255,255,0,0,0,0,0,0,0,0,0,0,0,0,88,0,0,0,12,0,255,255,255,255,255,255,8,0,0,0,0,0,0,0,0,0,0,0,140,1,0,2,0,0,0,0,73,131,56,2,255,255,255,255,255,255,255,255,255,255,255,255,12,1,255,255,0,0,0,0,255,255,255,255,128,1,0,0,255,255,255,255,0,0,0,0,1,0,255,255,0,0,0,0,0,0,0,0,0,0,0,0,0,0,0,0,255,255,255,255,255,255,255,255,255,255,255,255,255,255,255,255,255,255,255,255,0,0,0,0,255,255,255,255,255,255,255,255,255,255,255,255,255,255,255,255,255,255,255,255,255,255,255,255,255,255,255,255,255,255,255,255,0,0,0,0,0,0,0,0,255,255,0,0,255,255,255,255,255,255,0,0,0,0,255,255,255,255,255,255,255,255,255,255,255,255,255,255,255,255,255,255,255,255,255,255,255,255,0,0,255,255,255,255,255,255,0,0,0,0,0,0,0,223,0,0,0,0,0,0,0,0,0,0,0,0,0,0,0,0,0,0,0,0,0,0,0,0,0,0,0,0,0,0,0,0,0,0,0,0,0,0,0,0,0,0,0,0,0,0,0,0,0,0,0,0,0,0,0,0,0,0,0,0,254,202,1,0,8,0,66,129,12,0,6,0,0,0,0,0,0,0,0,129,8,0,16,0,0,0,8,0,0,0,0,129,8,0,98,0,0,0,24,0,0,0,0,129,8,0,44,0,0,0,128,0,0,0,0,129,8,0,26,0,0,0,176,0,0,0,0,129,8,0,10,0,0,0,208,0,0,0,0,129,8,0,14,0,0,0,224,0,0,0,4,129,8,0,2,0,0,0,240,0,0,0,248,0,0,0,1,1,0,1,0,0,150,24,0,0,0,0,0,0,32,0,56,2,185,0,2,0,116,97,17,0,39,0,56,2,185,0,65,0,69,114,114,111,114,32,104,97,115,32,111,99,99,117,114,114,101,100,58,32,69,120,116,101,114,110,97,108,32,116,97,98,108,101,32,105,115,32,110,111,116,32,105,110,32,116,104,101,32,101,120,112,101,99,116,101,100,32,102,111,114,109,97,116,46,0,172,0,16,0,185,0,14,0,77,105,99,114,111,115,111,102,116,32,87,111,114,100,65,64,58,2,3,0,105,0,110,0,46,0,185,0,2,0
0,236,165,193,0,93,0,9,4,0,0,248,18,191,0,0,0,0,0,0,16,0,0,0,0,0,8,0,0,57,43,0,0,14,0,98,106,98,106,58,47,58,47,0,0,0,0,0,0,0,0,0,0,0,0,0,0,0,0,0,0,9,4,22,0,46,48,0,0,88,69,30,98,88,69,30,98,57,35,0,0,0,0,0,0,0,0,0,0,0,0,0,0,0,0,0,0,0,0,0,0,0,0,0,0,0,0,0,0,255,255,15,0,0,0,0,0,0,0,0,0,255,255,15,0,0,0,0,0,0,0,0,0,255,255,15,0,0,0,0,0,0,0,0,0,0,0,0,0,0,0,0,0,183,0,0,0,0,0,50,7,0,0,0,0,0,0,50,7,0,0,174,20,0,0,0,0,0,0,174,20,0,0,0,0,0,0,174,20,0,0,0,0,0,0,174,20,0,0,0,0,0,0,174,20,0,0,20,0,0,0,0,0,0,0,0,0,0,0,255,255,255,255,0,0,0,0,194,20,0,0,0,0,0,0,194,20,0,0,0,0,0,0,194,20,0,0,0,0,0,0,194,20,0,0,12,0,0,0,206,20,0,0,12,0,0,0,194,20,0,0,0,0,0,0,95,23,0,0,48,1,0,0,218,20,0,0,0,0,0,0,218,20,0,0,0,0,0,0,218,20,0,0,0,0,0,0,218,20,0,0,0,0,0,0,218,20,0,0,0,0,0,0,181,21,0,0,0,0,0,0,181,21,0,0,0,0,0,0,181,21,0,0,0,0,0,0,33,22,0,0,191,0,0,0,224,22,0,0,0,0,0,0,224,22,0,0,0,0,0,0,224,22,0,0,0,0,0,0,224,22,0,0,0,0,0,0,224,22,0,0,0,0,0,0,224,22,0,0,36,0,0,0,143,24,0,0,182,2,0,0,69,27,0,0,92,0,0,0,4,23,0,0,21,0,0,0,0,0,0,0,0,0,0,0,0,0,0,0,0,0,0,0,174,20,0,0,0,0,0,0,181,21,0,0,0,0,0,0,0,0,0,0,0,0,0,0,0,0,0,0,0,0,0,0,181,21,0,0,0,0,0,0,181,21,0,0,0,0,0,0,181,21,0,0,0,0,0,0,181,21,0,0,0,0,0,0,4,23,0,0,0,0,0,0,0,0,0,0,0,0,0,0,174,20,0,0,0,0,0,0,174,20,0,0,0,0,0,0,218,20,0,0,0,0,0,0,0,0,0,0,0,0,0,0,218,20,0,0,219,0,0,0,25,23,0,0,22,0,0,0,213,21,0,0,0,0,0,0,213,21,0,0,0,0,0,0,213,21,0,0,0,0,0,0,181,21,0,0,16,0,0,0,174,20,0,0,0,0,0,0,218,20,0,0,0,0,0,0,174,20,0,0,0,0,0,0,218,20,0,0,0,0,0,0,33,22,0,0,0,0,0,0,0,0,0,0,0,0,0,0,213,21,0,0,0,0,0,0,0,0,0,0,0,0,0,0,0,0,0,0,0,0,0,0,0,0,0,0,0,0,0,0,0,0,0,0,0,0,0,0,0,0,0,0,0,0,0,0,0,0,0,0,0,0,0,0,181,21,0,0,0,0,0,0,33,22,0,0,0,0,0,0,0,0,0,0,0,0,0,0,213,21,0,0,0,0,0,0,0,0,0,0,0,0,0,0,213,21,0,0,0,0,0,0,0,0,0,0,0,0,0,0,0,0,0,0,0,0,0,0,0,0,0,0,0,0,0,0,0,0,0,0,0,0,0,0,0,0,0,0,0,0,0,0,0,0,0,0,0,0,0,0,0,0,0,0,0,0,0,0,0,0,0,0,0,0,0,0,0,0,0,0,0,0,0,0,213,21,0,0,0,0,0,0,218,20,0,0,0,0,0,0,255,255,255,255,0,0,0,0,240,167,35,184,78,190,215,1,0,0,0,0,0,0,0,0,255,255,255,255,0,0,0,0,197,21,0,0,16,0,0,0,213,21,0,0,0,0,0,0,0,0,0,0,0,0,0,0,13,22,0,0,20,0,0,0,47,23,0,0,48,0,0,0,95,23,0,0,0,0,0,0,213,21,0,0,0,0,0,0,161,27,0,0,0,0,0,0,213,21,0,0,0,0,0,0,161,27,0,0,0,0,0,0,213,21,0,0,0,0,0,0,0,0,0,0,0,0,0,0,0,0,0,0,0,0,0,0,0,0,0,0,0,0,0,0,0,0,0,0,0,0,0,0,0,0,0,0,0,0,0,0,0,0,0,0,0,0,0,0,0,0,0,0,0,0,0,0
