0,1,0,254,255,3,10,0,0,255,255,255,255,6,9,2,0,0,0,0,0,192,0,0,0,0,0,0,70,0,0,0,0,10,0,0,0,77,83,87,111,114,100,68,111,99,0,16,0,0,0,87,111,114,100,46,68,111,99,117,109,101,110,116,46,56,0,244,57,178,113,78,0,0,0,20,4,62,4,58,4,67,4,60,4,53,4,61,4,66,4,32,0,77,0,105,0,99,0,114,0,111,0,115,0,111,0,102,0,116,0,32,0,79,0,102,0,102,0,105,0,99,0,101,0,32,0,87,0,111,0,114,0,100,0,32,0,57,0,55,0,45,0,50,0,48,0,48,0,51,0,0,0,0,0,0,0,0,0,0,0,,,,,,,,,,,,,,,,,,,,,,,,,,,,,,,,,,,,,,,,,,,,,,,,,,,,,,,,,,,,,,,,,,,,,,,,,,,,,,,,,,,,,,,,,,,,,,,,,,,,,,,,,,,,,,,,,,,,,,,,,,,,,,,,,,,,,,,,,,,,,,,,,,,,,,,,,,,,,,,,,,,,,,,,,,,,,,,,,,,,,,,,,,,,,,,,,,,,,,,,,,,,,,,,,,,,,,,,,,,,,,,,,,,,,,,,,,,,,,,,,,,,,,,,,,,,,,,,,,,,,,,,,,,,,,,,,,,,,,,,,,,,,,,,,,,,,,,,,,,,,,,,,,,,,,,,,,,,,,,,,,,,,,,,,,,,,,,,,,,,,,,,,,,,,,,,,,,,,,,,,,,,,,,,,,,,,,,,,,,,,,,,,,,,,,,,,,,,,,,,,,,,,,,,,,,,,,,,,,,,,,,,,,,,,,,,,,,,,,,,,,,,,,,,,,,,,,,,,,,,,,,,,,,,,,,,,,,,,,,,,,,,,,,,,,,,,,,,,,,,,,,,,,,,,,,,,,,,,,,,,,,,,,,,,,,,,,,,,,,,,,,,,,,,,,,,,,,,,,,,,,,,,,,,,,,,,,,,,,,,,,,,,,,,,,,,,,,,,,,,,,,,,,,,,,,,,,,,,,,,,,,,,,,,,,,,,,,,,,,,,,,,,,,,,,,,,,,,,,,,,,,,,,,,,,,,,,,,,,,,,,,,,,,,,,,,,,,,,,,,,,,,,,,,,,,,,,,,,,,,,,,,,,,,,,,,,,,,,,,,,,,,,,,,,,,,,,,,,,,,,,,,,,,,,,,,,,,,,,,,,,,,,,,,,,,,,,,,,,,,,,,,,,,,,,,,,,,,,,,,,,,,,,,,,,,,,,,,,,,,,,,,,,,,,,,,,,,,,,
0,254,255,0,0,6,1,2,0,0,0,0,0,0,0,0,0,0,0,0,0,0,0,0,0,1,0,0,0,2,213,205,213,156,46,27,16,147,151,8,0,43,44,249,174,48,0,0,0,244,0,0,0,12,0,0,0,1,0,0,0,104,0,0,0,15,0,0,0,112,0,0,0,5,0,0,0,124,0,0,0,6,0,0,0,132,0,0,0,17,0,0,0,140,0,0,0,23,0,0,0,148,0,0,0,11,0,0,0,156,0,0,0,16,0,0,0,164,0,0,0,19,0,0,0,172,0,0,0,22,0,0,0,180,0,0,0,13,0,0,0,188,0,0,0,12,0,0,0,201,0,0,0,2,0,0,0,233,253,0,0,30,0,0,0,4,0,0,0,0,0,0,0,3,0,0,0,1,0,0,0,3,0,0,0,1,0,0,0,3,0,0,0,1,0,0,0,3,0,0,0,0,0,12,0,11,0,0,0,0,0,0,0,11,0,0,0,0,0,0,0,11,0,0,0,0,0,0,0,11,0,0,0,0,0,0,0,30,16,0,0,1,0,0,0,1,0,0,0,0,12,16,0,0,2,0,0,0,30,0,0,0,17,0,0,0,208,157,208,176,208,183,208,178,208,176,208,189,208,184,208,181,0,3,0,0,0,1,0,0,0,0,0,0,0,0,0,0,0,0,0,0,0,0,0,0,0,0,0,0,0,0,0,0,0,0,0,0,0,0,0,0,0,0,0,0,0,0,0,0,0,0,0,0,0,0,0,0,0,0,0,0,0,0,0,0,0,0,0,0,0,0,0,0,0,0,0,0,0,0,0,0,0,0,0,0,0,0,0,0,0,0,0,0,0,0,0,0,0,0,0,0,0,0,0,0,0,0,0,0,0,0,0,0,0,0,0,0,0,0,0,0,0,0,0,0,0,0,0,0,0,0,0,0,0,0,0,0,0,0,0,0,0,0,0,0,0,0,0,0,0,0,0,0,0,0,0,0,0,0,0,0,0,0,0,0,0,0,0,0,0,0,0,0,0,0,0,0,0,0,0,0,0,0,0,0,0,0,0,0,0,0,0,0,0,0,0,0,0,0,0,0,0,0,0,0,0,0,0,0,0,0,0,0,0,0,0,0,0,0,0,0,0,0,0,0,0,0,0,0,0,0,0,0,0,0,0,0,0,0,0,0,0,0,0,0,0,0,0,0,0,0,0,0,0,0,0,0,0,0,0,0,0,0,0,0,0,0,0,0,0,0,0,0,0,0,0,0,0,0,0,0,0,0,0,0,0,0,0,0,0,0,0,0,0,0,0,0,0,0,0,0,0,0,0,0,0,0,0,0,0,0,0,0,0,0,0,0,0,0,0,0,0,0,0,0,0,0,0,0,0,0,0,0,0,0,0,0,0,0,0,0,0,0,0,0,0,0,0,0,0,0,0,0,0,0,0,0,0,0,0,0,0,0,0,0,0,0,0,0,0,0,0,0,0,0,0,0,0,0,0,0,0,0,0,0,0,0,0,0,0,0,0,0,0,0,0,0,0,0,0,0,0,0,0,0,0,0,0,0,0,0,0,0,0,0,0,0,0,0,0,0,0,0,0,0,0,0,0,0,0,0,0,0,0,0,0,0,0,0,0,0,0,0,0,0,0,0,0,0,0,0,0,0,0,0,0,0,0,0,0,0,0,0,0,0,0,0,0,0,0,0,0,0,0,0,0,0,0,0,0,0,0,0,0,0,0,0,0,0,0,0,0,0,0,0,0,0,0,0,0,0,0,0,0,0,0,0,0,0,0,0,0,0,0,0,0,0,0,0,0,0,0,0,0,0,0,0,0,0,0,0,0,0,0,0,0,0,0,0,0,0,0,0,0,0,0,0,0,0,0,0,0,0,0,0,0,0,0,0,0,0,0,0,0,0,0,0,0,0,0,0,0,0,0,0,0,0,0,0,0,0,0,0,0,0,0,0,0,0,0,0,0,0,0,0,0,0,0,0,0,0,0,0,0,0,0,0,0,0,0,0,0,0,0,0,0,0,0,0,0,0,0,0,0,0,0,0,0,0,0,0,0,0,0,0,0,0,0,0,0,0,0,0,0,0,0,0,0,0,0,0,0,0,0,0,0,0,0,0,0,0,0,0,0,0,0,0,0,0,0,0,0,0,0,0,0,0,0,0,0,0,0,0,0,0,0,0,0,0,0,0,0,0,0,0,0,0,0,0,0,0,0,0,0,0,0,0,0,0,0,0,0,0,0,0,0,0,0,0,0,0,0,0,0,0,0,0,0,0,0,0,0,0,0,0,0,0,0
0,254,255,0,0,6,1,2,0,0,0,0,0,0,0,0,0,0,0,0,0,0,0,0,0,1,0,0,0,224,133,159,242,249,79,104,16,171,145,8,0,43,39,179,217,48,0,0,0,108,1,0,0,17,0,0,0,1,0,0,0,144,0,0,0,2,0,0,0,152,0,0,0,3,0,0,0,164,0,0,0,4,0,0,0,176,0,0,0,5,0,0,0,192,0,0,0,6,0,0,0,204,0,0,0,7,0,0,0,216,0,0,0,8,0,0,0,236,0,0,0,9,0,0,0,252,0,0,0,18,0,0,0,8,1,0,0,10,0,0,0,40,1,0,0,12,0,0,0,52,1,0,0,13,0,0,0,64,1,0,0,14,0,0,0,76,1,0,0,15,0,0,0,84,1,0,0,16,0,0,0,92,1,0,0,19,0,0,0,100,1,0,0,2,0,0,0,228,4,0,0,30,0,0,0,4,0,0,0,0,0,0,0,30,0,0,0,4,0,0,0,0,0,0,0,30,0,0,0,8,0,0,0,85,115,101,114,0,0,0,0,30,0,0,0,4,0,0,0,0,0,0,0,30,0,0,0,4,0,0,0,0,0,0,0,30,0,0,0,12,0,0,0,78,111,114,109,97,108,46,100,111,116,109,0,30,0,0,0,8,0,0,0,73,69,85,115,101,114,0,0,30,0,0,0,4,0,0,0,53,56,51,0,30,0,0,0,24,0,0,0,77,105,99,114,111,115,111,102,116,32,79,102,102,105,99,101,32,87,111,114,100,0,0,0,64,0,0,0,0,206,176,192,86,0,0,0,64,0,0,0,0,80,45,224,241,9,210,1,64,0,0,0,0,158,190,69,155,57,210,1,3,0,0,0,1,0,0,0,3,0,0,0,0,0,0,0,3,0,0,0,1,0,0,0,3,0,0,0,0,0,0,0,0,0,0,0,0,0,0,0,0,0,0,0,0,0,0,0,0,0,0,0,0,0,0,0,0,0,0,0,0,0,0,0,0,0,0,0,0,0,0,0,0,0,0,0,0,0,0,0,0,0,0,0,0,0,0,0,0,0,0,0,0,0,0,0,0,0,0,0,0,0,0,0,0,0,0,0,0,0,0,0,0,0,0,0,0,0,0,0,0,0,0,0,0,0,0,0,0,0,0,0,0,0,0,0,0,0,0,0,0,0,0,0,0,0,0,0,0,0,0,0,0,0,0,0,0,0,0,0,0,0,0,0,0,0,0,0,0,0,0,0,0,0,0,0,0,0,0,0,0,0,0,0,0,0,0,0,0,0,0,0,0,0,0,0,0,0,0,0,0,0,0,0,0,0,0,0,0,0,0,0,0,0,0,0,0,0,0,0,0,0,0,0,0,0,0,0,0,0,0,0,0,0,0,0,0,0,0,0,0,0,0,0,0,0,0,0,0,0,0,0,0,0,0,0,0,0,0,0,0,0,0,0,0,0,0,0,0,0,0,0,0,0,0,0,0,0,0,0,0,0,0,0,0,0,0,0,0,0,0,0,0,0,0,0,0,0,0,0,0,0,0,0,0,0,0,0,0,0,0,0,0,0,0,0,0,0,0,0,0,0,0,0,0,0,0,0,0,0,0,0,0,0,0,0,0,0,0,0,0,0,0,0,0,0,0,0,0,0,0,0,0,0,0,0,0,0,0,0,0,0,0,0,0,0,0,0,0,0,0,0,0,0,0,0,0,0,0,0,0,0,0,0,0,0,0,0,0,0,0,0,0,0,0,0,0,0,0,0,0,0,0,0,0,0,0,0,0,0,0,0,0,0,0,0,0,0,0,0,0,0,0,0,0,0,0,0,0,0,0,0,0,0,0,0,0,0,0,0,0,0,0,0,0,0,0,0,0,0,0,0,0,0,0,0,0,0,0,0,0,0,0,0,0,0,0,0,0,0,0,0,0,0,0,0,0,0,0,0,0,0,0,0,0,0,0,0,0,0,0,0,0,0,0,0,0,0,0,0,0,0,0,0,0,0,0,0,0,0,0,0,0,0,0,0,0,0,0,0,0,0,0,0,0,0,0,0,0,0,0,0,0,0,0,0,0,0,0,0,0,0,0,0,0,0,0,0,0,0,0,0,0,0,0,0,0,0,0,0,0,0,0,0,0,0,0,0,0,0,0,0,0,0,0,0,0,0,0,0,0,0,0,0,0,0,0,0,0,0,0,0,0,0,0,0,0,0,0,0,0,0,0,0,0,0,0,0,0,0,0,0,0,0,0,0,0,0,0,0,0,0,0,0,0,0,0,0,0,0,0,0,0,0,0,0,0,0
0,106,4,16,0,18,0,1,0,11,1,15,0,7,0,3,0,3,0,3,0,0,0,4,0,8,0,0,0,152,0,0,0,158,0,0,0,158,0,0,0,158,0,0,0,158,0,0,0,158,0,0,0,158,0,0,0,158,0,0,0,158,0,0,0,54,6,0,0,54,6,0,0,54,6,0,0,54,6,0,0,54,6,0,0,54,6,0,0,54,6,0,0,54,6,0,0,54,6,0,0,118,2,0,0,118,2,0,0,118,2,0,0,118,2,0,0,118,2,0,0,118,2,0,0,118,2,0,0,118,2,0,0,118,2,0,0,54,6,0,0,54,6,0,0,54,6,0,0,54,6,0,0,54,6,0,0,54,6,0,0,62,2,0,0,54,6,0,0,54,6,0,0,54,6,0,0,54,6,0,0,54,6,0,0,54,6,0,0,54,6,0,0,54,6,0,0,54,6,0,0,54,6,0,0,54,6,0,0,54,6,0,0,54,6,0,0,54,6,0,0,54,6,0,0,54,6,0,0,54,6,0,0,54,6,0,0,54,6,0,0,54,6,0,0,54,6,0,0,54,6,0,0,54,6,0,0,54,6,0,0,54,6,0,0,54,6,0,0,54,6,0,0,168,0,0,0,54,6,0,0,54,6,0,0,22,0,0,0,54,6,0,0,54,6,0,0,54,6,0,0,54,6,0,0,54,6,0,0,54,6,0,0,54,6,0,0,54,6,0,0,184,0,0,0,54,6,0,0,54,6,0,0,54,6,0,0,54,6,0,0,54,6,0,0,54,6,0,0,54,6,0,0,54,6,0,0,54,6,0,0,54,6,0,0,54,6,0,0,54,6,0,0,104,1,0,0,72,1,0,0,54,6,0,0,54,6,0,0,54,6,0,0,54,6,0,0,54,6,0,0,54,6,0,0,54,6,0,0,54,6,0,0,54,6,0,0,54,6,0,0,54,6,0,0,54,6,0,0,54,6,0,0,54,6,0,0,54,6,0,0,54,6,0,0,54,6,0,0,54,6,0,0,54,6,0,0,54,6,0,0,54,6,0,0,54,6,0,0,54,6,0,0,54,6,0,0,54,6,0,0,54,6,0,0,54,6,0,0,54,6,0,0,54,6,0,0,54,6,0,0,54,6,0,0,54,6,0,0,54,6,0,0,54,6,0,0,54,6,0,0,54,6,0,0,54,6,0,0,54,6,0,0,54,6,0,0,54,6,0,0,54,6,0,0,54,6,0,0,54,6,0,0,54,6,0,0,54,6,0,0,54,6,0,0,54,6,0,0,54,6,0,0,54,6,0,0,54,6,0,0,54,6,0,0,54,6,0,0,54,6,0,0,54,6,0,0,54,6,0,0,54,6,0,0,54,6,0,0,54,6,0,0,54,6,0,0,54,6,0,0,54,6,0,0,54,6,0,0,54,6,0,0,54,6,0,0,54,6,0,0,176,3,0,0,54,6,0,0,50,6,0,0,24,0,0,0,192,3,0,0,208,3,0,0,224,3,0,0,240,3,0,0,0,4,0,0,16,4,0,0,32,4,0,0,48,4,0,0,64,4,0,0,80,4,0,0,96,4,0,0,112,4,0,0,128,4,0,0,144,4,0,0,192,3,0,0,208,3,0,0,224,3,0,0,240,3,0,0,0,4,0,0,16,4,0,0,50,6,0,0,40,2,0,0,216,1,0,0,232,1,0,0,32,4,0,0,48,4,0,0,64,4,0,0,80,4,0,0,96,4,0,0,112,4,0,0,128,4,0,0,144,4,0,0,192,3,0,0,208,3,0,0,224,3,0,0,240,3,0,0,0,4,0,0,16,4,0,0,32,4,0,0,48,4,0,0,64,4,0,0,80,4,0,0,96,4,0,0,112,4,0,0,128,4,0,0,144,4,0,0,192,3,0,0,208,3,0,0,224,3,0,0,240,3,0,0,0,4,0,0,16,4,0,0,32,4,0,0,48,4,0,0,64,4,0,0,80,4,0,0,96,4,0,0,112,4,0,0,128,4,0,0,144,4,0,0,192,3,0,0,208,3,0,0,224,3,0,0,240,3,0,0,0,4,0,0,16,4,0,0,32,4,0,0,48,4,0,0,64,4,0,0,80,4,0,0,96,4,0,0,112,4,0,0,128,4,0,0,144,4,0,0,192,3,0,0,208,3,0,0,224,3,0,0,240,3,0,0,0,4,0,0,16,4,0,0,32,4,0,0,48,4,0,0,64,4,0,0,80,4,0,0,96,4,0,0,112,4,0,0,128,4,0,0,144,4,0,0,192,3,0,0,208,3,0,0,224,3
0,152,150,0,0,68,0,100,0,0,0,0,0,0,0,8,0,0,0,0,0,0,0,0,0,0,0,0,0,126,62,109,88,244,2,243,2,0,0,0,0,0,0,0,0,0,0,0,0,0,0,0,0,0,0,0,0,0,0,0,0,0,0,0,0,0,0,0,0,15,0,4,240,68,0,0,0,178,4,10,240,8,0,0,0,1,4,0,0,0,10,0,0,67,0,11,240,32,0,0,0,4,65,1,0,0,0,5,193,8,0,0,0,6,1,2,0,0,0,255,1,0,0,8,0,114,0,97,0,122,0,0,0,0,0,16,240,4,0,0,0,0,0,0,128,98,0,7,240,0,150,0,0,6,6,5,201,162,116,51,166,188,202,43,12,175,230,246,33,125,150,255,0,220,149,0,0,1,0,0,0,68,0,0,0,0,0,219,3,0,110,30,240,212,149,0,0,5,201,162,116,51,166,188,202,43,12,175,230,246,33,125,150,255,137,80,78,71,13,10,26,10,0,0,0,13,73,72,68,82,0,0,3,32,0,0,4,108,8,6,0,0,0,102,77,242,241,0,0,0,9,112,72,89,115,0,0,11,19,0,0,11,19,1,0,154,156,24,0,0,10,79,105,67,67,80,80,104,111,116,111,115,104,111,112,32,73,67,67,32,112,114,111,102,105,108,101,0,0,120,218,157,83,103,84,83,233,22,61,247,222,244,66,75,136,128,148,75,111,82,21,8,32,82,66,139,128,20,145,38,42,33,9,16,74,136,33,161,217,21,81,193,17,69,69,4,27,200,160,136,3,142,142,128,140,21,81,44,12,138,10,216,7,228,33,162,142,131,163,136,138,202,251,225,123,163,107,214,188,247,230,205,254,181,215,62,231,172,243,157,179,207,7,192,8,12,150,72,51,81,53,128,12,169,66,30,17,224,131,199,196,198,225,228,46,64,129,10,36,112,0,16,8,179,100,33,115,253,35,1,0,248,126,60,60,43,34,192,7,190,0,1,120,211,11,8,0,192,77,155,192,48,28,135,255,15,234,66,153,92,1,128,132,1,192,116,145,56,75,8,128,20,0,64,122,142,66,166,0,64,70,1,128,157,152,38,83,0,160,4,0,96,203,99,98,227,0,80,45,0,96,39,127,230,211,0,128,157,248,153,123,1,0,91,148,33,21,1,160,145,0,32,19,101,136,68,0,104,59,0,172,207,86,138,69,0,88,48,0,20,102,75,196,57,0,216,45,0,48,73,87,102,72,0,176,183,0,192,206,16,11,178,0,8,12,0,48,81,136,133,41,0,4,123,0,96,200,35,35,120,0,132,153,0,20,70,242,87,60,241,43,174,16,231,42,0,0,120,153,178,60,185,36,57,69,129,91,8,45,113,7,87,87,46,30,40,206,73,23,43,20,54,97,2,97,154,64,46,194,121,153,25,50,129,52,15,224,243,204,0,0,160,145,21,17,224,131,243,253,120,206,14,174,206,206,54,142,182,14,95,45,234,191,6,255,34,98,98,227,254,229,207,171,112,64,0,0,225,116,126,209,254,44,47,179,26,128,59,6,128,109,254,162,37,238,4,104,94,11,160,117,247,139,102,178,15,64,181,0,160,233,218,87,243,112,248,126,60,60,69,161,144,185,217,217,229,228,228,216,74,196,66,91,97,202,87,125,254,103,194,95,192,87,253,108,249,126,60,252,247,245,224,190,226,36,129,50,93,129,71,4,248,224,194,204,244,76,165,28,207,146,9,132,98,220,230,143,71,252,183,11,255,252,29,211,34,196,73,98,185,88,42,20,227,81,18,113,142,68,154,140,243,50,165,34,137,66,146,41,197,37,210,255,100,226,223,44,251,3,62,223,53,0,176,106,62,1,123,145,45,168,93,99,3,246,75,39,16,88,116,192,226,247,0,0,242,187,111,193,212,40,8,3,128,104,131,225,207,119,255,239,63,253,71,160,37,0,128,102,73,146,113,0,0,94,68,36,46,84,202,179,63,199,8,0,0,68,160,129,42,176,65,27,244,193,24,44,192,6,28,193,5,220,193,11,252,96,54,132,66,36,196,194,66,16,66,10,100,128,28,114,96,41,172,130,66,40,134,205,176,29,42,96,47,212,64,29,52,192,81,104,134,147,112,14,46,194,85,184,14,61,112,15,250,97,8,158,193,40,188,129,9,4,65,200,8,19,97,33,218,136,1,98,138,88,35,142,8,23,153,133,248,33,193,72,4,18,139,36,32,201,136,20,81,34,75,145,53,72,49,82,138,84,32,85,72,29,242,61,114,2,57,135,92,70,186,145,59,200
0,73,68,61,34,123,48,48,48,48,48,48,48,48,45,48,48,48,48,45,48,48,48,48,45,48,48,48,48,45,48,48,48,48,48,48,48,48,48,48,48,48,125,34,13,10,68,111,99,117,109,101,110,116,61,84,104,105,115,68,111,99,117,109,101,110,116,47,38,72,48,48,48,48,48,48,48,48,13,10,72,101,108,112,70,105,108,101,61,34,34,13,10,78,97,109,101,61,34,80,114,111,106,101,99,116,34,13,10,72,101,108,112,67,111,110,116,101,120,116,73,68,61,34,48,34,13,10,86,101,114,115,105,111,110,67,111,109,112,97,116,105,98,108,101,51,50,61,34,51,57,51,50,50,50,48,48,48,34,13,10,67,77,71,61,34,70,66,70,57,53,55,53,69,53,54,54,50,53,54,54,50,53,50,54,54,53,50,54,54,34,13,10,68,80,66,61,34,70,54,70,52,53,65,53,66,65,69,65,68,66,52,67,65,66,52,67,65,52,66,51,54,66,53,67,65,70,69,49,55,67,57,50,68,67,66,48,56,57,53,49,52,66,67,69,53,67,66,66,56,57,70,65,55,49,70,51,48,54,67,66,67,65,65,51,52,51,48,68,53,68,53,67,50,67,50,34,13,10,71,67,61,34,70,49,70,51,53,68,57,69,53,69,57,69,53,69,57,69,34,13,10,13,10,91,72,111,115,116,32,69,120,116,101,110,100,101,114,32,73,110,102,111,93,13,10,38,72,48,48,48,48,48,48,48,49,61,123,51,56,51,50,68,54,52,48,45,67,70,57,48,45,49,49,67,70,45,56,69,52,51,45,48,48,65,48,67,57,49,49,48,48,53,65,125,59,86,66,69,59,38,72,48,48,48,48,48,48,48,48,13,10,13,10,91,87,111,114,107,115,112,97,99,101,93,13,10,84,104,105,115,68,111,99,117,109,101,110,116,61,50,50,44,32,50,57,44,32,57,55,51,44,32,51,57,55,44,32,90,13,10,1,120,211,11,8,0,192,77,155,192,48,28,135,255,15,234,66,153,92,1,128,132,1,192,116,145,56,75,8,128,20,0,64,122,142,66,166,0,64,70,1,128,157,152,38,83,0,160,4,0,96,203,99,98,227,0,80,45,0,96,39,127,230,211,0,128,157,248,153,123,1,0,91,148,33,21,1,160,145,0,32,19,101,136,68,0,104,59,0,172,207,86,138,69,0,88,48,0,20,102,75,196,57,0,216,45,0,48,73,87,102,72,0,176,183,0,192,206,16,11,178,0,8,12,0,48,81,136,133,41,0,4,123,0,96,200,35,35,120,0,132,153,0,20,70,242,87,60,241,43,174,16,231,42,0,0,120,153,178,60,185,36,57,69,129,91,8,45,113,7,87,87,46,30,40,206,73,23,43,20,54,97,2,97,154,64,46,194,121,153,25,50,129,52,15,224,243,204,0,0,160,145,21,17,224,131,243,253,120,206,14,174,206,206,54,142,182,14,95,45,234,191,6,255,34,98,98,227,254,229,207,171,112,64,0,0,225,116,126,209,254,44,47,179,26,128,59,6,128,109,254,162,37,238,4,104,94,11,160,117,247,139,102,178,15,64,181,0,160,233,218,87,243,112,248,126,60,60,69,161,144,185,217,217,229,228,228,216,74,196,66,91,97,202,87,125,254,103,194,95,192,87,253,108,249,126,60,252,247,245,224,190,226,36,129,50,93,129,71,4,248,224,194,204,244,76,165,28,207,146,9,132,98,220,230,143,71,252,183,11,255,252,29,211,34,196,73,98,185,88,42,20,227,81,18,113,142,68,154,140,243,50,165,34,137,66,146,41,197,37,210,255,100,226,223,44,251,3,62,223,53,0,176,106,62,1,123,145,45,168,93,99,3,246,75,39,16,88,116,192,226,247,0,0,242,187,111,193,212,40,8,3,128,104,131,225,207,119,255,239,63,253,71,160,37,0,128,102,73,146,113,0,0,94,68,36,46,84,202,179,63,199,8,0,0,68,160,129,42,176,65,27,244,193,24,44,192,6,28,193,5,220,193,11,252,96,54,132,66,36,196,194,66,16,66,10,100,128,28,114,96,41,172,130,66,40,134,205,176,29,42,96,47,212,64,29,52,192,81,104,134,147,112,14,46,194,85,184,14,61,112,15,250,97,8,158,193,40,188,129,9,4,65,200,8,19,97,33,218,136,1,98,138,88,35,142,8,23,153,133,248,33,193,72,4,18,139,36,32,201,136,20,81,34,75,145,53,72,49,82,138,84,32,85,72,29,242,61,114,2,57,135,92,70,186,145,59,200
0,84,104,105,115,68,111,99,117,109,101,110,116,0,84,0,104,0,105,0,115,0,68,0,111,0,99,0,117,0,109,0,101,0,110,0,116,0,0,0,0,0,125,34,13,10,68,111,99,117,109,101,110,116,61,84,104,105,115,68,111,99,117,109,101,110,116,47,38,72,48,48,48,48,48,48,48,48,13,10,72,101,108,112,70,105,108,101,61,34,34,13,10,78,97,109,101,61,34,80,114,111,106,101,99,116,34,13,10,72,101,108,112,67,111,110,116,101,120,116,73,68,61,34,48,34,13,10,86,101,114,115,105,111,110,67,111,109,112,97,116,105,98,108,101,51,50,61,34,51,57,51,50,50,50,48,48,48,34,13,10,67,77,71,61,34,70,66,70,57,53,55,53,69,53,54,54,50,53,54,54,50,53,50,54,54,53,50,54,54,34,13,10,68,80,66,61,34,70,54,70,52,53,65,53,66,65,69,65,68,66,52,67,65,66,52,67,65,52,66,51,54,66,53,67,65,70,69,49,55,67,57,50,68,67,66,48,56,57,53,49,52,66,67,69,53,67,66,66,56,57,70,65,55,49,70,51,48,54,67,66,67,65,65,51,52,51,48,68,53,68,53,67,50,67,50,34,13,10,71,67,61,34,70,49,70,51,53,68,57,69,53,69,57,69,53,69,57,69,34,13,10,13,10,91,72,111,115,116,32,69,120,116,101,110,100,101,114,32,73,110,102,111,93,13,10,38,72,48,48,48,48,48,48,48,49,61,123,51,56,51,50,68,54,52,48,45,67,70,57,48,45,49,49,67,70,45,56,69,52,51,45,48,48,65,48,67,57,49,49,48,48,53,65,125,59,86,66,69,59,38,72,48,48,48,48,48,48,48,48,13,10,13,10,91,87,111,114,107,115,112,97,99,101,93,13,10,84,104,105,115,68,111,99,117,109,101,110,116,61,50,50,44,32,50,57,44,32,57,55,51,44,32,51,57,55,44,32,90,13,10,1,120,211,11,8,0,192,77,155,192,48,28,135,255,15,234,66,153,92,1,128,132,1,192,116,145,56,75,8,128,20,0,64,122,142,66,166,0,64,70,1,128,157,152,38,83,0,160,4,0,96,203,99,98,227,0,80,45,0,96,39,127,230,211,0,128,157,248,153,123,1,0,91,148,33,21,1,160,145,0,32,19,101,136,68,0,104,59,0,172,207,86,138,69,0,88,48,0,20,102,75,196,57,0,216,45,0,48,73,87,102,72,0,176,183,0,192,206,16,11,178,0,8,12,0,48,81,136,133,41,0,4,123,0,96,200,35,35,120,0,132,153,0,20,70,242,87,60,241,43,174,16,231,42,0,0,120,153,178,60,185,36,57,69,129,91,8,45,113,7,87,87,46,30,40,206,73,23,43,20,54,97,2,97,154,64,46,194,121,153,25,50,129,52,15,224,243,204,0,0,160,145,21,17,224,131,243,253,120,206,14,174,206,206,54,142,182,14,95,45,234,191,6,255,34,98,98,227,254,229,207,171,112,64,0,0,225,116,126,209,254,44,47,179,26,128,59,6,128,109,254,162,37,238,4,104,94,11,160,117,247,139,102,178,15,64,181,0,160,233,218,87,243,112,248,126,60,60,69,161,144,185,217,217,229,228,228,216,74,196,66,91,97,202,87,125,254,103,194,95,192,87,253,108,249,126,60,252,247,245,224,190,226,36,129,50,93,129,71,4,248,224,194,204,244,76,165,28,207,146,9,132,98,220,230,143,71,252,183,11,255,252,29,211,34,196,73,98,185,88,42,20,227,81,18,113,142,68,154,140,243,50,165,34,137,66,146,41,197,37,210,255,100,226,223,44,251,3,62,223,53,0,176,106,62,1,123,145,45,168,93,99,3,246,75,39,16,88,116,192,226,247,0,0,242,187,111,193,212,40,8,3,128,104,131,225,207,119,255,239,63,253,71,160,37,0,128,102,73,146,113,0,0,94,68,36,46,84,202,179,63,199,8,0,0,68,160,129,42,176,65,27,244,193,24,44,192,6,28,193,5,220,193,11,252,96,54,132,66,36,196,194,66,16,66,10,100,128,28,114,96,41,172,130,66,40,134,205,176,29,42,96,47,212,64,29,52,192,81,104,134,147,112,14,46,194,85,184,14,61,112,15,250,97,8,158,193,40,188,129,9,4,65,200,8,19,97,33,218,136,1,98,138,88,35,142,8,23,153,133,248,33,193,72,4,18,139,36,32,201,136,20,81,34,75,145,53,72,49,82,138,84,32,85,72,29,242,61,114,2,57,135,92,70,186,145,59,200
0,1,22,1,0,1,240,0,0,0,38,13,0,0,212,0,0,0,218,1,0,0,255,255,255,255,45,13,0,0,77,29,0,0,0,0,0,0,1,0,0,0,3,230,57,99,0,0,255,255,163,0,0,0,136,0,0,0,182,0,255,255,1,1,0,0,0,0,255,255,255,255,0,0,0,0,255,255,255,255,255,255,0,0,0,0,0,0,0,0,0,0,0,0,0,0,0,0,0,0,0,0,0,0,0,0,0,0,0,0,0,0,0,0,0,0,0,0,0,0,0,0,0,0,0,0,0,0,0,0,0,0,0,0,0,0,16,0,0,0,3,0,0,0,5,0,0,0,7,0,0,0,255,255,255,255,255,255,255,255,1,1,8,0,0,0,255,255,255,255,120,0,0,0,8,0,0,0,0,0,0,0,0,0,0,0,0,0,0,0,0,0,0,0,0,0,0,0,0,0,0,0,0,0,0,0,0,255,255,0,0,0,0,77,69,0,0,255,255,255,255,255,255,0,0,0,0,255,255,0,0,0,0,255,255,1,1,0,0,0,0,223,0,255,255,0,0,0,0,12,0,255,255,255,255,255,255,255,255,255,255,255,255,255,255,255,255,255,255,255,255,255,255,255,255,255,255,255,255,255,255,255,255,255,255,255,255,255,255,255,255,255,255,255,255,255,255,255,255,255,255,255,255,255,255,255,255,255,255,255,255,255,255,255,255,255,255,255,255,255,255,255,255,255,255,255,255,255,255,255,255,255,255,255,255,255,255,255,255,255,255,255,255,255,255,255,255,255,255,255,255,255,255,255,255,255,255,255,255,255,255,255,255,255,255,255,255,255,255,255,255,255,255,255,255,255,255,255,255,40,0,0,0,2,0,83,34,255,255,255,255,0,0,1,0,83,16,255,255,255,255,0,0,1,0,83,34,255,255,255,255,0,0,0,0,2,60,255,255,255,255,0,0,255,255,1,1,0,0,0,0,1,0,40,0,49,0,78,0,111,0,114,0,109,0,97,0,108,0,46,0,84,0,104,0,105,0,115,0,68,0,111,0,99,0,117,0,109,0,101,0,110,0,116,0,8,0,0,0,255,255,255,255,1,1,192,10,0,0,12,17,24,2,96,0,0,0,255,255,255,255,0,0,0,0,255,255,255,255,255,255,255,255,0,0,0,0,0,0,0,0,255,255,255,255,0,0,0,0,64,0,0,0,12,0,255,255,255,255,255,255,4,0,4,0,0,0,188,1,0,0,0,0,105,131,254,255,255,255,255,255,255,255,255,255,12,1,255,255,0,0,0,0,255,255,255,255,32,0,0,0,0,0,0,0,12,17,28,2,24,1,0,0,255,255,255,255,0,0,0,0,255,255,255,255,255,255,255,255,0,0,0,0,0,0,0,0,255,255,255,255,0,0,0,0,160,0,0,0,12,0,255,255,255,255,255,255,6,0,6,0,0,0,188,3,0,0,0,0,105,131,30,2,255,255,255,255,255,255,255,255,8,0,255,255,0,0,0,0,192,0,0,0,132,0,0,0,52,0,70,0,105,131,32,2,255,255,255,255,255,255,255,255,8,0,255,255,0,0,0,0,224,0,0,0,132,0,0,0,109,0,112,0,105,131,254,255,255,255,255,255,255,255,255,255,12,1,255,255,0,0,0,0,255,255,255,255,32,0,0,0,115,0,0,0,96,132,34,2,255,255,255,255,255,255,255,255,9,0,255,255,0,0,0,0,0,0,0,0,12,17,40,2,160,1,0,0,255,255,255,255,0,0,0,0,255,255,255,255,255,255,255,255,0,0,0,0,0,0,0,0,255,255,255,255,0,0,0,0,255,255,255,255,255,255,255,255,255,255,255,255,9,0,9,0,0,0,148,0,0,0,0,0,64,132,42,2,255,255,255,255,255,255,255,255,12,0,255,255,0,0,0,0,0,0,0,0,64,132,44,2,255,255,255,255,255,255,255,255,12,0,255,255,0,0,0,0,0,0,0,0,64,132,46,2,255,255,255,255,255,255,255,255,12,0,255,255,0,0,0,0,0,0,0,0,12,17,48,2,40,2,0,0,255,255,255,255,0,0,0,0,255,255,255,255,255,255,255,255,0,0,0,0,0,0,0,0,255,255,255,255,0,0,0,0,255,255,255,255,255,255,255,255,255,255,255,255,9,0,9,0,0,0,148,0,0,0,0,0,64,132,50,2,255,255,255,255,255,255,255,255,12,0,255,255,0,0,0,0,0,0,0,0,64,132,52,2,255,255,255,255,255,255,255,255,12,0,255,255,0,0,0,0,0,0,0,0,64,132
1,204,97,133,0,0,1,0,255,25,4,0,0,9,4,0,0,227,4,1,0,0,0,0,0,0,0,0,0,1,0,5,0,2,0,250,0,42,0,92,0,71,0,123,0,48,0,48,0,48,0,50,0,48,0,52,0,69,0,70,0,45,0,48,0,48,0,48,0,48,0,45,0,48,0,48,0,48,0,48,0,45,0,67,0,48,0,48,0,48,0,45,0,48,0,48,0,48,0,48,0,48,0,48,0,48,0,48,0,48,0,48,0,52,0,54,0,125,0,35,0,52,0,46,0,48,0,35,0,57,0,35,0,67,0,58,0,92,0,80,0,82,0,79,0,71,0,82,0,65,0,126,0,49,0,92,0,67,0,79,0,77,0,77,0,79,0,78,0,126,0,49,0,92,0,77,0,73,0,67,0,82,0,79,0,83,0,126,0,49,0,92,0,86,0,66,0,65,0,92,0,86,0,66,0,65,0,54,0,92,0,86,0,66,0,69,0,54,0,46,0,68,0,76,0,76,0,35,0,86,0,105,0,115,0,117,0,97,0,108,0,32,0,66,0,97,0,115,0,105,0,99,0,32,0,70,0,111,0,114,0,32,0,65,0,112,0,112,0,108,0,105,0,99,0,97,0,116,0,105,0,111,0,110,0,115,0,0,0,0,0,0,0,0,0,0,0,0,0,16,1,42,0,92,0,71,0,123,0,48,0,48,0,48,0,50,0,48,0,57,0,48,0,53,0,45,0,48,0,48,0,48,0,48,0,45,0,48,0,48,0,48,0,48,0,45,0,67,0,48,0,48,0,48,0,45,0,48,0,48,0,48,0,48,0,48,0,48,0,48,0,48,0,48,0,48,0,52,0,54,0,125,0,35,0,56,0,46,0,52,0,35,0,48,0,35,0,67,0,58,0,92,0,80,0,114,0,111,0,103,0,114,0,97,0,109,0,32,0,70,0,105,0,108,0,101,0,115,0,92,0,77,0,105,0,99,0,114,0,111,0,115,0,111,0,102,0,116,0,32,0,79,0,102,0,102,0,105,0,99,0,101,0,92,0,79,0,102,0,102,0,105,0,99,0,101,0,49,0,50,0,92,0,77,0,83,0,87,0,79,0,82,0,68,0,46,0,79,0,76,0,66,0,35,0,77,0,105,0,99,0,114,0,111,0,115,0,111,0,102,0,116,0,32,0,87,0,111,0,114,0,100,0,32,0,49,0,50,0,46,0,48,0,32,0,79,0,98,0,106,0,101,0,99,0,116,0,32,0,76,0,105,0,98,0,114,0,97,0,114,0,121,0,0,0,0,0,0,0,0,0,0,0,0,0,188,0,42,0,92,0,71,0,123,0,48,0,48,0,48,0,50,0,48,0,52,0,51,0,48,0,45,0,48,0,48,0,48,0,48,0,45,0,48,0,48,0,48,0,48,0,45,0,67,0,48,0,48,0,48,0,45,0,48,0,48,0,48,0,48,0,48,0,48,0,48,0,48,0,48,0,48,0,52,0,54,0,125,0,35,0,50,0,46,0,48,0,35,0,48,0,35,0,67,0,58,0,92,0,87,0,73,0,78,0,68,0,79,0,87,0,83,0,92,0,115,0,121,0,115,0,116,0,101,0,109,0,51,0,50,0,92,0,115,0,116,0,100,0,111,0,108,0,101,0,50,0,46,0,116,0,108,0,98,0,35,0,79,0,76,0,69,0,32,0,65,0,117,0,116,0,111,0,109,0,97,0,116,0,105,0,111,0,110,0,0,0,0,0,0,0,0,0,0,0,0,0,18,0,42,0,92,0,67,0,78,0,111,0,114,0,109,0,97,0,108,0,18,0,42,0,92,0,67,0,78,0,111,0,114,0,109,0,97,0,108,0,155,160,154,89,8,0,0,0,0,0,0,0,40,1,42,0,92,0,71,0,123,0,50,0,68,0,70,0,56,0,68,0,48,0,52,0,67,0,45,0,53,0,66,0,70,0,65,0,45,0,49,0,48,0,49,0,66,0,45,0,66,0,68,0,69,0,53,0,45,0,48,0,48,0,65,0,65,0,48,0,48,0,52,0,52,0,68,0,69,0,53,0,50,0,125,0,35,0,50,0,46,0,52,0,35,0,48,0,35,0,67,0,58,0,92,0,80,0,114,0,111,0,103,0,114,0,97,0,109,0,32,0,70,0,105,0,108,0,101,0,115,0,92,0,67,0,111,0,109,0,109,0,111,0,110,0,32,0,70,0,105,0,108,0,101,0,115,0,92,0,77,0,105,0,99,0,114,0,111,0,115,0,111,0,102,0,116,0,32,0,83,0
0,1,254,177,128,1,0,4,0,0,0,1,0,48,42,2,2,144,9,0,112,20,6,72,3,0,130,2,0,100,227,4,4,0,7,0,28,0,80,114,111,106,101,99,116,5,81,0,40,0,0,64,2,20,6,2,20,61,173,2,10,7,2,108,1,20,8,6,18,9,2,18,128,170,113,236,89,6,0,12,2,74,18,60,2,10,22,0,1,114,115,116,100,16,111,108,101,62,2,25,115,0,116,0,0,100,0,111,0,108,0,101,80,0,13,0,104,0,37,94,0,3,42,0,92,71,123,48,48,48,50,48,176,52,51,48,45,0,8,4,4,67,0,10,3,2,14,1,18,48,48,52,54,125,35,0,50,46,48,35,48,35,67,58,0,92,87,73,78,68,79,87,83,0,92,115,121,115,116,101,109,51,4,50,92,3,101,50,46,116,108,98,0,35,79,76,69,32,65,117,116,128,111,109,97,116,105,111,110,0,96,3,0,2,131,69,78,111,114,109,97,108,5,131,69,78,128,67,114,0,109,0,97,81,128,70,14,0,32,128,17,9,128,1,42,12,92,67,3,18,10,6,155,160,154,89,4,8,0,131,33,79,102,102,105,99,17,132,103,79,0,102,128,0,105,0,99,21,130,103,158,128,31,148,130,33,71,123,50,0,68,70,56,68,48,52,67,45,0,53,66,70,65,45,49,48,49,64,66,45,66,68,69,53,128,103,65,106,65,128,101,52,128,5,50,136,103,128,186,103,0,114,97,109,32,70,105,108,101,0,115,92,67,111,109,109,111,110,1,4,6,77,105,99,114,111,115,111,0,102,116,32,83,104,97,114,101,0,100,92,79,70,70,73,67,69,0,49,50,92,77,83,79,46,68,152,76,76,35,135,16,131,77,32,49,128,147,8,32,79,98,129,227,32,76,105,98,176,114,97,114,121,128,37,128,0,15,130,122,136,1,0,19,194,1,3,230,25,66,101,0,84,104,105,115,68,111,99,117,128,109,101,110,116,71,0,24,192,9,130,84,192,102,105,0,115,0,68,192,72,136,99,0,117,64,73,101,0,110,192,110,42,26,206,11,50,218,11,28,192,18,0,0,10,72,66,1,49,66,137,83,29,0,0,22,30,66,2,1,5,44,194,33,57,99,34,21,66,8,43,66,1,16,66,1,115,0,111,0,102,0,116,0,32,0,87,0,111,0,114,0,100,0,32,0,49,0,50,0,46,0,48,0,32,0,79,0,98,0,106,0,101,0,99,0,116,0,32,0,76,0,105,0,98,0,114,0,97,0,114,0,121,0,0,0,0,0,0,0,0,0,0,0,0,0,188,0,42,0,92,0,71,0,123,0,48,0,48,0,48,0,50,0,48,0,52,0,51,0,48,0,45,0,48,0,48,0,48,0,48,0,45,0,48,0,48,0,48,0,48,0,45,0,67,0,48,0,48,0,48,0,45,0,48,0,48,0,48,0,48,0,48,0,48,0,48,0,48,0,48,0,48,0,52,0,54,0,125,0,35,0,50,0,46,0,48,0,35,0,48,0,35,0,67,0,58,0,92,0,87,0,73,0,78,0,68,0,79,0,87,0,83,0,92,0,115,0,121,0,115,0,116,0,101,0,109,0,51,0,50,0,92,0,115,0,116,0,100,0,111,0,108,0,101,0,50,0,46,0,116,0,108,0,98,0,35,0,79,0,76,0,69,0,32,0,65,0,117,0,116,0,111,0,109,0,97,0,116,0,105,0,111,0,110,0,0,0,0,0,0,0,0,0,0,0,0,0,18,0,42,0,92,0,67,0,78,0,111,0,114,0,109,0,97,0,108,0,18,0,42,0,92,0,67,0,78,0,111,0,114,0,109,0,97,0,108,0,155,160,154,89,8,0,0,0,0,0,0,0,40,1,42,0,92,0,71,0,123,0,50,0,68,0,70,0,56,0,68,0,48,0,52,0,67,0,45,0,53,0,66,0,70,0,65,0,45,0,49,0,48,0,49,0,66,0,45,0,66,0,68,0,69,0,53,0,45,0,48,0,48,0,65,0,65,0,48,0,48,0,52,0,52,0,68,0,69,0,53,0,50,0,125,0,35,0,50,0,46,0,52,0,35,0,48,0,35,0,67,0,58,0,92,0,80,0,114,0,111,0,103,0,114,0,97,0,109,0,32,0,70,0,105,0,108,0,101,0,115,0,92,0,67,0,111,0,109,0,109,0,111,0,110,0,32,0,70,0,105,0,108,0,101,0,115,0,92,0,77,0,105,0,99,0,114,0,111,0,115,0,111,0,102,0,116,0,32,0,83,0
0,236,165,193,0,91,128,9,4,0,0,248,18,191,0,0,0,0,0,0,16,0,0,0,0,0,8,0,0,2,8,0,0,14,0,98,106,98,106,172,250,172,250,0,0,0,0,0,0,0,0,0,0,0,0,0,0,0,0,0,0,25,4,22,0,52,14,0,0,206,144,1,0,206,144,1,0,2,0,0,0,0,0,0,0,0,0,0,0,0,0,0,0,0,0,0,0,0,0,0,0,0,0,0,0,0,0,0,0,255,255,15,0,0,0,0,0,0,0,0,0,255,255,15,0,0,0,0,0,0,0,0,0,255,255,15,0,0,0,0,0,0,0,0,0,0,0,0,0,0,0,0,0,183,0,0,0,0,0,216,5,0,0,0,0,0,0,216,5,0,0,58,19,0,0,0,0,0,0,58,19,0,0,0,0,0,0,58,19,0,0,0,0,0,0,58,19,0,0,0,0,0,0,58,19,0,0,20,0,0,0,0,0,0,0,0,0,0,0,255,255,255,255,0,0,0,0,78,19,0,0,0,0,0,0,78,19,0,0,0,0,0,0,78,19,0,0,0,0,0,0,78,19,0,0,12,0,0,0,90,19,0,0,12,0,0,0,78,19,0,0,0,0,0,0,83,33,0,0,48,1,0,0,102,19,0,0,0,0,0,0,102,19,0,0,0,0,0,0,102,19,0,0,0,0,0,0,102,19,0,0,0,0,0,0,102,19,0,0,0,0,0,0,65,20,0,0,0,0,0,0,65,20,0,0,0,0,0,0,65,20,0,0,0,0,0,0,210,32,0,0,2,0,0,0,212,32,0,0,0,0,0,0,212,32,0,0,0,0,0,0,212,32,0,0,0,0,0,0,212,32,0,0,0,0,0,0,212,32,0,0,0,0,0,0,212,32,0,0,36,0,0,0,131,34,0,0,162,2,0,0,37,37,0,0,62,0,0,0,248,32,0,0,21,0,0,0,0,0,0,0,0,0,0,0,0,0,0,0,0,0,0,0,58,19,0,0,0,0,0,0,65,20,0,0,0,0,0,0,0,0,0,0,0,0,0,0,0,0,0,0,0,0,0,0,65,20,0,0,0,0,0,0,65,20,0,0,0,0,0,0,65,20,0,0,0,0,0,0,65,20,0,0,0,0,0,0,248,32,0,0,0,0,0,0,0,0,0,0,0,0,0,0,58,19,0,0,0,0,0,0,58,19,0,0,0,0,0,0,102,19,0,0,0,0,0,0,0,0,0,0,0,0,0,0,102,19,0,0,219,0,0,0,13,33,0,0,22,0,0,0,95,20,0,0,0,0,0,0,95,20,0,0,0,0,0,0,95,20,0,0,0,0,0,0,65,20,0,0,10,0,0,0,58,19,0,0,0,0,0,0,102,19,0,0,0,0,0,0,58,19,0,0,0,0,0,0,102,19,0,0,0,0,0,0,210,32,0,0,0,0,0,0,0,0,0,0,0,0,0,0,95,20,0,0,0,0,0,0,0,0,0,0,0,0,0,0,0,0,0,0,0,0,0,0,0,0,0,0,0,0,0,0,0,0,0,0,0,0,0,0,0,0,0,0,0,0,0,0,0,0,0,0,0,0,0,0,65,20,0,0,0,0,0,0,210,32,0,0,0,0,0,0,0,0,0,0,0,0,0,0,95,20,0,0,0,0,0,0,95,20,0,0,30,0,0,0,238,22,0,0,96,0,0,0,0,0,0,0,0,0,0,0,0,0,0,0,0,0,0,0,0,0,0,0,0,0,0,0,0,0,0,0,0,0,0,0,0,0,0,0,0,0,0,0,0,0,0,0,0,0,0,0,0,0,0,0,0,0,0,0,0,0,0,0,0,0,0,0,0,0,0,0,0,0,0,0,94,23,0,0,0,0,0,0,102,19,0,0,0,0,0,0,255,255,255,255,0,0,0,0,192,193,146,71,155,57,210,1,0,0,0,0,0,0,0,0,78,19,0,0,0,0,0,0,75,20,0,0,10,0,0,0,78,23,0,0,8,0,0,0,0,0,0,0,0,0,0,0,190,32,0,0,20,0,0,0,35,33,0,0,48,0,0,0,83,33,0,0,0,0,0,0,86,23,0,0,8,0,0,0,99,37,0,0,0,0,0,0,85,20,0,0,10,0,0,0,99,37,0,0,16,0,0,0,94,23,0,0,0,0,0,0,0,0,0,0,0,0,0,0,0,0,0,0,0,0,0,0,0,0,0,0,0,0,0,0,0,0,0,0,0,0,0,0,0,0,0,0,0,0,0,0,0,0,0,0,0,0,0,0,0,0,0,0,0,0,0,0
