0,1,0,254,255,3,10,0,0,255,255,255,255,32,8,2,0,0,0,0,0,192,0,0,0,0,0,0,70,35,0,0,0,77,105,99,114,111,115,111,102,116,32,79,102,102,105,99,101,32,69,120,99,101,108,32,50,48,48,51,32,185,164,215,247,177,237,0,6,0,0,0,66,105,102,102,56,0,14,0,0,0,69,120,99,101,108,46,83,104,101,101,116,46,56,0,244,57,178,113,0,0,0,0,0,0,0,0,0,0,0,0,,,,,,,,,,,,,,,,,,,,,,,,,,,,,,,,,,,,,,,,,,,,,,,,,,,,,,,,,,,,,,,,,,,,,,,,,,,,,,,,,,,,,,,,,,,,,,,,,,,,,,,,,,,,,,,,,,,,,,,,,,,,,,,,,,,,,,,,,,,,,,,,,,,,,,,,,,,,,,,,,,,,,,,,,,,,,,,,,,,,,,,,,,,,,,,,,,,,,,,,,,,,,,,,,,,,,,,,,,,,,,,,,,,,,,,,,,,,,,,,,,,,,,,,,,,,,,,,,,,,,,,,,,,,,,,,,,,,,,,,,,,,,,,,,,,,,,,,,,,,,,,,,,,,,,,,,,,,,,,,,,,,,,,,,,,,,,,,,,,,,,,,,,,,,,,,,,,,,,,,,,,,,,,,,,,,,,,,,,,,,,,,,,,,,,,,,,,,,,,,,,,,,,,,,,,,,,,,,,,,,,,,,,,,,,,,,,,,,,,,,,,,,,,,,,,,,,,,,,,,,,,,,,,,,,,,,,,,,,,,,,,,,,,,,,,,,,,,,,,,,,,,,,,,,,,,,,,,,,,,,,,,,,,,,,,,,,,,,,,,,,,,,,,,,,,,,,,,,,,,,,,,,,,,,,,,,,,,,,,,,,,,,,,,,,,,,,,,,,,,,,,,,,,,,,,,,,,,,,,,,,,,,,,,,,,,,,,,,,,,,,,,,,,,,,,,,,,,,,,,,,,,,,,,,,,,,,,,,,,,,,,,,,,,,,,,,,,,,,,,,,,,,,,,,,,,,,,,,,,,,,,,,,,,,,,,,,,,,,,,,,,,,,,,,,,,,,,,,,,,,,,,,,,,,,,,,,,,,,,,,,,,,,,,,,,,,,,,,,,,,,,,,,,,,,,,,,,,,,,,,,,,,,,,,,,,,,,,,,,,,,,,,,,,,,,,,,,,,,,,,,,,,,,,,,,,,,,,,,,,,,,,,,,,,,,,,,,,,,,,,,,,,,,
0,254,255,0,0,6,1,2,0,0,0,0,0,0,0,0,0,0,0,0,0,0,0,0,0,1,0,0,0,2,213,205,213,156,46,27,16,147,151,8,0,43,44,249,174,48,0,0,0,188,0,0,0,9,0,0,0,1,0,0,0,80,0,0,0,15,0,0,0,88,0,0,0,23,0,0,0,100,0,0,0,11,0,0,0,108,0,0,0,16,0,0,0,116,0,0,0,19,0,0,0,124,0,0,0,22,0,0,0,132,0,0,0,13,0,0,0,140,0,0,0,12,0,0,0,156,0,0,0,2,0,0,0,168,3,0,0,30,0,0,0,4,0,0,0,0,0,0,0,3,0,0,0,0,0,12,0,11,0,0,0,0,0,0,0,11,0,0,0,0,0,0,0,11,0,0,0,0,0,0,0,11,0,0,0,0,0,0,0,30,16,0,0,1,0,0,0,4,0,0,0,71,76,69,0,12,16,0,0,2,0,0,0,30,0,0,0,7,0,0,0,185,164,215,247,177,237,0,3,0,0,0,1,0,0,0,0,,,,,,,,,,,,,,,,,,,,,,,,,,,,,,,,,,,,,,,,,,,,,,,,,,,,,,,,,,,,,,,,,,,,,,,,,,,,,,,,,,,,,,,,,,,,,,,,,,,,,,,,,,,,,,,,,,,,,,,,,,,,,,,,,,,,,,,,,,,,,,,,,,,,,,,,,,,,,,,,,,,,,,,,,,,,,,,,,,,,,,,,,,,,,,,,,,,,,,,,,,,,,,,,,,,,,,,,,,,,,,,,,,,,,,,,,,,,,,,,,,,,,,,,,,,,,,,,,,,,,,,,,,,,,,,,,,,,,,,,,,,,,,,,,,,,,,,,,,,,,,,,,,,,,,,,,,,,,,,,,,,,,,,,,,,,,,,,,,,,,,,,,,,,,,,,,,,,,,,,,,,,,,,,,,,,,,,,,,,,,,,,,,,,,,,,,,,,,,,,,,,,,,,,,,,,,,,,,,,,,,,,,,,,,,,,,,,,,,,,,,,,,,,,,,,,,,,,,,,,,,,,,,,,,,,,,,,,,,,,,,,,,,,,,,,,,,,,,,,,,,,,,,,,,,,,,,,,,,,,,,,,,,,,,,,,,,,,,,,,,,,,,,,,,,,,,,,,,,,,,,,,,,,,,,,,,,,,,,,,,,,,,,,,,,,,,,,,,,,,,,,,,,,,,,,,,,,,,,,,,,,,,,,,,,,,,,,,,,,,,,,,,,,,,,,,,,,,,,,,,,,,,,,,,,,,,,,,,,,,,,,,,,,,,,,,,,,,,,,,,,,,,,,,,,,,,,,,,,,,,,,,,,,,,,,,,,,,,,,,,,,,,,,,,,,,,,,,,,,,,,,,,,,,,,,,,,,,,,,,,,
0,254,255,0,0,6,1,2,0,0,0,0,0,0,0,0,0,0,0,0,0,0,0,0,0,1,0,0,0,224,133,159,242,249,79,104,16,171,145,8,0,43,39,179,217,48,0,0,0,152,0,0,0,7,0,0,0,1,0,0,0,64,0,0,0,4,0,0,0,72,0,0,0,8,0,0,0,84,0,0,0,18,0,0,0,96,0,0,0,12,0,0,0,120,0,0,0,13,0,0,0,132,0,0,0,19,0,0,0,144,0,0,0,2,0,0,0,168,3,0,0,30,0,0,0,4,0,0,0,0,0,0,0,30,0,0,0,4,0,0,0,0,0,0,0,30,0,0,0,16,0,0,0,77,105,99,114,111,115,111,102,116,32,69,120,99,101,108,0,64,0,0,0,0,153,28,50,186,235,187,1,64,0,0,0,0,170,8,197,203,75,211,1,3,0,0,0,0,0,0,0,71,76,69,0,12,16,0,0,2,0,0,0,30,0,0,0,7,0,0,0,185,164,215,247,177,237,0,3,0,0,0,1,0,0,0,0,,,,,,,,,,,,,,,,,,,,,,,,,,,,,,,,,,,,,,,,,,,,,,,,,,,,,,,,,,,,,,,,,,,,,,,,,,,,,,,,,,,,,,,,,,,,,,,,,,,,,,,,,,,,,,,,,,,,,,,,,,,,,,,,,,,,,,,,,,,,,,,,,,,,,,,,,,,,,,,,,,,,,,,,,,,,,,,,,,,,,,,,,,,,,,,,,,,,,,,,,,,,,,,,,,,,,,,,,,,,,,,,,,,,,,,,,,,,,,,,,,,,,,,,,,,,,,,,,,,,,,,,,,,,,,,,,,,,,,,,,,,,,,,,,,,,,,,,,,,,,,,,,,,,,,,,,,,,,,,,,,,,,,,,,,,,,,,,,,,,,,,,,,,,,,,,,,,,,,,,,,,,,,,,,,,,,,,,,,,,,,,,,,,,,,,,,,,,,,,,,,,,,,,,,,,,,,,,,,,,,,,,,,,,,,,,,,,,,,,,,,,,,,,,,,,,,,,,,,,,,,,,,,,,,,,,,,,,,,,,,,,,,,,,,,,,,,,,,,,,,,,,,,,,,,,,,,,,,,,,,,,,,,,,,,,,,,,,,,,,,,,,,,,,,,,,,,,,,,,,,,,,,,,,,,,,,,,,,,,,,,,,,,,,,,,,,,,,,,,,,,,,,,,,,,,,,,,,,,,,,,,,,,,,,,,,,,,,,,,,,,,,,,,,,,,,,,,,,,,,,,,,,,,,,,,,,,,,,,,,,,,,,,,,,,,,,,,,,,,,,,,,,,,,,,,,,,,,,,,,,,,,,,,,,,,,,,,,,,,,,,,,,,,,,,,,,,,,,,,,,,,,,,,,,,,,,,,,,,,,,,
0,9,8,16,0,0,6,5,0,169,31,205,7,201,128,1,0,6,4,0,0,225,0,2,0,176,4,193,0,2,0,0,0,226,0,0,0,92,0,112,0,2,0,0,32,32,32,32,32,32,32,32,32,32,32,32,32,32,32,32,32,32,32,32,32,32,32,32,32,32,32,32,32,32,32,32,32,32,32,32,32,32,32,32,32,32,32,32,32,32,32,32,32,32,32,32,32,32,32,32,32,32,32,32,32,32,32,32,32,32,32,32,32,32,32,32,32,32,32,32,32,32,32,32,32,32,32,32,32,32,32,32,32,32,32,32,32,32,32,32,32,32,32,32,32,32,32,32,32,32,32,32,32,66,0,2,0,176,4,97,1,2,0,0,0,192,1,0,0,61,1,4,0,2,0,1,0,211,0,0,0,186,1,15,0,12,0,0,84,104,105,115,87,111,114,107,98,111,111,107,156,0,2,0,16,0,25,0,2,0,0,0,18,0,2,0,0,0,19,0,2,0,0,0,175,1,2,0,0,0,188,1,2,0,0,0,61,0,18,0,47,43,31,255,99,36,129,36,56,0,1,0,1,0,1,0,88,2,64,0,2,0,0,0,141,0,2,0,0,0,34,0,2,0,0,0,14,0,2,0,1,0,183,1,2,0,0,0,218,0,2,0,0,0,49,0,20,0,240,0,0,0,255,127,144,1,0,0,0,0,134,0,2,1,139,91,83,79,49,0,20,0,240,0,0,0,255,127,144,1,0,0,0,0,134,0,2,1,139,91,83,79,49,0,20,0,240,0,0,0,255,127,144,1,0,0,0,0,134,0,2,1,139,91,83,79,49,0,20,0,240,0,0,0,255,127,144,1,0,0,0,0,134,0,2,1,139,91,83,79,49,0,20,0,180,0,0,0,255,127,144,1,0,0,0,0,134,0,2,1,139,91,83,79,49,0,20,0,240,0,0,0,255,127,144,1,0,0,0,0,134,0,2,1,139,91,83,79,49,0,20,0,180,0,1,0,81,0,188,2,0,0,0,0,134,0,2,1,139,91,83,79,49,0,20,0,180,0,0,0,81,0,144,1,0,0,0,0,134,0,2,1,139,91,83,79,49,0,20,0,200,0,0,0,255,127,144,1,0,0,0,0,134,0,2,1,139,91,83,79,49,0,46,0,200,0,0,0,255,127,144,1,0,0,0,1,0,0,15,1,84,0,105,0,109,0,101,0,115,0,32,0,78,0,101,0,119,0,32,0,82,0,111,0,109,0,97,0,110,0,49,0,46,0,240,0,0,0,255,127,144,1,0,0,0,1,0,0,15,1,84,0,105,0,109,0,101,0,115,0,32,0,78,0,101,0,119,0,32,0,82,0,111,0,109,0,97,0,110,0,49,0,20,0,200,0,0,0,255,127,144,1,0,0,0,0,134,0,2,1,139,91,83,79,49,0,20,0,180,0,0,0,255,127,144,1,0,0,0,0,134,0,2,1,139,91,83,79,49,0,20,0,180,0,0,0,255,127,144,1,0,0,0,0,134,0,2,1,139,91,83,79,49,0,20,0,200,0,0,0,255,127,144,1,0,0,0,0,134,0,2,1,139,91,83,79,49,0,20,0,180,0,0,0,255,127,144,1,0,0,0,0,134,0,2,1,139,91,83,79,49,0,20,0,200,0,0,0,10,0,144,1,0,0,0,0,134,0,2,1,139,91,83,79,49,0,20,0,220,0,0,0,8,0,144,1,0,0,0,0,134,138,2,1,139,91,83,79,49,0,20,0,220,0,0,0,9,0,144,1,0,0,0,0,134,138,2,1,139,91,83,79,49,0,20,0,104,1,1,0,56,0,188,2,0,0,0,0,134,138,2,1,139,91,83,79,49,0,20,0,44,1,1,0,56,0,188,2,0,0,0,0,134,138,2,1,139,91,83,79,49,0,20,0,4,1,1,0,56,0,188,2,0,0,0,0,134,138,2,1,139,91,83,79,49,0,20,0,220,0,1,0,56,0,188,2,0,0,0,0,134,138,2,1,139,91,83,79,49,0,20,0,220,0,0,0,20,0,144,1,0,0,0,0,134,138,2,1,139,91,83,79,49,0,20,0,220,0,0,0,17,0,144,1,0,0,0,0,134,138,2,1,139,91,83,79,49,0,20,0,220,0,1,0,8,0,188,2,0,0,0,0,134,138,2,1,139,91,83,79,49,0,20,0,220,0,1,0,52,0,188,2,0,0,0,0,134,138,2,1,139,91,83,79,49,0,20,0,220,0,1,0,9,0,188,2,0,0,0,0,134,138,2,1,139,91,83,79,49
0,73,68,61,34,123,69,70,52,52,50,49,67,65,45,70,56,52,54,45,52,54,56,54,45,56,66,55,50,45,50,70,54,68,52,57,70,65,50,48,65,51,125,34,13,10,68,111,99,117,109,101,110,116,61,84,104,105,115,87,111,114,107,98,111,111,107,47,38,72,48,48,48,48,48,48,48,48,13,10,68,111,99,117,109,101,110,116,61,83,104,101,101,116,49,47,38,72,48,48,48,48,48,48,48,48,13,10,77,111,100,117,108,101,61,101,99,104,111,13,10,78,97,109,101,61,34,86,66,65,80,114,111,106,101,99,116,34,13,10,72,101,108,112,67,111,110,116,101,120,116,73,68,61,34,48,34,13,10,86,101,114,115,105,111,110,67,111,109,112,97,116,105,98,108,101,51,50,61,34,51,57,51,50,50,50,48,48,48,34,13,10,67,77,71,61,34,54,50,54,48,56,55,55,70,67,53,56,51,67,53,56,51,67,53,56,51,67,53,56,51,34,13,10,68,80,66,61,34,57,67,57,69,55,57,66,57,56,57,70,50,56,65,70,50,56,65,70,50,34,13,10,71,67,61,34,68,54,68,52,51,51,56,51,53,55,56,55,57,48,56,56,57,48,56,56,54,70,34,13,10,13,10,91,72,111,115,116,32,69,120,116,101,110,100,101,114,32,73,110,102,111,93,13,10,38,72,48,48,48,48,48,48,48,49,61,123,51,56,51,50,68,54,52,48,45,67,70,57,48,45,49,49,67,70,45,56,69,52,51,45,48,48,65,48,67,57,49,49,48,48,53,65,125,59,86,66,69,59,38,72,48,48,48,48,48,48,48,48,13,10,13,10,91,87,111,114,107,115,112,97,99,101,93,13,10,84,104,105,115,87,111,114,107,98,111,111,107,61,48,44,32,48,44,32,48,44,32,48,44,32,67,13,10,83,104,101,101,116,49,61,48,44,32,48,44,32,48,44,32,48,44,32,67,13,10,101,99,104,111,61,48,44,32,48,44,32,48,44,32,48,44,32,67,13,10,2,1,139,91,83,79,49,0,20,0,180,0,0,0,81,0,144,1,0,0,0,0,134,0,2,1,139,91,83,79,49,0,20,0,200,0,0,0,255,127,144,1,0,0,0,0,134,0,2,1,139,91,83,79,49,0,46,0,200,0,0,0,255,127,144,1,0,0,0,1,0,0,15,1,84,0,105,0,109,0,101,0,115,0,32,0,78,0,101,0,119,0,32,0,82,0,111,0,109,0,97,0,110,0,49,0,46,0,240,0,0,0,255,127,144,1,0,0,0,1,0,0,15,1,84,0,105,0,109,0,101,0,115,0,32,0,78,0,101,0,119,0,32,0,82,0,111,0,109,0,97,0,110,0,49,0,20,0,200,0,0,0,255,127,144,1,0,0,0,0,134,0,2,1,139,91,83,79,49,0,20,0,180,0,0,0,255,127,144,1,0,0,0,0,134,0,2,1,139,91,83,79,49,0,20,0,180,0,0,0,255,127,144,1,0,0,0,0,134,0,2,1,139,91,83,79,49,0,20,0,200,0,0,0,255,127,144,1,0,0,0,0,134,0,2,1,139,91,83,79,49,0,20,0,180,0,0,0,255,127,144,1,0,0,0,0,134,0,2,1,139,91,83,79,49,0,20,0,200,0,0,0,10,0,144,1,0,0,0,0,134,0,2,1,139,91,83,79,49,0,20,0,220,0,0,0,8,0,144,1,0,0,0,0,134,138,2,1,139,91,83,79,49,0,20,0,220,0,0,0,9,0,144,1,0,0,0,0,134,138,2,1,139,91,83,79,49,0,20,0,104,1,1,0,56,0,188,2,0,0,0,0,134,138,2,1,139,91,83,79,49,0,20,0,44,1,1,0,56,0,188,2,0,0,0,0,134,138,2,1,139,91,83,79,49,0,20,0,4,1,1,0,56,0,188,2,0,0,0,0,134,138,2,1,139,91,83,79,49,0,20,0,220,0,1,0,56,0,188,2,0,0,0,0,134,138,2,1,139,91,83,79,49,0,20,0,220,0,0,0,20,0,144,1,0,0,0,0,134,138,2,1,139,91,83,79,49,0,20,0,220,0,0,0,17,0,144,1,0,0,0,0,134,138,2,1,139,91,83,79,49,0,20,0,220,0,1,0,8,0,188,2,0,0,0,0,134,138,2,1,139,91,83,79,49,0,20,0,220,0,1,0,52,0,188,2,0,0,0,0,134,138,2,1,139,91,83,79,49,0,20,0,220,0,1,0,9,0,188,2,0,0,0,0,134,138,2,1,139,91,83,79,49
0,84,104,105,115,87,111,114,107,98,111,111,107,0,84,0,104,0,105,0,115,0,87,0,111,0,114,0,107,0,98,0,111,0,111,0,107,0,0,0,83,104,101,101,116,49,0,83,0,104,0,101,0,101,0,116,0,49,0,0,0,101,99,104,111,0,101,0,99,0,104,0,111,0,0,0,0,0,13,10,68,111,99,117,109,101,110,116,61,83,104,101,101,116,49,47,38,72,48,48,48,48,48,48,48,48,13,10,77,111,100,117,108,101,61,101,99,104,111,13,10,78,97,109,101,61,34,86,66,65,80,114,111,106,101,99,116,34,13,10,72,101,108,112,67,111,110,116,101,120,116,73,68,61,34,48,34,13,10,86,101,114,115,105,111,110,67,111,109,112,97,116,105,98,108,101,51,50,61,34,51,57,51,50,50,50,48,48,48,34,13,10,67,77,71,61,34,54,50,54,48,56,55,55,70,67,53,56,51,67,53,56,51,67,53,56,51,67,53,56,51,34,13,10,68,80,66,61,34,57,67,57,69,55,57,66,57,56,57,70,50,56,65,70,50,56,65,70,50,34,13,10,71,67,61,34,68,54,68,52,51,51,56,51,53,55,56,55,57,48,56,56,57,48,56,56,54,70,34,13,10,13,10,91,72,111,115,116,32,69,120,116,101,110,100,101,114,32,73,110,102,111,93,13,10,38,72,48,48,48,48,48,48,48,49,61,123,51,56,51,50,68,54,52,48,45,67,70,57,48,45,49,49,67,70,45,56,69,52,51,45,48,48,65,48,67,57,49,49,48,48,53,65,125,59,86,66,69,59,38,72,48,48,48,48,48,48,48,48,13,10,13,10,91,87,111,114,107,115,112,97,99,101,93,13,10,84,104,105,115,87,111,114,107,98,111,111,107,61,48,44,32,48,44,32,48,44,32,48,44,32,67,13,10,83,104,101,101,116,49,61,48,44,32,48,44,32,48,44,32,48,44,32,67,13,10,101,99,104,111,61,48,44,32,48,44,32,48,44,32,48,44,32,67,13,10,2,1,139,91,83,79,49,0,20,0,180,0,0,0,81,0,144,1,0,0,0,0,134,0,2,1,139,91,83,79,49,0,20,0,200,0,0,0,255,127,144,1,0,0,0,0,134,0,2,1,139,91,83,79,49,0,46,0,200,0,0,0,255,127,144,1,0,0,0,1,0,0,15,1,84,0,105,0,109,0,101,0,115,0,32,0,78,0,101,0,119,0,32,0,82,0,111,0,109,0,97,0,110,0,49,0,46,0,240,0,0,0,255,127,144,1,0,0,0,1,0,0,15,1,84,0,105,0,109,0,101,0,115,0,32,0,78,0,101,0,119,0,32,0,82,0,111,0,109,0,97,0,110,0,49,0,20,0,200,0,0,0,255,127,144,1,0,0,0,0,134,0,2,1,139,91,83,79,49,0,20,0,180,0,0,0,255,127,144,1,0,0,0,0,134,0,2,1,139,91,83,79,49,0,20,0,180,0,0,0,255,127,144,1,0,0,0,0,134,0,2,1,139,91,83,79,49,0,20,0,200,0,0,0,255,127,144,1,0,0,0,0,134,0,2,1,139,91,83,79,49,0,20,0,180,0,0,0,255,127,144,1,0,0,0,0,134,0,2,1,139,91,83,79,49,0,20,0,200,0,0,0,10,0,144,1,0,0,0,0,134,0,2,1,139,91,83,79,49,0,20,0,220,0,0,0,8,0,144,1,0,0,0,0,134,138,2,1,139,91,83,79,49,0,20,0,220,0,0,0,9,0,144,1,0,0,0,0,134,138,2,1,139,91,83,79,49,0,20,0,104,1,1,0,56,0,188,2,0,0,0,0,134,138,2,1,139,91,83,79,49,0,20,0,44,1,1,0,56,0,188,2,0,0,0,0,134,138,2,1,139,91,83,79,49,0,20,0,4,1,1,0,56,0,188,2,0,0,0,0,134,138,2,1,139,91,83,79,49,0,20,0,220,0,1,0,56,0,188,2,0,0,0,0,134,138,2,1,139,91,83,79,49,0,20,0,220,0,0,0,20,0,144,1,0,0,0,0,134,138,2,1,139,91,83,79,49,0,20,0,220,0,0,0,17,0,144,1,0,0,0,0,134,138,2,1,139,91,83,79,49,0,20,0,220,0,1,0,8,0,188,2,0,0,0,0,134,138,2,1,139,91,83,79,49,0,20,0,220,0,1,0,52,0,188,2,0,0,0,0,134,138,2,1,139,91,83,79,49,0,20,0,220,0,1,0,9,0,188,2,0,0,0,0,134,138,2,1,139,91,83,79,49
0,1,22,1,0,1,0,1,0,0,60,3,0,0,228,0,0,0,16,2,0,0,106,3,0,0,67,3,0,0,151,3,0,0,0,0,0,0,1,0,0,0,111,102,8,13,0,0,255,255,35,0,0,0,136,0,0,0,182,0,255,255,1,1,0,0,0,0,255,255,255,255,0,0,0,0,255,255,255,255,255,255,0,0,32,94,176,129,66,85,128,72,172,40,26,158,132,75,155,126,32,8,2,0,0,0,0,0,192,0,0,0,0,0,0,70,0,0,0,0,0,0,0,0,0,0,0,0,0,0,0,0,1,0,0,0,210,41,25,57,248,126,163,64,129,151,150,111,71,4,68,93,16,0,0,0,3,0,0,0,5,0,0,0,7,0,0,0,255,255,255,255,255,255,255,255,1,1,8,0,0,0,255,255,255,255,120,0,0,0,8,0,0,0,0,0,0,0,0,0,0,0,0,0,0,0,0,0,0,0,0,0,0,0,0,0,0,0,0,0,0,0,0,255,255,0,0,0,0,77,69,0,0,255,255,255,255,255,255,0,0,0,0,255,255,0,0,0,0,255,255,1,1,0,0,0,0,223,0,255,255,0,0,0,0,12,0,255,255,255,255,255,255,255,255,255,255,255,255,255,255,255,255,255,255,255,255,255,255,255,255,255,255,255,255,255,255,255,255,255,255,255,255,255,255,255,255,255,255,255,255,255,255,255,255,255,255,255,255,255,255,255,255,255,255,255,255,255,255,255,255,255,255,255,255,255,255,255,255,255,255,255,255,255,255,255,255,255,255,255,255,255,255,255,255,255,255,255,255,255,255,255,255,255,255,255,255,255,255,255,255,255,255,255,255,255,255,255,255,255,255,255,255,255,255,255,255,255,255,255,255,255,255,255,255,40,0,0,0,2,0,83,76,255,255,255,255,0,0,1,0,83,16,255,255,255,255,0,0,1,0,83,148,255,255,255,255,0,0,0,0,2,60,255,255,255,255,0,0,255,255,1,1,0,0,0,0,1,0,78,0,48,0,123,0,48,0,48,0,48,0,50,0,48,0,56,0,50,0,48,0,45,0,48,0,48,0,48,0,48,0,45,0,48,0,48,0,48,0,48,0,45,0,67,0,48,0,48,0,48,0,45,0,48,0,48,0,48,0,48,0,48,0,48,0,48,0,48,0,48,0,48,0,52,0,54,0,125,0,6,0,0,0,255,255,255,255,1,1,160,0,0,0,2,128,254,255,255,255,255,255,16,0,255,255,40,0,0,0,2,1,255,255,0,0,0,0,0,0,0,0,255,255,255,255,255,255,255,255,0,0,0,0,29,0,0,0,37,0,0,0,255,255,255,255,0,0,0,0,2,131,254,255,255,255,255,255,8,0,255,255,96,0,0,0,0,0,255,255,255,255,255,255,0,0,0,0,255,255,255,255,255,255,255,255,0,0,0,0,29,0,12,0,37,0,0,0,130,160,56,2,255,255,255,255,254,255,255,255,144,0,0,0,2,0,255,255,254,255,255,255,0,0,0,0,255,255,255,255,255,255,255,255,0,0,0,0,29,0,12,0,37,0,0,0,255,255,255,255,96,0,0,0,0,0,0,0,0,0,1,0,0,0,0,0,0,0,0,0,255,255,255,255,255,255,255,255,255,255,255,255,0,0,0,0,255,255,255,255,255,255,255,255,255,255,255,255,255,255,255,255,255,255,255,255,0,0,0,0,255,255,255,255,255,255,255,255,255,255,255,255,104,0,0,0,56,0,0,0,0,0,0,0,0,0,0,0,64,0,4,0,0,0,0,0,92,2,92,2,255,255,255,255,255,255,255,255,255,255,255,255,255,255,255,255,255,255,255,255,255,255,8,0,1,0,48,0,0,0,22,5,194,91,6,0,223,0,0,0,0,0,0,0,0,0,0,0,0,0,0,0,0,0,0,0,0,0,0,0,0,0,0,0,0,0,0,0,0,0,0,0,0,0,0,0,0,0,0,0,0,0,0,0,0,0,0,0,0,0,0,0,0,0,0,0,0,254,202,1,0,0,0,255,255,255,255,1,1,8,0,0,0,255,255,255,255,120,0,0,0,255,255,255,255,0,0,1,168,176,0,65,116,116,114,105,98,117,116,0,101,32,86,66,95,78,97,109,0,101,32,61,32,34,83,104,101,64,101,116,49,34,13,10,10,232,66,4,97,115,2,116,48,123,48,48,48,192,50,48,56,50,48,45,0,32,4,8,14,67,0,20,2,28,1,36,48,48,52,54,2,125,13,124,71,108,111,98,97,108,33,1,196,83,112,97,99,1,146,70
0,1,22,1,0,1,0,1,0,0,12,6,0,0,228,0,0,0,136,2,0,0,195,6,0,0,41,6,0,0,69,8,0,0,0,0,0,0,1,0,0,0,111,102,136,86,0,0,255,255,35,0,0,0,136,0,0,0,182,0,255,255,1,1,0,0,0,0,255,255,255,255,0,0,0,0,255,255,255,255,255,255,0,0,123,141,129,240,200,125,254,76,185,141,187,58,247,230,211,68,25,8,2,0,0,0,0,0,192,0,0,0,0,0,0,70,0,0,0,0,0,0,0,0,0,0,0,0,0,0,0,0,1,0,0,0,60,24,125,57,46,61,196,77,190,213,41,22,158,245,103,81,16,0,0,0,3,0,0,0,5,0,0,0,7,0,0,0,255,255,255,255,255,255,255,255,1,1,8,0,0,0,255,255,255,255,120,0,0,0,8,0,0,0,0,0,0,0,0,0,0,0,0,0,0,0,0,0,0,0,0,0,0,0,0,0,0,0,0,0,0,0,0,255,255,0,0,0,0,77,69,0,0,255,255,255,255,255,255,0,0,0,0,255,255,0,0,0,0,255,255,1,1,0,0,0,0,223,0,255,255,0,0,0,0,20,0,255,255,255,255,255,255,16,0,12,0,255,255,255,255,255,255,255,255,255,255,255,255,255,255,255,255,255,255,255,255,255,255,255,255,255,255,255,255,255,255,255,255,255,255,255,255,255,255,255,255,255,255,255,255,255,255,255,255,255,255,255,255,255,255,255,255,255,255,255,255,255,255,255,255,255,255,255,255,255,255,255,255,255,255,255,255,255,255,255,255,255,255,255,255,255,255,255,255,255,255,255,255,255,255,255,255,255,255,255,255,255,255,255,255,255,255,255,255,255,255,255,255,255,255,255,255,255,255,160,0,0,0,2,0,91,76,255,255,255,255,0,0,1,0,83,16,255,255,255,255,0,0,1,0,83,148,255,255,255,255,0,0,1,0,0,60,255,255,38,2,0,0,1,0,96,148,255,255,26,2,0,0,0,0,2,60,40,0,255,255,0,0,0,0,2,60,44,0,255,255,0,0,0,0,2,60,24,0,255,255,0,0,0,0,2,60,28,0,255,255,0,0,0,0,2,60,32,0,255,255,0,0,0,0,2,60,36,0,255,255,0,0,0,0,2,60,48,0,255,255,0,0,0,0,2,60,52,0,255,255,0,0,0,0,2,60,56,0,255,255,0,0,0,0,2,60,60,0,255,255,0,0,0,0,2,60,255,255,255,255,0,0,255,255,1,1,0,0,0,0,1,0,78,0,48,0,123,0,48,0,48,0,48,0,50,0,48,0,56,0,49,0,57,0,45,0,48,0,48,0,48,0,48,0,45,0,48,0,48,0,48,0,48,0,45,0,67,0,48,0,48,0,48,0,45,0,48,0,48,0,48,0,48,0,48,0,48,0,48,0,48,0,48,0,48,0,52,0,54,0,125,0,6,0,0,0,128,1,0,0,1,1,248,2,0,0,29,0,16,0,37,0,0,0,42,128,25,2,255,255,255,255,255,255,255,255,0,0,0,0,5,0,255,255,255,255,255,255,255,255,255,255,255,255,255,255,255,255,255,255,0,0,0,0,12,17,28,2,112,0,0,0,255,255,255,255,0,0,0,0,255,255,255,255,255,255,255,255,0,0,0,0,0,0,0,0,255,255,255,255,0,0,4,0,255,255,255,255,255,255,255,255,255,255,255,255,6,0,6,0,0,0,148,0,0,0,0,0,12,17,34,2,255,255,255,255,255,255,255,255,0,0,0,0,255,255,255,255,255,255,255,255,0,0,0,0,0,0,0,0,255,255,255,255,0,0,4,0,176,0,0,0,255,255,255,255,255,255,255,255,9,0,9,0,0,0,148,1,0,0,0,0,41,131,36,2,255,255,255,255,255,255,255,255,208,0,0,0,0,0,0,0,255,255,255,255,132,0,0,0,32,0,70,0,29,0,12,0,37,0,0,0,2,128,254,255,255,255,255,255,16,0,255,255,0,1,0,0,2,1,255,255,216,0,0,0,0,0,0,0,255,255,255,255,255,255,255,255,0,0,0,0,29,0,0,0,37,0,0,0,48,0,0,0,112,0,0,0,255,255,255,255,255,255,255,255,8,0,0,0,42,0,0,0,2,131,254,255,255,255,255,255,8,0,255,255,72,1,0,0,0,0,255,255,255,255,255,255,0,0,0,0,255,255,255,255,255,255,255,255,0,0,0,0,29,0,20,0,37,0,0,0,130,160,20,2,255,255,255,255,254,255,255,255,120,1,0,0,2,0,255,255
1,204,97,133,0,0,1,0,255,4,8,0,0,9,4,0,0,168,3,1,0,0,0,0,0,0,0,0,0,1,0,5,0,2,0,250,0,42,0,92,0,71,0,123,0,48,0,48,0,48,0,50,0,48,0,52,0,69,0,70,0,45,0,48,0,48,0,48,0,48,0,45,0,48,0,48,0,48,0,48,0,45,0,67,0,48,0,48,0,48,0,45,0,48,0,48,0,48,0,48,0,48,0,48,0,48,0,48,0,48,0,48,0,52,0,54,0,125,0,35,0,52,0,46,0,48,0,35,0,57,0,35,0,67,0,58,0,92,0,80,0,82,0,79,0,71,0,82,0,65,0,126,0,50,0,92,0,67,0,79,0,77,0,77,0,79,0,78,0,126,0,49,0,92,0,77,0,73,0,67,0,82,0,79,0,83,0,126,0,49,0,92,0,86,0,66,0,65,0,92,0,86,0,66,0,65,0,54,0,92,0,86,0,66,0,69,0,54,0,46,0,68,0,76,0,76,0,35,0,86,0,105,0,115,0,117,0,97,0,108,0,32,0,66,0,97,0,115,0,105,0,99,0,32,0,70,0,111,0,114,0,32,0,65,0,112,0,112,0,108,0,105,0,99,0,97,0,116,0,105,0,111,0,110,0,115,0,0,0,0,0,0,0,0,0,0,0,0,0,28,1,42,0,92,0,71,0,123,0,48,0,48,0,48,0,50,0,48,0,56,0,49,0,51,0,45,0,48,0,48,0,48,0,48,0,45,0,48,0,48,0,48,0,48,0,45,0,67,0,48,0,48,0,48,0,45,0,48,0,48,0,48,0,48,0,48,0,48,0,48,0,48,0,48,0,48,0,52,0,54,0,125,0,35,0,49,0,46,0,54,0,35,0,48,0,35,0,67,0,58,0,92,0,80,0,114,0,111,0,103,0,114,0,97,0,109,0,32,0,70,0,105,0,108,0,101,0,115,0,32,0,40,0,120,0,56,0,54,0,41,0,92,0,77,0,105,0,99,0,114,0,111,0,115,0,111,0,102,0,116,0,32,0,79,0,102,0,102,0,105,0,99,0,101,0,92,0,79,0,102,0,102,0,105,0,99,0,101,0,49,0,50,0,92,0,69,0,88,0,67,0,69,0,76,0,46,0,69,0,88,0,69,0,35,0,77,0,105,0,99,0,114,0,111,0,115,0,111,0,102,0,116,0,32,0,69,0,120,0,99,0,101,0,108,0,32,0,49,0,50,0,46,0,48,0,32,0,79,0,98,0,106,0,101,0,99,0,116,0,32,0,76,0,105,0,98,0,114,0,97,0,114,0,121,0,0,0,0,0,0,0,0,0,0,0,0,0,188,0,42,0,92,0,71,0,123,0,48,0,48,0,48,0,50,0,48,0,52,0,51,0,48,0,45,0,48,0,48,0,48,0,48,0,45,0,48,0,48,0,48,0,48,0,45,0,67,0,48,0,48,0,48,0,45,0,48,0,48,0,48,0,48,0,48,0,48,0,48,0,48,0,48,0,48,0,52,0,54,0,125,0,35,0,50,0,46,0,48,0,35,0,48,0,35,0,67,0,58,0,92,0,87,0,105,0,110,0,100,0,111,0,119,0,115,0,92,0,83,0,121,0,115,0,87,0,79,0,87,0,54,0,52,0,92,0,115,0,116,0,100,0,111,0,108,0,101,0,50,0,46,0,116,0,108,0,98,0,35,0,79,0,76,0,69,0,32,0,65,0,117,0,116,0,111,0,109,0,97,0,116,0,105,0,111,0,110,0,0,0,0,0,0,0,0,0,0,0,0,0,52,1,42,0,92,0,71,0,123,0,50,0,68,0,70,0,56,0,68,0,48,0,52,0,67,0,45,0,53,0,66,0,70,0,65,0,45,0,49,0,48,0,49,0,66,0,45,0,66,0,68,0,69,0,53,0,45,0,48,0,48,0,65,0,65,0,48,0,48,0,52,0,52,0,68,0,69,0,53,0,50,0,125,0,35,0,50,0,46,0,52,0,35,0,48,0,35,0,67,0,58,0,92,0,80,0,114,0,111,0,103,0,114,0,97,0,109,0,32,0,70,0,105,0,108,0,101,0,115,0,32,0,40,0,120,0,56,0,54,0,41,0,92,0,67,0,111,0,109,0,109,0,111,0,110,0,32,0,70,0,105,0,108,0,101,0,115,0,92,0,77,0,105,0,99,0,114,0,111,0,115,0,111,0,102,0,116,0,32,0,83,0,104,0,97,0,114,0,101,0,100,0,92,0,79,0,70,0,70,0,73,0,67,0,69,0,49,0,50,0
1,147,75,42,133,1,0,16,0,0,0,255,255,0,0,0,0,1,0,2,0,255,255,0,0,0,0,1,0,5,0,7,0,5,0,7,0,2,0,2,0,0,0,0,0,1,0,0,0,2,0,0,0,0,0,1,0,5,0,5,0,5,0,5,0,5,0,5,0,5,0,5,0,0,0,114,85,128,4,0,0,128,0,0,0,128,0,0,0,128,0,0,0,4,0,0,126,5,0,0,126,1,0,0,126,1,0,0,126,1,0,0,126,1,0,0,126,1,0,0,126,2,0,0,126,1,0,0,126,5,0,0,126,3,0,0,126,3,0,0,126,3,0,0,126,3,0,0,126,3,0,0,126,3,0,0,126,3,0,0,126,3,0,0,126,3,0,0,126,3,0,0,126,2,0,0,126,52,0,0,127,0,0,0,0,21,0,0,0,9,0,0,0,0,0,1,0,8,0,0,0,0,0,0,0,201,0,0,0,0,0,0,0,203,99,53,74,172,207,132,75,185,239,205,222,184,177,127,200,1,0,9,4,0,0,4,8,0,0,168,3,0,0,0,0,0,0,1,0,255,255,255,255,3,0,131,10,0,0,255,255,255,255,255,255,255,255,255,255,255,255,255,255,0,0,233,0,0,0,0,0,0,0,131,10,0,0,255,255,255,255,255,255,255,255,255,255,255,255,255,255,0,0,17,1,0,0,0,0,0,0,1,136,97,0,9,0,0,0,0,0,7,0,105,10,0,0,0,0,0,0,255,255,255,255,72,2,0,0,0,0,0,0,255,255,255,255,13,0,137,8,0,0,0,0,0,0,169,8,0,0,0,0,0,0,209,8,0,0,0,0,0,0,249,8,0,0,0,0,0,0,17,9,0,0,0,0,0,0,49,9,0,0,0,0,0,0,121,9,0,0,0,0,0,0,161,9,0,0,0,0,0,0,193,9,0,0,0,0,0,0,217,9,0,0,0,0,0,0,249,9,0,0,0,0,0,0,33,10,0,0,0,0,0,0,81,10,0,0,0,0,0,0,255,255,0,0,41,1,0,0,0,0,0,0,5,0,225,1,0,0,0,0,0,0,0,0,0,0,0,0,0,0,0,0,0,0,0,0,0,0,249,2,0,0,0,0,0,0,0,0,0,0,0,0,0,0,0,0,0,0,0,0,0,0,9,4,0,0,0,0,0,0,0,0,0,0,0,0,0,0,0,0,0,0,0,0,0,0,57,5,0,0,0,0,0,0,0,0,0,0,0,0,0,0,0,0,0,0,0,0,0,0,113,6,0,0,0,0,0,0,0,0,0,0,0,0,0,0,0,0,0,0,0,0,0,0,1,0,0,2,0,0,0,0,3,0,0,2,10,0,0,0,86,66,65,80,114,111,106,101,99,116,4,0,0,2,12,0,0,0,84,104,105,115,87,111,114,107,98,111,111,107,2,0,0,2,6,0,0,0,83,104,101,101,116,49,2,0,0,2,4,0,0,0,101,99,104,111,4,0,0,3,239,4,2,0,0,0,0,0,192,0,0,0,0,0,0,70,12,0,0,2,47,0,0,0,67,58,92,80,82,79,71,82,65,126,50,92,67,79,77,77,79,78,126,49,92,77,73,67,82,79,83,126,49,92,86,66,65,92,86,66,65,54,92,86,66,69,54,46,68,76,76,1,0,0,2,3,0,0,0,86,66,65,10,0,0,10,65,1,0,0,0,0,0,0,255,255,255,255,4,0,0,0,9,0,0,0,105,1,0,0,0,0,0,0,209,1,0,0,0,0,0,0,96,0,0,0,0,0,0,0,0,0,0,0,0,0,4,0,0,3,19,8,2,0,0,0,0,0,192,0,0,0,0,0,0,70,15,0,0,2,58,0,0,0,67,58,92,80,114,111,103,114,97,109,32,70,105,108,101,115,32,40,120,56,54,41,92,77,105,99,114,111,115,111,102,116,32,79,102,102,105,99,101,92,79,102,102,105,99,101,49,50,92,69,88,67,69,76,46,69,88,69,2,0,0,2,5,0,0,0,69,120,99,101,108,10,0,0,10,57,2,0,0,0,0,0,0,255,255,255,255,1,0,6,0,0,0,0,0,97,2,0,0,0,0,0,0,225,2,0,0,0,0,0,0,112,0,0,0,0,0,0,0,0,0,0,0,0,0,4,0,0,3,48,4,2,0,0,0,0,0,192,0,0,0,0,0,0,70,8,0,0,2,31,0,0,0,67,58,92,87,105,110,100,111,119,115,92,83,121,115,87,79,87,54,52,92,115,116,100,111,108,101,50,46,116,108,98,2,0,0,2,6,0,0,0
0,114,85,128,0,0,0,128,0,0,0,128,0,0,0,128,0,0,0,1,0,0,126,1,0,0,126,1,0,0,126,1,0,0,126,1,0,0,126,1,0,0,126,115,0,0,127,0,0,0,0,10,0,0,0,9,0,0,0,0,0,0,0,255,255,255,255,255,255,255,255,255,255,255,255,0,0,0,0,255,255,255,255,255,255,255,255,9,0,0,0,0,0,6,0,3,0,0,9,249,2,0,0,0,0,0,0,105,7,0,0,0,0,0,0,8,0,0,0,0,0,1,0,3,0,0,9,249,2,0,0,0,0,0,0,161,7,0,0,0,0,0,0,24,0,0,0,0,0,1,0,1,0,0,8,2,0,0,0,120,120,3,0,0,9,249,2,0,0,0,0,0,0,217,3,0,0,0,0,0,0,40,0,0,0,0,0,1,0,3,0,0,9,249,2,0,0,0,0,0,0,201,6,0,0,0,0,0,0,56,0,0,0,0,0,1,0,1,0,0,8,2,0,0,0,119,98,3,0,0,8,10,0,0,0,77,111,100,117,108,101,78,97,109,101,3,0,0,9,113,6,0,0,0,0,0,0,81,9,0,0,0,0,0,0,72,0,0,0,0,0,1,0,4,0,0,8,13,0,0,0,70,114,111,109,86,66,80,114,111,106,101,99,116,3,0,0,8,11,0,0,0,84,111,86,66,80,114,111,106,101,99,116,5,0,0,8,17,0,0,0,79,118,101,114,119,114,105,116,101,69,120,105,115,116,105,110,103,2,0,0,8,6,0,0,0,115,116,114,107,101,121,2,0,0,8,5,0,0,0,86,97,108,117,101,3,0,0,8,9,0,0,0,86,97,108,117,101,84,121,112,101,4,0,0,8,12,0,0,0,87,111,114,107,66,111,111,107,78,97,109,101,3,0,0,9,249,2,0,0,0,0,0,0,25,13,0,0,0,0,0,0,88,0,0,0,0,0,1,0,54,0,0,127,0,0,0,0,10,0,0,0,0,0,0,81,10,0,0,0,0,0,0,255,255,0,0,41,1,0,0,0,0,0,0,5,0,225,1,0,0,0,0,0,0,0,0,0,0,0,0,0,0,0,0,0,0,0,0,0,0,249,2,0,0,0,0,0,0,0,0,0,0,0,0,0,0,0,0,0,0,0,0,0,0,9,4,0,0,0,0,0,0,0,0,0,0,0,0,0,0,0,0,0,0,0,0,0,0,57,5,0,0,0,0,0,0,0,0,0,0,0,0,0,0,0,0,0,0,0,0,0,0,113,6,0,0,0,0,0,0,0,0,0,0,0,0,0,0,0,0,0,0,0,0,0,0,1,0,0,2,0,0,0,0,3,0,0,2,10,0,0,0,86,66,65,80,114,111,106,101,99,116,4,0,0,2,12,0,0,0,84,104,105,115,87,111,114,107,98,111,111,107,2,0,0,2,6,0,0,0,83,104,101,101,116,49,2,0,0,2,4,0,0,0,101,99,104,111,4,0,0,3,239,4,2,0,0,0,0,0,192,0,0,0,0,0,0,70,12,0,0,2,47,0,0,0,67,58,92,80,82,79,71,82,65,126,50,92,67,79,77,77,79,78,126,49,92,77,73,67,82,79,83,126,49,92,86,66,65,92,86,66,65,54,92,86,66,69,54,46,68,76,76,1,0,0,2,3,0,0,0,86,66,65,10,0,0,10,65,1,0,0,0,0,0,0,255,255,255,255,4,0,0,0,9,0,0,0,105,1,0,0,0,0,0,0,209,1,0,0,0,0,0,0,96,0,0,0,0,0,0,0,0,0,0,0,0,0,4,0,0,3,19,8,2,0,0,0,0,0,192,0,0,0,0,0,0,70,15,0,0,2,58,0,0,0,67,58,92,80,114,111,103,114,97,109,32,70,105,108,101,115,32,40,120,56,54,41,92,77,105,99,114,111,115,111,102,116,32,79,102,102,105,99,101,92,79,102,102,105,99,101,49,50,92,69,88,67,69,76,46,69,88,69,2,0,0,2,5,0,0,0,69,120,99,101,108,10,0,0,10,57,2,0,0,0,0,0,0,255,255,255,255,1,0,6,0,0,0,0,0,97,2,0,0,0,0,0,0,225,2,0,0,0,0,0,0,112,0,0,0,0,0,0,0,0,0,0,0,0,0,4,0,0,3,48,4,2,0,0,0,0,0,192,0,0,0,0,0,0,70,8,0,0,2,31,0,0,0,67,58,92,87,105,110,100,111,119,115,92,83,121,115,87,79,87,54,52,92,115,116,100,111,108,101,50,46,116,108,98,2,0,0,2,6,0,0,0
0,114,85,128,0,0,0,0,0,0,0,128,0,0,0,128,0,0,0,0,0,0,0,16,0,0,0,9,0,0,0,0,0,7,0,255,255,255,255,255,255,255,255,0,0,0,0,8,0,0,0,4,0,36,0,129,0,0,0,0,0,7,0,0,0,0,96,0,0,252,255,255,255,255,255,255,255,255,255,255,255,0,0,0,0,0,0,0,0,0,36,0,169,0,0,0,0,0,7,0,1,0,0,96,0,0,252,255,255,255,255,255,255,255,255,255,255,255,0,0,0,0,0,0,0,0,0,36,0,209,0,0,0,0,0,7,0,2,0,0,96,0,0,252,255,255,255,255,255,255,255,255,255,255,255,0,0,0,0,0,0,0,0,0,36,0,249,0,0,0,0,0,7,0,3,0,0,96,0,0,253,255,255,255,255,255,255,255,255,255,255,255,0,0,0,0,0,0,0,0,15,44,0,33,1,0,0,0,0,7,0,4,0,0,96,4,0,253,255,255,255,255,255,255,255,255,255,255,255,0,0,0,0,241,0,0,0,0,0,1,0,0,0,0,0,15,29,209,0,0,0,0,0,1,0,68,0,73,1,0,0,0,0,7,0,5,0,0,96,16,0,253,255,255,255,255,255,255,255,255,255,255,255,0,0,0,0,1,1,0,0,0,0,1,0,65,1,0,0,0,0,1,0,105,1,0,0,0,0,1,0,137,1,0,0,0,0,1,0,0,0,0,0,3,48,61,33,1,0,0,0,0,1,0,61,33,1,0,0,0,0,1,0,35,36,0,113,1,0,0,0,0,7,0,6,0,0,96,0,0,253,255,255,255,255,255,255,255,255,255,255,255,0,0,0,0,0,0,0,0,15,36,0,153,1,0,0,0,0,7,0,7,0,0,96,0,0,253,255,255,255,255,255,255,255,255,255,255,255,0,0,0,0,0,0,0,0,15,48,0,193,1,0,0,0,0,7,0,8,0,0,96,12,0,253,255,255,255,255,255,255,255,255,255,255,255,0,0,0,0,185,1,0,0,0,0,1,0,209,1,0,0,0,0,1,0,233,1,0,0,0,0,1,0,0,0,0,0,0,48,47,48,44,0,233,1,0,0,0,0,7,0,9,0,0,96,4,0,252,255,255,255,255,255,255,255,255,255,255,255,0,0,0,0,241,0,0,0,0,0,1,0,0,0,0,0,0,29,209,0,0,0,0,0,1,0,40,0,17,2,0,0,0,0,7,0,10,0,0,96,4,0,252,255,255,255,255,255,255,255,255,255,255,255,0,0,0,0,9,2,0,0,0,0,1,0,0,0,0,0,3,48,36,0,57,2,0,0,0,0,7,0,11,0,0,96,0,0,252,255,255,255,255,255,255,255,255,255,255,255,0,0,0,0,0,0,0,0,15,36,0,97,2,0,0,0,0,7,0,12,0,0,96,0,0,252,255,255,255,255,255,255,255,255,255,255,255,0,0,0,0,0,0,0,0,0,0,0,0,0,0,0,110,0,0,127,0,0,0,0,0,192,0,0,0,0,0,0,70,12,0,0,2,47,0,0,0,67,58,92,80,82,79,71,82,65,126,50,92,67,79,77,77,79,78,126,49,92,77,73,67,82,79,83,126,49,92,86,66,65,92,86,66,65,54,92,86,66,69,54,46,68,76,76,1,0,0,2,3,0,0,0,86,66,65,10,0,0,10,65,1,0,0,0,0,0,0,255,255,255,255,4,0,0,0,9,0,0,0,105,1,0,0,0,0,0,0,209,1,0,0,0,0,0,0,96,0,0,0,0,0,0,0,0,0,0,0,0,0,4,0,0,3,19,8,2,0,0,0,0,0,192,0,0,0,0,0,0,70,15,0,0,2,58,0,0,0,67,58,92,80,114,111,103,114,97,109,32,70,105,108,101,115,32,40,120,56,54,41,92,77,105,99,114,111,115,111,102,116,32,79,102,102,105,99,101,92,79,102,102,105,99,101,49,50,92,69,88,67,69,76,46,69,88,69,2,0,0,2,5,0,0,0,69,120,99,101,108,10,0,0,10,57,2,0,0,0,0,0,0,255,255,255,255,1,0,6,0,0,0,0,0,97,2,0,0,0,0,0,0,225,2,0,0,0,0,0,0,112,0,0,0,0,0,0,0,0,0,0,0,0,0,4,0,0,3,48,4,2,0,0,0,0,0,192,0,0,0,0,0,0,70,8,0,0,2,31,0,0,0,67,58,92,87,105,110,100,111,119,115,92,83,121,115,87,79,87,54,52,92,115,116,100,111,108,101,50,46,116,108,98,2,0,0,2,6,0,0,0
0,114,85,128,0,0,0,128,0,0,0,128,0,0,0,128,0,0,0,2,0,0,126,124,0,0,127,0,0,0,0,14,0,0,0,9,0,0,0,0,0,0,0,9,0,0,0,0,0,6,0,8,0,0,0,0,0,7,0,13,0,13,0,0,0,0,0,48,0,0,0,12,0,0,0,252,198,0,0,0,0,0,0,0,0,0,0,0,0,0,0,0,0,0,0,12,0,0,0,8,0,0,0,0,0,0,0,0,0,0,0,12,0,0,0,0,0,0,0,0,0,0,0,48,0,0,0,12,0,0,0,252,198,0,0,0,0,0,0,64,0,0,0,0,0,0,0,0,0,0,0,12,0,0,0,8,0,0,0,0,0,0,0,0,0,0,0,12,0,0,0,0,0,0,0,0,0,0,0,48,0,0,0,12,0,0,0,252,198,0,0,0,0,0,0,152,0,0,0,0,0,0,0,0,0,0,0,12,0,0,0,8,0,0,0,0,0,0,0,0,0,0,0,12,0,0,0,0,0,0,0,0,0,0,0,48,0,0,0,12,0,0,0,252,198,0,0,0,0,0,0,56,1,0,0,0,0,0,0,4,0,0,0,12,0,0,0,8,0,0,0,0,0,0,0,0,0,0,0,12,0,0,0,0,0,0,0,0,0,0,0,48,0,0,0,12,0,0,0,252,198,0,0,0,0,0,0,120,1,0,0,0,0,0,0,8,0,0,0,12,0,0,0,8,0,0,0,0,0,0,0,0,0,0,0,12,0,0,0,0,0,0,0,0,0,0,0,48,0,0,0,12,0,0,0,252,198,0,0,0,0,0,0,32,2,0,0,0,0,0,0,16,0,0,0,12,0,0,0,8,0,0,0,0,0,0,0,0,0,0,0,12,0,0,0,0,0,0,0,0,0,0,0,48,0,0,0,12,0,0,0,252,198,0,0,0,0,0,0,168,3,0,0,0,0,0,0,4,0,0,0,12,0,0,0,8,0,0,0,0,0,0,0,0,0,0,0,12,0,0,0,0,0,0,0,0,0,0,0,48,0,0,0,12,0,0,0,252,198,0,0,0,0,0,0,24,4,0,0,0,0,0,0,4,0,0,0,12,0,0,0,8,0,0,0,0,0,0,0,0,0,0,0,12,0,0,0,0,0,0,0,0,0,0,0,48,0,0,0,12,0,0,0,252,198,0,0,0,0,0,0,24,5,0,0,0,0,0,0,12,0,0,0,12,0,0,0,8,0,0,0,0,0,0,0,0,0,0,0,12,0,0,0,0,0,0,0,0,0,0,0,48,0,0,0,12,0,0,0,252,198,0,0,0,0,0,0,208,5,0,0,0,0,0,0,4,0,0,0,12,0,0,0,8,0,0,0,0,0,0,0,0,0,0,0,12,0,0,0,0,0,0,0,0,0,0,0,48,0,0,0,12,0,0,0,252,198,0,0,0,0,0,0,80,6,0,0,0,0,0,0,4,0,0,0,12,0,0,0,8,0,0,0,0,0,0,0,0,0,0,0,12,0,0,0,0,0,0,0,0,0,0,0,48,0,0,0,12,0,0,0,252,198,0,0,0,0,0,0,176,6,0,0,0,0,0,0,4,0,0,0,12,0,0,0,8,0,0,0,0,0,0,0,0,0,0,0,12,0,0,0,0,0,0,0,0,0,0,0,48,0,0,0,12,0,0,0,252,198,0,0,0,0,0,0,80,7,0,0,0,0,0,0,0,0,0,0,12,0,0,0,8,0,0,0,0,0,0,0,0,0,0,0,12,0,0,0,0,0,0,0,0,0,0,0,4,0,0,18,0,0,4,0,0,18,1,0,4,0,0,18,2,0,4,0,0,18,3,0,4,0,0,18,4,0,4,0,0,18,5,0,4,0,0,18,6,0,4,0,0,18,7,0,4,0,0,18,8,0,4,0,0,18,9,0,4,0,0,18,10,0,4,0,0,18,11,0,4,0,0,18,12,0,47,0,0,127,0,0,0,0,46,69,88,69,2,0,0,2,5,0,0,0,69,120,99,101,108,10,0,0,10,57,2,0,0,0,0,0,0,255,255,255,255,1,0,6,0,0,0,0,0,97,2,0,0,0,0,0,0,225,2,0,0,0,0,0,0,112,0,0,0,0,0,0,0,0,0,0,0,0,0,4,0,0,3,48,4,2,0,0,0,0,0,192,0,0,0,0,0,0,70,8,0,0,2,31,0,0,0,67,58,92,87,105,110,100,111,119,115,92,83,121,115,87,79,87,54,52,92,115,116,100,111,108,101,50,46,116,108,98,2,0,0,2,6,0,0,0
0,1,170,178,128,1,0,4,0,0,0,1,0,48,42,2,2,144,9,0,112,20,6,72,3,0,130,2,0,100,168,3,4,0,10,0,28,0,86,66,65,80,114,111,106,101,136,99,116,5,0,52,0,0,64,2,20,106,6,2,10,61,2,10,7,2,114,1,20,8,5,6,18,9,2,18,22,5,194,91,6,148,0,12,2,74,60,2,10,22,0,1,114,128,115,116,100,111,108,101,62,2,25,0,115,0,116,0,100,0,111,0,128,108,0,101,0,13,0,104,0,37,2,94,0,3,42,92,71,123,48,48,128,48,50,48,52,51,48,45,0,8,29,4,4,67,0,10,2,14,1,18,48,48,52,0,54,125,35,50,46,48,35,48,0,35,67,58,92,87,105,110,100,0,111,119,115,92,83,121,115,87,32,79,87,54,52,92,3,101,50,46,0,116,108,98,35,79,76,69,32,0,65,117,116,111,109,97,116,105,28,111,110,0,96,0,1,131,69,79,102,102,68,105,99,132,69,79,0,102,128,0,105,212,0,99,130,69,164,128,17,154,128,1,129,69,0,50,68,70,56,68,48,52,67,0,45,53,66,70,65,45,49,48,128,49,66,45,66,68,69,53,128,69,212,65,65,128,67,52,128,5,50,136,69,128,152,0,103,114,97,109,32,70,105,108,0,101,115,32,40,120,56,54,41,128,92,67,111,109,109,111,110,3,9,0,92,77,105,99,114,111,115,111,0,102,116,32,83,104,97,114,101,0,100,92,79,70,70,73,67,69,0,49,50,92,77,83,79,46,68,24,76,76,35,135,16,131,80,32,49,52,32,46,48,32,79,98,129,196,32,76,192,105,98,114,97,114,121,0,78,0,1,4,22,0,129,204,86,66,73,68,69,2,62,3,217,0,66,0,73,0,68,212,0,69,0,168,189,0,16,179,128,1,5,168,112,69,49,53,55,130,160,3,1,16,84,53,92,46,51,3,84,47,49,192,138,92,192,0,54,1,0,1,69,54,69,88,84,46,79,4,76,66,8,50,86,105,115,117,97,0,108,32,66,97,115,105,99,32,0,102,111,114,32,65,112,112,108,4,105,99,130,100,115,32,69,120,116,0,101,110,115,105,98,105,108,105,184,116,121,32,64,33,64,45,128,0,15,66,163,136,3,0,19,194,1,111,102,25,66,141,0,84,104,105,115,87,111,114,107,128,98,111,111,107,71,0,24,192,9,130,84,192,142,105,0,115,0,87,192,146,160,114,0,107,0,98,192,1,111,192,1,42,26,206,11,50,218,11,28,192,18,0,0,10,72,66,1,49,66,177,75,8,0,0,22,30,66,2,1,5,44,194,33,136,86,34,21,66,8,43,66,1,25,66,181,83,104,101,80,101,116,49,71,194,27,83,64,35,101,65,64,145,116,0,49,0,26,72,7,50,147,78,7,207,27,157,3,207,27,8,13,203,27,1,0,236,0,101,99,104,111,71,0,107,0,39,192,25,99,192,27,111,64,26,197,5,50,19,202,5,207,24,42,66,111,12,3,7,33,5,104,26,16,98,1,12,0,0,0,252,198,0,0,0,0,0,0,176,6,0,0,0,0,0,0,4,0,0,0,12,0,0,0,8,0,0,0,0,0,0,0,0,0,0,0,12,0,0,0,0,0,0,0,0,0,0,0,48,0,0,0,12,0,0,0,252,198,0,0,0,0,0,0,80,7,0,0,0,0,0,0,0,0,0,0,12,0,0,0,8,0,0,0,0,0,0,0,0,0,0,0,12,0,0,0,0,0,0,0,0,0,0,0,4,0,0,18,0,0,4,0,0,18,1,0,4,0,0,18,2,0,4,0,0,18,3,0,4,0,0,18,4,0,4,0,0,18,5,0,4,0,0,18,6,0,4,0,0,18,7,0,4,0,0,18,8,0,4,0,0,18,9,0,4,0,0,18,10,0,4,0,0,18,11,0,4,0,0,18,12,0,47,0,0,127,0,0,0,0,46,69,88,69,2,0,0,2,5,0,0,0,69,120,99,101,108,10,0,0,10,57,2,0,0,0,0,0,0,255,255,255,255,1,0,6,0,0,0,0,0,97,2,0,0,0,0,0,0,225,2,0,0,0,0,0,0,112,0,0,0,0,0,0,0,0,0,0,0,0,0,4,0,0,3,48,4,2,0,0,0,0,0,192,0,0,0,0,0,0,70,8,0,0,2,31,0,0,0,67,58,92,87,105,110,100,111,119,115,92,83,121,115,87,79,87,54,52,92,115,116,100,111,108,101,50,46,116,108,98,2,0,0,2,6,0,0,0
1,1,22,1,0,6,240,0,0,0,196,32,0,0,212,0,0,0,32,4,0,0,255,255,255,255,28,33,0,0,36,66,0,0,13,0,0,0,1,0,0,0,111,102,3,7,0,0,255,255,3,0,0,0,0,0,0,0,182,0,255,255,1,1,0,0,0,0,255,255,255,255,0,0,0,0,255,255,4,0,255,255,0,0,0,0,0,0,0,0,0,0,0,0,0,0,0,0,0,0,0,0,0,0,0,0,0,0,0,0,0,0,0,0,0,0,0,0,0,0,0,0,0,0,0,0,0,0,0,0,0,0,0,0,0,0,16,0,0,0,3,0,0,0,5,0,0,0,7,0,0,0,255,255,255,255,255,255,255,255,1,1,8,0,0,0,255,255,255,255,120,0,0,0,2,0,0,0,0,0,0,0,0,0,0,0,0,0,0,0,0,0,0,0,0,0,0,0,0,0,0,0,0,0,0,0,0,255,255,0,0,0,0,77,69,0,0,255,255,255,255,255,255,0,0,0,0,255,255,0,0,0,0,255,255,1,1,0,0,0,0,223,0,255,255,0,0,0,0,128,0,255,255,255,255,255,255,255,255,12,0,0,0,255,255,255,255,255,255,255,255,8,0,4,0,255,255,255,255,255,255,255,255,255,255,255,255,255,255,255,255,255,255,255,255,255,255,255,255,255,255,255,255,255,255,255,255,255,255,255,255,255,255,255,255,255,255,255,255,255,255,255,255,255,255,255,255,255,255,255,255,255,255,255,255,255,255,255,255,255,255,255,255,255,255,255,255,255,255,255,255,255,255,255,255,255,255,255,255,255,255,255,255,255,255,255,255,255,255,255,255,255,255,255,255,255,255,255,255,128,2,0,0,5,0,49,148,255,255,0,0,0,0,3,0,1,60,255,255,8,0,0,0,1,0,1,60,255,255,16,0,0,0,2,0,48,148,255,255,38,2,0,0,0,0,54,10,255,255,255,255,0,0,0,0,2,60,132,0,255,255,0,0,0,0,2,60,20,0,255,255,0,0,0,0,2,60,24,0,255,255,0,0,0,0,2,60,28,0,255,255,0,0,0,0,2,60,32,0,255,255,0,0,0,0,2,60,36,0,255,255,0,0,0,0,2,60,40,0,255,255,0,0,0,0,2,60,44,0,255,255,0,0,0,0,2,60,48,0,255,255,0,0,0,0,2,60,52,0,255,255,0,0,0,0,2,60,56,0,255,255,0,0,0,0,2,60,60,0,255,255,0,0,0,0,2,60,64,0,255,255,0,0,0,0,2,60,68,0,255,255,0,0,0,0,2,60,72,0,255,255,0,0,0,0,2,60,76,0,255,255,0,0,0,0,2,60,80,0,255,255,0,0,0,0,2,60,84,0,255,255,0,0,0,0,2,60,88,0,255,255,0,0,0,0,2,60,92,0,255,255,0,0,0,0,2,60,96,0,255,255,0,0,0,0,2,60,100,0,255,255,0,0,0,0,2,60,104,0,255,255,0,0,0,0,2,60,108,0,255,255,0,0,0,0,2,60,112,0,255,255,0,0,0,0,2,60,116,0,255,255,0,0,0,0,2,60,120,0,255,255,0,0,0,0,2,60,124,0,255,255,0,0,0,0,2,60,136,0,255,255,0,0,0,0,2,60,140,0,255,255,0,0,0,0,2,60,144,0,255,255,0,0,0,0,2,60,148,0,255,255,0,0,0,0,2,60,152,0,255,255,0,0,0,0,2,60,156,0,255,255,0,0,0,0,2,60,160,0,255,255,0,0,0,0,2,60,164,0,255,255,0,0,0,0,2,60,168,0,255,255,0,0,0,0,2,60,172,0,255,255,0,0,0,0,2,60,176,0,255,255,0,0,0,0,2,60,180,0,255,255,0,0,0,0,2,60,184,0,255,255,0,0,0,0,2,60,188,0,255,255,0,0,0,0,2,60,192,0,255,255,0,0,0,0,2,60,196,0,255,255,0,0,0,0,2,60,200,0,255,255,0,0,0,0,2,60,204,0,255,255,0,0,0,0,2,60,208,0,255,255,0,0,0,0,2,60,212,0,255,255,0,0,0,0,2,60,216,0,255,255,0,0,0,0,2,60,220,0,255,255,0,0,0,0,2,60,224,0,255,255,0,0,0,0,2,60,228,0,255,255,0,0,0,0,2,60,232,0,255,255,0,0,0,0,2,60,236,0,255,255,0,0,0,0,2,60,240,0,255,255,0,0,0,0,2,60,244,0,255,255,0,0,0,0,2,60,248,0,255,255,0,0,0,0,2,60,252,0,255,255,0,0,0,0,2,60,255,255
