0,73,68,61,34,123,57,53,66,48,52,52,53,51,45,52,48,48,52,45,52,51,49,51,45,65,53,49,66,45,50,48,69,49,69,50,68,56,53,52,70,52,125,34,13,10,68,111,99,117,109,101,110,116,61,100,75,111,56,74,117,47,38,72,48,48,48,48,48,48,48,48,13,10,77,111,100,117,108,101,61,102,75,48,68,98,86,122,13,10,69,120,101,78,97,109,101,51,50,61,34,119,84,90,56,73,117,69,34,13,10,78,97,109,101,61,34,80,114,111,106,101,99,116,34,13,10,72,101,108,112,67,111,110,116,101,120,116,73,68,61,34,48,34,13,10,86,101,114,115,105,111,110,67,111,109,112,97,116,105,98,108,101,51,50,61,34,51,57,51,50,50,50,48,48,48,34,13,10,67,77,71,61,34,52,51,52,49,67,53,57,65,50,54,57,69,50,54,57,69,50,54,57,69,50,54,57,69,34,13,10,68,80,66,61,34,65,48,65,50,50,54,50,57,50,55,50,57,50,55,50,57,34,13,10,71,67,61,34,70,68,70,70,55,66,68,56,56,53,51,52,56,54,51,52,56,54,67,66,34,13,10,13,10,91,72,111,115,116,32,69,120,116,101,110,100,101,114,32,73,110,102,111,93,13,10,38,72,48,48,48,48,48,48,48,49,61,123,51,56,51,50,68,54,52,48,45,67,70,57,48,45,49,49,67,70,45,56,69,52,51,45,48,48,65,48,67,57,49,49,48,48,53,65,125,59,86,66,69,59,38,72,48,48,48,48,48,48,48,48,13,10,13,10,91,87,111,114,107,115,112,97,99,101,93,13,10,100,75,111,56,74,117,61,48,44,32,48,44,32,48,44,32,48,44,32,67,13,10,102,75,48,68,98,86,122,61,50,53,44,32,50,53,44,32,49,51,56,53,44,32,54,57,51,44,32,13,10,,,,,,,,,,,,,,,,,,,,,,,,,,,,,,,,,,,,,,,,,,,,,,,,,,,,,,,,,,,,,,,,,,,,,,,,,,,,,,,,,,,,,,,,,,,,,,,,,,,,,,,,,,,,,,,,,,,,,,,,,,,,,,,,,,,,,,,,,,,,,,,,,,,,,,,,,,,,,,,,,,,,,,,,,,,,,,,,,,,,,,,,,,,,,,,,,,,,,,,,,,,,,,,,,,,,,,,,,,,,,,,,,,,,,,,,,,,,,,,,,,,,,,,,,,,,,,,,,,,,,,,,,,,,,,,,,,,,,,,,,,,,,,,,,,,,,,,,,,,,,,,,,,,,,,,,,,,,,,,,,,,,,,,,,,,,,,,,,,,,,,,,,,,,,,,,,,,,,,,,,,,,,,,,,,,,,,,,,,,,,,,,,,,,,,,,,,,,,,,,,,,,,,,,,,,,,,,,,,,,,,,,,,,,,,,,,,,,,,,,,,,,,,,,,,,,,,,,,,,,,,,,,,,,,,,,,,,,,,,,,,,,,,,,,,,,,,,,,,,,,,,,,,,,,,,,,,,,,,,,,,,,,,,,,,,,,,,,,,,,,,,,,,,,,,,,,,,,,,,,,,,,,,,,,,,,,,,,,,,,,,,,,,,,,,,,,,,,,,,,,
0,100,75,111,56,74,117,0,100,0,75,0,111,0,56,0,74,0,117,0,0,0,102,75,48,68,98,86,122,0,102,0,75,0,48,0,68,0,98,0,86,0,122,0,0,0,0,0,99,117,109,101,110,116,61,100,75,111,56,74,117,47,38,72,48,48,48,48,48,48,48,48,13,10,77,111,100,117,108,101,61,102,75,48,68,98,86,122,13,10,69,120,101,78,97,109,101,51,50,61,34,119,84,90,56,73,117,69,34,13,10,78,97,109,101,61,34,80,114,111,106,101,99,116,34,13,10,72,101,108,112,67,111,110,116,101,120,116,73,68,61,34,48,34,13,10,86,101,114,115,105,111,110,67,111,109,112,97,116,105,98,108,101,51,50,61,34,51,57,51,50,50,50,48,48,48,34,13,10,67,77,71,61,34,52,51,52,49,67,53,57,65,50,54,57,69,50,54,57,69,50,54,57,69,50,54,57,69,34,13,10,68,80,66,61,34,65,48,65,50,50,54,50,57,50,55,50,57,50,55,50,57,34,13,10,71,67,61,34,70,68,70,70,55,66,68,56,56,53,51,52,56,54,51,52,56,54,67,66,34,13,10,13,10,91,72,111,115,116,32,69,120,116,101,110,100,101,114,32,73,110,102,111,93,13,10,38,72,48,48,48,48,48,48,48,49,61,123,51,56,51,50,68,54,52,48,45,67,70,57,48,45,49,49,67,70,45,56,69,52,51,45,48,48,65,48,67,57,49,49,48,48,53,65,125,59,86,66,69,59,38,72,48,48,48,48,48,48,48,48,13,10,13,10,91,87,111,114,107,115,112,97,99,101,93,13,10,100,75,111,56,74,117,61,48,44,32,48,44,32,48,44,32,48,44,32,67,13,10,102,75,48,68,98,86,122,61,50,53,44,32,50,53,44,32,49,51,56,53,44,32,54,57,51,44,32,13,10,,,,,,,,,,,,,,,,,,,,,,,,,,,,,,,,,,,,,,,,,,,,,,,,,,,,,,,,,,,,,,,,,,,,,,,,,,,,,,,,,,,,,,,,,,,,,,,,,,,,,,,,,,,,,,,,,,,,,,,,,,,,,,,,,,,,,,,,,,,,,,,,,,,,,,,,,,,,,,,,,,,,,,,,,,,,,,,,,,,,,,,,,,,,,,,,,,,,,,,,,,,,,,,,,,,,,,,,,,,,,,,,,,,,,,,,,,,,,,,,,,,,,,,,,,,,,,,,,,,,,,,,,,,,,,,,,,,,,,,,,,,,,,,,,,,,,,,,,,,,,,,,,,,,,,,,,,,,,,,,,,,,,,,,,,,,,,,,,,,,,,,,,,,,,,,,,,,,,,,,,,,,,,,,,,,,,,,,,,,,,,,,,,,,,,,,,,,,,,,,,,,,,,,,,,,,,,,,,,,,,,,,,,,,,,,,,,,,,,,,,,,,,,,,,,,,,,,,,,,,,,,,,,,,,,,,,,,,,,,,,,,,,,,,,,,,,,,,,,,,,,,,,,,,,,,,,,,,,,,,,,,,,,,,,,,,,,,,,,,,,,,,,,,,,,,,,,,,,,,,,,,,,,,,,,,,,,,,,,,,,,,,,,,,,,,,,,,,,,,,,
1,204,97,175,0,0,1,0,255,9,4,0,0,9,4,0,0,228,4,1,0,0,0,0,0,0,0,0,0,1,0,5,0,2,0,32,1,42,0,92,0,71,0,123,0,48,0,48,0,48,0,50,0,48,0,52,0,69,0,70,0,45,0,48,0,48,0,48,0,48,0,45,0,48,0,48,0,48,0,48,0,45,0,67,0,48,0,48,0,48,0,45,0,48,0,48,0,48,0,48,0,48,0,48,0,48,0,48,0,48,0,48,0,52,0,54,0,125,0,35,0,52,0,46,0,50,0,35,0,57,0,35,0,67,0,58,0,92,0,80,0,114,0,111,0,103,0,114,0,97,0,109,0,32,0,70,0,105,0,108,0,101,0,115,0,92,0,67,0,111,0,109,0,109,0,111,0,110,0,32,0,70,0,105,0,108,0,101,0,115,0,92,0,77,0,105,0,99,0,114,0,111,0,115,0,111,0,102,0,116,0,32,0,83,0,104,0,97,0,114,0,101,0,100,0,92,0,86,0,66,0,65,0,92,0,86,0,66,0,65,0,55,0,46,0,49,0,92,0,86,0,66,0,69,0,55,0,46,0,68,0,76,0,76,0,35,0,86,0,105,0,115,0,117,0,97,0,108,0,32,0,66,0,97,0,115,0,105,0,99,0,32,0,70,0,111,0,114,0,32,0,65,0,112,0,112,0,108,0,105,0,99,0,97,0,116,0,105,0,111,0,110,0,115,0,0,0,0,0,0,0,0,0,0,0,0,0,26,1,42,0,92,0,71,0,123,0,48,0,48,0,48,0,50,0,48,0,57,0,48,0,53,0,45,0,48,0,48,0,48,0,48,0,45,0,48,0,48,0,48,0,48,0,45,0,67,0,48,0,48,0,48,0,45,0,48,0,48,0,48,0,48,0,48,0,48,0,48,0,48,0,48,0,48,0,52,0,54,0,125,0,35,0,56,0,46,0,55,0,35,0,48,0,35,0,67,0,58,0,92,0,80,0,114,0,111,0,103,0,114,0,97,0,109,0,32,0,70,0,105,0,108,0,101,0,115,0,92,0,77,0,105,0,99,0,114,0,111,0,115,0,111,0,102,0,116,0,32,0,79,0,102,0,102,0,105,0,99,0,101,0,92,0,82,0,111,0,111,0,116,0,92,0,79,0,102,0,102,0,105,0,99,0,101,0,49,0,54,0,92,0,77,0,83,0,87,0,79,0,82,0,68,0,46,0,79,0,76,0,66,0,35,0,77,0,105,0,99,0,114,0,111,0,115,0,111,0,102,0,116,0,32,0,87,0,111,0,114,0,100,0,32,0,49,0,54,0,46,0,48,0,32,0,79,0,98,0,106,0,101,0,99,0,116,0,32,0,76,0,105,0,98,0,114,0,97,0,114,0,121,0,0,0,0,0,0,0,0,0,0,0,0,0,188,0,42,0,92,0,71,0,123,0,48,0,48,0,48,0,50,0,48,0,52,0,51,0,48,0,45,0,48,0,48,0,48,0,48,0,45,0,48,0,48,0,48,0,48,0,45,0,67,0,48,0,48,0,48,0,45,0,48,0,48,0,48,0,48,0,48,0,48,0,48,0,48,0,48,0,48,0,52,0,54,0,125,0,35,0,50,0,46,0,48,0,35,0,48,0,35,0,67,0,58,0,92,0,87,0,105,0,110,0,100,0,111,0,119,0,115,0,92,0,115,0,121,0,115,0,116,0,101,0,109,0,51,0,50,0,92,0,115,0,116,0,100,0,111,0,108,0,101,0,50,0,46,0,116,0,108,0,98,0,35,0,79,0,76,0,69,0,32,0,65,0,117,0,116,0,111,0,109,0,97,0,116,0,105,0,111,0,110,0,0,0,0,0,0,0,0,0,0,0,0,0,18,0,42,0,92,0,67,0,78,0,111,0,114,0,109,0,97,0,108,0,18,0,42,0,92,0,67,0,78,0,111,0,114,0,109,0,97,0,108,0,140,223,63,94,8,0,0,0,0,0,0,0,40,1,42,0,92,0,71,0,123,0,50,0,68,0,70,0,56,0,68,0,48,0,52,0,67,0,45,0,53,0,66,0,70,0,65,0,45,0,49,0,48,0,49,0,66,0,45,0,66,0,68,0,69,0,53,0,45,0,48,0,48,0,65,0,65,0,48,0,48,0,52,0,52,0,68,0,69,0,53,0,50,0,125,0,35,0,50,0,46,0,56,0,35,0,48,0,35,0,67,0,58,0,92,0,80,0,114,0,111,0,103,0,114,0,97,0,109,0,32,0,70,0,105,0,108,0,101,0,115,0,92,0
1,147,75,42,175,1,0,16,0,0,0,255,255,0,0,0,0,1,0,2,0,255,255,0,0,0,0,1,0,0,0,0,0,0,0,0,0,1,0,2,0,0,0,0,0,0,0,1,0,5,0,5,0,5,0,5,0,5,0,5,0,5,0,5,0,5,0,5,0,5,0,5,0,1,0,9,0,0,0,42,92,67,78,111,114,109,97,108,114,85,0,1,0,0,128,0,0,0,128,0,0,0,128,0,0,0,4,0,0,126,5,0,0,126,1,0,0,126,1,0,0,126,1,0,0,126,1,0,0,126,108,0,0,127,0,0,0,0,21,0,0,0,9,0,0,0,0,0,1,0,8,0,0,0,0,0,0,0,225,0,0,0,0,0,0,0,245,25,136,97,38,45,160,73,129,255,81,19,211,238,82,179,1,0,9,4,0,0,9,4,0,0,228,4,0,0,0,0,0,0,1,0,255,255,255,255,2,0,131,138,101,0,9,0,0,0,0,0,2,0,105,6,0,0,0,0,0,0,255,255,255,255,0,0,255,255,0,0,249,0,0,0,0,0,0,0,1,8,0,0,255,255,255,255,255,255,255,255,255,255,255,255,255,255,255,255,255,255,255,255,0,0,0,0,41,1,0,0,0,0,0,0,5,0,9,2,0,0,0,0,0,0,0,0,0,0,0,0,0,0,0,0,0,0,0,0,0,0,33,3,0,0,0,0,0,0,0,0,0,0,0,0,0,0,0,0,0,0,0,0,0,0,9,4,0,0,0,0,0,0,0,0,0,0,0,0,0,0,0,0,0,0,0,0,0,0,9,0,0,0,1,0,0,0,194,172,115,170,164,3,123,68,140,35,91,30,11,122,252,162,41,5,0,0,0,0,0,0,0,0,0,0,0,0,0,0,0,0,0,0,0,0,0,0,4,0,0,2,12,0,0,0,84,104,105,115,68,111,99,117,109,101,110,116,2,0,0,2,7,0,0,0,80,114,111,106,101,99,116,2,0,0,2,6,0,0,0,100,75,111,56,74,117,2,0,0,2,7,0,0,0,77,111,100,117,108,101,49,2,0,0,2,7,0,0,0,102,75,48,68,98,86,122,4,0,0,3,239,4,2,0,0,0,0,0,192,0,0,0,0,0,0,70,17,0,0,2,66,0,0,0,67,58,92,80,114,111,103,114,97,109,32,70,105,108,101,115,92,67,111,109,109,111,110,32,70,105,108,101,115,92,77,105,99,114,111,115,111,102,116,32,83,104,97,114,101,100,92,86,66,65,92,86,66,65,55,46,49,92,86,66,69,55,46,68,76,76,1,0,0,2,3,0,0,0,86,66,65,10,0,0,10,65,1,0,0,0,0,0,0,255,255,255,255,4,0,2,0,9,0,0,0,105,1,0,0,0,0,0,0,249,1,0,0,0,0,0,0,96,0,0,0,0,0,0,0,0,0,0,0,0,0,4,0,0,3,5,9,2,0,0,0,0,0,192,0,0,0,0,0,0,70,15,0,0,2,58,0,0,0,67,58,92,80,114,111,103,114,97,109,32,70,105,108,101,115,92,77,105,99,114,111,115,111,102,116,32,79,102,102,105,99,101,92,82,111,111,116,92,79,102,102,105,99,101,49,54,92,77,83,87,79,82,68,46,79,76,66,2,0,0,2,4,0,0,0,87,111,114,100,10,0,0,10,97,2,0,0,0,0,0,0,255,255,255,255,8,0,7,0,0,0,0,0,137,2,0,0,0,0,0,0,9,3,0,0,0,0,0,0,112,0,0,0,0,0,0,0,0,0,0,0,0,0,4,0,0,3,48,4,2,0,0,0,0,0,192,0,0,0,0,0,0,70,8,0,0,2,31,0,0,0,67,58,92,87,105,110,100,111,119,115,92,115,121,115,116,101,109,51,50,92,115,116,100,111,108,101,50,46,116,108,98,3,0,0,2,6,0,0,0,115,116,100,111,108,101,10,0,0,10,121,3,0,0,0,0,0,0,255,255,255,255,2,0,0,0,0,0,0,0,161,3,0,0,0,0,0,0,233,3,0,0,0,0,0,0,128,0,0,0,0,0,0,0,0,0,0,0,0,0,4,0,0,3,76,208,248,45,250,91,27,16,189,229,0,170,0,68,222,82,16,0,0,2,63,0,0,0,67,58,92,80,114,111,103,114,97,109,32,70,105,108,101,115,92,67,111,109,109,111,110,32,70,105,108,101,115,92,77,105,99,114,111,115,111,102,116,32,83,104,97,114,101,100,92,79,70,70,73,67,69,49,54,92,77,83,79,46,68,76,76,2,0,0,2,6,0,0
0,114,85,128,0,0,0,128,0,0,0,128,0,0,0,128,0,0,0,1,0,0,126,125,0,0,127,0,0,0,0,10,0,0,0,9,0,0,0,0,0,0,0,255,255,255,255,255,255,255,255,255,255,255,255,0,0,0,0,9,0,0,0,0,0,3,0,255,255,255,255,3,0,0,9,33,3,0,0,0,0,0,0,33,6,0,0,0,0,0,0,8,0,0,0,0,0,1,0,112,0,0,127,0,0,0,0,0,0,126,5,0,0,126,1,0,0,126,1,0,0,126,1,0,0,126,1,0,0,126,108,0,0,127,0,0,0,0,21,0,0,0,9,0,0,0,0,0,1,0,8,0,0,0,0,0,0,0,225,0,0,0,0,0,0,0,245,25,136,97,38,45,160,73,129,255,81,19,211,238,82,179,1,0,9,4,0,0,9,4,0,0,228,4,0,0,0,0,0,0,1,0,255,255,255,255,2,0,131,138,101,0,9,0,0,0,0,0,2,0,105,6,0,0,0,0,0,0,255,255,255,255,0,0,255,255,0,0,249,0,0,0,0,0,0,0,1,8,0,0,255,255,255,255,255,255,255,255,255,255,255,255,255,255,255,255,255,255,255,255,0,0,0,0,41,1,0,0,0,0,0,0,5,0,9,2,0,0,0,0,0,0,0,0,0,0,0,0,0,0,0,0,0,0,0,0,0,0,33,3,0,0,0,0,0,0,0,0,0,0,0,0,0,0,0,0,0,0,0,0,0,0,9,4,0,0,0,0,0,0,0,0,0,0,0,0,0,0,0,0,0,0,0,0,0,0,9,0,0,0,1,0,0,0,194,172,115,170,164,3,123,68,140,35,91,30,11,122,252,162,41,5,0,0,0,0,0,0,0,0,0,0,0,0,0,0,0,0,0,0,0,0,0,0,4,0,0,2,12,0,0,0,84,104,105,115,68,111,99,117,109,101,110,116,2,0,0,2,7,0,0,0,80,114,111,106,101,99,116,2,0,0,2,6,0,0,0,100,75,111,56,74,117,2,0,0,2,7,0,0,0,77,111,100,117,108,101,49,2,0,0,2,7,0,0,0,102,75,48,68,98,86,122,4,0,0,3,239,4,2,0,0,0,0,0,192,0,0,0,0,0,0,70,17,0,0,2,66,0,0,0,67,58,92,80,114,111,103,114,97,109,32,70,105,108,101,115,92,67,111,109,109,111,110,32,70,105,108,101,115,92,77,105,99,114,111,115,111,102,116,32,83,104,97,114,101,100,92,86,66,65,92,86,66,65,55,46,49,92,86,66,69,55,46,68,76,76,1,0,0,2,3,0,0,0,86,66,65,10,0,0,10,65,1,0,0,0,0,0,0,255,255,255,255,4,0,2,0,9,0,0,0,105,1,0,0,0,0,0,0,249,1,0,0,0,0,0,0,96,0,0,0,0,0,0,0,0,0,0,0,0,0,4,0,0,3,5,9,2,0,0,0,0,0,192,0,0,0,0,0,0,70,15,0,0,2,58,0,0,0,67,58,92,80,114,111,103,114,97,109,32,70,105,108,101,115,92,77,105,99,114,111,115,111,102,116,32,79,102,102,105,99,101,92,82,111,111,116,92,79,102,102,105,99,101,49,54,92,77,83,87,79,82,68,46,79,76,66,2,0,0,2,4,0,0,0,87,111,114,100,10,0,0,10,97,2,0,0,0,0,0,0,255,255,255,255,8,0,7,0,0,0,0,0,137,2,0,0,0,0,0,0,9,3,0,0,0,0,0,0,112,0,0,0,0,0,0,0,0,0,0,0,0,0,4,0,0,3,48,4,2,0,0,0,0,0,192,0,0,0,0,0,0,70,8,0,0,2,31,0,0,0,67,58,92,87,105,110,100,111,119,115,92,115,121,115,116,101,109,51,50,92,115,116,100,111,108,101,50,46,116,108,98,3,0,0,2,6,0,0,0,115,116,100,111,108,101,10,0,0,10,121,3,0,0,0,0,0,0,255,255,255,255,2,0,0,0,0,0,0,0,161,3,0,0,0,0,0,0,233,3,0,0,0,0,0,0,128,0,0,0,0,0,0,0,0,0,0,0,0,0,4,0,0,3,76,208,248,45,250,91,27,16,189,229,0,170,0,68,222,82,16,0,0,2,63,0,0,0,67,58,92,80,114,111,103,114,97,109,32,70,105,108,101,115,92,67,111,109,109,111,110,32,70,105,108,101,115,92,77,105,99,114,111,115,111,102,116,32,83,104,97,114,101,100,92,79,70,70,73,67,69,49,54,92,77,83,79,46,68,76,76,2,0,0,2,6,0,0
0,114,85,128,0,0,0,0,0,0,0,128,0,0,0,128,0,0,0,0,0,0,0,30,0,0,0,9,0,0,0,0,0,0,0,9,0,0,0,0,0,3,0,48,0,0,0,0,0,0,0,0,0,0,0,0,0,0,0,1,0,1,0,0,0,1,0,169,5,0,0,0,0,0,0,209,5,0,0,0,0,0,0,249,5,0,0,0,0,0,0,9,0,0,0,1,0,2,0,129,5,0,0,0,0,0,0,8,0,13,0,52,0,0,0,33,6,0,0,0,0,0,0,97,0,0,0,0,0,1,0,73,6,0,0,0,0,0,0,255,255,255,255,255,255,255,255,255,255,255,255,0,0,255,255,255,255,255,255,255,255,255,255,255,255,255,255,255,255,255,255,255,255,255,255,255,255,255,255,255,255,255,255,255,255,255,255,255,255,255,255,255,255,255,255,255,255,255,255,255,255,255,255,255,255,255,255,255,255,0,0,185,1,96,0,0,127,0,0,0,0,6,0,0,0,0,0,0,255,255,255,255,0,0,255,255,0,0,249,0,0,0,0,0,0,0,1,8,0,0,255,255,255,255,255,255,255,255,255,255,255,255,255,255,255,255,255,255,255,255,0,0,0,0,41,1,0,0,0,0,0,0,5,0,9,2,0,0,0,0,0,0,0,0,0,0,0,0,0,0,0,0,0,0,0,0,0,0,33,3,0,0,0,0,0,0,0,0,0,0,0,0,0,0,0,0,0,0,0,0,0,0,9,4,0,0,0,0,0,0,0,0,0,0,0,0,0,0,0,0,0,0,0,0,0,0,9,0,0,0,1,0,0,0,194,172,115,170,164,3,123,68,140,35,91,30,11,122,252,162,41,5,0,0,0,0,0,0,0,0,0,0,0,0,0,0,0,0,0,0,0,0,0,0,4,0,0,2,12,0,0,0,84,104,105,115,68,111,99,117,109,101,110,116,2,0,0,2,7,0,0,0,80,114,111,106,101,99,116,2,0,0,2,6,0,0,0,100,75,111,56,74,117,2,0,0,2,7,0,0,0,77,111,100,117,108,101,49,2,0,0,2,7,0,0,0,102,75,48,68,98,86,122,4,0,0,3,239,4,2,0,0,0,0,0,192,0,0,0,0,0,0,70,17,0,0,2,66,0,0,0,67,58,92,80,114,111,103,114,97,109,32,70,105,108,101,115,92,67,111,109,109,111,110,32,70,105,108,101,115,92,77,105,99,114,111,115,111,102,116,32,83,104,97,114,101,100,92,86,66,65,92,86,66,65,55,46,49,92,86,66,69,55,46,68,76,76,1,0,0,2,3,0,0,0,86,66,65,10,0,0,10,65,1,0,0,0,0,0,0,255,255,255,255,4,0,2,0,9,0,0,0,105,1,0,0,0,0,0,0,249,1,0,0,0,0,0,0,96,0,0,0,0,0,0,0,0,0,0,0,0,0,4,0,0,3,5,9,2,0,0,0,0,0,192,0,0,0,0,0,0,70,15,0,0,2,58,0,0,0,67,58,92,80,114,111,103,114,97,109,32,70,105,108,101,115,92,77,105,99,114,111,115,111,102,116,32,79,102,102,105,99,101,92,82,111,111,116,92,79,102,102,105,99,101,49,54,92,77,83,87,79,82,68,46,79,76,66,2,0,0,2,4,0,0,0,87,111,114,100,10,0,0,10,97,2,0,0,0,0,0,0,255,255,255,255,8,0,7,0,0,0,0,0,137,2,0,0,0,0,0,0,9,3,0,0,0,0,0,0,112,0,0,0,0,0,0,0,0,0,0,0,0,0,4,0,0,3,48,4,2,0,0,0,0,0,192,0,0,0,0,0,0,70,8,0,0,2,31,0,0,0,67,58,92,87,105,110,100,111,119,115,92,115,121,115,116,101,109,51,50,92,115,116,100,111,108,101,50,46,116,108,98,3,0,0,2,6,0,0,0,115,116,100,111,108,101,10,0,0,10,121,3,0,0,0,0,0,0,255,255,255,255,2,0,0,0,0,0,0,0,161,3,0,0,0,0,0,0,233,3,0,0,0,0,0,0,128,0,0,0,0,0,0,0,0,0,0,0,0,0,4,0,0,3,76,208,248,45,250,91,27,16,189,229,0,170,0,68,222,82,16,0,0,2,63,0,0,0,67,58,92,80,114,111,103,114,97,109,32,70,105,108,101,115,92,67,111,109,109,111,110,32,70,105,108,101,115,92,77,105,99,114,111,115,111,102,116,32,83,104,97,114,101,100,92,79,70,70,73,67,69,49,54,92,77,83,79,46,68,76,76,2,0,0,2,6,0,0
0,114,85,128,0,0,0,0,0,0,0,128,0,0,0,128,0,0,0,0,0,0,0,16,0,0,0,9,0,0,0,0,0,2,0,255,255,255,255,255,255,255,255,0,0,0,0,64,0,0,0,4,0,0,0,0,0,0,0,110,0,0,127,0,0,0,0,169,5,0,0,0,0,0,0,209,5,0,0,0,0,0,0,249,5,0,0,0,0,0,0,9,0,0,0,1,0,2,0,129,5,0,0,0,0,0,0,8,0,13,0,52,0,0,0,33,6,0,0,0,0,0,0,97,0,0,0,0,0,1,0,73,6,0,0,0,0,0,0,255,255,255,255,255,255,255,255,255,255,255,255,0,0,255,255,255,255,255,255,255,255,255,255,255,255,255,255,255,255,255,255,255,255,255,255,255,255,255,255,255,255,255,255,255,255,255,255,255,255,255,255,255,255,255,255,255,255,255,255,255,255,255,255,255,255,255,255,255,255,0,0,185,1,96,0,0,127,0,0,0,0,6,0,0,0,0,0,0,255,255,255,255,0,0,255,255,0,0,249,0,0,0,0,0,0,0,1,8,0,0,255,255,255,255,255,255,255,255,255,255,255,255,255,255,255,255,255,255,255,255,0,0,0,0,41,1,0,0,0,0,0,0,5,0,9,2,0,0,0,0,0,0,0,0,0,0,0,0,0,0,0,0,0,0,0,0,0,0,33,3,0,0,0,0,0,0,0,0,0,0,0,0,0,0,0,0,0,0,0,0,0,0,9,4,0,0,0,0,0,0,0,0,0,0,0,0,0,0,0,0,0,0,0,0,0,0,9,0,0,0,1,0,0,0,194,172,115,170,164,3,123,68,140,35,91,30,11,122,252,162,41,5,0,0,0,0,0,0,0,0,0,0,0,0,0,0,0,0,0,0,0,0,0,0,4,0,0,2,12,0,0,0,84,104,105,115,68,111,99,117,109,101,110,116,2,0,0,2,7,0,0,0,80,114,111,106,101,99,116,2,0,0,2,6,0,0,0,100,75,111,56,74,117,2,0,0,2,7,0,0,0,77,111,100,117,108,101,49,2,0,0,2,7,0,0,0,102,75,48,68,98,86,122,4,0,0,3,239,4,2,0,0,0,0,0,192,0,0,0,0,0,0,70,17,0,0,2,66,0,0,0,67,58,92,80,114,111,103,114,97,109,32,70,105,108,101,115,92,67,111,109,109,111,110,32,70,105,108,101,115,92,77,105,99,114,111,115,111,102,116,32,83,104,97,114,101,100,92,86,66,65,92,86,66,65,55,46,49,92,86,66,69,55,46,68,76,76,1,0,0,2,3,0,0,0,86,66,65,10,0,0,10,65,1,0,0,0,0,0,0,255,255,255,255,4,0,2,0,9,0,0,0,105,1,0,0,0,0,0,0,249,1,0,0,0,0,0,0,96,0,0,0,0,0,0,0,0,0,0,0,0,0,4,0,0,3,5,9,2,0,0,0,0,0,192,0,0,0,0,0,0,70,15,0,0,2,58,0,0,0,67,58,92,80,114,111,103,114,97,109,32,70,105,108,101,115,92,77,105,99,114,111,115,111,102,116,32,79,102,102,105,99,101,92,82,111,111,116,92,79,102,102,105,99,101,49,54,92,77,83,87,79,82,68,46,79,76,66,2,0,0,2,4,0,0,0,87,111,114,100,10,0,0,10,97,2,0,0,0,0,0,0,255,255,255,255,8,0,7,0,0,0,0,0,137,2,0,0,0,0,0,0,9,3,0,0,0,0,0,0,112,0,0,0,0,0,0,0,0,0,0,0,0,0,4,0,0,3,48,4,2,0,0,0,0,0,192,0,0,0,0,0,0,70,8,0,0,2,31,0,0,0,67,58,92,87,105,110,100,111,119,115,92,115,121,115,116,101,109,51,50,92,115,116,100,111,108,101,50,46,116,108,98,3,0,0,2,6,0,0,0,115,116,100,111,108,101,10,0,0,10,121,3,0,0,0,0,0,0,255,255,255,255,2,0,0,0,0,0,0,0,161,3,0,0,0,0,0,0,233,3,0,0,0,0,0,0,128,0,0,0,0,0,0,0,0,0,0,0,0,0,4,0,0,3,76,208,248,45,250,91,27,16,189,229,0,170,0,68,222,82,16,0,0,2,63,0,0,0,67,58,92,80,114,111,103,114,97,109,32,70,105,108,101,115,92,67,111,109,109,111,110,32,70,105,108,101,115,92,77,105,99,114,111,115,111,102,116,32,83,104,97,114,101,100,92,79,70,70,73,67,69,49,54,92,77,83,79,46,68,76,76,2,0,0,2,6,0,0
0,1,22,1,0,6,0,1,0,0,22,3,0,0,228,0,0,0,234,1,0,0,68,3,0,0,82,3,0,0,166,3,0,0,0,0,0,0,1,0,0,0,7,174,252,121,0,0,255,255,163,1,0,0,136,0,0,0,182,0,255,255,1,1,0,0,0,0,255,255,255,255,0,0,0,0,255,255,60,0,255,255,0,0,77,137,91,251,194,79,194,68,172,107,115,32,0,32,153,170,176,20,88,208,182,238,143,65,176,121,51,161,157,150,150,220,0,0,0,0,0,0,0,0,0,0,0,0,0,0,0,0,1,0,0,0,199,107,99,106,210,180,215,69,181,59,57,135,99,177,108,76,16,0,0,0,3,0,0,0,5,0,0,0,7,0,0,0,255,255,255,255,255,255,255,255,1,1,8,0,0,0,255,255,255,255,120,0,0,0,8,199,107,99,106,210,180,215,69,181,59,57,135,99,177,108,76,77,137,91,251,194,79,194,68,172,107,115,32,0,32,153,170,255,255,0,0,0,0,77,69,0,0,255,255,255,255,255,255,0,0,0,0,255,255,0,0,0,0,255,255,1,1,0,0,0,0,223,0,255,255,0,0,0,0,255,255,255,255,255,255,255,255,255,255,255,255,255,255,255,255,255,255,255,255,255,255,255,255,255,255,255,255,255,255,255,255,255,255,255,255,255,255,255,255,255,255,255,255,255,255,255,255,255,255,255,255,255,255,255,255,255,255,255,255,255,255,255,255,255,255,255,255,255,255,255,255,255,255,255,255,255,255,255,255,255,255,255,255,255,255,255,255,255,255,255,255,255,255,255,255,255,255,255,255,255,255,255,255,255,255,255,255,255,255,255,255,255,255,255,255,255,255,255,255,255,255,255,255,255,255,255,255,255,255,40,0,0,0,2,0,83,34,255,255,255,255,0,0,1,0,83,16,255,255,255,255,0,0,1,0,83,34,255,255,255,255,0,0,0,0,54,34,255,255,255,255,0,0,255,255,1,1,0,0,0,0,1,0,40,0,49,0,78,0,111,0,114,0,109,0,97,0,108,0,46,0,84,0,104,0,105,0,115,0,68,0,111,0,99,0,117,0,109,0,101,0,110,0,116,0,9,0,0,0,255,255,255,255,1,1,160,0,0,0,2,128,254,255,255,255,255,255,16,0,255,255,40,0,0,0,2,1,255,255,0,0,0,0,0,0,0,0,255,255,255,255,255,255,255,255,0,0,0,0,29,0,0,0,37,0,0,0,255,255,255,255,0,0,0,0,2,131,254,255,255,255,255,255,8,0,255,255,96,0,0,0,0,0,255,255,255,255,255,255,0,0,0,0,255,255,255,255,255,255,255,255,0,0,0,0,29,0,12,0,37,0,0,0,130,160,40,2,255,255,255,255,254,255,255,255,144,0,0,0,2,0,255,255,254,255,255,255,0,0,0,0,255,255,255,255,255,255,255,255,0,0,0,0,29,0,12,0,37,0,0,0,255,255,255,255,96,0,0,0,0,0,0,0,0,0,1,0,0,0,0,0,0,0,0,0,255,255,255,255,255,255,255,255,255,255,255,255,0,0,0,0,255,255,255,255,255,255,255,255,255,255,255,255,255,255,255,255,255,255,255,255,0,0,0,0,255,255,255,255,255,255,255,255,255,255,255,255,104,0,0,0,56,0,0,0,0,0,0,0,0,0,0,0,64,0,4,0,0,0,0,0,0,7,0,7,255,255,255,255,255,255,255,255,255,255,255,255,255,255,255,255,255,255,255,255,255,255,8,0,1,0,48,0,0,0,160,223,63,94,21,0,1,36,0,42,0,92,0,82,0,102,0,102,0,102,0,102,0,42,0,48,0,57,0,53,0,101,0,51,0,102,0,100,0,102,0,97,0,48,0,223,1,0,0,0,0,0,255,255,255,255,52,0,0,0,0,0,0,0,0,0,0,0,0,0,0,0,0,0,0,0,0,0,0,0,0,0,0,0,0,0,0,0,0,0,0,0,0,0,0,0,0,0,0,0,0,0,0,0,0,0,0,0,0,0,0,0,0,0,0,0,0,0,0,0,254,202,1,0,0,0,255,255,255,255,1,1,8,0,0,0,255,255,255,255,120,0,0,0,255,255,255,255,0,0,1,160,176,0,65,116,116,114,105,98,117,116,0,101,32,86,66,95,78,97,109,0,101,32,61,32,34,100,75,111,64,56,74,117,34,13,10,10,232,66,4,97,115,2,116,49,78,111,114,109,0,97,108,46,84,104,105,115,68,128,111,99,117,109,101,110,116,13,86,64,71,108,111,98,97,108,1,158
1,1,32,178,128,1,0,4,0,0,0,1,0,48,42,2,2,144,9,0,112,20,6,72,3,0,130,2,0,100,228,4,4,0,7,0,28,0,80,114,111,106,101,99,116,5,81,0,40,0,0,64,2,20,6,2,20,61,173,2,10,7,2,108,1,20,8,6,18,9,2,18,128,160,223,63,94,21,0,12,2,74,18,60,2,10,22,0,1,114,115,116,100,16,111,108,101,62,2,25,115,0,116,0,0,100,0,111,0,108,0,101,80,0,13,0,104,0,37,94,0,3,42,0,92,71,123,48,48,48,50,48,176,52,51,48,45,0,8,4,4,67,0,10,3,2,14,1,18,48,48,52,54,125,35,0,50,46,48,35,48,35,67,58,0,92,87,105,110,100,111,119,115,0,92,115,121,115,116,101,109,51,4,50,92,3,101,50,46,116,108,98,0,35,79,76,69,32,65,117,116,128,111,109,97,116,105,111,110,0,96,3,0,2,131,69,78,111,114,109,97,108,5,131,69,78,128,67,114,0,109,0,97,81,128,70,14,0,32,128,17,9,128,1,42,44,92,67,3,18,10,6,140,128,109,8,0,65,131,33,79,102,102,105,99,132,103,79,68,0,102,128,0,105,0,99,130,103,158,5,128,31,148,130,33,71,123,50,68,70,0,56,68,48,52,67,45,53,66,0,70,65,45,49,48,49,66,45,144,66,68,69,53,128,103,65,65,128,101,26,52,128,5,50,136,103,128,186,103,114,97,0,109,32,70,105,108,101,115,92,64,67,111,109,109,111,110,4,6,77,0,105,99,114,111,115,111,102,116,0,32,83,104,97,114,101,100,92,0,79,70,70,73,67,69,49,54,0,92,77,83,79,46,68,76,76,6,35,135,16,131,77,32,49,54,46,48,8,32,79,98,129,227,32,76,105,98,176,114,97,114,121,128,37,128,0,15,130,122,136,2,0,19,194,1,7,174,25,66,104,128,100,75,111,56,74,117,71,66,104,8,100,0,75,192,69,56,0,74,0,168,117,0,26,72,7,50,78,7,28,130,20,10,72,66,1,49,66,128,172,3,0,0,22,30,66,2,1,5,44,194,24,252,121,34,21,66,8,43,66,1,25,130,152,102,75,48,128,68,98,86,122,71,0,14,0,5,2,102,0,28,48,0,68,0,98,0,184,86,0,122,128,28,193,160,4,8,50,16,8,141,79,29,221,192,54,77,29,26,66,33,194,27,5,67,29,16,194,2,37,0,0,0,255,255,255,255,0,0,0,0,2,131,254,255,255,255,255,255,8,0,255,255,96,0,0,0,0,0,255,255,255,255,255,255,0,0,0,0,255,255,255,255,255,255,255,255,0,0,0,0,29,0,12,0,37,0,0,0,130,160,40,2,255,255,255,255,254,255,255,255,144,0,0,0,2,0,255,255,254,255,255,255,0,0,0,0,255,255,255,255,255,255,255,255,0,0,0,0,29,0,12,0,37,0,0,0,255,255,255,255,96,0,0,0,0,0,0,0,0,0,1,0,0,0,0,0,0,0,0,0,255,255,255,255,255,255,255,255,255,255,255,255,0,0,0,0,255,255,255,255,255,255,255,255,255,255,255,255,255,255,255,255,255,255,255,255,0,0,0,0,255,255,255,255,255,255,255,255,255,255,255,255,104,0,0,0,56,0,0,0,0,0,0,0,0,0,0,0,64,0,4,0,0,0,0,0,0,7,0,7,255,255,255,255,255,255,255,255,255,255,255,255,255,255,255,255,255,255,255,255,255,255,8,0,1,0,48,0,0,0,160,223,63,94,21,0,1,36,0,42,0,92,0,82,0,102,0,102,0,102,0,102,0,42,0,48,0,57,0,53,0,101,0,51,0,102,0,100,0,102,0,97,0,48,0,223,1,0,0,0,0,0,255,255,255,255,52,0,0,0,0,0,0,0,0,0,0,0,0,0,0,0,0,0,0,0,0,0,0,0,0,0,0,0,0,0,0,0,0,0,0,0,0,0,0,0,0,0,0,0,0,0,0,0,0,0,0,0,0,0,0,0,0,0,0,0,0,0,0,0,254,202,1,0,0,0,255,255,255,255,1,1,8,0,0,0,255,255,255,255,120,0,0,0,255,255,255,255,0,0,1,160,176,0,65,116,116,114,105,98,117,116,0,101,32,86,66,95,78,97,109,0,101,32,61,32,34,100,75,111,64,56,74,117,34,13,10,10,232,66,4,97,115,2,116,49,78,111,114,109,0,97,108,46,84,104,105,115,68,128,111,99,117,109,101,110,116,13,86,64,71,108,111,98,97,108,1,158
0,1,22,1,0,0,240,0,0,0,156,4,0,0,212,0,0,0,136,1,0,0,255,255,255,255,163,4,0,0,215,121,0,0,0,0,0,0,1,0,0,0,7,174,26,66,0,0,255,255,3,0,0,0,0,0,0,0,182,0,255,255,1,1,0,0,0,0,255,255,255,255,0,0,0,0,255,255,255,255,255,255,0,0,0,0,0,0,0,0,0,0,0,0,0,0,0,0,0,0,0,0,0,0,0,0,0,0,0,0,0,0,0,0,0,0,0,0,0,0,0,0,0,0,0,0,0,0,0,0,0,0,0,0,0,0,16,0,0,0,3,0,0,0,5,0,0,0,7,0,0,0,255,255,255,255,255,255,255,255,1,1,8,0,0,0,255,255,255,255,120,0,0,0,2,0,0,0,0,0,0,0,0,0,0,0,0,0,0,0,0,0,0,0,0,0,0,0,0,0,0,0,0,0,0,0,0,255,255,0,0,0,0,77,69,0,0,255,255,255,255,255,255,0,0,0,0,255,255,0,0,0,0,255,255,1,1,0,0,0,0,223,0,255,255,0,0,0,0,255,255,255,255,255,255,255,255,255,255,255,255,255,255,255,255,255,255,255,255,255,255,255,255,255,255,255,255,255,255,255,255,255,255,255,255,255,255,255,255,255,255,255,255,255,255,255,255,255,255,255,255,255,255,255,255,255,255,255,255,255,255,255,255,255,255,255,255,255,255,255,255,255,255,255,255,255,255,255,255,255,255,255,255,255,255,255,255,255,255,255,255,255,255,255,255,255,255,255,255,255,255,255,255,255,255,255,255,255,255,255,255,255,255,255,255,255,255,255,255,255,255,255,255,255,255,255,255,255,255,0,0,0,0,255,255,1,1,0,0,0,0,0,0,0,0,0,0,255,255,255,255,1,1,136,2,0,0,11,18,46,2,128,0,0,0,255,255,255,255,0,0,0,0,255,255,255,255,255,255,255,255,0,0,0,0,0,0,0,0,255,255,255,255,0,0,0,0,64,0,0,0,12,0,255,255,255,255,255,255,23,0,0,0,0,0,140,2,0,2,0,0,73,131,48,2,255,255,255,255,255,255,255,255,12,1,255,255,0,0,0,0,96,0,0,0,128,1,0,0,0,0,0,0,73,131,50,2,255,255,255,255,255,255,255,255,12,1,255,255,0,0,0,0,255,255,255,255,128,1,0,0,0,0,0,0,11,18,186,2,192,0,0,0,255,255,255,255,0,0,0,0,255,255,255,255,255,255,255,255,0,0,0,0,0,0,0,0,255,255,255,255,0,0,0,0,255,255,255,255,12,0,255,255,255,255,255,255,43,0,0,0,0,0,140,0,0,2,0,0,11,18,140,3,0,1,0,0,255,255,255,255,0,0,0,0,255,255,255,255,255,255,255,255,0,0,0,0,0,0,0,0,255,255,255,255,0,0,0,0,255,255,255,255,12,0,255,255,255,255,255,255,63,0,0,0,0,0,140,0,0,2,0,0,11,18,206,4,64,1,0,0,255,255,255,255,0,0,0,0,255,255,255,255,255,255,255,255,0,0,0,0,0,0,0,0,255,255,255,255,0,0,0,0,255,255,255,255,12,0,255,255,255,255,255,255,111,0,0,0,0,0,140,0,0,2,0,0,11,18,24,7,128,1,0,0,255,255,255,255,0,0,0,0,255,255,255,255,255,255,255,255,0,0,0,0,0,0,0,0,255,255,255,255,0,0,0,0,255,255,255,255,12,0,255,255,255,255,255,255,108,0,0,0,0,0,140,0,0,2,0,0,11,18,80,9,192,1,0,0,255,255,255,255,0,0,0,0,255,255,255,255,255,255,255,255,0,0,0,0,0,0,0,0,255,255,255,255,0,0,0,0,255,255,255,255,12,0,255,255,255,255,255,255,103,0,0,0,0,0,140,0,0,2,0,0,11,18,114,11,0,2,0,0,255,255,255,255,0,0,0,0,255,255,255,255,255,255,255,255,0,0,0,0,0,0,0,0,255,255,255,255,0,0,0,0,255,255,255,255,12,0,255,255,255,255,255,255,56,0,0,0,0,0,140,0,0,2,0,0,11,18,142,12,64,2,0,0,255,255,255,255,0,0,0,0,255,255,255,255,255,255,255,255,0,0,0,0,0,0,0,0,255,255,255,255,0,0,0,0,255,255,255,255,12,0,255,255,255,255,255,255,97,0,0,0,0,0,140,0,0,2,0,0,11,18,138,14,255,255,255,255,255,255,255,255,0,0,0,0,255,255,255,255,255,255,255,255,0,0,0,0,0,0,0,0,255,255,255,255
