0,1,0,254,255,3,10,0,0,255,255,255,255,6,9,2,0,0,0,0,0,192,0,0,0,0,0,0,70,32,0,0,0,104,77,98,71,74,102,98,75,86,110,69,70,68,108,105,111,122,88,100,70,85,73,73,114,85,110,117,104,119,77,82,0,10,0,0,0,77,83,87,111,114,100,68,111,99,0,16,0,0,0,113,70,122,119,90,81,75,106,113,118,78,112,111,46,56,0,244,57,178,113,0,0,0,0,0,0,0,0,0,0,0,0,,,,,,,,,,,,,,,,,,,,,,,,,,,,,,,,,,,,,,,,,,,,,,,,,,,,,,,,,,,,,,,,,,,,,,,,,,,,,,,,,,,,,,,,,,,,,,,,,,,,,,,,,,,,,,,,,,,,,,,,,,,,,,,,,,,,,,,,,,,,,,,,,,,,,,,,,,,,,,,,,,,,,,,,,,,,,,,,,,,,,,,,,,,,,,,,,,,,,,,,,,,,,,,,,,,,,,,,,,,,,,,,,,,,,,,,,,,,,,,,,,,,,,,,,,,,,,,,,,,,,,,,,,,,,,,,,,,,,,,,,,,,,,,,,,,,,,,,,,,,,,,,,,,,,,,,,,,,,,,,,,,,,,,,,,,,,,,,,,,,,,,,,,,,,,,,,,,,,,,,,,,,,,,,,,,,,,,,,,,,,,,,,,,,,,,,,,,,,,,,,,,,,,,,,,,,,,,,,,,,,,,,,,,,,,,,,,,,,,,,,,,,,,,,,,,,,,,,,,,,,,,,,,,,,,,,,,,,,,,,,,,,,,,,,,,,,,,,,,,,,,,,,,,,,,,,,,,,,,,,,,,,,,,,,,,,,,,,,,,,,,,,,,,,,,,,,,,,,,,,,,,,,,,,,,,,,,,,,,,,,,,,,,,,,,,,,,,,,,,,,,,,,,,,,,,,,,,,,,,,,,,,,,,,,,,,,,,,,,,,,,,,,,,,,,,,,,,,,,,,,,,,,,,,,,,,,,,,,,,,,,,,,,,,,,,,,,,,,,,,,,,,,,,,,,,,,,,,,,,,,,,,,,,,,,,,,,,,,,,,,,,,,,,,,,,,,,,,,,,,,,,,,,,,,,,,,,,,,,,,,,,,,,,,,,,,,,,,,,,,,,,,,,,,,,,,,,,,,,,,,,,,,,,,,,,,,,,,,,,,,,,,,,,,,,,,,,,,,,,,,,,,,,,,,,,,,,,,,,,,,,,,,,,,,,,,,,,,,,,,,,,,
0,254,255,0,0,6,1,2,0,0,0,0,0,0,0,0,0,0,0,0,0,0,0,0,0,1,0,0,0,2,213,205,213,156,46,27,16,147,151,8,0,43,44,249,174,48,0,0,0,232,0,0,0,12,0,0,0,1,0,0,0,104,0,0,0,15,0,0,0,112,0,0,0,5,0,0,0,124,0,0,0,6,0,0,0,132,0,0,0,17,0,0,0,140,0,0,0,23,0,0,0,148,0,0,0,11,0,0,0,156,0,0,0,16,0,0,0,164,0,0,0,19,0,0,0,172,0,0,0,22,0,0,0,180,0,0,0,13,0,0,0,188,0,0,0,12,0,0,0,201,0,0,0,2,0,0,0,228,4,0,0,30,0,0,0,4,0,0,0,0,0,0,0,3,0,0,0,1,0,0,0,3,0,0,0,1,0,0,0,3,0,0,0,14,0,0,0,3,0,0,0,0,0,16,0,11,0,0,0,0,0,0,0,11,0,0,0,0,0,0,0,11,0,0,0,0,0,0,0,11,0,0,0,0,0,0,0,30,16,0,0,1,0,0,0,1,0,0,0,0,12,16,0,0,2,0,0,0,30,0,0,0,6,0,0,0,84,105,116,108,101,0,3,0,0,0,1,0,0,0,0,0,0,0,0,0,0,0,0,0,0,0,0,0,0,0,0,0,0,0,0,0,0,0,0,0,0,0,0,0,0,0,0,0,0,0,0,0,0,0,0,0,0,0,0,0,0,0,0,0,0,0,0,0,0,0,0,0,0,0,0,0,0,0,0,0,0,0,0,0,0,0,0,0,0,0,0,0,0,0,0,0,0,0,0,0,0,0,0,0,0,0,0,0,0,0,0,0,0,0,0,0,0,0,0,0,0,0,0,0,0,0,0,0,0,0,0,0,0,0,0,0,0,0,0,0,0,0,0,0,0,0,0,0,0,0,0,0,0,0,0,0,0,0,0,0,0,0,0,0,0,0,0,0,0,0,0,0,0,0,0,0,0,0,0,0,0,0,0,0,0,0,0,0,0,0,0,0,0,0,0,0,0,0,0,0,0,0,0,0,0,0,0,0,0,0,0,0,0,0,0,0,0,0,0,0,0,0,0,0,0,0,0,0,0,0,0,0,0,0,0,0,0,0,0,0,0,0,0,0,0,0,0,0,0,0,0,0,0,0,0,0,0,0,0,0,0,0,0,0,0,0,0,0,0,0,0,0,0,0,0,0,0,0,0,0,0,0,0,0,0,0,0,0,0,0,0,0,0,0,0,0,0,0,0,0,0,0,0,0,0,0,0,0,0,0,0,0,0,0,0,0,0,0,0,0,0,0,0,0,0,0,0,0,0,0,0,0,0,0,0,0,0,0,0,0,0,0,0,0,0,0,0,0,0,0,0,0,0,0,0,0,0,0,0,0,0,0,0,0,0,0,0,0,0,0,0,0,0,0,0,0,0,0,0,0,0,0,0,0,0,0,0,0,0,0,0,0,0,0,0,0,0,0,0,0,0,0,0,0,0,0,0,0,0,0,0,0,0,0,0,0,0,0,0,0,0,0,0,0,0,0,0,0,0,0,0,0,0,0,0,0,0,0,0,0,0,0,0,0,0,0,0,0,0,0,0,0,0,0,0,0,0,0,0,0,0,0,0,0,0,0,0,0,0,0,0,0,0,0,0,0,0,0,0,0,0,0,0,0,0,0,0,0,0,0,0,0,0,0,0,0,0,0,0,0,0,0,0,0,0,0,0,0,0,0,0,0,0,0,0,0,0,0,0,0,0,0,0,0,0,0,0,0,0,0,0,0,0,0,0,0,0,0,0,0,0,0,0,0,0,0,0,0,0,0,0,0,0,0,0,0,0,0,0,0,0,0,0,0,0,0,0,0,0,0,0,0,0,0,0,0,0,0,0,0,0,0,0,0,0,0,0,0,0,0,0,0,0,0,0,0,0,0,0,0,0,0,0,0,0,0,0,0,0,0,0,0,0,0,0,0,0,0,0,0,0,0,0,0,0,0,0,0,0,0,0,0,0,0,0,0,0,0,0,0,0,0,0,0,0,0,0,0,0,0,0,0,0,0,0,0,0,0,0,0,0,0,0,0,0,0,0,0,0,0,0,0,0,0,0,0,0,0,0,0,0,0,0,0,0,0,0,0,0,0,0,0,0,0,0,0,0,0,0,0,0,0,0,0,0,0,0,0,0,0,0,0,0,0,0,0,0,0,0,0,0,0,0,0,0,0,0,0,0,0,0,0,0,0,0,0,0,0,0,0,0,0,0,0,0,0,0,0,0,0,0,0,0
0,254,255,0,0,6,1,2,0,0,0,0,0,0,0,0,0,0,0,0,0,0,0,0,0,1,0,0,0,224,133,159,242,249,79,104,16,171,145,8,0,43,39,179,217,48,0,0,0,100,1,0,0,17,0,0,0,1,0,0,0,144,0,0,0,2,0,0,0,152,0,0,0,3,0,0,0,164,0,0,0,4,0,0,0,176,0,0,0,5,0,0,0,188,0,0,0,6,0,0,0,200,0,0,0,7,0,0,0,212,0,0,0,8,0,0,0,232,0,0,0,9,0,0,0,244,0,0,0,18,0,0,0,0,1,0,0,10,0,0,0,32,1,0,0,12,0,0,0,44,1,0,0,13,0,0,0,56,1,0,0,14,0,0,0,68,1,0,0,15,0,0,0,76,1,0,0,16,0,0,0,84,1,0,0,19,0,0,0,92,1,0,0,2,0,0,0,228,4,0,0,30,0,0,0,4,0,0,0,0,0,0,0,30,0,0,0,4,0,0,0,0,0,0,0,30,0,0,0,4,0,0,0,0,0,0,0,30,0,0,0,4,0,0,0,0,0,0,0,30,0,0,0,4,0,0,0,0,0,0,0,30,0,0,0,12,0,0,0,78,111,114,109,97,108,46,100,111,116,109,0,30,0,0,0,4,0,0,0,0,0,0,0,30,0,0,0,4,0,0,0,49,0,0,0,30,0,0,0,24,0,0,0,77,105,99,114,111,115,111,102,116,32,79,102,102,105,99,101,32,87,111,114,100,0,0,0,64,0,0,0,0,0,0,0,0,0,0,0,64,0,0,0,0,60,24,199,235,124,212,1,64,0,0,0,0,60,24,199,235,124,212,1,3,0,0,0,1,0,0,0,3,0,0,0,2,0,0,0,3,0,0,0,13,0,0,0,3,0,0,0,0,0,0,0,0,0,0,0,0,0,0,0,0,0,0,0,0,0,0,0,0,0,0,0,0,0,0,0,0,0,0,0,0,0,0,0,0,0,0,0,0,0,0,0,0,0,0,0,0,0,0,0,0,0,0,0,0,0,0,0,0,0,0,0,0,0,0,0,0,0,0,0,0,0,0,0,0,0,0,0,0,0,0,0,0,0,0,0,0,0,0,0,0,0,0,0,0,0,0,0,0,0,0,0,0,0,0,0,0,0,0,0,0,0,0,0,0,0,0,0,0,0,0,0,0,0,0,0,0,0,0,0,0,0,0,0,0,0,0,0,0,0,0,0,0,0,0,0,0,0,0,0,0,0,0,0,0,0,0,0,0,0,0,0,0,0,0,0,0,0,0,0,0,0,0,0,0,0,0,0,0,0,0,0,0,0,0,0,0,0,0,0,0,0,0,0,0,0,0,0,0,0,0,0,0,0,0,0,0,0,0,0,0,0,0,0,0,0,0,0,0,0,0,0,0,0,0,0,0,0,0,0,0,0,0,0,0,0,0,0,0,0,0,0,0,0,0,0,0,0,0,0,0,0,0,0,0,0,0,0,0,0,0,0,0,0,0,0,0,0,0,0,0,0,0,0,0,0,0,0,0,0,0,0,0,0,0,0,0,0,0,0,0,0,0,0,0,0,0,0,0,0,0,0,0,0,0,0,0,0,0,0,0,0,0,0,0,0,0,0,0,0,0,0,0,0,0,0,0,0,0,0,0,0,0,0,0,0,0,0,0,0,0,0,0,0,0,0,0,0,0,0,0,0,0,0,0,0,0,0,0,0,0,0,0,0,0,0,0,0,0,0,0,0,0,0,0,0,0,0,0,0,0,0,0,0,0,0,0,0,0,0,0,0,0,0,0,0,0,0,0,0,0,0,0,0,0,0,0,0,0,0,0,0,0,0,0,0,0,0,0,0,0,0,0,0,0,0,0,0,0,0,0,0,0,0,0,0,0,0,0,0,0,0,0,0,0,0,0,0,0,0,0,0,0,0,0,0,0,0,0,0,0,0,0,0,0,0,0,0,0,0,0,0,0,0,0,0,0,0,0,0,0,0,0,0,0,0,0,0,0,0,0,0,0,0,0,0,0,0,0,0,0,0,0,0,0,0,0,0,0,0,0,0,0,0,0,0,0,0,0,0,0,0,0,0,0,0,0,0,0,0,0,0,0,0,0,0,0,0,0,0,0,0,0,0,0,0,0,0,0,0,0,0,0,0,0,0,0,0,0,0,0,0,0,0,0,0,0,0,0,0,0,0,0,0,0,0,0,0,0,0,0,0,0,0,0,0,0,0,0,0,0,0,0,0,0,0,0,0,0,0,0,0,0,0,0,0,0,0,0,0,0,0,0,0,0,0
0,26,6,17,0,18,0,1,0,119,1,15,0,7,0,3,0,3,0,3,0,0,0,4,0,8,0,0,0,152,0,0,0,158,0,0,0,158,0,0,0,158,0,0,0,158,0,0,0,158,0,0,0,158,0,0,0,158,0,0,0,158,0,0,0,54,6,0,0,54,6,0,0,54,6,0,0,54,6,0,0,54,6,0,0,54,6,0,0,54,6,0,0,54,6,0,0,54,6,0,0,118,2,0,0,118,2,0,0,118,2,0,0,118,2,0,0,118,2,0,0,118,2,0,0,118,2,0,0,118,2,0,0,118,2,0,0,54,6,0,0,54,6,0,0,54,6,0,0,54,6,0,0,54,6,0,0,54,6,0,0,62,2,0,0,54,6,0,0,54,6,0,0,54,6,0,0,54,6,0,0,54,6,0,0,54,6,0,0,54,6,0,0,54,6,0,0,54,6,0,0,54,6,0,0,54,6,0,0,54,6,0,0,54,6,0,0,54,6,0,0,54,6,0,0,54,6,0,0,54,6,0,0,54,6,0,0,54,6,0,0,54,6,0,0,54,6,0,0,54,6,0,0,54,6,0,0,54,6,0,0,54,6,0,0,54,6,0,0,54,6,0,0,168,0,0,0,54,6,0,0,54,6,0,0,22,0,0,0,54,6,0,0,54,6,0,0,54,6,0,0,54,6,0,0,54,6,0,0,54,6,0,0,54,6,0,0,54,6,0,0,184,0,0,0,54,6,0,0,54,6,0,0,54,6,0,0,54,6,0,0,54,6,0,0,54,6,0,0,54,6,0,0,54,6,0,0,54,6,0,0,54,6,0,0,54,6,0,0,54,6,0,0,104,1,0,0,72,1,0,0,54,6,0,0,54,6,0,0,54,6,0,0,54,6,0,0,54,6,0,0,54,6,0,0,54,6,0,0,54,6,0,0,54,6,0,0,54,6,0,0,54,6,0,0,54,6,0,0,54,6,0,0,54,6,0,0,54,6,0,0,54,6,0,0,54,6,0,0,54,6,0,0,54,6,0,0,54,6,0,0,54,6,0,0,54,6,0,0,54,6,0,0,54,6,0,0,54,6,0,0,54,6,0,0,54,6,0,0,54,6,0,0,54,6,0,0,54,6,0,0,54,6,0,0,54,6,0,0,54,6,0,0,54,6,0,0,54,6,0,0,54,6,0,0,54,6,0,0,54,6,0,0,54,6,0,0,54,6,0,0,54,6,0,0,54,6,0,0,54,6,0,0,54,6,0,0,54,6,0,0,54,6,0,0,54,6,0,0,54,6,0,0,54,6,0,0,54,6,0,0,54,6,0,0,54,6,0,0,54,6,0,0,54,6,0,0,54,6,0,0,54,6,0,0,54,6,0,0,54,6,0,0,54,6,0,0,54,6,0,0,54,6,0,0,54,6,0,0,54,6,0,0,54,6,0,0,54,6,0,0,112,2,0,0,54,6,0,0,50,6,0,0,24,0,0,0,198,3,0,0,214,3,0,0,230,3,0,0,246,3,0,0,6,4,0,0,22,4,0,0,38,4,0,0,54,4,0,0,70,4,0,0,86,4,0,0,102,4,0,0,118,4,0,0,134,4,0,0,150,4,0,0,198,3,0,0,214,3,0,0,230,3,0,0,246,3,0,0,6,4,0,0,22,4,0,0,50,6,0,0,40,2,0,0,216,1,0,0,232,1,0,0,38,4,0,0,54,4,0,0,70,4,0,0,86,4,0,0,102,4,0,0,118,4,0,0,134,4,0,0,150,4,0,0,198,3,0,0,214,3,0,0,230,3,0,0,246,3,0,0,6,4,0,0,22,4,0,0,38,4,0,0,54,4,0,0,70,4,0,0,86,4,0,0,102,4,0,0,118,4,0,0,134,4,0,0,150,4,0,0,198,3,0,0,214,3,0,0,230,3,0,0,246,3,0,0,6,4,0,0,22,4,0,0,38,4,0,0,54,4,0,0,70,4,0,0,86,4,0,0,102,4,0,0,118,4,0,0,134,4,0,0,150,4,0,0,198,3,0,0,214,3,0,0,230,3,0,0,246,3,0,0,6,4,0,0,22,4,0,0,38,4,0,0,54,4,0,0,70,4,0,0,86,4,0,0,102,4,0,0,118,4,0,0,134,4,0,0,150,4,0,0,198,3,0,0,214,3,0,0,230,3,0,0,246,3,0,0,6,4,0,0,22,4,0,0,38,4,0,0,54,4,0,0,70,4,0,0,86,4,0,0,102,4,0,0,118,4,0,0,134,4,0,0,150,4,0,0,198,3,0,0,214,3,0,0,230,3
0,195,113,0,0,68,0,100,0,0,0,0,0,0,0,8,0,0,0,0,0,0,0,0,0,0,0,0,0,146,34,95,10,232,3,232,3,0,0,0,0,0,0,0,0,0,0,0,0,0,0,0,0,0,0,0,0,0,0,0,0,0,0,0,0,0,0,0,0,15,0,4,240,106,0,0,0,178,4,10,240,8,0,0,0,1,4,0,0,0,10,0,0,99,0,11,240,56,0,0,0,4,65,1,0,0,0,63,1,0,0,6,0,191,1,0,0,16,0,255,1,0,0,8,0,128,195,20,0,0,0,191,3,0,0,2,0,80,0,105,0,99,0,116,0,117,0,114,0,101,0,32,0,50,0,0,0,19,0,34,241,6,0,0,0,170,3,0,0,0,15,0,0,16,240,4,0,0,0,0,0,0,128,82,0,7,240,5,113,0,0,5,5,84,31,172,188,109,27,201,255,155,233,159,198,77,134,195,135,255,0,225,112,0,0,1,0,0,0,68,0,0,0,0,0,110,9,160,70,29,240,217,112,0,0,84,31,172,188,109,27,201,255,155,233,159,198,77,134,195,135,255,255,216,255,224,0,16,74,70,73,70,0,1,1,1,0,96,0,96,0,0,255,225,0,58,69,120,105,102,0,0,77,77,0,42,0,0,0,8,0,3,81,16,0,1,0,0,0,1,1,0,0,0,81,17,0,4,0,0,0,1,0,0,0,0,81,18,0,4,0,0,0,1,0,0,0,0,0,0,0,0,255,219,0,67,0,2,1,1,2,1,1,2,2,2,2,2,2,2,2,3,5,3,3,3,3,3,6,4,4,3,5,7,6,7,7,7,6,7,7,8,9,11,9,8,8,10,8,7,7,10,13,10,10,11,12,12,12,12,7,9,14,15,13,12,14,11,12,12,12,255,219,0,67,1,2,2,2,3,3,3,6,3,3,6,12,8,7,8,12,12,12,12,12,12,12,12,12,12,12,12,12,12,12,12,12,12,12,12,12,12,12,12,12,12,12,12,12,12,12,12,12,12,12,12,12,12,12,12,12,12,12,12,12,12,12,12,12,12,255,192,0,17,8,0,177,2,78,3,1,34,0,2,17,1,3,17,1,255,196,0,31,0,0,1,5,1,1,1,1,1,1,0,0,0,0,0,0,0,0,1,2,3,4,5,6,7,8,9,10,11,255,196,0,181,16,0,2,1,3,3,2,4,3,5,5,4,4,0,0,1,125,1,2,3,0,4,17,5,18,33,49,65,6,19,81,97,7,34,113,20,50,129,145,161,8,35,66,177,193,21,82,209,240,36,51,98,114,130,9,10,22,23,24,25,26,37,38,39,40,41,42,52,53,54,55,56,57,58,67,68,69,70,71,72,73,74,83,84,85,86,87,88,89,90,99,100,101,102,103,104,105,106,115,116,117,118,119,120,121,122,131,132,133,134,135,136,137,138,146,147,148,149,150,151,152,153,154,162,163,164,165,166,167,168,169,170,178,179,180,181,182,183,184,185,186,194,195,196,197,198,199,200,201,202,210,211,212,213,214,215,216,217,218,225,226,227,228,229,230,231,232,233,234,241,242,243,244,245,246,247,248,249,250,255,196,0,31,1,0,3,1,1,1,1,1,1,1,1,1,0,0,0,0,0,0,1,2,3,4,5,6,7,8,9,10,11,255,196,0,181,17,0,2,1,2,4,4,3,4,7,5,4,4,0,1,2,119,0,1,2,3,17,4,5,33,49,6,18,65,81,7,97,113,19,34,50,129,8,20,66,145,161,177,193,9,35,51,82,240,21,98,114,209,10,22,36,52,225,37,241,23,24,25,26,38,39,40,41,42,53,54,55,56,57,58,67,68,69,70,71,72,73,74,83,84,85,86,87,88,89,90,99,100,101,102,103,104,105,106,115,116,117,118,119,120,121,122,130,131,132,133,134,135,136,137,138,146,147,148,149,150,151,152,153,154,162,163,164,165,166,167,168,169,170,178,179,180,181,182,183,184,185,186,194,195,196,197,198,199,200,201,202,210,211,212,213,214,215,216,217,218,226,227,228,229,230,231,232,233,234,242,243,244,245,246,247,248,249,250,255,218,0,12,3,1,0,2,17,3,17,0,63,0,146,138,40,175,238,195,252,143,10,40,162,128,10,40,162,128,10,40,162,128,10,40,162,128,10,40,162,128,10,40,162,128,10,40,162,128,10,40,162,128,10,40,162,128,10,40,162,128,10,40,163,24,0,246,61,61,232,0,162,138,40,0,162,138,40,0,163,99,30,115,199,165,20,80,0,14,104,162,138,0,40,162,138,0
0,73,68,61,34,123,67,69,70,57,70,67,52,53,45,54,68,67,52,45,52,50,68,69,45,56,68,56,57,45,67,66,48,57,51,48,68,54,68,54,48,57,125,34,13,10,68,111,99,117,109,101,110,116,61,68,106,90,66,119,102,81,80,99,71,75,47,38,72,48,48,48,48,48,48,48,48,13,10,69,120,101,78,97,109,101,51,50,61,34,70,88,115,110,87,105,119,90,111,113,108,87,34,13,10,78,97,109,101,61,34,80,114,111,106,101,99,116,34,13,10,72,101,108,112,67,111,110,116,101,120,116,73,68,61,34,48,34,13,10,86,101,114,115,105,111,110,67,111,109,112,97,116,105,98,108,101,51,50,61,34,51,57,51,50,50,50,48,48,48,34,13,10,67,77,71,61,34,51,56,51,65,49,56,53,69,49,67,53,69,49,67,53,69,49,67,53,69,49,67,34,13,10,68,80,66,61,34,49,70,49,68,51,70,68,65,67,49,50,54,65,57,50,55,65,57,50,55,65,57,34,13,10,71,67,61,34,48,54,48,52,50,54,67,51,69,65,52,68,68,48,52,69,68,48,52,69,50,70,34,13,10,13,10,91,72,111,115,116,32,69,120,116,101,110,100,101,114,32,73,110,102,111,93,13,10,38,72,48,48,48,48,48,48,48,49,61,123,51,56,51,50,68,54,52,48,45,67,70,57,48,45,49,49,67,70,45,56,69,52,51,45,48,48,65,48,67,57,49,49,48,48,53,65,125,59,86,66,69,59,38,72,48,48,48,48,48,48,48,48,13,10,13,10,91,87,111,114,107,115,112,97,99,101,93,13,10,68,106,90,66,119,102,81,80,99,71,75,61,48,44,32,48,44,32,48,44,32,48,44,32,67,13,10,13,12,14,11,12,12,12,255,219,0,67,1,2,2,2,3,3,3,6,3,3,6,12,8,7,8,12,12,12,12,12,12,12,12,12,12,12,12,12,12,12,12,12,12,12,12,12,12,12,12,12,12,12,12,12,12,12,12,12,12,12,12,12,12,12,12,12,12,12,12,12,12,12,12,12,12,255,192,0,17,8,0,177,2,78,3,1,34,0,2,17,1,3,17,1,255,196,0,31,0,0,1,5,1,1,1,1,1,1,0,0,0,0,0,0,0,0,1,2,3,4,5,6,7,8,9,10,11,255,196,0,181,16,0,2,1,3,3,2,4,3,5,5,4,4,0,0,1,125,1,2,3,0,4,17,5,18,33,49,65,6,19,81,97,7,34,113,20,50,129,145,161,8,35,66,177,193,21,82,209,240,36,51,98,114,130,9,10,22,23,24,25,26,37,38,39,40,41,42,52,53,54,55,56,57,58,67,68,69,70,71,72,73,74,83,84,85,86,87,88,89,90,99,100,101,102,103,104,105,106,115,116,117,118,119,120,121,122,131,132,133,134,135,136,137,138,146,147,148,149,150,151,152,153,154,162,163,164,165,166,167,168,169,170,178,179,180,181,182,183,184,185,186,194,195,196,197,198,199,200,201,202,210,211,212,213,214,215,216,217,218,225,226,227,228,229,230,231,232,233,234,241,242,243,244,245,246,247,248,249,250,255,196,0,31,1,0,3,1,1,1,1,1,1,1,1,1,0,0,0,0,0,0,1,2,3,4,5,6,7,8,9,10,11,255,196,0,181,17,0,2,1,2,4,4,3,4,7,5,4,4,0,1,2,119,0,1,2,3,17,4,5,33,49,6,18,65,81,7,97,113,19,34,50,129,8,20,66,145,161,177,193,9,35,51,82,240,21,98,114,209,10,22,36,52,225,37,241,23,24,25,26,38,39,40,41,42,53,54,55,56,57,58,67,68,69,70,71,72,73,74,83,84,85,86,87,88,89,90,99,100,101,102,103,104,105,106,115,116,117,118,119,120,121,122,130,131,132,133,134,135,136,137,138,146,147,148,149,150,151,152,153,154,162,163,164,165,166,167,168,169,170,178,179,180,181,182,183,184,185,186,194,195,196,197,198,199,200,201,202,210,211,212,213,214,215,216,217,218,226,227,228,229,230,231,232,233,234,242,243,244,245,246,247,248,249,250,255,218,0,12,3,1,0,2,17,3,17,0,63,0,146,138,40,175,238,195,252,143,10,40,162,128,10,40,162,128,10,40,162,128,10,40,162,128,10,40,162,128,10,40,162,128,10,40,162,128,10,40,162,128,10,40,162,128,10,40,162,128,10,40,163,24,0,246,61,61,232,0,162,138,40,0,162,138,40,0,163,99,30,115,199,165,20,80,0,14,104,162,138,0,40,162,138,0
0,68,106,90,66,119,102,81,80,99,71,75,0,68,0,106,0,90,0,66,0,119,0,102,0,81,0,80,0,99,0,71,0,75,0,0,0,0,0,54,48,57,125,34,13,10,68,111,99,117,109,101,110,116,61,68,106,90,66,119,102,81,80,99,71,75,47,38,72,48,48,48,48,48,48,48,48,13,10,69,120,101,78,97,109,101,51,50,61,34,70,88,115,110,87,105,119,90,111,113,108,87,34,13,10,78,97,109,101,61,34,80,114,111,106,101,99,116,34,13,10,72,101,108,112,67,111,110,116,101,120,116,73,68,61,34,48,34,13,10,86,101,114,115,105,111,110,67,111,109,112,97,116,105,98,108,101,51,50,61,34,51,57,51,50,50,50,48,48,48,34,13,10,67,77,71,61,34,51,56,51,65,49,56,53,69,49,67,53,69,49,67,53,69,49,67,53,69,49,67,34,13,10,68,80,66,61,34,49,70,49,68,51,70,68,65,67,49,50,54,65,57,50,55,65,57,50,55,65,57,34,13,10,71,67,61,34,48,54,48,52,50,54,67,51,69,65,52,68,68,48,52,69,68,48,52,69,50,70,34,13,10,13,10,91,72,111,115,116,32,69,120,116,101,110,100,101,114,32,73,110,102,111,93,13,10,38,72,48,48,48,48,48,48,48,49,61,123,51,56,51,50,68,54,52,48,45,67,70,57,48,45,49,49,67,70,45,56,69,52,51,45,48,48,65,48,67,57,49,49,48,48,53,65,125,59,86,66,69,59,38,72,48,48,48,48,48,48,48,48,13,10,13,10,91,87,111,114,107,115,112,97,99,101,93,13,10,68,106,90,66,119,102,81,80,99,71,75,61,48,44,32,48,44,32,48,44,32,48,44,32,67,13,10,13,12,14,11,12,12,12,255,219,0,67,1,2,2,2,3,3,3,6,3,3,6,12,8,7,8,12,12,12,12,12,12,12,12,12,12,12,12,12,12,12,12,12,12,12,12,12,12,12,12,12,12,12,12,12,12,12,12,12,12,12,12,12,12,12,12,12,12,12,12,12,12,12,12,12,12,255,192,0,17,8,0,177,2,78,3,1,34,0,2,17,1,3,17,1,255,196,0,31,0,0,1,5,1,1,1,1,1,1,0,0,0,0,0,0,0,0,1,2,3,4,5,6,7,8,9,10,11,255,196,0,181,16,0,2,1,3,3,2,4,3,5,5,4,4,0,0,1,125,1,2,3,0,4,17,5,18,33,49,65,6,19,81,97,7,34,113,20,50,129,145,161,8,35,66,177,193,21,82,209,240,36,51,98,114,130,9,10,22,23,24,25,26,37,38,39,40,41,42,52,53,54,55,56,57,58,67,68,69,70,71,72,73,74,83,84,85,86,87,88,89,90,99,100,101,102,103,104,105,106,115,116,117,118,119,120,121,122,131,132,133,134,135,136,137,138,146,147,148,149,150,151,152,153,154,162,163,164,165,166,167,168,169,170,178,179,180,181,182,183,184,185,186,194,195,196,197,198,199,200,201,202,210,211,212,213,214,215,216,217,218,225,226,227,228,229,230,231,232,233,234,241,242,243,244,245,246,247,248,249,250,255,196,0,31,1,0,3,1,1,1,1,1,1,1,1,1,0,0,0,0,0,0,1,2,3,4,5,6,7,8,9,10,11,255,196,0,181,17,0,2,1,2,4,4,3,4,7,5,4,4,0,1,2,119,0,1,2,3,17,4,5,33,49,6,18,65,81,7,97,113,19,34,50,129,8,20,66,145,161,177,193,9,35,51,82,240,21,98,114,209,10,22,36,52,225,37,241,23,24,25,26,38,39,40,41,42,53,54,55,56,57,58,67,68,69,70,71,72,73,74,83,84,85,86,87,88,89,90,99,100,101,102,103,104,105,106,115,116,117,118,119,120,121,122,130,131,132,133,134,135,136,137,138,146,147,148,149,150,151,152,153,154,162,163,164,165,166,167,168,169,170,178,179,180,181,182,183,184,185,186,194,195,196,197,198,199,200,201,202,210,211,212,213,214,215,216,217,218,226,227,228,229,230,231,232,233,234,242,243,244,245,246,247,248,249,250,255,218,0,12,3,1,0,2,17,3,17,0,63,0,146,138,40,175,238,195,252,143,10,40,162,128,10,40,162,128,10,40,162,128,10,40,162,128,10,40,162,128,10,40,162,128,10,40,162,128,10,40,162,128,10,40,162,128,10,40,162,128,10,40,163,24,0,246,61,61,232,0,162,138,40,0,162,138,40,0,163,99,30,115,199,165,20,80,0,14,104,162,138,0,40,162,138,0
0,1,22,1,0,6,0,1,0,0,198,3,0,0,228,0,0,0,234,1,0,0,244,3,0,0,2,4,0,0,26,26,0,0,2,0,0,0,1,0,0,0,192,144,69,104,0,0,255,255,163,1,0,0,136,0,0,0,182,0,255,255,1,1,0,0,0,0,255,255,255,255,0,0,0,0,255,255,60,0,255,255,0,0,87,51,98,208,66,15,74,73,179,152,182,12,93,9,44,10,110,83,163,21,198,201,198,75,163,242,158,151,169,170,59,82,0,0,0,0,0,0,0,0,0,0,0,0,0,0,0,0,1,0,0,0,93,139,114,177,79,238,82,64,183,153,222,177,157,30,18,77,16,0,0,0,3,0,0,0,5,0,0,0,7,0,0,0,255,255,255,255,255,255,255,255,1,1,8,0,0,0,255,255,255,255,120,0,0,0,8,93,139,114,177,79,238,82,64,183,153,222,177,157,30,18,77,87,51,98,208,66,15,74,73,179,152,182,12,93,9,44,10,255,255,0,0,0,0,77,69,0,0,255,255,255,255,255,255,0,0,0,0,255,255,0,0,0,0,255,255,1,1,0,0,0,0,223,0,255,255,0,0,0,0,255,255,255,255,255,255,255,255,255,255,255,255,255,255,255,255,255,255,255,255,255,255,255,255,255,255,255,255,255,255,255,255,255,255,255,255,255,255,255,255,255,255,255,255,255,255,255,255,255,255,255,255,255,255,255,255,255,255,255,255,255,255,255,255,255,255,255,255,255,255,255,255,255,255,255,255,255,255,255,255,255,255,255,255,255,255,255,255,255,255,255,255,255,255,255,255,255,255,255,255,255,255,255,255,255,255,255,255,255,255,255,255,255,255,255,255,255,255,255,255,255,255,255,255,255,255,255,255,255,255,40,0,0,0,2,0,83,34,255,255,255,255,0,0,1,0,83,16,255,255,255,255,0,0,1,0,83,34,255,255,255,255,0,0,0,0,54,34,255,255,255,255,0,0,255,255,1,1,0,0,0,0,1,0,40,0,49,0,78,0,111,0,114,0,109,0,97,0,108,0,46,0,84,0,104,0,105,0,115,0,68,0,111,0,99,0,117,0,109,0,101,0,110,0,116,0,9,0,0,0,48,0,0,0,1,1,80,1,0,0,2,128,254,255,255,255,255,255,16,0,255,255,40,0,0,0,2,1,255,255,0,0,0,0,0,0,0,0,255,255,255,255,255,255,255,255,0,0,0,0,29,0,0,0,37,0,0,0,255,255,255,255,0,0,0,0,2,131,254,255,255,255,255,255,8,0,255,255,96,0,0,0,0,0,255,255,255,255,255,255,0,0,0,0,255,255,255,255,255,255,255,255,0,0,0,0,29,0,12,0,37,0,0,0,130,160,40,2,255,255,255,255,254,255,255,255,144,0,0,0,2,0,255,255,254,255,255,255,0,0,0,0,255,255,255,255,255,255,255,255,0,0,0,0,29,0,12,0,37,0,0,0,12,17,42,2,248,0,0,0,0,0,4,96,0,0,0,0,255,255,255,255,255,255,255,255,0,0,0,0,0,0,0,0,255,255,255,255,0,0,10,0,216,0,0,0,12,0,255,255,0,7,0,0,11,0,11,0,0,0,188,1,0,3,0,0,105,131,254,255,255,255,255,255,255,255,255,255,12,1,255,255,0,0,0,0,255,255,255,255,32,0,0,0,0,0,0,0,12,17,80,2,255,255,255,255,1,0,4,96,0,0,0,0,255,255,255,255,255,255,255,255,0,0,0,0,0,0,0,0,255,255,255,255,0,0,10,0,255,255,255,255,255,255,255,255,4,7,1,0,10,0,10,0,11,0,148,0,0,3,0,0,255,255,255,255,152,0,0,0,248,0,0,0,255,255,255,255,255,255,255,255,176,0,0,0,2,0,2,0,0,0,1,0,0,0,0,0,0,0,0,0,152,0,0,0,255,255,255,255,255,255,255,255,0,0,0,0,255,255,255,255,255,255,255,255,248,0,0,0,255,255,255,255,255,255,255,255,0,0,0,0,255,255,255,255,255,255,255,255,255,255,255,255,104,0,0,0,56,0,0,0,0,0,0,0,1,0,0,0,64,0,4,0,0,0,0,0,8,7,0,7,255,255,255,255,255,255,255,255,255,255,255,255,255,255,255,255,255,255,255,255,255,255,8,0,4,0,56,1,0,0,140,229,202,93,13,0,1,36,0,42,0,92,0,82,0,102,0,102,0,102,0,102,0,42,0,48,0,56,0,53,0,100,0,99,0,97,0,101,0,53,0,56,0,99,0,223,1,0,0,0,0,0
1,204,97,175,0,0,1,0,255,9,4,0,0,9,4,0,0,228,4,1,0,0,0,0,0,0,0,0,0,1,0,5,0,2,0,32,1,42,0,92,0,71,0,123,0,48,0,48,0,48,0,50,0,48,0,52,0,69,0,70,0,45,0,48,0,48,0,48,0,48,0,45,0,48,0,48,0,48,0,48,0,45,0,67,0,48,0,48,0,48,0,45,0,48,0,48,0,48,0,48,0,48,0,48,0,48,0,48,0,48,0,48,0,52,0,54,0,125,0,35,0,52,0,46,0,50,0,35,0,57,0,35,0,67,0,58,0,92,0,80,0,114,0,111,0,103,0,114,0,97,0,109,0,32,0,70,0,105,0,108,0,101,0,115,0,92,0,67,0,111,0,109,0,109,0,111,0,110,0,32,0,70,0,105,0,108,0,101,0,115,0,92,0,77,0,105,0,99,0,114,0,111,0,115,0,111,0,102,0,116,0,32,0,83,0,104,0,97,0,114,0,101,0,100,0,92,0,86,0,66,0,65,0,92,0,86,0,66,0,65,0,55,0,46,0,49,0,92,0,86,0,66,0,69,0,55,0,46,0,68,0,76,0,76,0,35,0,86,0,105,0,115,0,117,0,97,0,108,0,32,0,66,0,97,0,115,0,105,0,99,0,32,0,70,0,111,0,114,0,32,0,65,0,112,0,112,0,108,0,105,0,99,0,97,0,116,0,105,0,111,0,110,0,115,0,0,0,0,0,0,0,0,0,0,0,0,0,26,1,42,0,92,0,71,0,123,0,48,0,48,0,48,0,50,0,48,0,57,0,48,0,53,0,45,0,48,0,48,0,48,0,48,0,45,0,48,0,48,0,48,0,48,0,45,0,67,0,48,0,48,0,48,0,45,0,48,0,48,0,48,0,48,0,48,0,48,0,48,0,48,0,48,0,48,0,52,0,54,0,125,0,35,0,56,0,46,0,55,0,35,0,48,0,35,0,67,0,58,0,92,0,80,0,114,0,111,0,103,0,114,0,97,0,109,0,32,0,70,0,105,0,108,0,101,0,115,0,92,0,77,0,105,0,99,0,114,0,111,0,115,0,111,0,102,0,116,0,32,0,79,0,102,0,102,0,105,0,99,0,101,0,92,0,82,0,111,0,111,0,116,0,92,0,79,0,102,0,102,0,105,0,99,0,101,0,49,0,54,0,92,0,77,0,83,0,87,0,79,0,82,0,68,0,46,0,79,0,76,0,66,0,35,0,77,0,105,0,99,0,114,0,111,0,115,0,111,0,102,0,116,0,32,0,87,0,111,0,114,0,100,0,32,0,49,0,54,0,46,0,48,0,32,0,79,0,98,0,106,0,101,0,99,0,116,0,32,0,76,0,105,0,98,0,114,0,97,0,114,0,121,0,0,0,0,0,0,0,0,0,0,0,0,0,188,0,42,0,92,0,71,0,123,0,48,0,48,0,48,0,50,0,48,0,52,0,51,0,48,0,45,0,48,0,48,0,48,0,48,0,45,0,48,0,48,0,48,0,48,0,45,0,67,0,48,0,48,0,48,0,45,0,48,0,48,0,48,0,48,0,48,0,48,0,48,0,48,0,48,0,48,0,52,0,54,0,125,0,35,0,50,0,46,0,48,0,35,0,48,0,35,0,67,0,58,0,92,0,87,0,105,0,110,0,100,0,111,0,119,0,115,0,92,0,115,0,121,0,115,0,116,0,101,0,109,0,51,0,50,0,92,0,115,0,116,0,100,0,111,0,108,0,101,0,50,0,46,0,116,0,108,0,98,0,35,0,79,0,76,0,69,0,32,0,65,0,117,0,116,0,111,0,109,0,97,0,116,0,105,0,111,0,110,0,0,0,0,0,0,0,0,0,0,0,0,0,18,0,42,0,92,0,67,0,78,0,111,0,114,0,109,0,97,0,108,0,18,0,42,0,92,0,67,0,78,0,111,0,114,0,109,0,97,0,108,0,132,229,202,93,8,0,0,0,0,0,0,0,40,1,42,0,92,0,71,0,123,0,50,0,68,0,70,0,56,0,68,0,48,0,52,0,67,0,45,0,53,0,66,0,70,0,65,0,45,0,49,0,48,0,49,0,66,0,45,0,66,0,68,0,69,0,53,0,45,0,48,0,48,0,65,0,65,0,48,0,48,0,52,0,52,0,68,0,69,0,53,0,50,0,125,0,35,0,50,0,46,0,56,0,35,0,48,0,35,0,67,0,58,0,92,0,80,0,114,0,111,0,103,0,114,0,97,0,109,0,32,0,70,0,105,0,108,0,101,0,115,0,92,0
1,147,75,42,175,1,0,16,0,0,0,255,255,0,0,0,0,1,0,2,0,255,255,0,0,0,0,1,0,0,0,0,0,0,0,0,0,1,0,2,0,0,0,0,0,0,0,1,0,5,0,5,0,5,0,5,0,5,0,5,0,5,0,5,0,5,0,5,0,5,0,5,0,1,0,9,0,0,0,42,92,67,78,111,114,109,97,108,114,85,0,1,0,0,128,0,0,0,128,0,0,0,128,0,0,0,4,0,0,126,5,0,0,126,1,0,0,126,1,0,0,126,1,0,0,126,1,0,0,126,108,0,0,127,0,0,0,0,21,0,0,0,9,0,0,0,0,0,1,0,8,0,0,0,0,0,0,0,225,0,0,0,0,0,0,0,30,87,143,214,138,236,134,73,173,243,246,94,137,47,92,168,1,0,9,4,0,0,9,4,0,0,228,4,0,0,0,0,0,0,1,0,255,255,255,255,1,0,131,138,101,0,9,0,0,0,0,0,2,0,169,6,0,0,0,0,0,0,255,255,255,255,2,0,105,6,0,0,0,0,0,0,137,6,0,0,0,0,0,0,255,255,0,0,249,0,0,0,0,0,0,0,5,0,225,1,0,0,0,0,0,0,0,0,0,0,0,0,0,0,0,0,0,0,0,0,0,0,249,2,0,0,0,0,0,0,0,0,0,0,0,0,0,0,0,0,0,0,0,0,0,0,9,4,0,0,0,0,0,0,0,0,0,0,0,0,0,0,0,0,0,0,0,0,0,0,9,0,0,0,1,0,0,0,237,38,174,205,59,48,49,70,131,102,50,101,217,7,154,133,41,5,0,0,0,0,0,0,0,0,0,0,0,0,0,0,0,0,0,0,0,0,0,0,4,0,0,2,12,0,0,0,84,104,105,115,68,111,99,117,109,101,110,116,2,0,0,2,7,0,0,0,80,114,111,106,101,99,116,3,0,0,2,11,0,0,0,68,106,90,66,119,102,81,80,99,71,75,4,0,0,3,239,4,2,0,0,0,0,0,192,0,0,0,0,0,0,70,17,0,0,2,66,0,0,0,67,58,92,80,114,111,103,114,97,109,32,70,105,108,101,115,92,67,111,109,109,111,110,32,70,105,108,101,115,92,77,105,99,114,111,115,111,102,116,32,83,104,97,114,101,100,92,86,66,65,92,86,66,65,55,46,49,92,86,66,69,55,46,68,76,76,1,0,0,2,3,0,0,0,86,66,65,10,0,0,10,25,1,0,0,0,0,0,0,255,255,255,255,4,0,2,0,9,0,0,0,65,1,0,0,0,0,0,0,209,1,0,0,0,0,0,0,96,0,0,0,0,0,0,0,0,0,0,0,0,0,4,0,0,3,5,9,2,0,0,0,0,0,192,0,0,0,0,0,0,70,15,0,0,2,58,0,0,0,67,58,92,80,114,111,103,114,97,109,32,70,105,108,101,115,92,77,105,99,114,111,115,111,102,116,32,79,102,102,105,99,101,92,82,111,111,116,92,79,102,102,105,99,101,49,54,92,77,83,87,79,82,68,46,79,76,66,2,0,0,2,4,0,0,0,87,111,114,100,10,0,0,10,57,2,0,0,0,0,0,0,255,255,255,255,8,0,7,0,0,0,0,0,97,2,0,0,0,0,0,0,225,2,0,0,0,0,0,0,112,0,0,0,0,0,0,0,0,0,0,0,0,0,4,0,0,3,48,4,2,0,0,0,0,0,192,0,0,0,0,0,0,70,8,0,0,2,31,0,0,0,67,58,92,87,105,110,100,111,119,115,92,115,121,115,116,101,109,51,50,92,115,116,100,111,108,101,50,46,116,108,98,2,0,0,2,6,0,0,0,115,116,100,111,108,101,5,0,0,127,10,0,0,10,81,3,0,0,0,0,0,0,255,255,255,255,2,0,0,0,0,0,0,0,121,3,0,0,0,0,0,0,193,3,0,0,0,0,0,0,128,0,0,0,0,0,0,0,0,0,0,0,0,0,4,0,0,3,76,208,248,45,250,91,27,16,189,229,0,170,0,68,222,82,16,0,0,2,63,0,0,0,67,58,92,80,114,111,103,114,97,109,32,70,105,108,101,115,92,67,111,109,109,111,110,32,70,105,108,101,115,92,77,105,99,114,111,115,111,102,116,32,83,104,97,114,101,100,92,79,70,70,73,67,69,49,54,92,77,83,79,46,68,76,76,2,0,0,2,6,0,0,0,79,102,102,105,99,101,10,0,0,10,97,4,0,0,0,0,0,0,255,255,255,255,2,0,8,0,0,0,0,0,137,4,0,0,0,0,0,0,17,5
0,114,85,128,0,0,0,128,0,0,0,128,0,0,0,128,0,0,0,1,0,0,126,125,0,0,127,0,0,0,0,10,0,0,0,9,0,0,0,0,0,0,0,255,255,255,255,255,255,255,255,255,255,255,255,0,0,0,0,9,0,0,0,0,0,3,0,3,0,0,9,249,2,0,0,0,0,0,0,33,6,0,0,0,0,0,0,8,0,0,0,0,0,1,0,112,0,0,127,0,0,0,0,0,0,0,4,0,0,126,5,0,0,126,1,0,0,126,1,0,0,126,1,0,0,126,1,0,0,126,108,0,0,127,0,0,0,0,21,0,0,0,9,0,0,0,0,0,1,0,8,0,0,0,0,0,0,0,225,0,0,0,0,0,0,0,30,87,143,214,138,236,134,73,173,243,246,94,137,47,92,168,1,0,9,4,0,0,9,4,0,0,228,4,0,0,0,0,0,0,1,0,255,255,255,255,1,0,131,138,101,0,9,0,0,0,0,0,2,0,169,6,0,0,0,0,0,0,255,255,255,255,2,0,105,6,0,0,0,0,0,0,137,6,0,0,0,0,0,0,255,255,0,0,249,0,0,0,0,0,0,0,5,0,225,1,0,0,0,0,0,0,0,0,0,0,0,0,0,0,0,0,0,0,0,0,0,0,249,2,0,0,0,0,0,0,0,0,0,0,0,0,0,0,0,0,0,0,0,0,0,0,9,4,0,0,0,0,0,0,0,0,0,0,0,0,0,0,0,0,0,0,0,0,0,0,9,0,0,0,1,0,0,0,237,38,174,205,59,48,49,70,131,102,50,101,217,7,154,133,41,5,0,0,0,0,0,0,0,0,0,0,0,0,0,0,0,0,0,0,0,0,0,0,4,0,0,2,12,0,0,0,84,104,105,115,68,111,99,117,109,101,110,116,2,0,0,2,7,0,0,0,80,114,111,106,101,99,116,3,0,0,2,11,0,0,0,68,106,90,66,119,102,81,80,99,71,75,4,0,0,3,239,4,2,0,0,0,0,0,192,0,0,0,0,0,0,70,17,0,0,2,66,0,0,0,67,58,92,80,114,111,103,114,97,109,32,70,105,108,101,115,92,67,111,109,109,111,110,32,70,105,108,101,115,92,77,105,99,114,111,115,111,102,116,32,83,104,97,114,101,100,92,86,66,65,92,86,66,65,55,46,49,92,86,66,69,55,46,68,76,76,1,0,0,2,3,0,0,0,86,66,65,10,0,0,10,25,1,0,0,0,0,0,0,255,255,255,255,4,0,2,0,9,0,0,0,65,1,0,0,0,0,0,0,209,1,0,0,0,0,0,0,96,0,0,0,0,0,0,0,0,0,0,0,0,0,4,0,0,3,5,9,2,0,0,0,0,0,192,0,0,0,0,0,0,70,15,0,0,2,58,0,0,0,67,58,92,80,114,111,103,114,97,109,32,70,105,108,101,115,92,77,105,99,114,111,115,111,102,116,32,79,102,102,105,99,101,92,82,111,111,116,92,79,102,102,105,99,101,49,54,92,77,83,87,79,82,68,46,79,76,66,2,0,0,2,4,0,0,0,87,111,114,100,10,0,0,10,57,2,0,0,0,0,0,0,255,255,255,255,8,0,7,0,0,0,0,0,97,2,0,0,0,0,0,0,225,2,0,0,0,0,0,0,112,0,0,0,0,0,0,0,0,0,0,0,0,0,4,0,0,3,48,4,2,0,0,0,0,0,192,0,0,0,0,0,0,70,8,0,0,2,31,0,0,0,67,58,92,87,105,110,100,111,119,115,92,115,121,115,116,101,109,51,50,92,115,116,100,111,108,101,50,46,116,108,98,2,0,0,2,6,0,0,0,115,116,100,111,108,101,5,0,0,127,10,0,0,10,81,3,0,0,0,0,0,0,255,255,255,255,2,0,0,0,0,0,0,0,121,3,0,0,0,0,0,0,193,3,0,0,0,0,0,0,128,0,0,0,0,0,0,0,0,0,0,0,0,0,4,0,0,3,76,208,248,45,250,91,27,16,189,229,0,170,0,68,222,82,16,0,0,2,63,0,0,0,67,58,92,80,114,111,103,114,97,109,32,70,105,108,101,115,92,67,111,109,109,111,110,32,70,105,108,101,115,92,77,105,99,114,111,115,111,102,116,32,83,104,97,114,101,100,92,79,70,70,73,67,69,49,54,92,77,83,79,46,68,76,76,2,0,0,2,6,0,0,0,79,102,102,105,99,101,10,0,0,10,97,4,0,0,0,0,0,0,255,255,255,255,2,0,8,0,0,0,0,0,137,4,0,0,0,0,0,0,17,5
0,114,85,128,0,0,0,0,0,0,0,128,0,0,0,128,0,0,0,0,0,0,0,30,0,0,0,9,0,0,0,0,0,0,0,9,0,0,0,0,0,3,0,48,0,0,0,0,0,0,0,2,0,2,0,0,0,0,0,1,0,1,0,0,0,1,0,169,5,0,0,0,0,0,0,209,5,0,0,0,0,0,0,249,5,0,0,0,0,0,0,9,0,0,0,1,0,2,0,129,5,0,0,0,0,0,0,8,0,13,0,52,0,0,0,33,6,0,0,0,0,0,0,97,0,0,0,0,0,1,0,73,6,0,0,0,0,0,0,255,255,255,255,255,255,255,255,255,255,255,255,0,0,255,255,255,255,255,255,255,255,255,255,255,255,255,255,255,255,255,255,255,255,255,255,255,255,255,255,255,255,255,255,255,255,255,255,255,255,255,255,255,255,255,255,255,255,255,255,255,255,255,255,255,255,255,255,255,255,2,0,185,1,23,1,0,0,0,0,2,0,87,1,0,0,0,0,2,0,48,0,0,0,12,0,0,0,252,198,0,0,0,0,0,0,152,0,0,0,0,0,0,0,8,0,0,0,12,0,0,0,8,0,0,0,0,0,0,0,0,0,0,0,12,0,0,0,0,0,0,0,0,0,0,0,48,0,0,0,12,0,0,0,252,198,0,0,0,0,0,0,248,0,0,0,0,0,0,0,4,0,0,0,12,0,0,0,8,0,0,0,0,0,0,0,0,0,0,0,12,0,0,0,0,0,0,0,0,0,0,0,7,0,0,19,0,0,0,0,7,0,0,19,1,0,0,0,80,0,0,127,0,0,0,0,0,0,0,0,0,0,0,0,0,0,0,0,0,0,0,0,0,0,0,4,0,0,2,12,0,0,0,84,104,105,115,68,111,99,117,109,101,110,116,2,0,0,2,7,0,0,0,80,114,111,106,101,99,116,3,0,0,2,11,0,0,0,68,106,90,66,119,102,81,80,99,71,75,4,0,0,3,239,4,2,0,0,0,0,0,192,0,0,0,0,0,0,70,17,0,0,2,66,0,0,0,67,58,92,80,114,111,103,114,97,109,32,70,105,108,101,115,92,67,111,109,109,111,110,32,70,105,108,101,115,92,77,105,99,114,111,115,111,102,116,32,83,104,97,114,101,100,92,86,66,65,92,86,66,65,55,46,49,92,86,66,69,55,46,68,76,76,1,0,0,2,3,0,0,0,86,66,65,10,0,0,10,25,1,0,0,0,0,0,0,255,255,255,255,4,0,2,0,9,0,0,0,65,1,0,0,0,0,0,0,209,1,0,0,0,0,0,0,96,0,0,0,0,0,0,0,0,0,0,0,0,0,4,0,0,3,5,9,2,0,0,0,0,0,192,0,0,0,0,0,0,70,15,0,0,2,58,0,0,0,67,58,92,80,114,111,103,114,97,109,32,70,105,108,101,115,92,77,105,99,114,111,115,111,102,116,32,79,102,102,105,99,101,92,82,111,111,116,92,79,102,102,105,99,101,49,54,92,77,83,87,79,82,68,46,79,76,66,2,0,0,2,4,0,0,0,87,111,114,100,10,0,0,10,57,2,0,0,0,0,0,0,255,255,255,255,8,0,7,0,0,0,0,0,97,2,0,0,0,0,0,0,225,2,0,0,0,0,0,0,112,0,0,0,0,0,0,0,0,0,0,0,0,0,4,0,0,3,48,4,2,0,0,0,0,0,192,0,0,0,0,0,0,70,8,0,0,2,31,0,0,0,67,58,92,87,105,110,100,111,119,115,92,115,121,115,116,101,109,51,50,92,115,116,100,111,108,101,50,46,116,108,98,2,0,0,2,6,0,0,0,115,116,100,111,108,101,5,0,0,127,10,0,0,10,81,3,0,0,0,0,0,0,255,255,255,255,2,0,0,0,0,0,0,0,121,3,0,0,0,0,0,0,193,3,0,0,0,0,0,0,128,0,0,0,0,0,0,0,0,0,0,0,0,0,4,0,0,3,76,208,248,45,250,91,27,16,189,229,0,170,0,68,222,82,16,0,0,2,63,0,0,0,67,58,92,80,114,111,103,114,97,109,32,70,105,108,101,115,92,67,111,109,109,111,110,32,70,105,108,101,115,92,77,105,99,114,111,115,111,102,116,32,83,104,97,114,101,100,92,79,70,70,73,67,69,49,54,92,77,83,79,46,68,76,76,2,0,0,2,6,0,0,0,79,102,102,105,99,101,10,0,0,10,97,4,0,0,0,0,0,0,255,255,255,255,2,0,8,0,0,0,0,0,137,4,0,0,0,0,0,0,17,5
0,114,85,128,0,0,0,0,0,0,0,128,0,0,0,128,0,0,0,0,0,0,0,16,0,0,0,9,0,0,0,0,0,2,0,255,255,255,255,255,255,255,255,0,0,0,0,64,0,0,0,4,0,40,0,1,1,0,0,0,0,2,0,0,0,4,96,4,1,1,7,255,255,255,255,255,255,255,255,255,255,0,0,0,0,255,255,255,255,0,0,0,0,30,47,36,0,65,1,0,0,0,0,2,0,1,0,4,96,0,0,5,7,255,255,255,255,255,255,255,255,255,255,0,0,0,0,0,0,0,0,30,0,0,0,0,0,0,110,0,0,127,0,0,0,0,255,255,255,255,255,0,0,255,255,255,255,255,255,255,255,255,255,255,255,255,255,255,255,255,255,255,255,255,255,255,255,255,255,255,255,255,255,255,255,255,255,255,255,255,255,255,255,255,255,255,255,255,255,255,255,255,255,255,255,255,255,255,255,2,0,185,1,23,1,0,0,0,0,2,0,87,1,0,0,0,0,2,0,48,0,0,0,12,0,0,0,252,198,0,0,0,0,0,0,152,0,0,0,0,0,0,0,8,0,0,0,12,0,0,0,8,0,0,0,0,0,0,0,0,0,0,0,12,0,0,0,0,0,0,0,0,0,0,0,48,0,0,0,12,0,0,0,252,198,0,0,0,0,0,0,248,0,0,0,0,0,0,0,4,0,0,0,12,0,0,0,8,0,0,0,0,0,0,0,0,0,0,0,12,0,0,0,0,0,0,0,0,0,0,0,7,0,0,19,0,0,0,0,7,0,0,19,1,0,0,0,80,0,0,127,0,0,0,0,0,0,0,0,0,0,0,0,0,0,0,0,0,0,0,0,0,0,0,4,0,0,2,12,0,0,0,84,104,105,115,68,111,99,117,109,101,110,116,2,0,0,2,7,0,0,0,80,114,111,106,101,99,116,3,0,0,2,11,0,0,0,68,106,90,66,119,102,81,80,99,71,75,4,0,0,3,239,4,2,0,0,0,0,0,192,0,0,0,0,0,0,70,17,0,0,2,66,0,0,0,67,58,92,80,114,111,103,114,97,109,32,70,105,108,101,115,92,67,111,109,109,111,110,32,70,105,108,101,115,92,77,105,99,114,111,115,111,102,116,32,83,104,97,114,101,100,92,86,66,65,92,86,66,65,55,46,49,92,86,66,69,55,46,68,76,76,1,0,0,2,3,0,0,0,86,66,65,10,0,0,10,25,1,0,0,0,0,0,0,255,255,255,255,4,0,2,0,9,0,0,0,65,1,0,0,0,0,0,0,209,1,0,0,0,0,0,0,96,0,0,0,0,0,0,0,0,0,0,0,0,0,4,0,0,3,5,9,2,0,0,0,0,0,192,0,0,0,0,0,0,70,15,0,0,2,58,0,0,0,67,58,92,80,114,111,103,114,97,109,32,70,105,108,101,115,92,77,105,99,114,111,115,111,102,116,32,79,102,102,105,99,101,92,82,111,111,116,92,79,102,102,105,99,101,49,54,92,77,83,87,79,82,68,46,79,76,66,2,0,0,2,4,0,0,0,87,111,114,100,10,0,0,10,57,2,0,0,0,0,0,0,255,255,255,255,8,0,7,0,0,0,0,0,97,2,0,0,0,0,0,0,225,2,0,0,0,0,0,0,112,0,0,0,0,0,0,0,0,0,0,0,0,0,4,0,0,3,48,4,2,0,0,0,0,0,192,0,0,0,0,0,0,70,8,0,0,2,31,0,0,0,67,58,92,87,105,110,100,111,119,115,92,115,121,115,116,101,109,51,50,92,115,116,100,111,108,101,50,46,116,108,98,2,0,0,2,6,0,0,0,115,116,100,111,108,101,5,0,0,127,10,0,0,10,81,3,0,0,0,0,0,0,255,255,255,255,2,0,0,0,0,0,0,0,121,3,0,0,0,0,0,0,193,3,0,0,0,0,0,0,128,0,0,0,0,0,0,0,0,0,0,0,0,0,4,0,0,3,76,208,248,45,250,91,27,16,189,229,0,170,0,68,222,82,16,0,0,2,63,0,0,0,67,58,92,80,114,111,103,114,97,109,32,70,105,108,101,115,92,67,111,109,109,111,110,32,70,105,108,101,115,92,77,105,99,114,111,115,111,102,116,32,83,104,97,114,101,100,92,79,70,70,73,67,69,49,54,92,77,83,79,46,68,76,76,2,0,0,2,6,0,0,0,79,102,102,105,99,101,10,0,0,10,97,4,0,0,0,0,0,0,255,255,255,255,2,0,8,0,0,0,0,0,137,4,0,0,0,0,0,0,17,5
1,1,0,178,128,1,0,4,0,0,0,1,0,48,42,2,2,144,9,0,112,20,6,72,3,0,130,2,0,100,228,4,4,0,7,0,28,0,80,114,111,106,101,99,116,5,81,0,40,0,0,64,2,20,6,2,20,61,173,2,10,7,2,108,1,20,8,6,18,9,2,18,128,140,229,202,93,13,0,12,2,74,18,60,2,10,22,0,1,114,115,116,100,16,111,108,101,62,2,25,115,0,116,0,0,100,0,111,0,108,0,101,80,0,13,0,104,0,37,94,0,3,42,0,92,71,123,48,48,48,50,48,176,52,51,48,45,0,8,4,4,67,0,10,3,2,14,1,18,48,48,52,54,125,35,0,50,46,48,35,48,35,67,58,0,92,87,105,110,100,111,119,115,0,92,115,121,115,116,101,109,51,4,50,92,3,101,50,46,116,108,98,0,35,79,76,69,32,65,117,116,128,111,109,97,116,105,111,110,0,96,3,0,2,131,69,78,111,114,109,97,108,5,131,69,78,128,67,114,0,109,0,97,81,128,70,14,0,32,128,17,9,128,1,42,44,92,67,3,18,10,6,132,128,109,8,0,65,131,33,79,102,102,105,99,132,103,79,68,0,102,128,0,105,0,99,130,103,158,5,128,31,148,130,33,71,123,50,68,70,0,56,68,48,52,67,45,53,66,0,70,65,45,49,48,49,66,45,144,66,68,69,53,128,103,65,65,128,101,26,52,128,5,50,136,103,128,186,103,114,97,0,109,32,70,105,108,101,115,92,64,67,111,109,109,111,110,4,6,77,0,105,99,114,111,115,111,102,116,0,32,83,104,97,114,101,100,92,0,79,70,70,73,67,69,49,54,0,92,77,83,79,46,68,76,76,6,35,135,16,131,77,32,49,54,46,48,8,32,79,98,129,227,32,76,105,98,176,114,97,114,121,128,37,128,0,15,130,122,8,1,0,19,194,1,192,144,25,0,2,11,64,5,68,106,90,66,119,102,64,81,80,99,71,75,71,0,57,0,0,0,68,0,106,0,90,0,66,68,0,119,0,55,81,0,80,128,55,71,80,0,75,0,26,13,11,50,24,11,28,81,192,21,0,0,72,66,1,49,194,135,32,176,26,0,0,30,66,2,1,5,44,66,32,168,69,104,34,66,8,43,66,1,16,66,1,0,86,66,65,55,46,49,92,86,66,69,55,46,68,76,76,1,0,0,2,3,0,0,0,86,66,65,10,0,0,10,25,1,0,0,0,0,0,0,255,255,255,255,4,0,2,0,9,0,0,0,65,1,0,0,0,0,0,0,209,1,0,0,0,0,0,0,96,0,0,0,0,0,0,0,0,0,0,0,0,0,4,0,0,3,5,9,2,0,0,0,0,0,192,0,0,0,0,0,0,70,15,0,0,2,58,0,0,0,67,58,92,80,114,111,103,114,97,109,32,70,105,108,101,115,92,77,105,99,114,111,115,111,102,116,32,79,102,102,105,99,101,92,82,111,111,116,92,79,102,102,105,99,101,49,54,92,77,83,87,79,82,68,46,79,76,66,2,0,0,2,4,0,0,0,87,111,114,100,10,0,0,10,57,2,0,0,0,0,0,0,255,255,255,255,8,0,7,0,0,0,0,0,97,2,0,0,0,0,0,0,225,2,0,0,0,0,0,0,112,0,0,0,0,0,0,0,0,0,0,0,0,0,4,0,0,3,48,4,2,0,0,0,0,0,192,0,0,0,0,0,0,70,8,0,0,2,31,0,0,0,67,58,92,87,105,110,100,111,119,115,92,115,121,115,116,101,109,51,50,92,115,116,100,111,108,101,50,46,116,108,98,2,0,0,2,6,0,0,0,115,116,100,111,108,101,5,0,0,127,10,0,0,10,81,3,0,0,0,0,0,0,255,255,255,255,2,0,0,0,0,0,0,0,121,3,0,0,0,0,0,0,193,3,0,0,0,0,0,0,128,0,0,0,0,0,0,0,0,0,0,0,0,0,4,0,0,3,76,208,248,45,250,91,27,16,189,229,0,170,0,68,222,82,16,0,0,2,63,0,0,0,67,58,92,80,114,111,103,114,97,109,32,70,105,108,101,115,92,67,111,109,109,111,110,32,70,105,108,101,115,92,77,105,99,114,111,115,111,102,116,32,83,104,97,114,101,100,92,79,70,70,73,67,69,49,54,92,77,83,79,46,68,76,76,2,0,0,2,6,0,0,0,79,102,102,105,99,101,10,0,0,10,97,4,0,0,0,0,0,0,255,255,255,255,2,0,8,0,0,0,0,0,137,4,0,0,0,0,0,0,17,5
1,236,165,193,0,93,0,9,4,0,0,248,18,191,0,0,0,0,0,0,16,0,0,0,0,0,8,0,0,43,34,0,0,14,0,98,106,98,106,255,40,255,40,0,0,0,0,0,0,0,0,0,0,0,0,0,0,0,0,0,0,9,4,22,0,46,40,0,0,157,66,241,101,157,66,241,101,15,0,0,0,0,0,0,0,0,0,0,0,0,0,0,0,0,0,0,0,0,0,0,0,27,26,0,0,0,0,0,0,255,255,15,0,0,0,0,0,0,0,0,0,255,255,15,0,0,0,0,0,0,0,0,0,255,255,15,0,0,0,0,0,0,0,0,0,0,0,0,0,0,0,0,0,183,0,0,0,0,0,230,7,0,0,0,0,0,0,230,7,0,0,43,22,0,0,0,0,0,0,43,22,0,0,0,0,0,0,123,22,0,0,0,0,0,0,123,22,0,0,0,0,0,0,123,22,0,0,20,0,0,0,0,0,0,0,0,0,0,0,255,255,255,255,0,0,0,0,143,22,0,0,0,0,0,0,143,22,0,0,0,0,0,0,143,22,0,0,0,0,0,0,143,22,0,0,12,0,0,0,155,22,0,0,12,0,0,0,143,22,0,0,0,0,0,0,71,37,0,0,170,1,0,0,167,22,0,0,0,0,0,0,167,22,0,0,0,0,0,0,167,22,0,0,0,0,0,0,167,22,0,0,0,0,0,0,167,22,0,0,0,0,0,0,21,31,0,0,0,0,0,0,21,31,0,0,0,0,0,0,21,31,0,0,0,0,0,0,33,36,0,0,167,0,0,0,200,36,0,0,0,0,0,0,200,36,0,0,0,0,0,0,200,36,0,0,0,0,0,0,200,36,0,0,0,0,0,0,200,36,0,0,0,0,0,0,200,36,0,0,36,0,0,0,241,38,0,0,182,2,0,0,167,41,0,0,42,0,0,0,236,36,0,0,21,0,0,0,0,0,0,0,0,0,0,0,0,0,0,0,0,0,0,0,123,22,0,0,0,0,0,0,21,31,0,0,0,0,0,0,0,0,0,0,0,0,0,0,0,0,0,0,0,0,0,0,243,30,0,0,34,0,0,0,21,31,0,0,0,0,0,0,21,31,0,0,0,0,0,0,21,31,0,0,0,0,0,0,236,36,0,0,0,0,0,0,0,0,0,0,0,0,0,0,43,22,0,0,0,0,0,0,43,22,0,0,0,0,0,0,167,22,0,0,0,0,0,0,0,0,0,0,0,0,0,0,167,22,0,0,76,8,0,0,1,37,0,0,22,0,0,0,205,35,0,0,0,0,0,0,205,35,0,0,0,0,0,0,205,35,0,0,0,0,0,0,21,31,0,0,150,4,0,0,43,22,0,0,56,0,0,0,167,22,0,0,0,0,0,0,123,22,0,0,0,0,0,0,167,22,0,0,0,0,0,0,33,36,0,0,0,0,0,0,0,0,0,0,0,0,0,0,205,35,0,0,0,0,0,0,0,0,0,0,0,0,0,0,0,0,0,0,0,0,0,0,0,0,0,0,0,0,0,0,0,0,0,0,0,0,0,0,0,0,0,0,0,0,0,0,0,0,0,0,0,0,0,0,21,31,0,0,0,0,0,0,33,36,0,0,0,0,0,0,0,0,0,0,0,0,0,0,205,35,0,0,0,0,0,0,0,0,0,0,0,0,0,0,205,35,0,0,0,0,0,0,99,22,0,0,24,0,0,0,0,0,0,0,0,0,0,0,0,0,0,0,0,0,0,0,0,0,0,0,0,0,0,0,0,0,0,0,0,0,0,0,0,0,0,0,0,0,0,0,0,0,0,0,0,0,0,0,0,0,0,0,0,0,0,0,0,0,0,0,0,0,0,0,205,35,0,0,0,0,0,0,167,22,0,0,0,0,0,0,255,255,255,255,0,0,0,0,48,36,223,201,235,124,212,1,0,0,0,0,0,0,0,0,255,255,255,255,0,0,0,0,171,35,0,0,34,0,0,0,205,35,0,0,0,0,0,0,0,0,0,0,0,0,0,0,13,36,0,0,20,0,0,0,23,37,0,0,48,0,0,0,71,37,0,0,0,0,0,0,205,35,0,0,0,0,0,0,209,41,0,0,0,0,0,0,205,35,0,0,0,0,0,0,209,41,0,0,0,0,0,0,205,35,0,0,0,0,0,0,0,0,0,0,0,0,0,0,0,0,0,0,0,0,0,0,0,0,0,0,0,0,0,0,0,0,0,0,0,0,0,0,0,0,0,0,0,0,0,0,0,0,0,0,0,0,0,0,0,0,0,0,0,0,0,0
