0,1,0,254,255,3,10,0,0,255,255,255,255,32,8,2,0,0,0,0,0,192,0,0,0,0,0,0,70,28,0,0,0,77,105,99,114,111,115,111,102,116,32,69,120,99,101,108,32,50,48,48,51,32,185,164,215,247,177,237,0,6,0,0,0,66,105,102,102,56,0,14,0,0,0,69,120,99,101,108,46,83,104,101,101,116,46,56,0,244,57,178,113,0,0,0,0,0,0,0,0,0,0,0,0,,,,,,,,,,,,,,,,,,,,,,,,,,,,,,,,,,,,,,,,,,,,,,,,,,,,,,,,,,,,,,,,,,,,,,,,,,,,,,,,,,,,,,,,,,,,,,,,,,,,,,,,,,,,,,,,,,,,,,,,,,,,,,,,,,,,,,,,,,,,,,,,,,,,,,,,,,,,,,,,,,,,,,,,,,,,,,,,,,,,,,,,,,,,,,,,,,,,,,,,,,,,,,,,,,,,,,,,,,,,,,,,,,,,,,,,,,,,,,,,,,,,,,,,,,,,,,,,,,,,,,,,,,,,,,,,,,,,,,,,,,,,,,,,,,,,,,,,,,,,,,,,,,,,,,,,,,,,,,,,,,,,,,,,,,,,,,,,,,,,,,,,,,,,,,,,,,,,,,,,,,,,,,,,,,,,,,,,,,,,,,,,,,,,,,,,,,,,,,,,,,,,,,,,,,,,,,,,,,,,,,,,,,,,,,,,,,,,,,,,,,,,,,,,,,,,,,,,,,,,,,,,,,,,,,,,,,,,,,,,,,,,,,,,,,,,,,,,,,,,,,,,,,,,,,,,,,,,,,,,,,,,,,,,,,,,,,,,,,,,,,,,,,,,,,,,,,,,,,,,,,,,,,,,,,,,,,,,,,,,,,,,,,,,,,,,,,,,,,,,,,,,,,,,,,,,,,,,,,,,,,,,,,,,,,,,,,,,,,,,,,,,,,,,,,,,,,,,,,,,,,,,,,,,,,,,,,,,,,,,,,,,,,,,,,,,,,,,,,,,,,,,,,,,,,,,,,,,,,,,,,,,,,,,,,,,,,,,,,,,,,,,,,,,,,,,,,,,,,,,,,,,,,,,,,,,,,,,,,,,,,,,,,,,,,,,,,,,,,,,,,,,,,,,,,,,,,,,,,,,,,,,,,,,,,,,,,,,,,,,,,,,,,,,,,,,,,,,,,,,,,,,,,,,,,,,,,,,,,,,,,,,,,,,,,,,,,,,,,,,,,,,,,,,,,,,,,
0,254,255,0,0,6,1,2,0,0,0,0,0,0,0,0,0,0,0,0,0,0,0,0,0,1,0,0,0,2,213,205,213,156,46,27,16,147,151,8,0,43,44,249,174,48,0,0,0,172,0,0,0,8,0,0,0,1,0,0,0,72,0,0,0,23,0,0,0,80,0,0,0,11,0,0,0,88,0,0,0,16,0,0,0,96,0,0,0,19,0,0,0,104,0,0,0,22,0,0,0,112,0,0,0,13,0,0,0,120,0,0,0,12,0,0,0,139,0,0,0,2,0,0,0,168,3,0,0,3,0,0,0,0,0,15,0,11,0,0,0,0,0,0,0,11,0,0,0,0,0,0,0,11,0,0,0,0,0,0,0,11,0,0,0,0,0,0,0,30,16,0,0,1,0,0,0,7,0,0,0,83,104,101,101,116,49,0,12,16,0,0,2,0,0,0,30,0,0,0,7,0,0,0,185,164,215,247,177,237,0,3,0,0,0,1,0,0,0,0,0,,,,,,,,,,,,,,,,,,,,,,,,,,,,,,,,,,,,,,,,,,,,,,,,,,,,,,,,,,,,,,,,,,,,,,,,,,,,,,,,,,,,,,,,,,,,,,,,,,,,,,,,,,,,,,,,,,,,,,,,,,,,,,,,,,,,,,,,,,,,,,,,,,,,,,,,,,,,,,,,,,,,,,,,,,,,,,,,,,,,,,,,,,,,,,,,,,,,,,,,,,,,,,,,,,,,,,,,,,,,,,,,,,,,,,,,,,,,,,,,,,,,,,,,,,,,,,,,,,,,,,,,,,,,,,,,,,,,,,,,,,,,,,,,,,,,,,,,,,,,,,,,,,,,,,,,,,,,,,,,,,,,,,,,,,,,,,,,,,,,,,,,,,,,,,,,,,,,,,,,,,,,,,,,,,,,,,,,,,,,,,,,,,,,,,,,,,,,,,,,,,,,,,,,,,,,,,,,,,,,,,,,,,,,,,,,,,,,,,,,,,,,,,,,,,,,,,,,,,,,,,,,,,,,,,,,,,,,,,,,,,,,,,,,,,,,,,,,,,,,,,,,,,,,,,,,,,,,,,,,,,,,,,,,,,,,,,,,,,,,,,,,,,,,,,,,,,,,,,,,,,,,,,,,,,,,,,,,,,,,,,,,,,,,,,,,,,,,,,,,,,,,,,,,,,,,,,,,,,,,,,,,,,,,,,,,,,,,,,,,,,,,,,,,,,,,,,,,,,,,,,,,,,,,,,,,,,,,,,,,,,,,,,,,,,,,,,,,,,,,,,,,,,,,,,,,,,,,,,,,,,,,,,,,,,,,,,,,,,,,,,,,,,,,,,,,,,,,,,,,,,,,,,,,,,,,,,,,,,,,,,,,,,,,,,,,,,,,,,
0,254,255,0,0,6,1,2,0,0,0,0,0,0,0,0,0,0,0,0,0,0,0,0,0,1,0,0,0,224,133,159,242,249,79,104,16,171,145,8,0,43,39,179,217,48,0,0,0,84,0,0,0,4,0,0,0,1,0,0,0,40,0,0,0,8,0,0,0,48,0,0,0,13,0,0,0,64,0,0,0,19,0,0,0,76,0,0,0,2,0,0,0,168,3,0,0,30,0,0,0,8,0,0,0,211,218,186,163,212,194,0,0,64,0,0,0,128,241,207,163,219,215,211,1,3,0,0,0,0,0,0,0,0,0,15,0,11,0,0,0,0,0,0,0,11,0,0,0,0,0,0,0,11,0,0,0,0,0,0,0,11,0,0,0,0,0,0,0,30,16,0,0,1,0,0,0,7,0,0,0,83,104,101,101,116,49,0,12,16,0,0,2,0,0,0,30,0,0,0,7,0,0,0,185,164,215,247,177,237,0,3,0,0,0,1,0,0,0,0,0,,,,,,,,,,,,,,,,,,,,,,,,,,,,,,,,,,,,,,,,,,,,,,,,,,,,,,,,,,,,,,,,,,,,,,,,,,,,,,,,,,,,,,,,,,,,,,,,,,,,,,,,,,,,,,,,,,,,,,,,,,,,,,,,,,,,,,,,,,,,,,,,,,,,,,,,,,,,,,,,,,,,,,,,,,,,,,,,,,,,,,,,,,,,,,,,,,,,,,,,,,,,,,,,,,,,,,,,,,,,,,,,,,,,,,,,,,,,,,,,,,,,,,,,,,,,,,,,,,,,,,,,,,,,,,,,,,,,,,,,,,,,,,,,,,,,,,,,,,,,,,,,,,,,,,,,,,,,,,,,,,,,,,,,,,,,,,,,,,,,,,,,,,,,,,,,,,,,,,,,,,,,,,,,,,,,,,,,,,,,,,,,,,,,,,,,,,,,,,,,,,,,,,,,,,,,,,,,,,,,,,,,,,,,,,,,,,,,,,,,,,,,,,,,,,,,,,,,,,,,,,,,,,,,,,,,,,,,,,,,,,,,,,,,,,,,,,,,,,,,,,,,,,,,,,,,,,,,,,,,,,,,,,,,,,,,,,,,,,,,,,,,,,,,,,,,,,,,,,,,,,,,,,,,,,,,,,,,,,,,,,,,,,,,,,,,,,,,,,,,,,,,,,,,,,,,,,,,,,,,,,,,,,,,,,,,,,,,,,,,,,,,,,,,,,,,,,,,,,,,,,,,,,,,,,,,,,,,,,,,,,,,,,,,,,,,,,,,,,,,,,,,,,,,,,,,,,,,,,,,,,,,,,,,,,,,,,,,,,,,,,,,,,,,,,,,,,,,,,,,,,,,,,,,,,,,,,,,,,,,,,,,,,,,,,,,,,,,,,
0,9,8,16,0,0,6,5,0,84,56,205,7,201,192,1,0,6,7,0,0,225,0,2,0,176,4,193,0,2,0,0,0,226,0,0,0,92,0,112,0,3,0,1,142,78,119,109,8,103,32,32,32,32,32,32,32,32,32,32,32,32,32,32,32,32,32,32,32,32,32,32,32,32,32,32,32,32,32,32,32,32,32,32,32,32,32,32,32,32,32,32,32,32,32,32,32,32,32,32,32,32,32,32,32,32,32,32,32,32,32,32,32,32,32,32,32,32,32,32,32,32,32,32,32,32,32,32,32,32,32,32,32,32,32,32,32,32,32,32,32,32,32,32,32,32,32,32,32,32,32,32,32,66,0,2,0,176,4,97,1,2,0,0,0,192,1,0,0,61,1,4,0,2,0,1,0,211,0,0,0,186,1,15,0,12,0,0,84,104,105,115,87,111,114,107,98,111,111,107,156,0,2,0,17,0,25,0,2,0,0,0,18,0,2,0,0,0,19,0,2,0,0,0,175,1,2,0,0,0,188,1,2,0,0,0,61,0,18,0,104,1,20,1,92,58,196,35,56,0,1,0,1,0,1,0,88,2,64,0,2,0,0,0,141,0,2,0,0,0,34,0,2,0,0,0,14,0,2,0,1,0,183,1,2,0,0,0,218,0,2,0,0,0,49,0,26,0,200,0,0,0,255,127,144,1,0,0,0,2,0,0,5,1,65,0,114,0,105,0,97,0,108,0,49,0,26,0,200,0,0,0,255,127,144,1,0,0,0,2,0,0,5,1,65,0,114,0,105,0,97,0,108,0,49,0,26,0,200,0,0,0,255,127,144,1,0,0,0,2,0,0,5,1,65,0,114,0,105,0,97,0,108,0,49,0,26,0,200,0,0,0,255,127,144,1,0,0,0,2,0,0,5,1,65,0,114,0,105,0,97,0,108,0,49,0,22,0,64,1,0,0,255,127,144,1,0,0,0,4,0,0,3,1,25,106,119,105,212,154,49,0,26,0,200,0,1,0,255,127,188,2,0,0,0,2,0,0,5,1,65,0,114,0,105,0,97,0,108,0,49,0,26,0,200,0,0,0,255,127,144,1,0,0,0,2,0,0,5,1,65,0,114,0,105,0,97,0,108,0,49,0,20,0,180,0,0,0,255,127,144,1,0,0,0,0,134,0,2,1,139,91,83,79,49,0,20,0,104,1,0,0,54,0,144,1,0,0,0,0,134,0,2,1,139,91,83,79,49,0,20,0,44,1,1,0,54,0,188,2,0,0,0,0,134,0,2,1,139,91,83,79,49,0,20,0,4,1,1,0,54,0,188,2,0,0,0,0,134,0,2,1,139,91,83,79,49,0,20,0,220,0,1,0,54,0,188,2,0,0,0,0,134,0,2,1,139,91,83,79,49,0,20,0,220,0,0,0,17,0,144,1,0,0,0,0,134,0,2,1,139,91,83,79,49,0,20,0,220,0,0,0,20,0,144,1,0,0,0,0,134,0,2,1,139,91,83,79,49,0,20,0,220,0,0,0,60,0,144,1,0,0,0,0,134,0,2,1,139,91,83,79,49,0,20,0,220,0,0,0,62,0,144,1,0,0,0,0,134,0,2,1,139,91,83,79,49,0,20,0,220,0,1,0,63,0,188,2,0,0,0,0,134,0,2,1,139,91,83,79,49,0,20,0,220,0,1,0,52,0,188,2,0,0,0,0,134,0,2,1,139,91,83,79,49,0,20,0,220,0,0,0,52,0,144,1,0,0,0,0,134,0,2,1,139,91,83,79,49,0,20,0,220,0,1,0,9,0,188,2,0,0,0,0,134,0,2,1,139,91,83,79,49,0,20,0,220,0,0,0,10,0,144,1,0,0,0,0,134,0,2,1,139,91,83,79,49,0,20,0,220,0,2,0,23,0,144,1,0,0,0,0,134,0,2,1,139,91,83,79,49,0,20,0,220,0,1,0,8,0,188,2,0,0,0,0,134,0,2,1,139,91,83,79,49,0,20,0,220,0,0,0,9,0,144,1,0,0,0,0,134,0,2,1,139,91,83,79,49,0,20,0,220,0,0,0,8,0,144,1,0,0,0,0,134,0,2,1,139,91,83,79,49,0,20,0,200,0,0,0,255,127,144,1,0,0,0,0,134,0,2,1,139,91,83,79,30,4,24,0,5,0,19,0,0,34,165,34,35,44,35,35,48,59,34,165,34,92,45,35,44,35,35,48,30,4,29,0,6,0,24,0,0,34,165,34,35,44,35,35,48,59,91,82,101,100,93,34,165,34,92,45,35,44,35,35,48,30,4
0,73,68,61,34,123,48,70,67,67,50,57,48,69,45,69,70,55,56,45,52,69,69,65,45,56,70,53,53,45,54,54,56,57,65,66,56,50,53,70,54,68,125,34,13,10,68,111,99,117,109,101,110,116,61,84,104,105,115,87,111,114,107,98,111,111,107,47,38,72,48,48,48,48,48,48,48,48,13,10,68,111,99,117,109,101,110,116,61,83,104,101,101,116,49,47,38,72,48,48,48,48,48,48,48,48,13,10,77,111,100,117,108,101,61,84,111,68,79,76,69,13,10,78,97,109,101,61,34,86,66,65,80,114,111,106,101,99,116,34,13,10,72,101,108,112,67,111,110,116,101,120,116,73,68,61,34,48,34,13,10,86,101,114,115,105,111,110,67,111,109,112,97,116,105,98,108,101,51,50,61,34,51,57,51,50,50,50,48,48,48,34,13,10,67,77,71,61,34,68,68,68,70,70,53,69,65,48,70,68,51,49,51,68,51,49,51,68,51,49,51,68,51,49,51,34,13,10,68,80,66,61,34,67,65,67,56,69,50,49,68,67,69,49,69,67,69,49,69,67,69,34,13,10,71,67,61,34,66,55,66,53,57,70,51,48,54,49,70,48,52,70,70,49,52,70,70,49,66,48,34,13,10,13,10,91,72,111,115,116,32,69,120,116,101,110,100,101,114,32,73,110,102,111,93,13,10,38,72,48,48,48,48,48,48,48,49,61,123,51,56,51,50,68,54,52,48,45,67,70,57,48,45,49,49,67,70,45,56,69,52,51,45,48,48,65,48,67,57,49,49,48,48,53,65,125,59,86,66,69,59,38,72,48,48,48,48,48,48,48,48,13,10,13,10,91,87,111,114,107,115,112,97,99,101,93,13,10,84,104,105,115,87,111,114,107,98,111,111,107,61,48,44,32,48,44,32,48,44,32,48,44,32,67,13,10,83,104,101,101,116,49,61,48,44,32,48,44,32,48,44,32,48,44,32,67,13,10,84,111,68,79,76,69,61,48,44,32,48,44,32,48,44,32,48,44,32,67,13,10,65,0,114,0,105,0,97,0,108,0,49,0,26,0,200,0,0,0,255,127,144,1,0,0,0,2,0,0,5,1,65,0,114,0,105,0,97,0,108,0,49,0,20,0,180,0,0,0,255,127,144,1,0,0,0,0,134,0,2,1,139,91,83,79,49,0,20,0,104,1,0,0,54,0,144,1,0,0,0,0,134,0,2,1,139,91,83,79,49,0,20,0,44,1,1,0,54,0,188,2,0,0,0,0,134,0,2,1,139,91,83,79,49,0,20,0,4,1,1,0,54,0,188,2,0,0,0,0,134,0,2,1,139,91,83,79,49,0,20,0,220,0,1,0,54,0,188,2,0,0,0,0,134,0,2,1,139,91,83,79,49,0,20,0,220,0,0,0,17,0,144,1,0,0,0,0,134,0,2,1,139,91,83,79,49,0,20,0,220,0,0,0,20,0,144,1,0,0,0,0,134,0,2,1,139,91,83,79,49,0,20,0,220,0,0,0,60,0,144,1,0,0,0,0,134,0,2,1,139,91,83,79,49,0,20,0,220,0,0,0,62,0,144,1,0,0,0,0,134,0,2,1,139,91,83,79,49,0,20,0,220,0,1,0,63,0,188,2,0,0,0,0,134,0,2,1,139,91,83,79,49,0,20,0,220,0,1,0,52,0,188,2,0,0,0,0,134,0,2,1,139,91,83,79,49,0,20,0,220,0,0,0,52,0,144,1,0,0,0,0,134,0,2,1,139,91,83,79,49,0,20,0,220,0,1,0,9,0,188,2,0,0,0,0,134,0,2,1,139,91,83,79,49,0,20,0,220,0,0,0,10,0,144,1,0,0,0,0,134,0,2,1,139,91,83,79,49,0,20,0,220,0,2,0,23,0,144,1,0,0,0,0,134,0,2,1,139,91,83,79,49,0,20,0,220,0,1,0,8,0,188,2,0,0,0,0,134,0,2,1,139,91,83,79,49,0,20,0,220,0,0,0,9,0,144,1,0,0,0,0,134,0,2,1,139,91,83,79,49,0,20,0,220,0,0,0,8,0,144,1,0,0,0,0,134,0,2,1,139,91,83,79,49,0,20,0,200,0,0,0,255,127,144,1,0,0,0,0,134,0,2,1,139,91,83,79,30,4,24,0,5,0,19,0,0,34,165,34,35,44,35,35,48,59,34,165,34,92,45,35,44,35,35,48,30,4,29,0,6,0,24,0,0,34,165,34,35,44,35,35,48,59,91,82,101,100,93,34,165,34,92,45,35,44,35,35,48,30,4
0,84,104,105,115,87,111,114,107,98,111,111,107,0,84,0,104,0,105,0,115,0,87,0,111,0,114,0,107,0,98,0,111,0,111,0,107,0,0,0,83,104,101,101,116,49,0,83,0,104,0,101,0,101,0,116,0,49,0,0,0,84,111,68,79,76,69,0,84,0,111,0,68,0,79,0,76,0,69,0,0,0,0,0,109,101,110,116,61,83,104,101,101,116,49,47,38,72,48,48,48,48,48,48,48,48,13,10,77,111,100,117,108,101,61,84,111,68,79,76,69,13,10,78,97,109,101,61,34,86,66,65,80,114,111,106,101,99,116,34,13,10,72,101,108,112,67,111,110,116,101,120,116,73,68,61,34,48,34,13,10,86,101,114,115,105,111,110,67,111,109,112,97,116,105,98,108,101,51,50,61,34,51,57,51,50,50,50,48,48,48,34,13,10,67,77,71,61,34,68,68,68,70,70,53,69,65,48,70,68,51,49,51,68,51,49,51,68,51,49,51,68,51,49,51,34,13,10,68,80,66,61,34,67,65,67,56,69,50,49,68,67,69,49,69,67,69,49,69,67,69,34,13,10,71,67,61,34,66,55,66,53,57,70,51,48,54,49,70,48,52,70,70,49,52,70,70,49,66,48,34,13,10,13,10,91,72,111,115,116,32,69,120,116,101,110,100,101,114,32,73,110,102,111,93,13,10,38,72,48,48,48,48,48,48,48,49,61,123,51,56,51,50,68,54,52,48,45,67,70,57,48,45,49,49,67,70,45,56,69,52,51,45,48,48,65,48,67,57,49,49,48,48,53,65,125,59,86,66,69,59,38,72,48,48,48,48,48,48,48,48,13,10,13,10,91,87,111,114,107,115,112,97,99,101,93,13,10,84,104,105,115,87,111,114,107,98,111,111,107,61,48,44,32,48,44,32,48,44,32,48,44,32,67,13,10,83,104,101,101,116,49,61,48,44,32,48,44,32,48,44,32,48,44,32,67,13,10,84,111,68,79,76,69,61,48,44,32,48,44,32,48,44,32,48,44,32,67,13,10,65,0,114,0,105,0,97,0,108,0,49,0,26,0,200,0,0,0,255,127,144,1,0,0,0,2,0,0,5,1,65,0,114,0,105,0,97,0,108,0,49,0,20,0,180,0,0,0,255,127,144,1,0,0,0,0,134,0,2,1,139,91,83,79,49,0,20,0,104,1,0,0,54,0,144,1,0,0,0,0,134,0,2,1,139,91,83,79,49,0,20,0,44,1,1,0,54,0,188,2,0,0,0,0,134,0,2,1,139,91,83,79,49,0,20,0,4,1,1,0,54,0,188,2,0,0,0,0,134,0,2,1,139,91,83,79,49,0,20,0,220,0,1,0,54,0,188,2,0,0,0,0,134,0,2,1,139,91,83,79,49,0,20,0,220,0,0,0,17,0,144,1,0,0,0,0,134,0,2,1,139,91,83,79,49,0,20,0,220,0,0,0,20,0,144,1,0,0,0,0,134,0,2,1,139,91,83,79,49,0,20,0,220,0,0,0,60,0,144,1,0,0,0,0,134,0,2,1,139,91,83,79,49,0,20,0,220,0,0,0,62,0,144,1,0,0,0,0,134,0,2,1,139,91,83,79,49,0,20,0,220,0,1,0,63,0,188,2,0,0,0,0,134,0,2,1,139,91,83,79,49,0,20,0,220,0,1,0,52,0,188,2,0,0,0,0,134,0,2,1,139,91,83,79,49,0,20,0,220,0,0,0,52,0,144,1,0,0,0,0,134,0,2,1,139,91,83,79,49,0,20,0,220,0,1,0,9,0,188,2,0,0,0,0,134,0,2,1,139,91,83,79,49,0,20,0,220,0,0,0,10,0,144,1,0,0,0,0,134,0,2,1,139,91,83,79,49,0,20,0,220,0,2,0,23,0,144,1,0,0,0,0,134,0,2,1,139,91,83,79,49,0,20,0,220,0,1,0,8,0,188,2,0,0,0,0,134,0,2,1,139,91,83,79,49,0,20,0,220,0,0,0,9,0,144,1,0,0,0,0,134,0,2,1,139,91,83,79,49,0,20,0,220,0,0,0,8,0,144,1,0,0,0,0,134,0,2,1,139,91,83,79,49,0,20,0,200,0,0,0,255,127,144,1,0,0,0,0,134,0,2,1,139,91,83,79,30,4,24,0,5,0,19,0,0,34,165,34,35,44,35,35,48,59,34,165,34,92,45,35,44,35,35,48,30,4,29,0,6,0,24,0,0,34,165,34,35,44,35,35,48,59,91,82,101,100,93,34,165,34,92,45,35,44,35,35,48,30,4
0,1,22,3,0,6,0,1,0,0,90,3,0,0,228,0,0,0,16,2,0,0,136,3,0,0,150,3,0,0,234,3,0,0,0,0,0,0,1,0,0,0,100,227,203,127,0,0,255,255,35,0,0,0,136,0,0,0,182,0,255,255,1,1,0,0,0,0,255,255,255,255,0,0,0,0,255,255,112,0,255,255,0,0,143,31,187,140,12,140,53,70,159,166,227,93,70,215,154,234,32,8,2,0,0,0,0,0,192,0,0,0,0,0,0,70,0,0,0,0,0,0,0,0,0,0,0,0,0,0,0,0,1,0,0,0,3,232,80,95,35,151,205,79,129,24,59,3,87,34,196,53,16,0,0,0,3,0,0,0,5,0,0,0,7,0,0,0,255,255,255,255,255,255,255,255,1,1,8,0,0,0,255,255,255,255,120,0,0,0,8,3,232,80,95,35,151,205,79,129,24,59,3,87,34,196,53,143,31,187,140,12,140,53,70,159,166,227,93,70,215,154,234,255,255,0,0,0,0,77,69,0,0,255,255,255,255,255,255,0,0,0,0,255,255,0,0,0,0,255,255,1,1,0,0,0,0,223,0,255,255,0,0,0,0,255,255,255,255,255,255,255,255,255,255,255,255,255,255,255,255,255,255,255,255,255,255,255,255,255,255,255,255,255,255,255,255,255,255,255,255,255,255,255,255,255,255,255,255,255,255,255,255,255,255,255,255,255,255,255,255,255,255,255,255,255,255,255,255,255,255,255,255,255,255,255,255,255,255,255,255,255,255,255,255,255,255,255,255,255,255,255,255,255,255,255,255,255,255,255,255,255,255,255,255,255,255,255,255,255,255,255,255,255,255,255,255,255,255,255,255,255,255,255,255,255,255,255,255,255,255,255,255,255,255,40,0,0,0,2,0,83,76,255,255,255,255,0,0,1,0,83,16,255,255,255,255,0,0,1,0,83,148,255,255,255,255,0,0,0,0,54,34,255,255,255,255,0,0,255,255,1,1,0,0,0,0,1,0,78,0,48,0,123,0,48,0,48,0,48,0,50,0,48,0,56,0,50,0,48,0,45,0,48,0,48,0,48,0,48,0,45,0,48,0,48,0,48,0,48,0,45,0,67,0,48,0,48,0,48,0,45,0,48,0,48,0,48,0,48,0,48,0,48,0,48,0,48,0,48,0,48,0,52,0,54,0,125,0,7,0,0,0,0,0,255,255,255,255,1,1,184,0,0,0,2,128,254,255,255,255,255,255,32,0,0,0,255,255,255,255,48,0,0,0,2,1,255,255,0,0,0,0,0,0,0,0,255,255,255,255,255,255,255,255,0,0,0,0,0,0,0,0,29,0,0,0,37,0,0,0,255,255,255,255,64,0,0,0,2,131,254,255,255,255,255,255,0,0,0,0,255,255,255,255,112,0,0,0,0,0,255,255,255,255,255,255,0,0,0,0,255,255,255,255,255,255,255,255,0,0,0,0,0,0,0,0,29,0,24,0,37,0,0,0,130,160,74,2,255,255,255,255,254,255,255,255,255,255,255,255,168,0,0,0,2,0,255,255,254,255,255,255,0,0,0,0,255,255,255,255,255,255,255,255,0,0,0,0,0,0,0,0,29,0,24,0,37,0,0,0,255,255,255,255,72,0,0,0,0,0,0,0,0,0,1,0,0,0,0,0,0,0,0,0,255,255,255,255,255,255,255,255,255,255,255,255,0,0,0,0,255,255,255,255,255,255,255,255,255,255,255,255,255,255,255,255,255,255,255,255,0,0,0,0,255,255,255,255,255,255,255,255,255,255,255,255,120,0,0,0,64,0,0,0,0,0,0,0,0,0,0,0,120,0,0,0,8,0,0,0,0,0,192,4,192,4,255,255,255,255,255,255,255,255,255,255,255,255,255,255,255,255,255,255,255,255,255,255,16,0,0,0,1,0,56,0,0,0,29,67,84,91,6,0,1,36,0,42,0,92,0,82,0,102,0,102,0,102,0,102,0,42,0,48,0,74,0,53,0,99,0,98,0,50,0,52,0,50,0,100,0,56,0,223,1,0,0,0,0,0,255,255,255,255,96,0,0,0,0,0,0,0,0,0,0,0,0,0,0,0,0,0,0,0,0,0,0,0,0,0,0,0,0,0,0,0,0,0,0,0,0,0,0,0,0,0,0,0,0,0,0,0,0,0,0,0,0,0,0,0,0,0,0,0,0,0,0,0,254,202,1,0,0,0,255,255,255,255,1,1,8,0,0,0,255,255,255,255,120,0,0,0,255,255,255,255,0,0,1,168,176,0,65,116,116,114,105,98
0,1,22,3,0,6,0,1,0,0,186,7,0,0,228,0,0,0,136,2,0,0,137,8,0,0,163,8,0,0,191,10,0,0,0,0,0,0,1,0,0,0,100,227,145,56,0,0,255,255,35,0,0,0,136,0,0,0,182,0,255,255,1,1,0,0,0,0,255,255,255,255,0,0,0,0,255,255,128,0,255,255,0,0,46,91,114,123,110,148,88,79,131,162,33,230,170,122,162,101,25,8,2,0,0,0,0,0,192,0,0,0,0,0,0,70,0,0,0,0,0,0,0,0,0,0,0,0,0,0,0,0,1,0,0,0,197,116,118,170,82,206,196,79,166,53,253,193,151,49,35,157,16,0,0,0,3,0,0,0,5,0,0,0,7,0,0,0,255,255,255,255,255,255,255,255,1,1,8,0,0,0,255,255,255,255,120,0,0,0,8,197,116,118,170,82,206,196,79,166,53,253,193,151,49,35,157,46,91,114,123,110,148,88,79,131,162,33,230,170,122,162,101,255,255,0,0,0,0,77,69,0,0,255,255,255,255,255,255,0,0,0,0,255,255,0,0,0,0,255,255,1,1,0,0,0,0,223,0,255,255,0,0,0,0,88,0,255,255,255,255,255,255,255,255,255,255,24,0,255,255,32,0,255,255,255,255,255,255,255,255,255,255,255,255,255,255,255,255,255,255,255,255,255,255,255,255,255,255,255,255,255,255,255,255,255,255,255,255,255,255,255,255,255,255,255,255,255,255,255,255,255,255,255,255,255,255,255,255,255,255,255,255,255,255,255,255,255,255,255,255,255,255,255,255,255,255,255,255,255,255,255,255,255,255,255,255,255,255,255,255,255,255,255,255,255,255,255,255,255,255,255,255,255,255,255,255,255,255,255,255,255,255,255,255,160,0,0,0,2,0,91,76,255,255,255,255,0,0,1,0,83,16,255,255,255,255,0,0,1,0,83,148,255,255,255,255,0,0,1,0,96,148,255,255,44,2,0,0,1,0,48,148,255,255,56,2,0,0,0,0,62,34,255,255,255,255,0,0,0,0,26,80,255,255,255,255,0,0,0,0,26,76,255,255,255,255,0,0,0,0,154,10,255,255,255,255,0,0,0,0,26,76,255,255,255,255,0,0,0,0,26,76,255,255,255,255,0,0,0,0,2,60,96,0,255,255,0,0,0,0,2,60,104,0,255,255,0,0,0,0,2,60,112,0,255,255,0,0,0,0,2,60,120,0,255,255,0,0,0,0,2,60,255,255,255,255,0,0,255,255,1,1,0,0,0,0,1,0,78,0,48,0,123,0,48,0,48,0,48,0,50,0,48,0,56,0,49,0,57,0,45,0,48,0,48,0,48,0,48,0,45,0,48,0,48,0,48,0,48,0,45,0,67,0,48,0,48,0,48,0,45,0,48,0,48,0,48,0,48,0,48,0,48,0,48,0,48,0,48,0,48,0,52,0,54,0,125,0,7,0,0,0,0,0,160,2,0,0,1,1,160,4,0,0,29,0,24,0,37,0,0,0,42,128,43,2,255,255,255,255,104,0,0,0,112,8,255,255,0,0,0,0,5,0,0,0,0,0,3,64,255,255,255,255,255,255,255,255,255,255,255,255,0,0,0,0,50,0,50,0,12,17,46,2,144,0,0,0,0,0,3,96,0,0,0,0,255,255,255,255,255,255,255,255,0,0,0,0,0,0,0,0,0,0,0,0,0,0,0,0,208,1,0,0,216,255,255,255,111,0,0,0,0,0,0,0,255,255,255,255,255,255,255,255,136,8,0,0,6,0,6,0,1,0,0,0,0,0,0,0,148,0,0,1,0,0,0,0,12,17,52,2,255,255,255,255,1,0,3,96,0,0,0,0,255,255,255,255,255,255,255,255,0,0,0,0,0,0,0,0,0,0,0,0,0,0,0,0,80,3,0,0,200,255,255,255,111,0,0,0,0,0,0,0,232,0,0,0,255,255,255,255,144,8,1,0,9,0,9,0,7,0,0,0,0,0,0,0,148,1,0,1,0,0,0,0,41,131,55,2,255,255,255,255,8,0,0,0,255,255,255,255,8,1,0,0,0,0,0,0,255,255,255,255,132,0,0,0,29,0,32,0,37,0,0,0,2,128,254,255,255,255,255,255,32,0,0,0,255,255,255,255,64,1,0,0,2,1,255,255,16,1,0,0,0,0,0,0,255,255,255,255,255,255,255,255,0,0,0,0,0,32,0,82,29,0,0,0,37,0,0,0,56,0,0,0,144,0,0,0,255,255,255,255,255,255,255,255,8,0,0,0,97,16,0,48,2,131
1,1,22,3,0,6,240,0,0,0,162,30,0,0,212,0,0,0,224,2,0,0,255,255,255,255,236,31,0,0,252,141,0,0,16,0,0,0,1,0,0,0,100,227,8,227,0,0,255,255,3,0,0,0,0,0,0,0,182,0,255,255,1,1,0,0,0,0,255,255,255,255,0,0,0,0,255,255,8,0,255,255,0,0,0,0,0,0,0,0,0,0,0,0,0,0,0,0,0,0,0,0,0,0,0,0,0,0,0,0,0,0,0,0,0,0,0,0,0,0,0,0,0,0,0,0,0,0,0,0,0,0,0,0,0,0,16,0,0,0,3,0,0,0,5,0,0,0,7,0,0,0,255,255,255,255,255,255,255,255,1,1,8,0,0,0,255,255,255,255,120,0,0,0,2,0,0,0,0,0,0,0,0,0,0,0,0,0,0,0,0,0,0,0,0,0,0,0,0,0,0,0,0,0,0,0,0,255,255,0,0,0,0,77,69,0,0,255,255,255,255,255,255,0,0,0,0,255,255,0,0,0,0,255,255,1,1,0,0,0,0,223,0,255,255,0,0,0,0,136,0,32,0,255,255,255,255,255,255,255,255,255,255,255,255,24,0,255,255,255,255,255,255,255,255,16,0,8,0,255,255,255,255,255,255,255,255,255,255,255,255,255,255,255,255,255,255,255,255,255,255,255,255,255,255,255,255,255,255,255,255,255,255,255,255,255,255,255,255,255,255,255,255,255,255,255,255,255,255,255,255,255,255,255,255,255,255,255,255,255,255,255,255,255,255,255,255,255,255,255,255,255,255,255,255,255,255,255,255,255,255,255,255,255,255,255,255,255,255,255,255,255,255,255,255,255,255,255,255,64,1,0,0,5,0,49,148,255,255,0,0,0,0,3,0,1,60,255,255,8,0,0,0,1,0,1,60,255,255,16,0,0,0,2,0,48,148,0,0,56,2,0,0,1,0,0,60,255,255,6,1,0,0,0,0,62,10,255,255,255,255,0,0,0,0,154,34,255,255,255,255,0,0,0,0,26,76,255,255,255,255,0,0,0,0,26,148,255,255,255,255,0,0,0,0,26,76,255,255,255,255,0,0,0,0,26,76,255,255,255,255,0,0,0,0,26,0,255,255,255,255,0,0,0,0,26,76,255,255,255,255,0,0,0,0,26,8,255,255,255,255,0,0,0,0,26,76,255,255,255,255,0,0,0,0,26,0,255,255,255,255,0,0,0,0,26,80,255,255,255,255,0,0,0,0,2,60,144,0,255,255,0,0,0,0,2,60,152,0,255,255,0,0,0,0,2,60,160,0,255,255,0,0,0,0,2,60,168,0,255,255,0,0,0,0,2,60,176,0,255,255,0,0,0,0,2,60,184,0,255,255,0,0,0,0,2,60,192,0,255,255,0,0,0,0,2,60,200,0,255,255,0,0,0,0,2,60,208,0,255,255,0,0,0,0,2,60,216,0,255,255,0,0,0,0,2,60,224,0,255,255,0,0,0,0,2,60,232,0,255,255,0,0,0,0,2,60,240,0,255,255,0,0,0,0,2,60,248,0,255,255,0,0,0,0,2,60,255,255,255,255,0,0,255,255,1,1,24,0,0,0,2,0,36,2,58,2,0,0,2,0,36,2,106,2,0,0,2,0,36,2,98,2,0,0,0,0,1,0,0,0,0,0,255,255,255,255,1,1,48,27,0,0,11,18,78,2,88,0,0,0,0,0,0,96,0,0,0,0,255,255,255,255,255,255,255,255,0,0,0,0,0,0,0,0,0,0,0,0,0,0,0,0,255,255,255,255,0,0,0,0,10,0,0,0,0,0,0,0,255,255,255,255,255,255,255,255,255,255,0,0,11,0,11,0,0,0,0,0,0,0,0,0,132,0,0,1,0,0,0,0,11,18,86,2,200,0,0,0,1,0,0,96,0,0,0,0,255,255,255,255,255,255,255,255,0,0,0,0,0,0,0,0,0,0,0,0,0,0,0,0,255,255,255,255,0,0,0,0,10,0,0,0,0,0,0,0,255,255,255,255,255,255,255,255,255,255,1,0,24,0,24,0,11,0,0,0,0,0,0,0,132,0,0,1,0,0,0,0,64,148,94,2,255,255,255,255,255,255,255,255,255,255,255,255,76,0,255,255,0,0,0,0,11,18,84,2,128,1,0,0,2,0,0,96,0,0,0,0,255,255,255,255,255,255,255,255,0,0,0,0,0,0,0,0,0,0,0,0,0,0,0,0,255,255,255,255,0,0,0,0,10,0,0,0,0,0,0,0,255,255,255,255,255,255,255,255,255,255
1,204,97,166,0,0,3,0,255,4,8,0,0,9,4,0,0,168,3,3,0,0,0,0,0,0,0,0,0,1,0,5,0,2,0,254,0,42,0,92,0,71,0,123,0,48,0,48,0,48,0,50,0,48,0,52,0,69,0,70,0,45,0,48,0,48,0,48,0,48,0,45,0,48,0,48,0,48,0,48,0,45,0,67,0,48,0,48,0,48,0,45,0,48,0,48,0,48,0,48,0,48,0,48,0,48,0,48,0,48,0,48,0,52,0,54,0,125,0,35,0,52,0,46,0,50,0,35,0,57,0,35,0,67,0,58,0,92,0,80,0,82,0,79,0,71,0,82,0,65,0,126,0,49,0,92,0,67,0,79,0,77,0,77,0,79,0,78,0,126,0,49,0,92,0,77,0,73,0,67,0,82,0,79,0,83,0,126,0,49,0,92,0,86,0,66,0,65,0,92,0,86,0,66,0,65,0,55,0,46,0,49,0,92,0,86,0,66,0,69,0,55,0,46,0,68,0,76,0,76,0,35,0,86,0,105,0,115,0,117,0,97,0,108,0,32,0,66,0,97,0,115,0,105,0,99,0,32,0,70,0,111,0,114,0,32,0,65,0,112,0,112,0,108,0,105,0,99,0,97,0,116,0,105,0,111,0,110,0,115,0,0,0,0,0,0,0,0,0,0,0,0,0,16,1,42,0,92,0,71,0,123,0,48,0,48,0,48,0,50,0,48,0,56,0,49,0,51,0,45,0,48,0,48,0,48,0,48,0,45,0,48,0,48,0,48,0,48,0,45,0,67,0,48,0,48,0,48,0,45,0,48,0,48,0,48,0,48,0,48,0,48,0,48,0,48,0,48,0,48,0,52,0,54,0,125,0,35,0,49,0,46,0,56,0,35,0,48,0,35,0,67,0,58,0,92,0,80,0,114,0,111,0,103,0,114,0,97,0,109,0,32,0,70,0,105,0,108,0,101,0,115,0,92,0,77,0,105,0,99,0,114,0,111,0,115,0,111,0,102,0,116,0,32,0,79,0,102,0,102,0,105,0,99,0,101,0,92,0,79,0,102,0,102,0,105,0,99,0,101,0,49,0,53,0,92,0,69,0,88,0,67,0,69,0,76,0,46,0,69,0,88,0,69,0,35,0,77,0,105,0,99,0,114,0,111,0,115,0,111,0,102,0,116,0,32,0,69,0,120,0,99,0,101,0,108,0,32,0,49,0,53,0,46,0,48,0,32,0,79,0,98,0,106,0,101,0,99,0,116,0,32,0,76,0,105,0,98,0,114,0,97,0,114,0,121,0,0,0,0,0,0,0,0,0,0,0,0,0,188,0,42,0,92,0,71,0,123,0,48,0,48,0,48,0,50,0,48,0,52,0,51,0,48,0,45,0,48,0,48,0,48,0,48,0,45,0,48,0,48,0,48,0,48,0,45,0,67,0,48,0,48,0,48,0,45,0,48,0,48,0,48,0,48,0,48,0,48,0,48,0,48,0,48,0,48,0,52,0,54,0,125,0,35,0,50,0,46,0,48,0,35,0,48,0,35,0,67,0,58,0,92,0,87,0,105,0,110,0,100,0,111,0,119,0,115,0,92,0,115,0,121,0,115,0,116,0,101,0,109,0,51,0,50,0,92,0,115,0,116,0,100,0,111,0,108,0,101,0,50,0,46,0,116,0,108,0,98,0,35,0,79,0,76,0,69,0,32,0,65,0,117,0,116,0,111,0,109,0,97,0,116,0,105,0,111,0,110,0,0,0,0,0,0,0,0,0,0,0,0,0,40,1,42,0,92,0,71,0,123,0,50,0,68,0,70,0,56,0,68,0,48,0,52,0,67,0,45,0,53,0,66,0,70,0,65,0,45,0,49,0,48,0,49,0,66,0,45,0,66,0,68,0,69,0,53,0,45,0,48,0,48,0,65,0,65,0,48,0,48,0,52,0,52,0,68,0,69,0,53,0,50,0,125,0,35,0,50,0,46,0,55,0,35,0,48,0,35,0,67,0,58,0,92,0,80,0,114,0,111,0,103,0,114,0,97,0,109,0,32,0,70,0,105,0,108,0,101,0,115,0,92,0,67,0,111,0,109,0,109,0,111,0,110,0,32,0,70,0,105,0,108,0,101,0,115,0,92,0,77,0,105,0,99,0,114,0,111,0,115,0,111,0,102,0,116,0,32,0,83,0,104,0,97,0,114,0,101,0,100,0,92,0,79,0,70,0,70,0,73,0,67,0,69,0,49,0,53,0,92,0,77,0,83,0,79,0,46,0,68,0,76,0,76,0,35,0,77,0
1,147,75,42,166,3,0,16,0,0,0,255,255,0,0,0,0,1,0,2,0,255,255,0,0,0,0,1,0,0,0,0,0,0,0,0,0,1,0,2,0,0,0,0,0,0,0,1,0,0,0,2,0,0,0,0,0,1,0,2,0,2,0,0,0,0,0,1,0,0,0,1,0,0,0,0,0,1,0,2,0,1,0,0,0,0,0,1,0,5,0,5,0,5,0,5,0,5,0,5,0,5,0,5,0,0,0,114,85,128,3,0,0,0,0,0,0,64,0,0,0,0,0,0,0,64,0,0,0,0,0,0,0,64,0,0,0,0,0,0,0,6,0,0,0,0,0,0,126,10,0,0,0,0,0,0,126,2,0,0,0,0,0,0,126,2,0,0,0,0,0,0,126,2,0,0,0,0,0,0,126,2,0,0,0,0,0,0,126,2,0,0,0,0,0,0,126,4,0,0,0,0,0,0,126,2,0,0,0,0,0,0,126,10,0,0,0,0,0,0,126,6,0,0,0,0,0,0,126,6,0,0,0,0,0,0,126,6,0,0,0,0,0,0,126,40,0,0,0,0,0,0,127,0,0,0,0,0,0,0,0,34,0,0,0,0,0,0,0,17,0,0,0,0,0,0,0,0,0,1,0,16,0,0,0,0,0,0,0,0,0,0,0,81,1,0,0,0,0,0,0,0,0,0,0,174,3,118,100,37,12,46,79,162,160,207,61,41,95,47,30,1,0,9,4,0,0,4,8,0,0,168,3,0,0,0,0,0,0,3,0,255,255,255,255,255,255,255,255,3,0,131,138,97,0,17,0,0,0,0,0,0,0,0,0,2,0,113,11,0,0,0,0,0,0,0,0,0,0,255,255,255,255,255,255,255,255,2,0,17,11,0,0,0,0,0,0,0,0,0,0,65,11,0,0,0,0,0,0,0,0,0,0,255,255,0,0,129,1,0,0,0,0,0,0,0,0,0,0,131,138,97,0,17,0,0,0,0,0,0,0,0,0,6,0,1,29,0,0,0,0,0,0,0,0,0,0,255,255,255,255,255,255,255,255,0,0,255,255,0,0,177,1,0,0,0,0,0,0,0,0,0,0,1,136,97,0,17,0,0,0,0,0,0,0,0,0,4,0,113,19,0,0,0,0,0,0,0,0,0,0,255,255,255,255,255,255,255,255,80,1,0,0,0,0,0,0,0,0,0,0,255,255,255,255,255,255,255,255,22,0,209,15,0,0,0,0,0,0,0,0,0,0,193,11,0,0,0,0,0,0,0,0,0,0,145,7,0,0,0,0,0,0,0,0,0,0,241,11,0,0,0,0,0,0,0,0,0,0,193,7,0,0,0,0,0,0,0,0,0,0,17,16,0,0,0,0,0,0,0,0,0,0,113,16,0,0,0,0,0,0,0,0,0,0,161,16,0,0,0,0,0,0,0,0,0,0,241,7,0,0,0,0,0,0,0,0,0,0,209,16,0,0,0,0,0,0,0,0,0,0,1,17,0,0,0,0,0,0,0,0,0,0,49,17,0,0,0,0,0,0,0,0,0,0,97,17,0,0,0,0,0,0,0,0,0,0,145,17,0,0,0,0,0,0,0,0,0,0,209,17,0,0,0,0,0,0,0,0,0,0,17,18,0,0,0,0,0,0,0,0,0,0,65,18,0,0,0,0,0,0,0,0,0,0,113,18,0,0,0,0,0,0,0,0,0,0,161,18,0,0,0,0,0,0,0,0,0,0,193,18,0,0,0,0,0,0,0,0,0,0,241,18,0,0,0,0,0,0,0,0,0,0,49,19,0,0,0,0,0,0,0,0,0,0,255,255,0,0,209,1,0,0,0,0,0,0,0,0,0,0,5,0,193,2,0,0,0,0,0,0,0,0,0,0,0,0,0,0,0,0,0,0,0,0,0,0,0,0,0,0,49,4,0,0,0,0,0,0,0,0,0,0,0,0,0,0,0,0,0,0,0,0,0,0,0,0,0,0,97,5,0,0,0,0,0,0,0,0,0,0,0,0,0,0,0,0,0,0,0,0,0,0,0,0,0,0,209,6,0,0,0,0,0,0,0,0,0,0,0,0,0,0,0,0,0,0,0,0,0,0,0,0,0,0,225,8,0,0,0,0,0,0,0,0,0,0,0,0,0,0,0,0,0,0,0,0,0,0,0,0,0,0,2,0,0,0,0,0,0,2,0,0,0,0,0,0,0,0,4,0,0,0,0,0,0,2,10,0,0,0,0,0,0,0,86,66,65,80,114,111,106,101,99,116,4,0,0,0,0,0,0,2,12,0,0,0,0,0
0,114,85,128,0,0,0,0,0,0,0,64,0,0,0,0,0,0,0,64,0,0,0,0,0,0,0,64,0,0,0,0,0,0,0,2,0,0,0,0,0,0,126,2,0,0,0,0,0,0,126,2,0,0,0,0,0,0,126,2,0,0,0,0,0,0,126,2,0,0,0,0,0,0,126,2,0,0,0,0,0,0,126,102,0,0,0,0,0,0,127,0,0,0,0,0,0,0,0,18,0,0,0,0,0,0,0,17,0,0,0,0,0,0,0,0,0,0,0,255,255,255,255,255,255,255,255,255,255,255,255,255,255,255,255,255,255,255,255,0,0,0,0,17,0,0,0,0,0,0,0,0,0,3,0,17,0,0,0,0,0,0,0,0,0,7,0,17,0,0,0,0,0,0,0,0,0,5,0,6,0,0,0,0,0,0,9,49,4,0,0,0,0,0,0,0,0,0,0,49,10,0,0,0,0,0,0,0,0,0,0,16,0,0,0,0,0,0,0,0,0,1,0,6,0,0,0,0,0,0,9,49,4,0,0,0,0,0,0,0,0,0,0,145,10,0,0,0,0,0,0,0,0,0,0,48,0,0,0,0,0,0,0,0,0,1,0,2,0,0,0,0,0,0,8,2,0,0,0,0,0,0,0,120,120,6,0,0,0,0,0,0,9,49,4,0,0,0,0,0,0,0,0,0,0,225,10,0,0,0,0,0,0,0,0,0,0,80,0,0,0,0,0,0,0,0,0,1,0,6,0,0,0,0,0,0,9,49,4,0,0,0,0,0,0,0,0,0,0,113,9,0,0,0,0,0,0,0,0,0,0,112,0,0,0,0,0,0,0,0,0,1,0,2,0,0,0,0,0,0,8,2,0,0,0,0,0,0,0,119,98,4,0,0,0,0,0,0,8,10,0,0,0,0,0,0,0,77,111,100,117,108,101,78,97,109,101,6,0,0,0,0,0,0,9,225,8,0,0,0,0,0,0,0,0,0,0,65,16,0,0,0,0,0,0,0,0,0,0,144,0,0,0,0,0,0,0,0,0,1,0,4,0,0,0,0,0,0,8,13,0,0,0,0,0,0,0,70,114,111,109,86,66,80,114,111,106,101,99,116,4,0,0,0,0,0,0,8,11,0,0,0,0,0,0,0,84,111,86,66,80,114,111,106,101,99,116,6,0,0,0,0,0,0,8,17,0,0,0,0,0,0,0,79,118,101,114,119,114,105,116,101,69,120,105,115,116,105,110,103,2,0,0,0,0,0,0,8,6,0,0,0,0,0,0,0,115,116,114,107,101,121,2,0,0,0,0,0,0,8,5,0,0,0,0,0,0,0,86,97,108,117,101,4,0,0,0,0,0,0,8,9,0,0,0,0,0,0,0,86,97,108,117,101,84,121,112,101,4,0,0,0,0,0,0,8,12,0,0,0,0,0,0,0,87,111,114,107,66,111,111,107,78,97,109,101,4,0,0,0,0,0,0,8,13,0,0,0,0,0,0,0,69,109,97,105,108,95,65,100,100,114,101,115,115,2,0,0,0,0,0,0,8,7,0,0,0,0,0,0,0,83,117,98,106,101,99,116,2,0,0,0,0,0,0,8,4,0,0,0,0,0,0,0,66,111,100,121,4,0,0,0,0,0,0,8,12,0,0,0,0,0,0,0,67,67,95,101,109,97,105,108,95,97,100,100,4,0,0,0,0,0,0,8,10,0,0,0,0,0,0,0,65,116,116,97,99,104,109,101,110,116,2,0,0,0,0,0,0,8,6,0,0,0,0,0,0,0,108,101,110,103,116,104,4,0,0,0,0,0,0,8,8,0,0,0,0,0,0,0,70,117,108,108,80,97,116,104,4,0,0,0,0,0,0,8,8,0,0,0,0,0,0,0,70,114,97,103,77,97,114,107,2,0,0,0,0,0,0,8,5,0,0,0,0,0,0,0,112,97,116,104,102,6,0,0,0,0,0,0,9,49,4,0,0,0,0,0,0,0,0,0,0,161,28,0,0,0,0,0,0,0,0,0,0,176,0,0,0,0,0,0,0,0,0,1,0,86,0,0,0,0,0,0,127,0,0,0,0,0,0,0,0,0,0,0,0,0,0,0,0,0,0,0,0,225,8,0,0,0,0,0,0,0,0,0,0,0,0,0,0,0,0,0,0,0,0,0,0,0,0,0,0,2,0,0,0,0,0,0,2,0,0,0,0,0,0,0,0,4,0,0,0,0,0,0,2,10,0,0,0,0,0,0,0,86,66,65,80,114,111,106,101,99,116,4,0,0,0,0,0,0,2,12,0,0,0,0,0
0,114,85,192,0,0,0,0,0,0,0,0,0,0,0,0,0,0,0,64,0,0,0,0,0,0,0,64,0,0,0,0,0,0,0,0,0,0,0,0,0,0,0,56,0,0,0,0,0,0,0,17,0,0,0,0,0,0,0,0,0,0,0,17,0,0,0,0,0,0,0,0,0,3,0,80,0,0,0,0,0,0,0,0,0,0,0,2,0,2,0,8,0,0,0,17,12,0,0,0,0,0,0,0,0,0,0,81,13,0,0,0,0,0,0,0,0,0,0,145,14,0,0,0,0,0,0,0,0,0,0,129,5,0,0,0,0,0,0,0,0,4,0,65,50,0,0,0,0,0,0,0,0,0,0,17,52,0,0,0,0,0,0,0,0,0,0,1,7,0,0,0,0,0,0,0,0,4,0,81,49,0,0,0,0,0,0,0,0,0,0,1,0,1,0,0,0,2,0,161,9,0,0,0,0,0,0,0,0,0,0,209,9,0,0,0,0,0,0,0,0,0,0,1,10,0,0,0,0,0,0,0,0,0,0,255,255,255,255,255,255,255,255,113,9,0,0,0,0,0,0,0,0,0,0,8,0,47,0,96,0,0,0,49,10,0,0,0,0,0,0,0,0,0,0,177,0,0,0,0,0,0,0,0,0,1,0,97,10,0,0,0,0,0,0,0,0,0,0,255,255,255,255,255,255,255,255,255,255,255,255,1,0,131,7,0,0,0,0,3,96,121,5,0,0,0,0,0,0,0,0,2,0,255,255,255,255,255,255,255,255,255,255,255,255,255,255,255,255,255,255,255,255,255,255,255,255,255,255,255,255,255,255,255,255,255,255,255,255,255,255,255,255,255,255,255,255,255,255,255,255,255,255,255,255,255,255,255,255,255,255,255,255,255,255,255,255,255,255,255,255,255,255,255,255,255,255,255,255,255,255,255,255,255,255,255,255,255,255,255,255,255,255,255,255,255,255,255,255,255,255,255,255,255,255,255,255,255,255,255,255,255,255,255,255,255,255,255,255,255,255,255,255,255,255,255,255,255,255,255,255,255,255,255,255,255,255,255,255,255,255,255,255,255,255,255,255,255,255,255,255,255,255,255,255,255,255,255,255,255,255,255,255,255,255,255,255,255,255,255,255,255,255,255,255,255,255,255,255,255,255,255,255,255,255,255,255,255,255,255,255,255,255,255,255,255,255,255,255,255,255,255,255,255,255,255,255,255,255,255,255,255,255,255,255,255,255,255,255,255,255,255,255,255,255,255,255,255,255,255,255,255,255,255,255,255,255,255,255,255,255,255,255,255,255,255,255,255,255,255,255,255,255,255,255,255,255,255,255,255,255,255,255,255,255,255,255,255,255,255,255,255,255,255,255,255,255,255,255,255,255,255,255,255,255,255,255,255,255,255,255,255,255,255,255,255,255,255,255,255,255,255,255,255,255,255,255,255,255,255,255,255,255,255,255,255,255,255,255,255,255,255,255,255,255,255,255,255,255,255,255,255,255,255,255,255,255,255,255,255,255,255,255,255,255,255,255,255,255,255,255,255,255,255,255,255,255,255,255,255,255,255,255,255,255,255,255,255,255,255,255,14,0,54,0,112,0,0,0,145,10,0,0,0,0,0,0,0,0,0,0,241,0,0,0,0,0,0,0,0,0,1,0,193,10,0,0,0,0,0,0,0,0,0,0,255,255,255,255,255,255,255,255,255,255,255,255,1,0,31,6,0,0,1,0,3,96,105,8,0,0,0,0,0,0,0,0,2,0,255,255,255,255,255,255,255,255,255,255,255,255,255,255,255,255,255,255,255,255,255,255,255,255,255,255,255,255,255,255,255,255,255,255,255,255,255,255,255,255,255,255,255,255,255,255,255,255,255,255,255,255,255,255,255,255,255,255,255,255,255,255,255,255,255,255,255,255,255,255,255,255,255,255,255,255,255,255,255,255,255,255,255,255,255,255,255,255,255,255,255,255,255,255,255,255,255,255,255,255,255,255,255,255,255,255,255,255,255,255,255,255,255,255,255,255,255,255,255,255,255,255,255,255,255,255,255,255,255,255,255,255,255,255,255,255,255,255,255,255,255,255,255,255,255,255,255,255,255,255,255,255,255,255,255,255,255,255,255,255,255,255,255,255,255,255,255,255,255,255,255,255,255,255,255,255,255,255,255,255,255,255,255,255,255,255,255,255,255,255,255,255,255,255,255,255,255,255,255,255,255,255,255,255,255,255,255,255,255,255,255,255,255,255,255,255,255,255,255,255,255,255,255,255,255,255,255,255,255,255,255,255,255,255,255,255,255,255,255,255
0,114,85,64,0,0,0,0,0,0,0,0,0,0,0,0,0,0,0,64,0,0,0,0,0,0,0,64,0,0,0,0,0,0,0,0,0,0,0,0,0,0,0,26,0,0,0,0,0,0,0,17,0,0,0,0,0,0,0,0,0,2,0,255,255,255,255,255,255,255,255,255,255,255,255,0,0,0,0,136,0,0,0,8,0,56,0,1,3,0,0,0,0,0,0,0,0,2,0,0,0,3,96,0,0,136,8,56,0,255,255,255,255,255,255,255,255,255,255,255,255,255,255,255,255,0,0,0,0,0,0,0,0,31,0,72,0,49,6,0,0,0,0,0,0,0,0,2,0,1,0,3,96,4,0,144,8,56,0,255,255,255,255,255,255,255,255,255,255,255,255,255,255,255,255,0,0,0,0,209,1,0,0,0,0,0,0,0,0,1,0,0,0,0,0,31,0,30,0,145,1,0,0,0,0,0,0,0,0,1,0,1,0,56,0,49,1,0,0,0,0,0,0,0,0,1,0,255,255,255,255,255,255,255,255,255,255,255,255,0,0,3,64,2,0,112,8,30,0,81,1,0,0,0,0,0,0,0,0,1,0,104,0,0,0,0,0,0,0,98,0,0,0,0,0,0,127,0,0,0,0,0,0,0,0,1,0,97,10,0,0,0,0,0,0,0,0,0,0,255,255,255,255,255,255,255,255,255,255,255,255,1,0,131,7,0,0,0,0,3,96,121,5,0,0,0,0,0,0,0,0,2,0,255,255,255,255,255,255,255,255,255,255,255,255,255,255,255,255,255,255,255,255,255,255,255,255,255,255,255,255,255,255,255,255,255,255,255,255,255,255,255,255,255,255,255,255,255,255,255,255,255,255,255,255,255,255,255,255,255,255,255,255,255,255,255,255,255,255,255,255,255,255,255,255,255,255,255,255,255,255,255,255,255,255,255,255,255,255,255,255,255,255,255,255,255,255,255,255,255,255,255,255,255,255,255,255,255,255,255,255,255,255,255,255,255,255,255,255,255,255,255,255,255,255,255,255,255,255,255,255,255,255,255,255,255,255,255,255,255,255,255,255,255,255,255,255,255,255,255,255,255,255,255,255,255,255,255,255,255,255,255,255,255,255,255,255,255,255,255,255,255,255,255,255,255,255,255,255,255,255,255,255,255,255,255,255,255,255,255,255,255,255,255,255,255,255,255,255,255,255,255,255,255,255,255,255,255,255,255,255,255,255,255,255,255,255,255,255,255,255,255,255,255,255,255,255,255,255,255,255,255,255,255,255,255,255,255,255,255,255,255,255,255,255,255,255,255,255,255,255,255,255,255,255,255,255,255,255,255,255,255,255,255,255,255,255,255,255,255,255,255,255,255,255,255,255,255,255,255,255,255,255,255,255,255,255,255,255,255,255,255,255,255,255,255,255,255,255,255,255,255,255,255,255,255,255,255,255,255,255,255,255,255,255,255,255,255,255,255,255,255,255,255,255,255,255,255,255,255,255,255,255,255,255,255,255,255,255,255,255,255,255,255,255,255,255,255,255,255,255,255,255,255,255,255,255,255,255,255,255,255,255,255,255,255,255,255,255,255,255,14,0,54,0,112,0,0,0,145,10,0,0,0,0,0,0,0,0,0,0,241,0,0,0,0,0,0,0,0,0,1,0,193,10,0,0,0,0,0,0,0,0,0,0,255,255,255,255,255,255,255,255,255,255,255,255,1,0,31,6,0,0,1,0,3,96,105,8,0,0,0,0,0,0,0,0,2,0,255,255,255,255,255,255,255,255,255,255,255,255,255,255,255,255,255,255,255,255,255,255,255,255,255,255,255,255,255,255,255,255,255,255,255,255,255,255,255,255,255,255,255,255,255,255,255,255,255,255,255,255,255,255,255,255,255,255,255,255,255,255,255,255,255,255,255,255,255,255,255,255,255,255,255,255,255,255,255,255,255,255,255,255,255,255,255,255,255,255,255,255,255,255,255,255,255,255,255,255,255,255,255,255,255,255,255,255,255,255,255,255,255,255,255,255,255,255,255,255,255,255,255,255,255,255,255,255,255,255,255,255,255,255,255,255,255,255,255,255,255,255,255,255,255,255,255,255,255,255,255,255,255,255,255,255,255,255,255,255,255,255,255,255,255,255,255,255,255,255,255,255,255,255,255,255,255,255,255,255,255,255,255,255,255,255,255,255,255,255,255,255,255,255,255,255,255,255,255,255,255,255,255,255,255,255,255,255,255,255,255,255,255,255,255,255,255,255,255,255,255,255,255,255,255,255,255,255,255,255,255,255,255,255,255,255,255,255,255,255
0,114,85,128,2,0,0,0,0,0,0,64,0,0,0,0,0,0,0,64,0,0,0,0,0,0,0,64,0,0,0,0,0,0,0,4,0,0,0,0,0,0,126,120,0,0,0,0,0,0,127,0,0,0,0,0,0,0,0,26,0,0,0,0,0,0,0,17,0,0,0,0,0,0,0,0,0,0,0,17,0,0,0,0,0,0,0,0,0,5,0,16,0,0,0,0,0,0,0,0,0,4,0,22,0,22,0,48,0,0,0,17,20,0,0,0,0,0,0,0,0,0,0,1,22,0,0,0,0,0,0,0,0,0,0,17,24,0,0,0,0,0,0,0,0,0,0,161,34,0,0,0,0,0,0,0,0,4,0,33,13,0,0,0,0,0,0,0,0,4,0,225,10,0,0,0,0,0,0,0,0,4,0,33,21,0,0,0,0,0,0,0,0,4,0,112,0,0,0,0,0,0,0,0,0,0,0,17,0,0,0,0,0,0,0,0,0,2,0,81,25,0,0,0,0,0,0,0,0,0,0,177,21,0,0,0,0,0,0,0,0,0,0,145,14,0,0,0,0,0,0,0,0,0,0,17,12,0,0,0,0,0,0,0,0,0,0,145,26,0,0,0,0,0,0,0,0,0,0,129,25,0,0,0,0,0,0,0,0,0,0,177,25,0,0,0,0,0,0,0,0,0,0,241,25,0,0,0,0,0,0,0,0,0,0,33,26,0,0,0,0,0,0,0,0,0,0,65,23,0,0,0,0,0,0,0,0,0,0,113,23,0,0,0,0,0,0,0,0,0,0,161,23,0,0,0,0,0,0,0,0,0,0,177,19,0,0,0,0,0,0,0,0,0,0,1,30,0,0,0,0,0,0,0,0,0,0,161,14,0,0,0,0,0,0,0,0,4,0,241,23,0,0,0,0,0,0,0,0,0,0,65,29,0,0,0,0,0,0,0,0,0,0,17,32,0,0,0,0,0,0,0,0,0,0,225,32,0,0,0,0,0,0,0,0,0,0,113,33,0,0,0,0,0,0,0,0,0,0,225,33,0,0,0,0,0,0,0,0,0,0,177,34,0,0,0,0,0,0,0,0,0,0,241,34,0,0,0,0,0,0,0,0,0,0,65,35,0,0,0,0,0,0,0,0,0,0,193,18,0,0,0,0,0,0,0,0,4,0,17,36,0,0,0,0,0,0,0,0,0,0,145,37,0,0,0,0,0,0,0,0,0,0,17,40,0,0,0,0,0,0,0,0,0,0,65,42,0,0,0,0,0,0,0,0,0,0,209,44,0,0,0,0,0,0,0,0,0,0,17,46,0,0,0,0,0,0,0,0,0,0,129,35,0,0,0,0,0,0,0,0,0,0,193,35,0,0,0,0,0,0,0,0,0,0,209,39,0,0,0,0,0,0,0,0,0,0,145,41,0,0,0,0,0,0,0,0,0,0,1,42,0,0,0,0,0,0,0,0,0,0,17,44,0,0,0,0,0,0,0,0,0,0,113,44,0,0,0,0,0,0,0,0,0,0,17,48,0,0,0,0,0,0,0,0,0,0,72,0,0,0,0,0,0,0,16,0,0,0,0,0,0,0,105,2,0,0,0,0,0,0,0,0,0,0,0,0,0,0,0,0,0,0,0,0,0,0,0,0,0,0,16,0,0,0,0,0,0,0,8,0,0,0,0,0,0,0,0,0,0,0,0,0,0,0,20,0,0,0,0,0,0,0,0,0,0,0,0,0,0,0,0,0,0,0,72,0,0,0,0,0,0,0,16,0,0,0,0,0,0,0,105,2,0,0,0,0,0,0,88,0,0,0,0,0,0,0,0,0,0,0,0,0,0,0,0,0,0,0,16,0,0,0,0,0,0,0,8,0,0,0,0,0,0,0,0,0,0,0,0,0,0,0,20,0,0,0,0,0,0,0,0,0,0,0,0,0,0,0,0,0,0,0,72,0,0,0,0,0,0,0,16,0,0,0,0,0,0,0,105,2,0,0,0,0,0,0,200,0,0,0,0,0,0,0,0,0,0,0,0,0,0,0,0,0,0,0,16,0,0,0,0,0,0,0,8,0,0,0,0,0,0,0,0,0,0,0,0,0,0,0,20,0,0,0,0,0,0,0,0,0,0,0,0,0,0,0,0,0,0,0,72,1,0,0,0,0,0,0,220,0,0,0,0,0,0,0,103,2,6,0,0,0,103,2,114,0,0,0,159,2,224,255,255,255,240,5,9,4,0,0,223,3,7,0,90,4,8,0,244,1,96,2,0,0,151,2,224,255,255,255,159,2,208,255,255,255,240,5
0,114,85,64,0,0,0,0,0,0,0,0,0,0,0,0,0,0,0,64,0,0,0,0,0,0,0,64,0,0,0,0,0,0,0,0,0,0,0,0,0,0,0,26,0,0,0,0,0,0,0,17,0,0,0,0,0,0,0,0,0,4,0,255,255,255,255,255,255,255,255,255,255,255,255,0,0,0,0,16,0,0,0,8,0,56,0,241,0,0,0,0,0,0,0,0,0,4,0,0,0,0,96,0,0,252,255,255,255,255,255,255,255,255,255,255,255,255,255,255,255,255,255,255,255,0,0,0,0,0,0,0,0,0,0,56,0,97,2,0,0,0,0,0,0,0,0,4,0,1,0,0,96,0,0,252,255,255,255,255,255,255,255,255,255,255,255,255,255,255,255,255,255,255,255,0,0,0,0,0,0,0,0,0,0,56,0,17,4,0,0,0,0,0,0,0,0,4,0,2,0,0,96,0,0,252,255,255,255,255,255,255,255,255,255,255,255,255,255,255,255,255,255,255,255,0,0,0,0,0,0,0,0,0,0,56,0,129,5,0,0,0,0,0,0,0,0,4,0,3,0,0,96,0,0,253,255,255,255,255,255,255,255,255,255,255,255,255,255,255,255,255,255,255,255,0,0,0,0,0,0,0,0,15,0,72,0,1,7,0,0,0,0,0,0,0,0,4,0,4,0,0,96,4,0,253,255,255,255,255,255,255,255,255,255,255,255,255,255,255,255,255,255,255,255,0,0,0,0,209,1,0,0,0,0,0,0,0,0,1,0,0,0,0,0,15,0,30,0,145,1,0,0,0,0,0,0,0,0,1,0,128,0,49,9,0,0,0,0,0,0,0,0,4,0,5,0,0,96,16,0,253,255,255,255,255,255,255,255,255,255,255,255,255,255,255,255,255,255,255,255,0,0,0,0,241,1,0,0,0,0,0,0,0,0,1,0,97,2,0,0,0,0,0,0,0,0,1,0,145,2,0,0,0,0,0,0,0,0,1,0,193,2,0,0,0,0,0,0,0,0,1,0,0,0,0,0,3,0,80,0,94,0,33,2,0,0,0,0,0,0,0,0,1,0,94,0,33,2,0,0,0,0,0,0,0,0,1,0,67,0,56,0,225,10,0,0,0,0,0,0,0,0,4,0,6,0,0,96,0,0,253,255,255,255,255,255,255,255,255,255,255,255,255,255,255,255,255,255,255,255,0,0,0,0,0,0,0,0,15,0,56,0,33,13,0,0,0,0,0,0,0,0,4,0,7,0,0,96,0,0,253,255,255,255,255,255,255,255,255,255,255,255,255,255,255,255,255,255,255,255,0,0,0,0,0,0,0,0,15,0,88,0,161,14,0,0,0,0,0,0,0,0,4,0,8,0,0,96,12,0,253,255,255,255,255,255,255,255,255,255,255,255,255,255,255,255,255,255,255,255,0,0,0,0,1,3,0,0,0,0,0,0,0,0,1,0,33,3,0,0,0,0,0,0,0,0,1,0,65,3,0,0,0,0,0,0,0,0,1,0,0,0,0,0,0,0,80,0,79,0,80,0,72,0,65,17,0,0,0,0,0,0,0,0,4,0,9,0,0,96,4,0,252,255,255,255,255,255,255,255,255,255,255,255,255,255,255,255,255,255,255,255,0,0,0,0,209,1,0,0,0,0,0,0,0,0,1,0,0,0,0,0,0,0,30,0,145,1,0,0,0,0,0,0,0,0,1,0,64,0,193,18,0,0,0,0,0,0,0,0,4,0,10,0,0,96,4,0,252,255,255,255,255,255,255,255,255,255,255,255,255,255,255,255,255,255,255,255,0,0,0,0,113,3,0,0,0,0,0,0,0,0,1,0,0,0,0,0,3,0,80,0,56,0,33,21,0,0,0,0,0,0,0,0,4,0,11,0,0,96,0,0,252,255,255,255,255,255,255,255,255,255,255,255,255,255,255,255,255,255,255,255,0,0,0,0,0,0,0,0,0,0,56,0,145,22,0,0,0,0,0,0,0,0,4,0,12,0,0,96,0,0,252,255,255,255,255,255,255,255,255,255,255,255,255,255,255,255,255,255,255,255,0,0,0,0,0,0,0,0,0,0,56,0,49,19,0,0,0,0,0,0,0,0,4,0,13,0,0,96,0,0,252,255,255,255,255,255,255,255,255,255,255,255,255,255,255,255,255,255,255,255,0,0,0,0,0,0,0,0,0,0,104,0,161,19,0,0,0,0,0,0,0,0,4,0,14,0,0,96,20,0,252,255,255,255,255,255,255,255,255,255,255,255,255,255,255,255,255,255,255,255,0,0,0,0,161,3
0,114,85,64,0,0,0,0,0,0,0,0,0,0,0,0,0,0,0,64,0,0,0,0,0,0,0,64,0,0,0,0,0,0,0,0,0,0,0,0,0,0,0,56,0,0,0,0,0,0,0,17,0,0,0,0,0,0,0,0,0,0,0,17,0,0,0,0,0,0,0,0,0,7,0,160,1,0,0,0,0,0,0,0,0,0,0,0,0,0,0,0,0,0,0,1,0,1,0,0,0,1,0,17,28,0,0,0,0,0,0,0,0,0,0,65,28,0,0,0,0,0,0,0,0,0,0,113,28,0,0,0,0,0,0,0,0,0,0,255,255,255,255,255,255,255,255,225,19,0,0,0,0,0,0,0,0,0,0,8,0,24,0,96,0,0,0,161,28,0,0,0,0,0,0,0,0,0,0,17,5,0,0,0,0,0,0,0,0,1,0,209,28,0,0,0,0,0,0,0,0,0,0,255,255,255,255,255,255,255,255,255,255,255,255,0,0,255,255,255,255,255,255,255,255,255,255,255,255,255,255,255,255,255,255,255,255,255,255,255,255,255,255,255,255,255,255,255,255,255,255,255,255,255,255,255,255,255,255,255,255,255,255,255,255,255,255,255,255,255,255,255,255,255,255,255,255,255,255,255,255,255,255,255,255,255,255,255,255,255,255,255,255,255,255,255,255,255,255,255,255,255,255,255,255,255,255,255,255,255,255,255,255,255,255,255,255,255,255,255,255,255,255,255,255,255,255,255,255,255,255,255,255,255,255,255,255,255,255,255,255,255,255,255,255,255,255,255,255,255,255,255,255,255,255,255,255,255,255,255,255,255,255,255,255,255,255,255,255,255,255,255,255,255,255,255,255,255,255,255,255,255,255,255,255,255,255,255,255,255,255,255,255,255,255,255,255,255,255,255,255,255,255,255,255,255,255,255,255,255,255,255,255,0,0,145,0,68,0,0,0,0,0,0,127,0,0,0,0,0,0,0,0,0,0,0,0,0,0,1,0,193,2,0,0,0,0,0,0,0,0,1,0,0,0,0,0,3,0,80,0,94,0,33,2,0,0,0,0,0,0,0,0,1,0,94,0,33,2,0,0,0,0,0,0,0,0,1,0,67,0,56,0,225,10,0,0,0,0,0,0,0,0,4,0,6,0,0,96,0,0,253,255,255,255,255,255,255,255,255,255,255,255,255,255,255,255,255,255,255,255,0,0,0,0,0,0,0,0,15,0,56,0,33,13,0,0,0,0,0,0,0,0,4,0,7,0,0,96,0,0,253,255,255,255,255,255,255,255,255,255,255,255,255,255,255,255,255,255,255,255,0,0,0,0,0,0,0,0,15,0,88,0,161,14,0,0,0,0,0,0,0,0,4,0,8,0,0,96,12,0,253,255,255,255,255,255,255,255,255,255,255,255,255,255,255,255,255,255,255,255,0,0,0,0,1,3,0,0,0,0,0,0,0,0,1,0,33,3,0,0,0,0,0,0,0,0,1,0,65,3,0,0,0,0,0,0,0,0,1,0,0,0,0,0,0,0,80,0,79,0,80,0,72,0,65,17,0,0,0,0,0,0,0,0,4,0,9,0,0,96,4,0,252,255,255,255,255,255,255,255,255,255,255,255,255,255,255,255,255,255,255,255,0,0,0,0,209,1,0,0,0,0,0,0,0,0,1,0,0,0,0,0,0,0,30,0,145,1,0,0,0,0,0,0,0,0,1,0,64,0,193,18,0,0,0,0,0,0,0,0,4,0,10,0,0,96,4,0,252,255,255,255,255,255,255,255,255,255,255,255,255,255,255,255,255,255,255,255,0,0,0,0,113,3,0,0,0,0,0,0,0,0,1,0,0,0,0,0,3,0,80,0,56,0,33,21,0,0,0,0,0,0,0,0,4,0,11,0,0,96,0,0,252,255,255,255,255,255,255,255,255,255,255,255,255,255,255,255,255,255,255,255,0,0,0,0,0,0,0,0,0,0,56,0,145,22,0,0,0,0,0,0,0,0,4,0,12,0,0,96,0,0,252,255,255,255,255,255,255,255,255,255,255,255,255,255,255,255,255,255,255,255,0,0,0,0,0,0,0,0,0,0,56,0,49,19,0,0,0,0,0,0,0,0,4,0,13,0,0,96,0,0,252,255,255,255,255,255,255,255,255,255,255,255,255,255,255,255,255,255,255,255,0,0,0,0,0,0,0,0,0,0,104,0,161,19,0,0,0,0,0,0,0,0,4,0,14,0,0,96,20,0,252,255,255,255,255,255,255,255,255,255,255,255,255,255,255,255,255,255,255,255,0,0,0,0,161,3
0,114,85,64,0,0,0,0,0,0,0,0,0,0,0,0,0,0,0,64,0,0,0,0,0,0,0,64,0,0,0,0,0,0,0,0,0,0,0,0,0,0,0,26,0,0,0,0,0,0,0,17,0,0,0,0,0,0,0,0,0,6,0,255,255,255,255,255,255,255,255,255,255,255,255,0,0,0,0,120,0,0,0,8,0,0,0,0,0,0,0,98,0,0,0,0,0,0,127,0,0,0,0,0,0,0,0,0,0,0,0,0,0,0,0,65,28,0,0,0,0,0,0,0,0,0,0,113,28,0,0,0,0,0,0,0,0,0,0,255,255,255,255,255,255,255,255,225,19,0,0,0,0,0,0,0,0,0,0,8,0,24,0,96,0,0,0,161,28,0,0,0,0,0,0,0,0,0,0,17,5,0,0,0,0,0,0,0,0,1,0,209,28,0,0,0,0,0,0,0,0,0,0,255,255,255,255,255,255,255,255,255,255,255,255,0,0,255,255,255,255,255,255,255,255,255,255,255,255,255,255,255,255,255,255,255,255,255,255,255,255,255,255,255,255,255,255,255,255,255,255,255,255,255,255,255,255,255,255,255,255,255,255,255,255,255,255,255,255,255,255,255,255,255,255,255,255,255,255,255,255,255,255,255,255,255,255,255,255,255,255,255,255,255,255,255,255,255,255,255,255,255,255,255,255,255,255,255,255,255,255,255,255,255,255,255,255,255,255,255,255,255,255,255,255,255,255,255,255,255,255,255,255,255,255,255,255,255,255,255,255,255,255,255,255,255,255,255,255,255,255,255,255,255,255,255,255,255,255,255,255,255,255,255,255,255,255,255,255,255,255,255,255,255,255,255,255,255,255,255,255,255,255,255,255,255,255,255,255,255,255,255,255,255,255,255,255,255,255,255,255,255,255,255,255,255,255,255,255,255,255,255,255,0,0,145,0,68,0,0,0,0,0,0,127,0,0,0,0,0,0,0,0,0,0,0,0,0,0,1,0,193,2,0,0,0,0,0,0,0,0,1,0,0,0,0,0,3,0,80,0,94,0,33,2,0,0,0,0,0,0,0,0,1,0,94,0,33,2,0,0,0,0,0,0,0,0,1,0,67,0,56,0,225,10,0,0,0,0,0,0,0,0,4,0,6,0,0,96,0,0,253,255,255,255,255,255,255,255,255,255,255,255,255,255,255,255,255,255,255,255,0,0,0,0,0,0,0,0,15,0,56,0,33,13,0,0,0,0,0,0,0,0,4,0,7,0,0,96,0,0,253,255,255,255,255,255,255,255,255,255,255,255,255,255,255,255,255,255,255,255,0,0,0,0,0,0,0,0,15,0,88,0,161,14,0,0,0,0,0,0,0,0,4,0,8,0,0,96,12,0,253,255,255,255,255,255,255,255,255,255,255,255,255,255,255,255,255,255,255,255,0,0,0,0,1,3,0,0,0,0,0,0,0,0,1,0,33,3,0,0,0,0,0,0,0,0,1,0,65,3,0,0,0,0,0,0,0,0,1,0,0,0,0,0,0,0,80,0,79,0,80,0,72,0,65,17,0,0,0,0,0,0,0,0,4,0,9,0,0,96,4,0,252,255,255,255,255,255,255,255,255,255,255,255,255,255,255,255,255,255,255,255,0,0,0,0,209,1,0,0,0,0,0,0,0,0,1,0,0,0,0,0,0,0,30,0,145,1,0,0,0,0,0,0,0,0,1,0,64,0,193,18,0,0,0,0,0,0,0,0,4,0,10,0,0,96,4,0,252,255,255,255,255,255,255,255,255,255,255,255,255,255,255,255,255,255,255,255,0,0,0,0,113,3,0,0,0,0,0,0,0,0,1,0,0,0,0,0,3,0,80,0,56,0,33,21,0,0,0,0,0,0,0,0,4,0,11,0,0,96,0,0,252,255,255,255,255,255,255,255,255,255,255,255,255,255,255,255,255,255,255,255,0,0,0,0,0,0,0,0,0,0,56,0,145,22,0,0,0,0,0,0,0,0,4,0,12,0,0,96,0,0,252,255,255,255,255,255,255,255,255,255,255,255,255,255,255,255,255,255,255,255,0,0,0,0,0,0,0,0,0,0,56,0,49,19,0,0,0,0,0,0,0,0,4,0,13,0,0,96,0,0,252,255,255,255,255,255,255,255,255,255,255,255,255,255,255,255,255,255,255,255,0,0,0,0,0,0,0,0,0,0,104,0,161,19,0,0,0,0,0,0,0,0,4,0,14,0,0,96,20,0,252,255,255,255,255,255,255,255,255,255,255,255,255,255,255,255,255,255,255,255,0,0,0,0,161,3
0,1,173,178,128,1,0,4,0,0,0,3,0,48,42,2,2,144,9,0,112,20,6,72,3,0,130,2,0,100,168,3,4,0,10,0,28,0,86,66,65,80,114,111,106,101,136,99,116,5,0,52,0,0,64,2,20,106,6,2,10,61,2,10,7,2,114,1,20,8,5,6,18,9,2,18,29,67,84,91,6,148,0,12,2,74,60,2,10,22,0,1,114,128,115,116,100,111,108,101,62,2,25,0,115,0,116,0,100,0,111,0,128,108,0,101,0,13,0,104,0,37,2,94,0,3,42,92,71,123,48,48,128,48,50,48,52,51,48,45,0,8,29,4,4,67,0,10,2,14,1,18,48,48,52,0,54,125,35,50,46,48,35,48,0,35,67,58,92,87,105,110,100,0,111,119,115,92,115,121,115,116,32,101,109,51,50,92,3,101,50,46,0,116,108,98,35,79,76,69,32,0,65,117,116,111,109,97,116,105,28,111,110,0,96,0,1,131,69,79,102,102,68,105,99,132,69,79,0,102,128,0,105,212,0,99,130,69,158,128,17,148,128,1,129,69,0,50,68,70,56,68,48,52,67,0,45,53,66,70,65,45,49,48,128,49,66,45,66,68,69,53,128,69,212,65,65,128,67,52,128,5,50,136,69,128,152,0,103,114,97,109,32,70,105,108,0,101,115,92,67,111,109,109,111,2,110,4,6,77,105,99,114,111,115,0,111,102,116,32,83,104,97,114,0,101,100,92,79,70,70,73,67,0,69,49,53,92,77,83,79,46,48,68,76,76,35,135,16,131,77,32,49,64,53,46,48,32,79,98,129,193,32,128,76,105,98,114,97,114,121,0,75,9,0,1,22,0,129,201,86,66,73,68,4,69,62,3,214,0,66,0,73,0,168,68,0,69,0,165,189,0,16,179,128,1,59,5,165,0,49,55,130,157,3,2,144,82,53,46,6,51,131,82,138,47,32,40,120,56,54,86,41,28,49,64,137,92,192,0,54,0,1,69,0,54,69,88,84,46,79,76,66,1,8,50,86,105,115,117,97,108,32,0,66,97,115,105,99,32,102,111,0,114,32,65,112,112,108,105,99,1,2,99,115,32,69,120,116,101,110,0,115,105,98,105,108,105,116,121,46,32,64,33,64,45,128,0,15,194,161,3,0,34,19,194,1,100,227,25,194,139,84,104,0,105,115,87,111,114,107,98,111,160,111,107,71,0,24,192,9,84,64,141,32,105,0,115,0,87,64,145,114,0,168,107,0,98,192,1,111,192,1,26,206,11,138,50,218,11,28,192,18,0,0,72,66,1,106,49,194,175,197,0,192,30,66,2,1,5,44,81,194,33,145,56,34,66,8,43,66,1,25,1,194,179,83,104,101,101,116,49,71,21,194,27,83,64,35,101,192,143,116,0,49,180,0,26,72,7,50,78,7,207,27,240,128,228,137,205,27,203,127,207,27,84,111,68,0,180,5,195,27,84,64,59,68,0,79,0,76,63,0,125,195,27,67,7,195,27,73,7,207,27,2,142,68,0,0,237,13,8,227,33,232,27,16,1,98,1,0,0,0,0,0,4,0,9,0,0,96,4,0,252,255,255,255,255,255,255,255,255,255,255,255,255,255,255,255,255,255,255,255,0,0,0,0,209,1,0,0,0,0,0,0,0,0,1,0,0,0,0,0,0,0,30,0,145,1,0,0,0,0,0,0,0,0,1,0,64,0,193,18,0,0,0,0,0,0,0,0,4,0,10,0,0,96,4,0,252,255,255,255,255,255,255,255,255,255,255,255,255,255,255,255,255,255,255,255,0,0,0,0,113,3,0,0,0,0,0,0,0,0,1,0,0,0,0,0,3,0,80,0,56,0,33,21,0,0,0,0,0,0,0,0,4,0,11,0,0,96,0,0,252,255,255,255,255,255,255,255,255,255,255,255,255,255,255,255,255,255,255,255,0,0,0,0,0,0,0,0,0,0,56,0,145,22,0,0,0,0,0,0,0,0,4,0,12,0,0,96,0,0,252,255,255,255,255,255,255,255,255,255,255,255,255,255,255,255,255,255,255,255,0,0,0,0,0,0,0,0,0,0,56,0,49,19,0,0,0,0,0,0,0,0,4,0,13,0,0,96,0,0,252,255,255,255,255,255,255,255,255,255,255,255,255,255,255,255,255,255,255,255,0,0,0,0,0,0,0,0,0,0,104,0,161,19,0,0,0,0,0,0,0,0,4,0,14,0,0,96,20,0,252,255,255,255,255,255,255,255,255,255,255,255,255,255,255,255,255,255,255,255,0,0,0,0,161,3
