0,1,0,254,255,3,10,0,0,255,255,255,255,32,8,2,0,0,0,0,0,192,0,0,0,0,0,0,70,28,0,0,0,203,232,241,242,32,77,105,99,114,111,115,111,102,116,32,79,102,102,105,99,101,32,69,120,99,101,108,0,6,0,0,0,66,105,102,102,56,0,14,0,0,0,69,120,99,101,108,46,83,104,101,101,116,46,56,0,244,57,178,113,0,0,0,0,0,0,0,0,0,0,0,0,,,,,,,,,,,,,,,,,,,,,,,,,,,,,,,,,,,,,,,,,,,,,,,,,,,,,,,,,,,,,,,,,,,,,,,,,,,,,,,,,,,,,,,,,,,,,,,,,,,,,,,,,,,,,,,,,,,,,,,,,,,,,,,,,,,,,,,,,,,,,,,,,,,,,,,,,,,,,,,,,,,,,,,,,,,,,,,,,,,,,,,,,,,,,,,,,,,,,,,,,,,,,,,,,,,,,,,,,,,,,,,,,,,,,,,,,,,,,,,,,,,,,,,,,,,,,,,,,,,,,,,,,,,,,,,,,,,,,,,,,,,,,,,,,,,,,,,,,,,,,,,,,,,,,,,,,,,,,,,,,,,,,,,,,,,,,,,,,,,,,,,,,,,,,,,,,,,,,,,,,,,,,,,,,,,,,,,,,,,,,,,,,,,,,,,,,,,,,,,,,,,,,,,,,,,,,,,,,,,,,,,,,,,,,,,,,,,,,,,,,,,,,,,,,,,,,,,,,,,,,,,,,,,,,,,,,,,,,,,,,,,,,,,,,,,,,,,,,,,,,,,,,,,,,,,,,,,,,,,,,,,,,,,,,,,,,,,,,,,,,,,,,,,,,,,,,,,,,,,,,,,,,,,,,,,,,,,,,,,,,,,,,,,,,,,,,,,,,,,,,,,,,,,,,,,,,,,,,,,,,,,,,,,,,,,,,,,,,,,,,,,,,,,,,,,,,,,,,,,,,,,,,,,,,,,,,,,,,,,,,,,,,,,,,,,,,,,,,,,,,,,,,,,,,,,,,,,,,,,,,,,,,,,,,,,,,,,,,,,,,,,,,,,,,,,,,,,,,,,,,,,,,,,,,,,,,,,,,,,,,,,,,,,,,,,,,,,,,,,,,,,,,,,,,,,,,,,,,,,,,,,,,,,,,,,,,,,,,,,,,,,,,,,,,,,,,,,,,,,,,,,,,,,,,,,,,,,,,,,,,,,,,,,,,,,,,,,,,,,,,,,,,,,,,,,,,,
0,254,255,0,0,6,1,2,0,0,0,0,0,0,0,0,0,0,0,0,0,0,0,0,0,1,0,0,0,2,213,205,213,156,46,27,16,147,151,8,0,43,44,249,174,48,0,0,0,188,0,0,0,8,0,0,0,1,0,0,0,72,0,0,0,23,0,0,0,80,0,0,0,11,0,0,0,88,0,0,0,16,0,0,0,96,0,0,0,19,0,0,0,104,0,0,0,22,0,0,0,112,0,0,0,13,0,0,0,120,0,0,0,12,0,0,0,158,0,0,0,2,0,0,0,227,4,0,0,3,0,0,0,15,39,11,0,11,0,0,0,0,0,0,0,11,0,0,0,0,0,0,0,11,0,0,0,0,0,0,0,11,0,0,0,0,0,0,0,30,16,0,0,3,0,0,0,6,0,0,0,203,232,241,242,49,0,6,0,0,0,203,232,241,242,50,0,6,0,0,0,203,232,241,242,51,0,12,16,0,0,2,0,0,0,30,0,0,0,6,0,0,0,203,232,241,242,251,0,3,0,0,0,3,0,0,0,,,,,,,,,,,,,,,,,,,,,,,,,,,,,,,,,,,,,,,,,,,,,,,,,,,,,,,,,,,,,,,,,,,,,,,,,,,,,,,,,,,,,,,,,,,,,,,,,,,,,,,,,,,,,,,,,,,,,,,,,,,,,,,,,,,,,,,,,,,,,,,,,,,,,,,,,,,,,,,,,,,,,,,,,,,,,,,,,,,,,,,,,,,,,,,,,,,,,,,,,,,,,,,,,,,,,,,,,,,,,,,,,,,,,,,,,,,,,,,,,,,,,,,,,,,,,,,,,,,,,,,,,,,,,,,,,,,,,,,,,,,,,,,,,,,,,,,,,,,,,,,,,,,,,,,,,,,,,,,,,,,,,,,,,,,,,,,,,,,,,,,,,,,,,,,,,,,,,,,,,,,,,,,,,,,,,,,,,,,,,,,,,,,,,,,,,,,,,,,,,,,,,,,,,,,,,,,,,,,,,,,,,,,,,,,,,,,,,,,,,,,,,,,,,,,,,,,,,,,,,,,,,,,,,,,,,,,,,,,,,,,,,,,,,,,,,,,,,,,,,,,,,,,,,,,,,,,,,,,,,,,,,,,,,,,,,,,,,,,,,,,,,,,,,,,,,,,,,,,,,,,,,,,,,,,,,,,,,,,,,,,,,,,,,,,,,,,,,,,,,,,,,,,,,,,,,,,,,,,,,,,,,,,,,,,,,,,,,,,,,,,,,,,,,,,,,,,,,,,,,,,,,,,,,,,,,,,,,,,,,,,,,,,,,,,,,,,,,,,,,,,,,,,,,,,,,,,,,,,,,,,,,,,,,,,,,,,,,,,,,,,,,,,,,,,,,,,,,,,,,,,,,,,,,,,,,,,,,,,,,,
0,254,255,0,0,6,1,2,0,0,0,0,0,0,0,0,0,0,0,0,0,0,0,0,0,1,0,0,0,224,133,159,242,249,79,104,16,171,145,8,0,43,39,179,217,48,0,0,0,168,0,0,0,7,0,0,0,1,0,0,0,64,0,0,0,4,0,0,0,72,0,0,0,8,0,0,0,84,0,0,0,18,0,0,0,112,0,0,0,12,0,0,0,136,0,0,0,13,0,0,0,148,0,0,0,19,0,0,0,160,0,0,0,2,0,0,0,227,4,0,0,30,0,0,0,4,0,0,0,49,0,0,0,30,0,0,0,20,0,0,0,77,105,99,114,111,115,111,102,116,32,79,102,102,105,99,101,0,0,0,0,30,0,0,0,16,0,0,0,77,105,99,114,111,115,111,102,116,32,69,120,99,101,108,0,64,0,0,0,0,197,206,241,135,202,208,1,64,0,0,0,128,73,26,162,127,24,209,1,3,0,0,0,0,0,0,0,0,0,6,0,0,0,203,232,241,242,251,0,3,0,0,0,3,0,0,0,,,,,,,,,,,,,,,,,,,,,,,,,,,,,,,,,,,,,,,,,,,,,,,,,,,,,,,,,,,,,,,,,,,,,,,,,,,,,,,,,,,,,,,,,,,,,,,,,,,,,,,,,,,,,,,,,,,,,,,,,,,,,,,,,,,,,,,,,,,,,,,,,,,,,,,,,,,,,,,,,,,,,,,,,,,,,,,,,,,,,,,,,,,,,,,,,,,,,,,,,,,,,,,,,,,,,,,,,,,,,,,,,,,,,,,,,,,,,,,,,,,,,,,,,,,,,,,,,,,,,,,,,,,,,,,,,,,,,,,,,,,,,,,,,,,,,,,,,,,,,,,,,,,,,,,,,,,,,,,,,,,,,,,,,,,,,,,,,,,,,,,,,,,,,,,,,,,,,,,,,,,,,,,,,,,,,,,,,,,,,,,,,,,,,,,,,,,,,,,,,,,,,,,,,,,,,,,,,,,,,,,,,,,,,,,,,,,,,,,,,,,,,,,,,,,,,,,,,,,,,,,,,,,,,,,,,,,,,,,,,,,,,,,,,,,,,,,,,,,,,,,,,,,,,,,,,,,,,,,,,,,,,,,,,,,,,,,,,,,,,,,,,,,,,,,,,,,,,,,,,,,,,,,,,,,,,,,,,,,,,,,,,,,,,,,,,,,,,,,,,,,,,,,,,,,,,,,,,,,,,,,,,,,,,,,,,,,,,,,,,,,,,,,,,,,,,,,,,,,,,,,,,,,,,,,,,,,,,,,,,,,,,,,,,,,,,,,,,,,,,,,,,,,,,,,,,,,,,,,,,,,,,,,,,,,,,,,,,,,,,,,,,,,,,,,,,,,,,,,,,,,,,,,,,,,,,,,,,,,,,,
0,9,8,16,0,0,6,5,0,220,32,205,7,201,128,1,0,6,3,0,0,225,0,2,0,176,4,193,0,2,0,0,0,226,0,0,0,92,0,112,0,16,0,0,77,105,99,114,111,115,111,102,116,32,79,102,102,105,99,101,32,32,32,32,32,32,32,32,32,32,32,32,32,32,32,32,32,32,32,32,32,32,32,32,32,32,32,32,32,32,32,32,32,32,32,32,32,32,32,32,32,32,32,32,32,32,32,32,32,32,32,32,32,32,32,32,32,32,32,32,32,32,32,32,32,32,32,32,32,32,32,32,32,32,32,32,32,32,32,32,32,32,32,32,32,32,32,32,32,32,32,32,32,66,0,2,0,176,4,97,1,2,0,0,0,192,1,0,0,61,1,6,0,1,0,2,0,3,0,211,0,0,0,186,1,19,0,8,0,1,45,4,66,4,48,4,26,4,61,4,56,4,51,4,48,4,156,0,2,0,14,0,25,0,2,0,0,0,18,0,2,0,0,0,19,0,2,0,0,0,175,1,2,0,0,0,188,1,2,0,0,0,61,0,18,0,104,1,60,0,240,75,246,39,56,0,0,0,0,0,1,0,88,2,64,0,2,0,0,0,141,0,2,0,0,0,34,0,2,0,0,0,14,0,2,0,1,0,183,1,2,0,0,0,218,0,2,0,0,0,49,0,34,0,200,0,0,0,255,127,144,1,0,0,0,0,204,26,9,1,65,0,114,0,105,0,97,0,108,0,32,0,67,0,121,0,114,0,49,0,34,0,200,0,0,0,255,127,144,1,0,0,0,0,204,26,9,1,65,0,114,0,105,0,97,0,108,0,32,0,67,0,121,0,114,0,49,0,34,0,200,0,0,0,255,127,144,1,0,0,0,0,204,26,9,1,65,0,114,0,105,0,97,0,108,0,32,0,67,0,121,0,114,0,49,0,34,0,200,0,0,0,255,127,144,1,0,0,0,0,204,26,9,1,65,0,114,0,105,0,97,0,108,0,32,0,67,0,121,0,114,0,49,0,34,0,160,0,0,0,255,127,144,1,0,0,0,0,204,26,9,1,65,0,114,0,105,0,97,0,108,0,32,0,67,0,121,0,114,0,49,0,34,0,200,0,0,0,255,127,144,1,0,0,0,0,204,26,9,1,65,0,114,0,105,0,97,0,108,0,32,0,67,0,121,0,114,0,49,0,30,0,220,0,0,0,8,0,144,1,0,0,0,2,204,26,7,1,67,0,97,0,108,0,105,0,98,0,114,0,105,0,49,0,30,0,220,0,0,0,9,0,144,1,0,0,0,2,204,26,7,1,67,0,97,0,108,0,105,0,98,0,114,0,105,0,49,0,30,0,220,0,0,0,62,0,144,1,0,0,0,2,204,26,7,1,67,0,97,0,108,0,105,0,98,0,114,0,105,0,49,0,30,0,220,0,1,0,63,0,188,2,0,0,0,2,204,26,7,1,67,0,97,0,108,0,105,0,98,0,114,0,105,0,49,0,30,0,220,0,1,0,52,0,188,2,0,0,0,2,204,26,7,1,67,0,97,0,108,0,105,0,98,0,114,0,105,0,49,0,30,0,44,1,1,0,56,0,188,2,0,0,0,2,204,26,7,1,67,0,97,0,108,0,105,0,98,0,114,0,105,0,49,0,30,0,4,1,1,0,56,0,188,2,0,0,0,2,204,26,7,1,67,0,97,0,108,0,105,0,98,0,114,0,105,0,49,0,30,0,220,0,1,0,56,0,188,2,0,0,0,2,204,26,7,1,67,0,97,0,108,0,105,0,98,0,114,0,105,0,49,0,30,0,220,0,1,0,8,0,188,2,0,0,0,2,204,26,7,1,67,0,97,0,108,0,105,0,98,0,114,0,105,0,49,0,30,0,220,0,1,0,9,0,188,2,0,0,0,2,204,26,7,1,67,0,97,0,108,0,105,0,98,0,114,0,105,0,49,0,30,0,104,1,1,0,56,0,188,2,0,0,0,2,204,26,7,1,67,0,97,0,109,0,98,0,114,0,105,0,97,0,49,0,30,0,220,0,0,0,60,0,144,1,0,0,0,2,204,26,7,1,67,0,97,0,108,0,105,0,98,0,114,0,105,0,49,0,30,0,220,0,0,0,20,0,144,1,0,0,0,2,204,26,7,1,67,0,97,0,108,0,105,0,98,0,114,0,105,0,49,0,30,0,220,0,2,0,23,0,144,1,0,0,0,2,204,26,7,1,67,0,97,0,108,0,105,0,98,0,114,0,105,0,49,0,30,0,220,0,0,0,52,0,144,1,0,0,0
0,73,68,61,34,123,49,53,51,67,48,51,53,50,45,66,55,52,53,45,52,52,70,70,45,66,49,57,54,45,49,66,56,68,48,68,66,65,55,68,54,69,125,34,13,10,68,111,99,117,109,101,110,116,61,221,242,224,202,237,232,227,224,47,38,72,48,48,48,48,48,48,48,48,13,10,68,111,99,117,109,101,110,116,61,203,232,241,242,49,47,38,72,48,48,48,48,48,48,48,48,13,10,68,111,99,117,109,101,110,116,61,203,232,241,242,50,47,38,72,48,48,48,48,48,48,48,48,13,10,68,111,99,117,109,101,110,116,61,203,232,241,242,51,47,38,72,48,48,48,48,48,48,48,48,13,10,77,111,100,117,108,101,61,77,111,100,117,108,101,50,13,10,77,111,100,117,108,101,61,77,111,100,117,108,101,49,13,10,78,97,109,101,61,34,86,66,65,80,114,111,106,101,99,116,34,13,10,72,101,108,112,67,111,110,116,101,120,116,73,68,61,34,48,34,13,10,86,101,114,115,105,111,110,67,111,109,112,97,116,105,98,108,101,51,50,61,34,51,57,51,50,50,50,48,48,48,34,13,10,67,77,71,61,34,65,67,65,69,52,65,57,50,53,54,57,67,53,65,57,67,53,65,57,67,53,65,57,67,53,65,34,13,10,68,80,66,61,34,66,50,66,48,53,52,57,48,53,66,57,49,53,66,57,49,53,66,34,13,10,71,67,61,34,66,56,66,65,53,69,65,49,53,70,65,49,53,70,53,69,34,13,10,13,10,91,72,111,115,116,32,69,120,116,101,110,100,101,114,32,73,110,102,111,93,13,10,38,72,48,48,48,48,48,48,48,49,61,123,51,56,51,50,68,54,52,48,45,67,70,57,48,45,49,49,67,70,45,56,69,52,51,45,48,48,65,48,67,57,49,49,48,48,53,65,125,59,86,66,69,59,38,72,48,48,48,48,48,48,48,48,13,10,13,10,91,87,111,114,107,115,112,97,99,101,93,13,10,221,242,224,202,237,232,227,224,61,50,53,44,32,50,53,44,32,49,48,56,52,44,32,52,48,55,44,32,13,10,203,232,241,242,49,61,49,51,48,44,32,49,51,48,44,32,49,50,57,48,44,32,54,54,49,44,32,13,10,203,232,241,242,50,61,48,44,32,48,44,32,48,44,32,48,44,32,67,13,10,203,232,241,242,51,61,50,54,44,32,50,54,44,32,49,50,54,52,44,32,51,52,54,44,32,13,10,77,111,100,117,108,101,50,61,55,53,44,32,55,53,44,32,49,49,51,52,44,32,52,53,55,44,32,90,13,10,77,111,100,117,108,101,49,61,49,48,48,44,32,49,48,48,44,32,49,49,53,57,44,32,52,56,50,44,32,13,10,67,0,97,0,108,0,105,0,98,0,114,0,105,0,49,0,30,0,220,0,1,0,63,0,188,2,0,0,0,2,204,26,7,1,67,0,97,0,108,0,105,0,98,0,114,0,105,0,49,0,30,0,220,0,1,0,52,0,188,2,0,0,0,2,204,26,7,1,67,0,97,0,108,0,105,0,98,0,114,0,105,0,49,0,30,0,44,1,1,0,56,0,188,2,0,0,0,2,204,26,7,1,67,0,97,0,108,0,105,0,98,0,114,0,105,0,49,0,30,0,4,1,1,0,56,0,188,2,0,0,0,2,204,26,7,1,67,0,97,0,108,0,105,0,98,0,114,0,105,0,49,0,30,0,220,0,1,0,56,0,188,2,0,0,0,2,204,26,7,1,67,0,97,0,108,0,105,0,98,0,114,0,105,0,49,0,30,0,220,0,1,0,8,0,188,2,0,0,0,2,204,26,7,1,67,0,97,0,108,0,105,0,98,0,114,0,105,0,49,0,30,0,220,0,1,0,9,0,188,2,0,0,0,2,204,26,7,1,67,0,97,0,108,0,105,0,98,0,114,0,105,0,49,0,30,0,104,1,1,0,56,0,188,2,0,0,0,2,204,26,7,1,67,0,97,0,109,0,98,0,114,0,105,0,97,0,49,0,30,0,220,0,0,0,60,0,144,1,0,0,0,2,204,26,7,1,67,0,97,0,108,0,105,0,98,0,114,0,105,0,49,0,30,0,220,0,0,0,20,0,144,1,0,0,0,2,204,26,7,1,67,0,97,0,108,0,105,0,98,0,114,0,105,0,49,0,30,0,220,0,2,0,23,0,144,1,0,0,0,2,204,26,7,1,67,0,97,0,108,0,105,0,98,0,114,0,105,0,49,0,30,0,220,0,0,0,52,0,144,1,0,0,0
0,221,242,224,202,237,232,227,224,0,45,4,66,4,48,4,26,4,61,4,56,4,51,4,48,4,0,0,203,232,241,242,49,0,27,4,56,4,65,4,66,4,49,0,0,0,203,232,241,242,50,0,27,4,56,4,65,4,66,4,50,0,0,0,203,232,241,242,51,0,27,4,56,4,65,4,66,4,51,0,0,0,77,111,100,117,108,101,50,0,77,0,111,0,100,0,117,0,108,0,101,0,50,0,0,0,77,111,100,117,108,101,49,0,77,0,111,0,100,0,117,0,108,0,101,0,49,0,0,0,0,0,99,117,109,101,110,116,61,203,232,241,242,51,47,38,72,48,48,48,48,48,48,48,48,13,10,77,111,100,117,108,101,61,77,111,100,117,108,101,50,13,10,77,111,100,117,108,101,61,77,111,100,117,108,101,49,13,10,78,97,109,101,61,34,86,66,65,80,114,111,106,101,99,116,34,13,10,72,101,108,112,67,111,110,116,101,120,116,73,68,61,34,48,34,13,10,86,101,114,115,105,111,110,67,111,109,112,97,116,105,98,108,101,51,50,61,34,51,57,51,50,50,50,48,48,48,34,13,10,67,77,71,61,34,65,67,65,69,52,65,57,50,53,54,57,67,53,65,57,67,53,65,57,67,53,65,57,67,53,65,34,13,10,68,80,66,61,34,66,50,66,48,53,52,57,48,53,66,57,49,53,66,57,49,53,66,34,13,10,71,67,61,34,66,56,66,65,53,69,65,49,53,70,65,49,53,70,53,69,34,13,10,13,10,91,72,111,115,116,32,69,120,116,101,110,100,101,114,32,73,110,102,111,93,13,10,38,72,48,48,48,48,48,48,48,49,61,123,51,56,51,50,68,54,52,48,45,67,70,57,48,45,49,49,67,70,45,56,69,52,51,45,48,48,65,48,67,57,49,49,48,48,53,65,125,59,86,66,69,59,38,72,48,48,48,48,48,48,48,48,13,10,13,10,91,87,111,114,107,115,112,97,99,101,93,13,10,221,242,224,202,237,232,227,224,61,50,53,44,32,50,53,44,32,49,48,56,52,44,32,52,48,55,44,32,13,10,203,232,241,242,49,61,49,51,48,44,32,49,51,48,44,32,49,50,57,48,44,32,54,54,49,44,32,13,10,203,232,241,242,50,61,48,44,32,48,44,32,48,44,32,48,44,32,67,13,10,203,232,241,242,51,61,50,54,44,32,50,54,44,32,49,50,54,52,44,32,51,52,54,44,32,13,10,77,111,100,117,108,101,50,61,55,53,44,32,55,53,44,32,49,49,51,52,44,32,52,53,55,44,32,90,13,10,77,111,100,117,108,101,49,61,49,48,48,44,32,49,48,48,44,32,49,49,53,57,44,32,52,56,50,44,32,13,10,67,0,97,0,108,0,105,0,98,0,114,0,105,0,49,0,30,0,220,0,1,0,63,0,188,2,0,0,0,2,204,26,7,1,67,0,97,0,108,0,105,0,98,0,114,0,105,0,49,0,30,0,220,0,1,0,52,0,188,2,0,0,0,2,204,26,7,1,67,0,97,0,108,0,105,0,98,0,114,0,105,0,49,0,30,0,44,1,1,0,56,0,188,2,0,0,0,2,204,26,7,1,67,0,97,0,108,0,105,0,98,0,114,0,105,0,49,0,30,0,4,1,1,0,56,0,188,2,0,0,0,2,204,26,7,1,67,0,97,0,108,0,105,0,98,0,114,0,105,0,49,0,30,0,220,0,1,0,56,0,188,2,0,0,0,2,204,26,7,1,67,0,97,0,108,0,105,0,98,0,114,0,105,0,49,0,30,0,220,0,1,0,8,0,188,2,0,0,0,2,204,26,7,1,67,0,97,0,108,0,105,0,98,0,114,0,105,0,49,0,30,0,220,0,1,0,9,0,188,2,0,0,0,2,204,26,7,1,67,0,97,0,108,0,105,0,98,0,114,0,105,0,49,0,30,0,104,1,1,0,56,0,188,2,0,0,0,2,204,26,7,1,67,0,97,0,109,0,98,0,114,0,105,0,97,0,49,0,30,0,220,0,0,0,60,0,144,1,0,0,0,2,204,26,7,1,67,0,97,0,108,0,105,0,98,0,114,0,105,0,49,0,30,0,220,0,0,0,20,0,144,1,0,0,0,2,204,26,7,1,67,0,97,0,108,0,105,0,98,0,114,0,105,0,49,0,30,0,220,0,2,0,23,0,144,1,0,0,0,2,204,26,7,1,67,0,97,0,108,0,105,0,98,0,114,0,105,0,49,0,30,0,220,0,0,0,52,0,144,1,0,0,0
0,1,22,1,0,3,240,0,0,0,60,22,0,0,212,0,0,0,176,1,0,0,255,255,255,255,106,22,0,0,242,75,0,0,0,0,0,0,1,0,0,0,106,204,58,226,0,0,255,255,3,0,0,0,0,0,0,0,182,0,255,255,1,1,0,0,0,0,255,255,255,255,0,0,0,0,255,255,24,0,255,255,0,0,0,0,0,0,0,0,0,0,0,0,0,0,0,0,0,0,0,0,0,0,0,0,0,0,0,0,0,0,0,0,0,0,0,0,0,0,0,0,0,0,0,0,0,0,0,0,0,0,0,0,0,0,16,0,0,0,3,0,0,0,5,0,0,0,7,0,0,0,255,255,255,255,255,255,255,255,1,1,8,0,0,0,255,255,255,255,120,0,0,0,2,0,0,0,0,0,0,0,0,0,0,0,0,0,0,0,0,0,0,0,0,0,0,0,0,0,0,0,0,0,0,0,0,255,255,0,0,0,0,77,69,0,0,255,255,255,255,255,255,0,0,0,0,255,255,0,0,0,0,255,255,1,1,0,0,0,0,223,0,255,255,0,0,0,0,4,0,255,255,255,255,255,255,255,255,255,255,255,255,255,255,255,255,255,255,255,255,255,255,255,255,255,255,255,255,255,255,255,255,255,255,255,255,255,255,255,255,255,255,255,255,255,255,255,255,255,255,255,255,255,255,255,255,255,255,255,255,255,255,255,255,255,255,255,255,255,255,255,255,255,255,255,255,255,255,255,255,255,255,255,255,255,255,255,255,255,255,255,255,255,255,255,255,255,255,255,255,255,255,255,255,255,255,255,255,255,255,255,255,255,255,255,255,255,255,255,255,255,255,255,255,255,255,255,255,40,0,0,0,0,0,54,10,255,255,255,255,0,0,0,0,2,60,8,0,255,255,0,0,0,0,2,60,12,0,255,255,0,0,0,0,2,60,255,255,255,255,0,0,255,255,1,1,0,0,0,0,0,0,1,0,0,0,16,15,0,0,1,1,0,20,0,0,1,0,116,0,0,0,0,0,255,255,255,255,240,31,0,0,80,132,242,2,255,255,255,255,255,255,255,255,2,0,255,255,0,0,0,0,0,19,0,0,80,132,194,2,255,255,255,255,255,255,255,255,2,0,255,255,0,0,0,0,96,11,0,0,43,18,24,2,255,255,255,255,18,0,0,96,0,0,0,0,255,255,255,255,255,255,255,255,0,0,0,0,0,0,0,0,255,255,255,255,0,0,0,0,128,0,0,0,11,0,255,255,255,255,18,0,37,0,37,0,0,0,140,3,0,3,0,0,105,131,72,2,255,255,255,255,255,255,255,255,8,1,255,255,0,0,0,0,160,0,0,0,128,1,0,0,255,255,255,255,105,131,236,2,255,255,255,255,255,255,255,255,8,1,255,255,0,0,0,0,192,0,0,0,128,1,0,0,255,255,255,255,105,131,238,2,255,255,255,255,255,255,255,255,8,1,255,255,0,0,0,0,255,255,255,255,128,1,0,0,255,255,255,255,80,132,66,2,255,255,255,255,255,255,255,255,2,0,255,255,0,0,0,0,255,255,255,255,80,132,192,2,255,255,255,255,255,255,255,255,2,0,255,255,0,0,0,0,8,10,0,0,80,132,200,2,255,255,255,255,255,255,255,255,2,0,255,255,0,0,0,0,0,0,0,0,80,132,202,2,255,255,255,255,255,255,255,255,2,0,255,255,0,0,0,0,0,0,0,0,43,18,216,2,64,0,0,0,17,0,0,96,0,0,0,0,255,255,255,255,255,255,255,255,0,0,0,0,0,0,0,0,255,255,255,255,0,0,0,0,128,1,0,0,8,0,255,255,255,255,17,0,55,0,55,0,0,0,140,4,0,1,0,0,89,131,218,2,255,255,255,255,255,255,255,255,8,0,255,255,0,0,0,0,160,1,0,0,132,0,0,0,0,0,0,0,89,131,220,2,255,255,255,255,255,255,255,255,8,0,255,255,0,0,0,0,192,1,0,0,132,0,0,0,0,0,0,0,89,131,222,2,255,255,255,255,255,255,255,255,8,1,255,255,0,0,0,0,224,1,0,0,128,1,0,0,0,0,0,0,89,131,224,2,255,255,255,255,255,255,255,255,8,1,255,255,0,0,0,0,255,255,255,255,128,1,0,0,184,114,62,0,96,132,198,2,255,255,255,255,255,255,255,255,2,0,255,255,0,0,0,0,0,0,0,0,43,18,210,2,64,1,0,0,16,0,0,96,0,0,0,0,255,255,255,255,255,255,255,255,0,0,0,0,0,0,0,0,255,255,255,255
1,1,22,1,0,3,240,0,0,0,36,15,0,0,212,0,0,0,176,1,0,0,255,255,255,255,82,15,0,0,22,79,0,0,0,0,0,0,1,0,0,0,106,204,171,130,0,0,255,255,3,0,0,0,0,0,0,0,182,0,255,255,1,1,0,0,0,0,255,255,255,255,0,0,0,0,255,255,4,0,255,255,0,0,0,0,0,0,0,0,0,0,0,0,0,0,0,0,0,0,0,0,0,0,0,0,0,0,0,0,0,0,0,0,0,0,0,0,0,0,0,0,0,0,0,0,0,0,0,0,0,0,0,0,0,0,16,0,0,0,3,0,0,0,5,0,0,0,7,0,0,0,255,255,255,255,255,255,255,255,1,1,8,0,0,0,255,255,255,255,120,0,0,0,2,0,0,0,0,0,0,0,0,0,0,0,0,0,0,0,0,0,0,0,0,0,0,0,0,0,0,0,0,0,0,0,0,255,255,0,0,0,0,77,69,0,0,255,255,255,255,255,255,0,0,0,0,255,255,0,0,0,0,255,255,1,1,0,0,0,0,223,0,255,255,0,0,0,0,4,0,255,255,255,255,255,255,255,255,255,255,255,255,255,255,255,255,255,255,255,255,255,255,255,255,255,255,255,255,255,255,255,255,255,255,255,255,255,255,255,255,255,255,255,255,255,255,255,255,255,255,255,255,255,255,255,255,255,255,255,255,255,255,255,255,255,255,255,255,255,255,255,255,255,255,255,255,255,255,255,255,255,255,255,255,255,255,255,255,255,255,255,255,255,255,255,255,255,255,255,255,255,255,255,255,255,255,255,255,255,255,255,255,255,255,255,255,255,255,255,255,255,255,255,255,255,255,255,255,40,0,0,0,0,0,54,10,255,255,255,255,0,0,0,0,2,60,8,0,255,255,0,0,0,0,2,60,12,0,255,255,0,0,0,0,2,60,255,255,255,255,0,0,255,255,1,1,0,0,0,0,0,0,1,0,0,0,200,11,0,0,1,1,232,12,0,0,43,18,26,2,40,12,0,0,0,0,0,96,0,0,0,0,255,255,255,255,255,255,255,255,0,0,0,0,0,0,0,0,255,255,255,255,0,0,0,0,64,0,0,0,8,0,255,255,255,255,0,0,161,0,161,0,0,0,140,4,0,3,0,0,105,131,104,2,255,255,255,255,255,255,255,255,8,0,255,255,0,0,0,0,96,0,0,0,132,0,0,0,0,0,0,0,105,131,106,2,255,255,255,255,255,255,255,255,8,0,255,255,0,0,0,0,128,0,0,0,132,0,0,0,0,0,0,0,105,131,248,2,255,255,255,255,255,255,255,255,11,1,255,255,0,0,0,0,160,0,0,0,128,1,0,0,76,0,255,255,105,131,250,2,255,255,255,255,255,255,255,255,11,1,255,255,0,0,0,0,255,255,255,255,128,1,0,0,255,255,255,255,32,132,252,2,255,255,255,255,255,255,255,255,240,0,0,0,0,0,0,0,11,0,255,255,1,0,18,0,2,0,0,0,0,0,0,0,0,0,0,0,0,0,0,0,0,0,0,0,27,0,216,0,0,0,2,0,32,132,58,2,255,255,255,255,255,255,255,255,40,1,0,0,0,0,0,0,16,48,145,5,1,0,18,0,4,0,0,0,0,0,0,0,0,0,0,0,0,0,0,0,0,0,0,0,27,0,16,1,0,0,8,0,80,132,66,2,255,255,255,255,255,255,255,255,2,0,255,255,0,0,0,0,23,4,48,4,80,132,192,2,255,255,255,255,255,255,255,255,2,0,255,255,0,0,0,0,104,1,0,0,32,132,254,2,255,255,255,255,255,255,255,255,144,1,0,0,0,0,0,0,2,1,255,255,0,0,0,0,16,0,0,0,0,0,0,0,0,0,0,0,80,132,68,2,255,255,255,255,27,8,120,1,0,0,12,0,32,132,164,0,255,255,255,255,255,255,255,255,200,1,0,0,0,0,0,0,0,0,0,0,1,0,18,0,4,0,0,0,0,0,0,0,0,0,0,0,0,0,0,0,0,0,0,0,27,0,176,1,0,0,8,0,32,132,0,3,255,255,255,255,255,255,255,255,0,2,0,0,0,0,0,0,255,255,255,255,1,0,18,0,4,0,0,0,0,0,0,0,0,0,0,0,0,0,0,0,0,0,0,0,27,0,232,1,0,0,8,0,32,132,72,2,255,255,255,255,255,255,255,255,56,2,0,0,0,0,0,0,39,8,66,2,1,0,18,0,4,0,0,0,0,0,0,0,0,0,0,0,0,0,0,0,0,0,0,0,27,0,32,2
1,204,97,121,0,0,1,0,255,25,4,0,0,9,4,0,0,227,4,1,0,0,0,0,0,0,0,0,0,1,0,4,0,2,0,250,0,42,0,92,0,71,0,123,0,48,0,48,0,48,0,50,0,48,0,52,0,69,0,70,0,45,0,48,0,48,0,48,0,48,0,45,0,48,0,48,0,48,0,48,0,45,0,67,0,48,0,48,0,48,0,45,0,48,0,48,0,48,0,48,0,48,0,48,0,48,0,48,0,48,0,48,0,52,0,54,0,125,0,35,0,52,0,46,0,48,0,35,0,57,0,35,0,67,0,58,0,92,0,80,0,82,0,79,0,71,0,82,0,65,0,126,0,50,0,92,0,67,0,79,0,77,0,77,0,79,0,78,0,126,0,49,0,92,0,77,0,73,0,67,0,82,0,79,0,83,0,126,0,49,0,92,0,86,0,66,0,65,0,92,0,86,0,66,0,65,0,54,0,92,0,86,0,66,0,69,0,54,0,46,0,68,0,76,0,76,0,35,0,86,0,105,0,115,0,117,0,97,0,108,0,32,0,66,0,97,0,115,0,105,0,99,0,32,0,70,0,111,0,114,0,32,0,65,0,112,0,112,0,108,0,105,0,99,0,97,0,116,0,105,0,111,0,110,0,115,0,0,0,0,0,0,0,0,0,0,0,0,0,28,1,42,0,92,0,71,0,123,0,48,0,48,0,48,0,50,0,48,0,56,0,49,0,51,0,45,0,48,0,48,0,48,0,48,0,45,0,48,0,48,0,48,0,48,0,45,0,67,0,48,0,48,0,48,0,45,0,48,0,48,0,48,0,48,0,48,0,48,0,48,0,48,0,48,0,48,0,52,0,54,0,125,0,35,0,49,0,46,0,53,0,35,0,48,0,35,0,67,0,58,0,92,0,80,0,114,0,111,0,103,0,114,0,97,0,109,0,32,0,70,0,105,0,108,0,101,0,115,0,32,0,40,0,120,0,56,0,54,0,41,0,92,0,77,0,105,0,99,0,114,0,111,0,115,0,111,0,102,0,116,0,32,0,79,0,102,0,102,0,105,0,99,0,101,0,92,0,79,0,70,0,70,0,73,0,67,0,69,0,49,0,49,0,92,0,69,0,88,0,67,0,69,0,76,0,46,0,69,0,88,0,69,0,35,0,77,0,105,0,99,0,114,0,111,0,115,0,111,0,102,0,116,0,32,0,69,0,120,0,99,0,101,0,108,0,32,0,49,0,49,0,46,0,48,0,32,0,79,0,98,0,106,0,101,0,99,0,116,0,32,0,76,0,105,0,98,0,114,0,97,0,114,0,121,0,0,0,0,0,0,0,0,0,0,0,0,0,188,0,42,0,92,0,71,0,123,0,48,0,48,0,48,0,50,0,48,0,52,0,51,0,48,0,45,0,48,0,48,0,48,0,48,0,45,0,48,0,48,0,48,0,48,0,45,0,67,0,48,0,48,0,48,0,45,0,48,0,48,0,48,0,48,0,48,0,48,0,48,0,48,0,48,0,48,0,52,0,54,0,125,0,35,0,50,0,46,0,48,0,35,0,48,0,35,0,67,0,58,0,92,0,87,0,105,0,110,0,100,0,111,0,119,0,115,0,92,0,83,0,121,0,115,0,87,0,79,0,87,0,54,0,52,0,92,0,115,0,116,0,100,0,111,0,108,0,101,0,50,0,46,0,116,0,108,0,98,0,35,0,79,0,76,0,69,0,32,0,65,0,117,0,116,0,111,0,109,0,97,0,116,0,105,0,111,0,110,0,0,0,0,0,0,0,0,0,0,0,0,0,52,1,42,0,92,0,71,0,123,0,50,0,68,0,70,0,56,0,68,0,48,0,52,0,67,0,45,0,53,0,66,0,70,0,65,0,45,0,49,0,48,0,49,0,66,0,45,0,66,0,68,0,69,0,53,0,45,0,48,0,48,0,65,0,65,0,48,0,48,0,52,0,52,0,68,0,69,0,53,0,50,0,125,0,35,0,50,0,46,0,51,0,35,0,48,0,35,0,67,0,58,0,92,0,80,0,114,0,111,0,103,0,114,0,97,0,109,0,32,0,70,0,105,0,108,0,101,0,115,0,32,0,40,0,120,0,56,0,54,0,41,0,92,0,67,0,111,0,109,0,109,0,111,0,110,0,32,0,70,0,105,0,108,0,101,0,115,0,92,0,77,0,105,0,99,0,114,0,111,0,115,0,111,0,102,0,116,0,32,0,83,0,104,0,97,0,114,0,101,0,100,0,92,0,79,0,70,0,70,0,73,0,67,0,69,0,49,0,49,0
1,147,75,42,121,1,0,16,0,0,0,255,255,0,0,0,0,1,0,2,0,255,255,0,0,0,0,1,0,2,0,4,0,0,0,0,0,1,0,0,0,4,0,0,0,0,0,1,0,2,0,5,0,0,0,0,0,1,0,0,0,5,0,0,0,0,0,1,0,5,0,5,0,5,0,5,0,5,0,5,0,5,0,5,0,5,0,5,0,0,0,114,85,128,1,0,0,128,0,0,0,128,0,0,0,128,0,0,0,4,0,0,126,1,0,0,126,1,0,0,126,1,0,0,126,1,0,0,126,7,0,0,126,2,0,0,126,7,0,0,126,7,0,0,126,7,0,0,126,2,0,0,126,76,0,0,127,0,0,0,0,21,0,0,0,9,0,0,0,0,0,1,0,8,0,0,0,0,0,0,0,81,1,0,0,0,0,0,0,149,55,62,245,94,146,60,74,139,204,21,90,174,95,34,139,1,0,9,4,0,0,25,4,0,0,227,4,0,0,0,0,0,0,2,0,255,255,255,255,6,0,2,10,0,0,255,255,255,255,255,255,255,255,255,255,255,255,0,0,0,0,185,0,0,0,0,0,0,0,2,10,0,0,255,255,255,255,255,255,255,255,255,255,255,255,0,0,0,0,217,0,0,0,0,0,0,0,2,10,0,0,255,255,255,255,255,255,255,255,255,255,255,255,0,0,0,0,241,0,0,0,0,0,0,0,2,10,0,0,255,255,255,255,255,255,255,255,255,255,255,255,0,0,0,0,9,1,0,0,0,0,0,0,1,136,32,0,9,0,0,0,0,0,3,0,177,8,0,0,0,0,0,0,255,255,255,255,72,1,0,0,0,0,0,0,255,255,255,255,19,0,169,5,0,0,0,0,0,0,233,5,0,0,0,0,0,0,17,6,0,0,0,0,0,0,105,6,0,0,0,0,0,0,161,6,0,0,0,0,0,0,225,6,0,0,0,0,0,0,9,7,0,0,0,0,0,0,65,7,0,0,0,0,0,0,113,7,0,0,0,0,0,0,169,7,0,0,0,0,0,0,209,7,0,0,0,0,0,0,9,8,0,0,0,0,0,0,249,7,0,0,0,0,0,0,33,8,0,0,0,0,0,0,49,8,0,0,0,0,0,0,65,8,0,0,0,0,0,0,97,8,0,0,0,0,0,0,121,8,0,0,0,0,0,0,153,8,0,0,0,0,0,0,255,255,0,0,33,1,0,0,0,0,0,0,1,136,32,0,9,0,0,0,0,0,5,0,41,11,0,0,0,0,0,0,255,255,255,255,136,1,0,0,0,0,0,0,255,255,255,255,13,0,1,9,0,0,0,0,0,0,57,6,0,0,0,0,0,0,33,9,0,0,0,0,0,0,73,9,0,0,0,0,0,0,153,9,0,0,0,0,0,0,177,9,0,0,0,0,0,0,217,9,0,0,0,0,0,0,1,10,0,0,0,0,0,0,41,10,0,0,0,0,0,0,97,10,0,0,0,0,0,0,161,10,0,0,0,0,0,0,209,10,0,0,0,0,0,0,249,10,0,0,0,0,0,0,255,255,0,0,57,1,0,0,0,0,0,0,4,0,17,2,0,0,0,0,0,0,0,0,0,0,0,0,0,0,0,0,0,0,0,0,0,0,41,3,0,0,0,0,0,0,0,0,0,0,0,0,0,0,0,0,0,0,0,0,0,0,9,4,0,0,0,0,0,0,0,0,0,0,0,0,0,0,0,0,0,0,0,0,0,0,57,5,0,0,0,0,0,0,0,0,0,0,0,0,0,0,0,0,0,0,0,0,0,0,3,0,0,2,8,0,0,0,221,242,224,202,237,232,227,224,2,0,0,2,5,0,0,0,203,232,241,242,49,2,0,0,2,5,0,0,0,203,232,241,242,50,2,0,0,2,5,0,0,0,203,232,241,242,51,2,0,0,2,7,0,0,0,77,111,100,117,108,101,49,2,0,0,2,7,0,0,0,77,111,100,117,108,101,50,3,0,0,2,10,0,0,0,86,66,65,80,114,111,106,101,99,116,4,0,0,3,239,4,2,0,0,0,0,0,192,0,0,0,0,0,0,70,12,0,0,2,47,0,0,0,67,58,92,80,82,79,71,82,65,126,50,92,67,79,77,77,79,78,126,49,92,77,73,67,82,79,83,126,49,92,86,66,65,92,86,66,65,54,92,86,66,69,54,46,68,76,76,1,0,0,2,3,0,0,0,86,66,65,10,0,0,10,113,1,0,0,0,0,0,0,255,255,255,255,4,0,0,0,9,0,0,0,153,1,0,0,0,0,0,0,1
1,114,85,0,1,0,0,0,0,0,0,128,0,0,0,128,0,0,0,0,0,0,0,10,0,0,0,9,0,0,0,0,0,0,0,255,255,255,255,255,255,255,255,255,255,255,255,0,0,0,0,255,255,255,255,255,255,255,255,255,255,255,255,255,255,255,255,9,0,0,0,0,0,2,0,9,0,0,0,0,0,4,0,1,0,0,8,2,0,0,0,105,116,2,0,0,8,5,0,0,0,115,116,97,114,116,3,0,0,8,10,0,0,0,114,111,111,116,95,111,114,100,101,114,1,0,0,8,2,0,0,0,99,104,1,0,0,8,1,0,0,0,105,1,0,0,8,1,0,0,0,115,1,0,0,8,2,0,0,0,115,49,1,0,0,8,2,0,0,0,83,50,4,0,0,8,15,0,0,0,117,110,107,110,111,119,110,95,101,108,101,109,101,110,116,2,0,0,8,6,0,0,0,116,101,109,112,95,73,1,0,0,8,1,0,0,0,88,1,0,0,8,2,0,0,0,115,116,1,0,0,8,2,0,0,0,108,97,1,0,0,8,3,0,0,0,115,113,114,1,0,0,8,3,0,0,0,105,116,101,2,0,0,8,5,0,0,0,115,113,114,95,118,1,0,0,8,2,0,0,0,116,121,1,0,0,8,1,0,0,0,65,1,0,0,8,1,0,0,0,98,2,0,0,8,5,0,0,0,111,117,116,95,65,2,0,0,8,5,0,0,0,111,117,116,95,98,1,0,0,8,1,0,0,0,90,2,0,0,8,6,0,0,0,111,108,100,76,101,110,1,0,0,8,2,0,0,0,105,49,1,0,0,8,2,0,0,0,105,50,1,0,0,8,3,0,0,0,111,73,49,1,0,0,8,3,0,0,0,111,73,50,2,0,0,8,4,0,0,0,112,97,114,97,2,0,0,8,5,0,0,0,105,116,101,109,48,3,0,0,8,9,0,0,0,105,115,95,115,105,109,112,108,101,3,0,0,8,9,0,0,0,99,97,108,95,102,108,111,97,116,1,0,0,8,2,0,0,0,101,113,2,0,0,8,4,0,0,0,105,116,101,109,2,0,0,8,5,0,0,0,114,101,95,101,113,1,0,0,8,2,0,0,0,115,48,1,0,0,8,2,0,0,0,114,101,2,0,0,8,4,0,0,0,115,105,103,49,2,0,0,8,4,0,0,0,115,105,103,50,2,0,0,8,4,0,0,0,105,110,116,49,2,0,0,8,4,0,0,0,105,110,116,50,1,0,0,8,3,0,0,0,116,115,49,2,0,0,8,4,0,0,0,114,101,95,115,1,0,0,8,3,0,0,0,118,95,115,3,0,0,8,8,0,0,0,110,95,115,116,114,105,110,103,2,0,0,8,1,0,0,0,110,4,0,0,8,14,0,0,0,115,101,116,95,110,101,119,95,110,117,109,98,101,114,122,0,0,127,0,0,0,0,0,0,0,0,41,10,0,0,0,0,0,0,97,10,0,0,0,0,0,0,161,10,0,0,0,0,0,0,209,10,0,0,0,0,0,0,249,10,0,0,0,0,0,0,255,255,0,0,57,1,0,0,0,0,0,0,4,0,17,2,0,0,0,0,0,0,0,0,0,0,0,0,0,0,0,0,0,0,0,0,0,0,41,3,0,0,0,0,0,0,0,0,0,0,0,0,0,0,0,0,0,0,0,0,0,0,9,4,0,0,0,0,0,0,0,0,0,0,0,0,0,0,0,0,0,0,0,0,0,0,57,5,0,0,0,0,0,0,0,0,0,0,0,0,0,0,0,0,0,0,0,0,0,0,3,0,0,2,8,0,0,0,221,242,224,202,237,232,227,224,2,0,0,2,5,0,0,0,203,232,241,242,49,2,0,0,2,5,0,0,0,203,232,241,242,50,2,0,0,2,5,0,0,0,203,232,241,242,51,2,0,0,2,7,0,0,0,77,111,100,117,108,101,49,2,0,0,2,7,0,0,0,77,111,100,117,108,101,50,3,0,0,2,10,0,0,0,86,66,65,80,114,111,106,101,99,116,4,0,0,3,239,4,2,0,0,0,0,0,192,0,0,0,0,0,0,70,12,0,0,2,47,0,0,0,67,58,92,80,82,79,71,82,65,126,50,92,67,79,77,77,79,78,126,49,92,77,73,67,82,79,83,126,49,92,86,66,65,92,86,66,65,54,92,86,66,69,54,46,68,76,76,1,0,0,2,3,0,0,0,86,66,65,10,0,0,10,113,1,0,0,0,0,0,0,255,255,255,255,4,0,0,0,9,0,0,0,153,1,0,0,0,0,0,0,1
0,114,85,128,0,0,0,0,0,0,0,128,0,0,0,128,0,0,0,0,0,0,0,16,0,0,0,9,0,0,0,0,0,3,0,255,255,255,255,255,255,255,255,0,0,0,0,28,0,0,0,4,0,60,0,129,0,0,0,0,0,3,0,0,0,0,96,20,0,252,255,255,255,255,255,255,255,255,255,255,255,0,0,0,0,97,0,0,0,0,0,1,0,113,0,0,0,0,0,1,0,137,0,0,0,0,0,1,0,169,0,0,0,0,0,1,0,185,0,0,0,0,0,1,0,0,0,0,0,3,16,6,38,48,38,40,0,169,0,0,0,0,0,3,0,1,0,0,96,4,0,253,255,255,255,255,255,255,255,255,255,255,255,0,0,0,0,201,0,0,0,0,0,1,0,0,0,0,0,5,16,40,0,209,0,0,0,0,0,3,0,2,0,0,96,4,0,253,255,255,255,255,255,255,255,255,255,255,255,0,0,0,0,97,0,0,0,0,0,1,0,0,0,0,0,5,48,48,0,249,0,0,0,0,0,3,0,3,0,0,96,12,0,253,255,255,255,255,255,255,255,255,255,255,255,0,0,0,0,217,0,0,0,0,0,1,0,233,0,0,0,0,0,1,0,249,0,0,0,0,0,1,0,0,0,0,0,16,16,16,48,40,0,33,1,0,0,0,0,3,0,4,0,0,96,4,0,253,255,255,255,255,255,255,255,255,255,255,255,0,0,0,0,33,1,0,0,0,0,1,0,0,0,0,0,16,16,48,0,73,1,0,0,0,0,3,0,5,0,0,96,12,0,253,255,255,255,255,255,255,255,255,255,255,255,0,0,0,0,201,0,0,0,0,0,1,0,57,1,0,0,0,0,1,0,73,1,0,0,0,0,1,0,0,0,0,0,3,16,16,6,56,0,113,1,0,0,0,0,3,0,6,0,0,96,16,0,253,255,255,255,255,255,255,255,255,255,255,255,0,0,0,0,201,0,0,0,0,0,1,0,73,1,0,0,0,0,1,0,89,1,0,0,0,0,1,0,105,1,0,0,0,0,1,0,0,0,0,0,16,16,6,38,48,60,0,153,1,0,0,0,0,3,0,7,0,0,96,20,0,253,255,255,255,255,255,255,255,255,255,255,255,0,0,0,0,121,1,0,0,0,0,1,0,73,1,0,0,0,0,1,0,201,0,0,0,0,0,1,0,137,1,0,0,0,0,1,0,105,1,0,0,0,0,1,0,0,0,0,0,5,16,38,48,48,48,48,0,193,1,0,0,0,0,3,0,8,0,0,96,12,0,253,255,255,255,255,255,255,255,255,255,255,255,0,0,0,0,201,0,0,0,0,0,1,0,161,1,0,0,0,0,1,0,217,0,0,0,0,0,1,0,0,0,0,0,16,16,37,48,44,0,233,1,0,0,0,0,3,0,9,0,0,96,8,0,253,255,255,255,255,255,255,255,255,255,255,255,0,0,0,0,177,1,0,0,0,0,1,0,193,1,0,0,0,0,1,0,0,0,0,0,8,8,8,44,0,17,2,0,0,0,0,3,0,10,0,0,96,8,0,253,255,255,255,255,255,255,255,255,255,255,255,0,0,0,0,177,1,0,0,0,0,1,0,193,1,0,0,0,0,1,0,0,0,0,0,8,8,8,44,0,57,2,0,0,0,0,3,0,11,0,0,96,8,0,253,255,255,255,255,255,255,255,255,255,255,255,0,0,0,0,177,1,0,0,0,0,1,0,193,1,0,0,0,0,1,0,0,0,0,0,8,8,8,56,0,97,2,0,0,0,0,3,0,12,0,0,96,16,0,253,255,255,255,255,255,255,255,255,255,255,255,0,0,0,0,177,1,0,0,0,0,1,0,193,1,0,0,0,0,1,0,209,1,0,0,0,0,1,0,233,1,0,0,0,0,1,0,0,0,0,0,8,8,8,40,40,44,0,137,2,0,0,0,0,3,0,13,0,0,96,8,0,253,255,255,255,255,255,255,255,255,255,255,255,0,0,0,0,177,1,0,0,0,0,1,0,193,1,0,0,0,0,1,0,0,0,0,0,6,6,6,44,0,177,2,0,0,0,0,3,0,14,0,0,96,8,0,253,255,255,255,255,255,255,255,255,255,255,255,0,0,0,0,177,1,0,0,0,0,1,0,193,1,0,0,0,0,1,0,0,0,0,0,6,38,38,44,0,217,2,0,0,0,0,3,0,15,0,0,96,8,0,253,255,255,255,255,255,255,255,255,255,255,255,0,0,0,0,201,0,0,0,0,0,1,0,161,1,0,0,0,0,1,0,0,0,0
0,114,85,128,0,0,0,128,0,0,0,128,0,0,0,128,0,0,0,2,0,0,126,124,0,0,127,0,0,0,0,14,0,0,0,9,0,0,0,0,0,0,0,9,0,0,0,0,0,2,0,8,0,0,0,0,0,3,0,0,0,0,0,0,0,0,0,255,255,255,255,255,255,255,255,255,255,255,255,255,255,255,255,255,255,255,255,255,255,255,255,255,255,255,255,255,255,255,255,255,255,255,255,255,255,255,255,255,255,255,255,255,255,255,255,255,255,255,255,255,255,255,255,255,255,255,255,255,255,255,255,255,255,255,255,255,255,255,255,255,255,255,255,4,0,0,18,0,0,4,0,0,18,1,0,4,0,0,18,2,0,4,0,0,18,3,0,4,0,0,18,4,0,4,0,0,18,5,0,4,0,0,18,6,0,4,0,0,18,7,0,4,0,0,18,8,0,4,0,0,18,9,0,4,0,0,18,10,0,4,0,0,18,11,0,4,0,0,18,12,0,4,0,0,18,13,0,4,0,0,18,14,0,4,0,0,18,15,0,4,0,0,18,16,0,4,0,0,18,17,0,4,0,0,18,18,0,17,0,0,127,0,0,0,0,1,0,233,0,0,0,0,0,1,0,249,0,0,0,0,0,1,0,0,0,0,0,16,16,16,48,40,0,33,1,0,0,0,0,3,0,4,0,0,96,4,0,253,255,255,255,255,255,255,255,255,255,255,255,0,0,0,0,33,1,0,0,0,0,1,0,0,0,0,0,16,16,48,0,73,1,0,0,0,0,3,0,5,0,0,96,12,0,253,255,255,255,255,255,255,255,255,255,255,255,0,0,0,0,201,0,0,0,0,0,1,0,57,1,0,0,0,0,1,0,73,1,0,0,0,0,1,0,0,0,0,0,3,16,16,6,56,0,113,1,0,0,0,0,3,0,6,0,0,96,16,0,253,255,255,255,255,255,255,255,255,255,255,255,0,0,0,0,201,0,0,0,0,0,1,0,73,1,0,0,0,0,1,0,89,1,0,0,0,0,1,0,105,1,0,0,0,0,1,0,0,0,0,0,16,16,6,38,48,60,0,153,1,0,0,0,0,3,0,7,0,0,96,20,0,253,255,255,255,255,255,255,255,255,255,255,255,0,0,0,0,121,1,0,0,0,0,1,0,73,1,0,0,0,0,1,0,201,0,0,0,0,0,1,0,137,1,0,0,0,0,1,0,105,1,0,0,0,0,1,0,0,0,0,0,5,16,38,48,48,48,48,0,193,1,0,0,0,0,3,0,8,0,0,96,12,0,253,255,255,255,255,255,255,255,255,255,255,255,0,0,0,0,201,0,0,0,0,0,1,0,161,1,0,0,0,0,1,0,217,0,0,0,0,0,1,0,0,0,0,0,16,16,37,48,44,0,233,1,0,0,0,0,3,0,9,0,0,96,8,0,253,255,255,255,255,255,255,255,255,255,255,255,0,0,0,0,177,1,0,0,0,0,1,0,193,1,0,0,0,0,1,0,0,0,0,0,8,8,8,44,0,17,2,0,0,0,0,3,0,10,0,0,96,8,0,253,255,255,255,255,255,255,255,255,255,255,255,0,0,0,0,177,1,0,0,0,0,1,0,193,1,0,0,0,0,1,0,0,0,0,0,8,8,8,44,0,57,2,0,0,0,0,3,0,11,0,0,96,8,0,253,255,255,255,255,255,255,255,255,255,255,255,0,0,0,0,177,1,0,0,0,0,1,0,193,1,0,0,0,0,1,0,0,0,0,0,8,8,8,56,0,97,2,0,0,0,0,3,0,12,0,0,96,16,0,253,255,255,255,255,255,255,255,255,255,255,255,0,0,0,0,177,1,0,0,0,0,1,0,193,1,0,0,0,0,1,0,209,1,0,0,0,0,1,0,233,1,0,0,0,0,1,0,0,0,0,0,8,8,8,40,40,44,0,137,2,0,0,0,0,3,0,13,0,0,96,8,0,253,255,255,255,255,255,255,255,255,255,255,255,0,0,0,0,177,1,0,0,0,0,1,0,193,1,0,0,0,0,1,0,0,0,0,0,6,6,6,44,0,177,2,0,0,0,0,3,0,14,0,0,96,8,0,253,255,255,255,255,255,255,255,255,255,255,255,0,0,0,0,177,1,0,0,0,0,1,0,193,1,0,0,0,0,1,0,0,0,0,0,6,38,38,44,0,217,2,0,0,0,0,3,0,15,0,0,96,8,0,253,255,255,255,255,255,255,255,255,255,255,255,0,0,0,0,201,0,0,0,0,0,1,0,161,1,0,0,0,0,1,0,0,0,0
0,114,85,128,0,0,0,0,0,0,0,128,0,0,0,128,0,0,0,0,0,0,0,16,0,0,0,9,0,0,0,0,0,5,0,255,255,255,255,255,255,255,255,0,0,0,0,8,0,0,0,4,0,56,0,129,0,0,0,0,0,5,0,0,0,0,96,16,0,253,255,255,255,255,255,255,255,255,255,255,255,0,0,0,0,217,0,0,0,0,0,1,0,233,0,0,0,0,0,1,0,153,2,0,0,0,0,1,0,185,2,0,0,0,0,1,0,0,0,0,0,16,16,16,35,35,40,0,169,0,0,0,0,0,5,0,1,0,0,96,4,0,253,255,255,255,255,255,255,255,255,255,255,255,0,0,0,0,201,0,0,0,0,0,1,0,0,0,0,0,3,48,40,0,209,0,0,0,0,0,5,0,2,0,0,96,4,0,253,255,255,255,255,255,255,255,255,255,255,255,0,0,0,0,201,0,0,0,0,0,1,0,0,0,0,0,16,16,48,0,249,0,0,0,0,0,5,0,3,0,0,96,12,0,253,255,255,255,255,255,255,255,255,255,255,255,0,0,0,0,217,2,0,0,0,0,1,0,233,2,0,0,0,0,1,0,1,3,0,0,0,0,1,0,0,0,0,0,16,16,16,48,56,0,33,1,0,0,0,0,5,0,4,0,0,96,16,0,253,255,255,255,255,255,255,255,255,255,255,255,0,0,0,0,25,3,0,0,0,0,1,0,217,0,0,0,0,0,1,0,233,0,0,0,0,0,1,0,41,3,0,0,0,0,1,0,0,0,0,0,0,16,16,48,48,48,0,73,1,0,0,0,0,5,0,5,0,0,96,12,0,253,255,255,255,255,255,255,255,255,255,255,255,0,0,0,0,201,0,0,0,0,0,1,0,57,3,0,0,0,0,1,0,81,3,0,0,0,0,1,0,0,0,0,0,6,48,48,48,44,0,113,1,0,0,0,0,5,0,6,0,0,96,8,0,253,255,255,255,255,255,255,255,255,255,255,255,0,0,0,0,217,0,0,0,0,0,1,0,233,0,0,0,0,0,1,0,0,0,0,0,16,16,16,44,0,153,1,0,0,0,0,5,0,7,0,0,96,8,0,253,255,255,255,255,255,255,255,255,255,255,255,0,0,0,0,105,3,0,0,0,0,1,0,129,3,0,0,0,0,1,0,0,0,0,0,0,38,38,40,0,193,1,0,0,0,0,5,0,8,0,0,96,4,0,253,255,255,255,255,255,255,255,255,255,255,255,0,0,0,0,153,3,0,0,0,0,1,0,0,0,0,0,3,48,44,0,233,1,0,0,0,0,5,0,9,0,0,96,8,0,253,255,255,255,255,255,255,255,255,255,255,255,0,0,0,0,153,3,0,0,0,0,1,0,169,3,0,0,0,0,1,0,0,0,0,0,3,48,38,44,0,17,2,0,0,0,0,5,0,10,0,0,96,8,0,253,255,255,255,255,255,255,255,255,255,255,255,0,0,0,0,217,0,0,0,0,0,1,0,233,0,0,0,0,0,1,0,0,0,0,0,16,48,48,40,0,57,2,0,0,0,0,5,0,11,0,0,96,4,0,253,255,255,255,255,255,255,255,255,255,255,255,0,0,0,0,193,3,0,0,0,0,1,0,0,0,0,0,16,16,48,0,97,2,0,0,0,0,5,0,12,0,0,96,12,0,253,255,255,255,255,255,255,255,255,255,255,255,0,0,0,0,209,3,0,0,0,0,1,0,241,3,0,0,0,0,1,0,9,4,0,0,0,0,1,0,4,0,0,0,11,0,0,0,6,48,6,163,0,0,0,0,0,0,110,0,0,127,0,0,0,0,0,0,0,0,177,1,0,0,0,0,1,0,193,1,0,0,0,0,1,0,209,1,0,0,0,0,1,0,233,1,0,0,0,0,1,0,0,0,0,0,8,8,8,40,40,44,0,137,2,0,0,0,0,3,0,13,0,0,96,8,0,253,255,255,255,255,255,255,255,255,255,255,255,0,0,0,0,177,1,0,0,0,0,1,0,193,1,0,0,0,0,1,0,0,0,0,0,6,6,6,44,0,177,2,0,0,0,0,3,0,14,0,0,96,8,0,253,255,255,255,255,255,255,255,255,255,255,255,0,0,0,0,177,1,0,0,0,0,1,0,193,1,0,0,0,0,1,0,0,0,0,0,6,38,38,44,0,217,2,0,0,0,0,3,0,15,0,0,96,8,0,253,255,255,255,255,255,255,255,255,255,255,255,0,0,0,0,201,0,0,0,0,0,1,0,161,1,0,0,0,0,1,0,0,0,0
0,114,85,128,0,0,0,128,0,0,0,128,0,0,0,128,0,0,0,2,0,0,126,124,0,0,127,0,0,0,0,14,0,0,0,9,0,0,0,0,0,0,0,9,0,0,0,0,0,4,0,8,0,0,0,0,0,5,0,0,0,0,0,0,0,0,0,255,255,255,255,255,255,255,255,255,255,255,255,255,255,255,255,255,255,255,255,255,255,255,255,255,255,255,255,255,255,255,255,255,255,255,255,255,255,255,255,255,255,255,255,255,255,255,255,255,255,255,255,4,0,0,18,0,0,4,0,0,18,1,0,4,0,0,18,2,0,4,0,0,18,3,0,4,0,0,18,4,0,4,0,0,18,5,0,4,0,0,18,6,0,4,0,0,18,7,0,4,0,0,18,8,0,4,0,0,18,9,0,4,0,0,18,10,0,4,0,0,18,11,0,4,0,0,18,12,0,47,0,0,127,0,0,0,0,0,0,0,0,0,1,0,0,0,0,0,16,16,48,0,249,0,0,0,0,0,5,0,3,0,0,96,12,0,253,255,255,255,255,255,255,255,255,255,255,255,0,0,0,0,217,2,0,0,0,0,1,0,233,2,0,0,0,0,1,0,1,3,0,0,0,0,1,0,0,0,0,0,16,16,16,48,56,0,33,1,0,0,0,0,5,0,4,0,0,96,16,0,253,255,255,255,255,255,255,255,255,255,255,255,0,0,0,0,25,3,0,0,0,0,1,0,217,0,0,0,0,0,1,0,233,0,0,0,0,0,1,0,41,3,0,0,0,0,1,0,0,0,0,0,0,16,16,48,48,48,0,73,1,0,0,0,0,5,0,5,0,0,96,12,0,253,255,255,255,255,255,255,255,255,255,255,255,0,0,0,0,201,0,0,0,0,0,1,0,57,3,0,0,0,0,1,0,81,3,0,0,0,0,1,0,0,0,0,0,6,48,48,48,44,0,113,1,0,0,0,0,5,0,6,0,0,96,8,0,253,255,255,255,255,255,255,255,255,255,255,255,0,0,0,0,217,0,0,0,0,0,1,0,233,0,0,0,0,0,1,0,0,0,0,0,16,16,16,44,0,153,1,0,0,0,0,5,0,7,0,0,96,8,0,253,255,255,255,255,255,255,255,255,255,255,255,0,0,0,0,105,3,0,0,0,0,1,0,129,3,0,0,0,0,1,0,0,0,0,0,0,38,38,40,0,193,1,0,0,0,0,5,0,8,0,0,96,4,0,253,255,255,255,255,255,255,255,255,255,255,255,0,0,0,0,153,3,0,0,0,0,1,0,0,0,0,0,3,48,44,0,233,1,0,0,0,0,5,0,9,0,0,96,8,0,253,255,255,255,255,255,255,255,255,255,255,255,0,0,0,0,153,3,0,0,0,0,1,0,169,3,0,0,0,0,1,0,0,0,0,0,3,48,38,44,0,17,2,0,0,0,0,5,0,10,0,0,96,8,0,253,255,255,255,255,255,255,255,255,255,255,255,0,0,0,0,217,0,0,0,0,0,1,0,233,0,0,0,0,0,1,0,0,0,0,0,16,48,48,40,0,57,2,0,0,0,0,5,0,11,0,0,96,4,0,253,255,255,255,255,255,255,255,255,255,255,255,0,0,0,0,193,3,0,0,0,0,1,0,0,0,0,0,16,16,48,0,97,2,0,0,0,0,5,0,12,0,0,96,12,0,253,255,255,255,255,255,255,255,255,255,255,255,0,0,0,0,209,3,0,0,0,0,1,0,241,3,0,0,0,0,1,0,9,4,0,0,0,0,1,0,4,0,0,0,11,0,0,0,6,48,6,163,0,0,0,0,0,0,110,0,0,127,0,0,0,0,0,0,0,0,177,1,0,0,0,0,1,0,193,1,0,0,0,0,1,0,209,1,0,0,0,0,1,0,233,1,0,0,0,0,1,0,0,0,0,0,8,8,8,40,40,44,0,137,2,0,0,0,0,3,0,13,0,0,96,8,0,253,255,255,255,255,255,255,255,255,255,255,255,0,0,0,0,177,1,0,0,0,0,1,0,193,1,0,0,0,0,1,0,0,0,0,0,6,6,6,44,0,177,2,0,0,0,0,3,0,14,0,0,96,8,0,253,255,255,255,255,255,255,255,255,255,255,255,0,0,0,0,177,1,0,0,0,0,1,0,193,1,0,0,0,0,1,0,0,0,0,0,6,38,38,44,0,217,2,0,0,0,0,3,0,15,0,0,96,8,0,253,255,255,255,255,255,255,255,255,255,255,255,0,0,0,0,201,0,0,0,0,0,1,0,161,1,0,0,0,0,1,0,0,0,0
0,1,106,178,128,1,0,4,0,0,0,1,0,48,42,2,2,144,9,0,112,20,6,72,3,0,130,2,0,100,227,4,4,0,10,0,28,0,86,66,65,80,114,111,106,101,136,99,116,5,0,52,0,0,64,2,20,106,6,2,10,61,2,10,7,2,114,1,20,8,5,6,18,9,2,18,189,142,255,87,20,148,0,12,2,74,60,2,10,22,0,1,114,128,115,116,100,111,108,101,62,2,25,0,115,0,116,0,100,0,111,0,128,108,0,101,0,13,0,104,0,37,2,94,0,3,42,92,71,123,48,48,128,48,50,48,52,51,48,45,0,8,29,4,4,67,0,10,2,14,1,18,48,48,52,0,54,125,35,50,46,48,35,48,0,35,67,58,92,87,105,110,100,0,111,119,115,92,83,121,115,87,32,79,87,54,52,92,3,101,50,46,0,116,108,98,35,79,76,69,32,0,65,117,116,111,109,97,116,105,28,111,110,0,96,0,1,131,69,79,102,102,68,105,99,132,69,79,0,102,128,0,105,212,0,99,130,69,164,128,17,154,128,1,129,69,0,50,68,70,56,68,48,52,67,0,45,53,66,70,65,45,49,48,128,49,66,45,66,68,69,53,128,69,212,65,65,128,67,52,128,5,50,136,69,128,152,0,103,114,97,109,32,70,105,108,0,101,115,32,40,120,56,54,41,128,92,67,111,109,109,111,110,3,9,0,92,77,105,99,114,111,115,111,0,102,116,32,83,104,97,114,101,0,100,92,79,70,70,73,67,69,0,49,49,92,77,83,79,46,68,24,76,76,35,135,16,131,80,32,49,49,32,46,48,32,79,98,129,196,32,76,192,105,98,114,97,114,121,0,78,0,1,34,15,130,215,6,0,19,130,3,106,204,8,25,0,8,128,10,221,242,224,202,128,237,232,227,224,71,0,16,128,6,0,45,4,66,4,48,4,26,4,96,61,4,56,4,51,129,4,202,8,50,69,210,8,28,192,13,0,0,72,66,1,49,181,194,115,113,192,137,30,66,2,1,5,44,194,27,40,105,233,34,66,8,43,66,1,25,0,129,65,137,203,232,241,242,49,71,130,143,138,27,0,28,65,0,31,49,0,26,135,6,134,50,140,6,79,26,53,3,0,0,77,26,84,153,96,83,26,50,75,26,50,72,26,50,73,75,26,50,0,99,26,147,31,83,26,51,85,75,26,51,72,26,51,75,26,51,100,26,104,10,111,75,26,7,64,81,77,111,100,117,52,108,101,192,79,14,1,3,128,198,100,0,206,117,130,199,193,80,8,8,50,0,15,8,207,55,68,248,75,79,82,58,226,33,64,11,0,254,0,101,54,135,10,96,41,141,10,225,41,8,4,175,14,201,177,42,28,79,175,14,171,130,169,14,161,82,0,0,0,0,0,0,0,3,48,38,44,0,17,2,0,0,0,0,5,0,10,0,0,96,8,0,253,255,255,255,255,255,255,255,255,255,255,255,0,0,0,0,217,0,0,0,0,0,1,0,233,0,0,0,0,0,1,0,0,0,0,0,16,48,48,40,0,57,2,0,0,0,0,5,0,11,0,0,96,4,0,253,255,255,255,255,255,255,255,255,255,255,255,0,0,0,0,193,3,0,0,0,0,1,0,0,0,0,0,16,16,48,0,97,2,0,0,0,0,5,0,12,0,0,96,12,0,253,255,255,255,255,255,255,255,255,255,255,255,0,0,0,0,209,3,0,0,0,0,1,0,241,3,0,0,0,0,1,0,9,4,0,0,0,0,1,0,4,0,0,0,11,0,0,0,6,48,6,163,0,0,0,0,0,0,110,0,0,127,0,0,0,0,0,0,0,0,177,1,0,0,0,0,1,0,193,1,0,0,0,0,1,0,209,1,0,0,0,0,1,0,233,1,0,0,0,0,1,0,0,0,0,0,8,8,8,40,40,44,0,137,2,0,0,0,0,3,0,13,0,0,96,8,0,253,255,255,255,255,255,255,255,255,255,255,255,0,0,0,0,177,1,0,0,0,0,1,0,193,1,0,0,0,0,1,0,0,0,0,0,6,6,6,44,0,177,2,0,0,0,0,3,0,14,0,0,96,8,0,253,255,255,255,255,255,255,255,255,255,255,255,0,0,0,0,177,1,0,0,0,0,1,0,193,1,0,0,0,0,1,0,0,0,0,0,6,38,38,44,0,217,2,0,0,0,0,3,0,15,0,0,96,8,0,253,255,255,255,255,255,255,255,255,255,255,255,0,0,0,0,201,0,0,0,0,0,1,0,161,1,0,0,0,0,1,0,0,0,0
0,1,22,1,0,1,240,0,0,0,212,2,0,0,212,0,0,0,0,2,0,0,255,255,255,255,219,2,0,0,47,3,0,0,0,0,0,0,1,0,0,0,106,204,153,96,0,0,255,255,35,0,0,0,136,0,0,0,182,0,255,255,1,1,0,0,0,0,255,255,255,255,0,0,0,0,255,255,255,255,255,255,0,0,0,0,0,0,0,0,0,0,0,0,0,0,0,0,0,0,0,0,0,0,0,0,0,0,0,0,0,0,0,0,0,0,0,0,0,0,0,0,0,0,0,0,0,0,0,0,0,0,0,0,0,0,16,0,0,0,3,0,0,0,5,0,0,0,7,0,0,0,255,255,255,255,255,255,255,255,1,1,8,0,0,0,255,255,255,255,120,0,0,0,8,0,0,0,0,0,0,0,0,0,0,0,0,0,0,0,0,0,0,0,0,0,0,0,0,0,0,0,0,0,0,0,0,255,255,0,0,0,0,77,69,0,0,255,255,255,255,255,255,0,0,0,0,255,255,0,0,0,0,255,255,1,1,0,0,0,0,223,0,255,255,0,0,0,0,12,0,255,255,255,255,255,255,255,255,255,255,255,255,255,255,255,255,255,255,255,255,255,255,255,255,255,255,255,255,255,255,255,255,255,255,255,255,255,255,255,255,255,255,255,255,255,255,255,255,255,255,255,255,255,255,255,255,255,255,255,255,255,255,255,255,255,255,255,255,255,255,255,255,255,255,255,255,255,255,255,255,255,255,255,255,255,255,255,255,255,255,255,255,255,255,255,255,255,255,255,255,255,255,255,255,255,255,255,255,255,255,255,255,255,255,255,255,255,255,255,255,255,255,255,255,255,255,255,255,40,0,0,0,2,0,83,76,255,255,255,255,0,0,1,0,83,16,255,255,255,255,0,0,1,0,83,148,255,255,255,255,0,0,0,0,2,60,255,255,255,255,0,0,255,255,1,1,0,0,0,0,1,0,78,0,48,0,123,0,48,0,48,0,48,0,50,0,48,0,56,0,50,0,48,0,45,0,48,0,48,0,48,0,48,0,45,0,48,0,48,0,48,0,48,0,45,0,67,0,48,0,48,0,48,0,45,0,48,0,48,0,48,0,48,0,48,0,48,0,48,0,48,0,48,0,48,0,52,0,54,0,125,0,6,0,0,0,255,255,255,255,1,1,72,0,0,0,2,128,254,255,255,255,255,255,16,0,255,255,40,0,0,0,2,1,255,255,0,0,0,0,0,0,0,0,255,255,255,255,255,255,255,255,0,0,0,0,29,0,0,0,37,0,0,0,255,255,255,255,72,0,0,0,255,255,255,255,48,0,0,0,255,255,255,255,40,0,0,0,0,0,0,0,0,0,1,0,0,0,0,0,0,0,0,0,255,255,255,255,255,255,255,255,255,255,255,255,0,0,0,0,255,255,255,255,255,255,255,255,255,255,255,255,255,255,255,255,255,255,255,255,0,0,0,0,255,255,255,255,255,255,255,255,255,255,255,255,255,255,255,255,255,255,255,255,0,0,0,0,1,0,0,0,255,255,255,255,255,255,255,255,0,0,0,0,255,255,255,255,255,255,255,255,255,255,255,255,255,255,255,255,255,255,255,255,255,255,255,255,1,0,56,0,0,0,189,142,255,87,20,0,223,0,0,0,0,0,0,0,0,0,0,0,0,0,0,0,0,0,0,0,0,0,0,0,0,0,0,0,0,0,0,0,0,0,0,0,0,0,0,0,0,0,0,0,0,0,0,0,0,0,0,0,0,0,0,0,0,0,0,0,0,254,202,1,0,0,0,255,255,255,255,1,1,8,0,0,0,255,255,255,255,120,0,0,0,255,255,255,255,0,0,1,167,176,0,65,116,116,114,105,98,117,116,0,101,32,86,66,95,78,97,109,0,101,32,61,32,34,203,232,241,32,242,49,34,13,10,10,224,66,97,2,115,2,112,48,123,48,48,48,50,96,48,56,50,48,45,0,32,4,16,67,7,0,20,2,28,1,36,48,48,52,54,125,129,13,124,71,108,111,98,97,108,1,194,16,83,112,97,99,1,146,70,97,108,4,115,101,12,200,67,114,101,97,116,8,97,98,108,21,31,80,114,101,100,144,101,99,108,97,0,6,73,100,0,170,8,84,114,117,13,66,69,120,112,111,4,115,101,20,28,84,101,109,112,108,0,97,116,101,68,101,114,105,118,3,2,36,146,66,117,115,116,111,109,105,6,122,4,68,3,50,255,255,255,0,0,0,0,201,0,0,0,0,0,1,0,161,1,0,0,0,0,1,0,0,0,0
0,1,22,1,0,1,240,0,0,0,212,2,0,0,212,0,0,0,0,2,0,0,255,255,255,255,219,2,0,0,47,3,0,0,0,0,0,0,1,0,0,0,106,204,147,31,0,0,255,255,35,0,0,0,136,0,0,0,182,0,255,255,1,1,0,0,0,0,255,255,255,255,0,0,0,0,255,255,255,255,255,255,0,0,0,0,0,0,0,0,0,0,0,0,0,0,0,0,0,0,0,0,0,0,0,0,0,0,0,0,0,0,0,0,0,0,0,0,0,0,0,0,0,0,0,0,0,0,0,0,0,0,0,0,0,0,16,0,0,0,3,0,0,0,5,0,0,0,7,0,0,0,255,255,255,255,255,255,255,255,1,1,8,0,0,0,255,255,255,255,120,0,0,0,8,0,0,0,0,0,0,0,0,0,0,0,0,0,0,0,0,0,0,0,0,0,0,0,0,0,0,0,0,0,0,0,0,255,255,0,0,0,0,77,69,0,0,255,255,255,255,255,255,0,0,0,0,255,255,0,0,0,0,255,255,1,1,0,0,0,0,223,0,255,255,0,0,0,0,12,0,255,255,255,255,255,255,255,255,255,255,255,255,255,255,255,255,255,255,255,255,255,255,255,255,255,255,255,255,255,255,255,255,255,255,255,255,255,255,255,255,255,255,255,255,255,255,255,255,255,255,255,255,255,255,255,255,255,255,255,255,255,255,255,255,255,255,255,255,255,255,255,255,255,255,255,255,255,255,255,255,255,255,255,255,255,255,255,255,255,255,255,255,255,255,255,255,255,255,255,255,255,255,255,255,255,255,255,255,255,255,255,255,255,255,255,255,255,255,255,255,255,255,255,255,255,255,255,255,40,0,0,0,2,0,83,76,255,255,255,255,0,0,1,0,83,16,255,255,255,255,0,0,1,0,83,148,255,255,255,255,0,0,0,0,2,60,255,255,255,255,0,0,255,255,1,1,0,0,0,0,1,0,78,0,48,0,123,0,48,0,48,0,48,0,50,0,48,0,56,0,50,0,48,0,45,0,48,0,48,0,48,0,48,0,45,0,48,0,48,0,48,0,48,0,45,0,67,0,48,0,48,0,48,0,45,0,48,0,48,0,48,0,48,0,48,0,48,0,48,0,48,0,48,0,48,0,52,0,54,0,125,0,6,0,0,0,255,255,255,255,1,1,72,0,0,0,2,128,254,255,255,255,255,255,16,0,255,255,40,0,0,0,2,1,255,255,0,0,0,0,0,0,0,0,255,255,255,255,255,255,255,255,0,0,0,0,29,0,0,0,37,0,0,0,255,255,255,255,72,0,0,0,255,255,255,255,48,0,0,0,255,255,255,255,40,0,0,0,0,0,0,0,0,0,1,0,0,0,0,0,0,0,0,0,255,255,255,255,255,255,255,255,255,255,255,255,0,0,0,0,255,255,255,255,255,255,255,255,255,255,255,255,255,255,255,255,255,255,255,255,0,0,0,0,255,255,255,255,255,255,255,255,255,255,255,255,255,255,255,255,255,255,255,255,0,0,0,0,0,0,0,0,255,255,255,255,255,255,255,255,0,0,0,0,255,255,255,255,255,255,255,255,255,255,255,255,255,255,255,255,255,255,255,255,255,255,255,255,1,0,56,0,0,0,189,142,255,87,20,0,223,0,0,0,0,0,0,0,0,0,0,0,0,0,0,0,0,0,0,0,0,0,0,0,0,0,0,0,0,0,0,0,0,0,0,0,0,0,0,0,0,0,0,0,0,0,0,0,0,0,0,0,0,0,0,0,0,0,0,0,0,254,202,1,0,0,0,255,255,255,255,1,1,8,0,0,0,255,255,255,255,120,0,0,0,255,255,255,255,0,0,1,167,176,0,65,116,116,114,105,98,117,116,0,101,32,86,66,95,78,97,109,0,101,32,61,32,34,203,232,241,32,242,50,34,13,10,10,224,66,97,2,115,2,112,48,123,48,48,48,50,96,48,56,50,48,45,0,32,4,16,67,7,0,20,2,28,1,36,48,48,52,54,125,129,13,124,71,108,111,98,97,108,1,194,16,83,112,97,99,1,146,70,97,108,4,115,101,12,200,67,114,101,97,116,8,97,98,108,21,31,80,114,101,100,144,101,99,108,97,0,6,73,100,0,170,8,84,114,117,13,66,69,120,112,111,4,115,101,20,28,84,101,109,112,108,0,97,116,101,68,101,114,105,118,3,2,36,146,66,117,115,116,111,109,105,6,122,4,68,3,50,255,255,255,0,0,0,0,201,0,0,0,0,0,1,0,161,1,0,0,0,0,1,0,0,0,0
0,1,22,1,0,1,240,0,0,0,212,2,0,0,212,0,0,0,0,2,0,0,255,255,255,255,219,2,0,0,47,3,0,0,0,0,0,0,1,0,0,0,106,204,104,111,0,0,255,255,35,0,0,0,136,0,0,0,182,0,255,255,1,1,0,0,0,0,255,255,255,255,0,0,0,0,255,255,255,255,255,255,0,0,0,0,0,0,0,0,0,0,0,0,0,0,0,0,0,0,0,0,0,0,0,0,0,0,0,0,0,0,0,0,0,0,0,0,0,0,0,0,0,0,0,0,0,0,0,0,0,0,0,0,0,0,16,0,0,0,3,0,0,0,5,0,0,0,7,0,0,0,255,255,255,255,255,255,255,255,1,1,8,0,0,0,255,255,255,255,120,0,0,0,8,0,0,0,0,0,0,0,0,0,0,0,0,0,0,0,0,0,0,0,0,0,0,0,0,0,0,0,0,0,0,0,0,255,255,0,0,0,0,77,69,0,0,255,255,255,255,255,255,0,0,0,0,255,255,0,0,0,0,255,255,1,1,0,0,0,0,223,0,255,255,0,0,0,0,12,0,255,255,255,255,255,255,255,255,255,255,255,255,255,255,255,255,255,255,255,255,255,255,255,255,255,255,255,255,255,255,255,255,255,255,255,255,255,255,255,255,255,255,255,255,255,255,255,255,255,255,255,255,255,255,255,255,255,255,255,255,255,255,255,255,255,255,255,255,255,255,255,255,255,255,255,255,255,255,255,255,255,255,255,255,255,255,255,255,255,255,255,255,255,255,255,255,255,255,255,255,255,255,255,255,255,255,255,255,255,255,255,255,255,255,255,255,255,255,255,255,255,255,255,255,255,255,255,255,40,0,0,0,2,0,83,76,255,255,255,255,0,0,1,0,83,16,255,255,255,255,0,0,1,0,83,148,255,255,255,255,0,0,0,0,2,60,255,255,255,255,0,0,255,255,1,1,0,0,0,0,1,0,78,0,48,0,123,0,48,0,48,0,48,0,50,0,48,0,56,0,50,0,48,0,45,0,48,0,48,0,48,0,48,0,45,0,48,0,48,0,48,0,48,0,45,0,67,0,48,0,48,0,48,0,45,0,48,0,48,0,48,0,48,0,48,0,48,0,48,0,48,0,48,0,48,0,52,0,54,0,125,0,6,0,0,0,255,255,255,255,1,1,72,0,0,0,2,128,254,255,255,255,255,255,16,0,255,255,40,0,0,0,2,1,255,255,0,0,0,0,0,0,0,0,255,255,255,255,255,255,255,255,0,0,0,0,29,0,0,0,37,0,0,0,255,255,255,255,72,0,0,0,255,255,255,255,48,0,0,0,255,255,255,255,40,0,0,0,0,0,0,0,0,0,1,0,0,0,0,0,0,0,0,0,255,255,255,255,255,255,255,255,255,255,255,255,0,0,0,0,255,255,255,255,255,255,255,255,255,255,255,255,255,255,255,255,255,255,255,255,0,0,0,0,255,255,255,255,255,255,255,255,255,255,255,255,255,255,255,255,255,255,255,255,0,0,0,0,0,0,0,0,255,255,255,255,255,255,255,255,0,0,0,0,255,255,255,255,255,255,255,255,255,255,255,255,255,255,255,255,255,255,255,255,255,255,255,255,1,0,56,0,0,0,189,142,255,87,20,0,223,0,0,0,0,0,0,0,0,0,0,0,0,0,0,0,0,0,0,0,0,0,0,0,0,0,0,0,0,0,0,0,0,0,0,0,0,0,0,0,0,0,0,0,0,0,0,0,0,0,0,0,0,0,0,0,0,0,0,0,0,254,202,1,0,0,0,255,255,255,255,1,1,8,0,0,0,255,255,255,255,120,0,0,0,255,255,255,255,0,0,1,167,176,0,65,116,116,114,105,98,117,116,0,101,32,86,66,95,78,97,109,0,101,32,61,32,34,203,232,241,32,242,51,34,13,10,10,224,66,97,2,115,2,112,48,123,48,48,48,50,96,48,56,50,48,45,0,32,4,16,67,7,0,20,2,28,1,36,48,48,52,54,125,129,13,124,71,108,111,98,97,108,1,194,16,83,112,97,99,1,146,70,97,108,4,115,101,12,200,67,114,101,97,116,8,97,98,108,21,31,80,114,101,100,144,101,99,108,97,0,6,73,100,0,170,8,84,114,117,13,66,69,120,112,111,4,115,101,20,28,84,101,109,112,108,0,97,116,101,68,101,114,105,118,3,2,36,146,66,117,115,116,111,109,105,6,122,4,68,3,50,255,255,255,0,0,0,0,201,0,0,0,0,0,1,0,161,1,0,0,0,0,1,0,0,0,0
0,1,22,1,0,1,240,0,0,0,20,3,0,0,212,0,0,0,0,2,0,0,255,255,255,255,27,3,0,0,107,4,0,0,0,0,0,0,1,0,0,0,106,204,105,233,0,0,255,255,35,0,0,0,136,0,0,0,182,0,255,255,1,1,0,0,0,0,255,255,255,255,0,0,0,0,255,255,255,255,255,255,0,0,0,0,0,0,0,0,0,0,0,0,0,0,0,0,0,0,0,0,0,0,0,0,0,0,0,0,0,0,0,0,0,0,0,0,0,0,0,0,0,0,0,0,0,0,0,0,0,0,0,0,0,0,16,0,0,0,3,0,0,0,5,0,0,0,7,0,0,0,255,255,255,255,255,255,255,255,1,1,8,0,0,0,255,255,255,255,120,0,0,0,8,0,0,0,0,0,0,0,0,0,0,0,0,0,0,0,0,0,0,0,0,0,0,0,0,0,0,0,0,0,0,0,0,255,255,0,0,0,0,77,69,0,0,255,255,255,255,255,255,0,0,0,0,255,255,0,0,0,0,255,255,1,1,0,0,0,0,223,0,255,255,0,0,0,0,12,0,255,255,255,255,255,255,255,255,255,255,255,255,255,255,255,255,255,255,255,255,255,255,255,255,255,255,255,255,255,255,255,255,255,255,255,255,255,255,255,255,255,255,255,255,255,255,255,255,255,255,255,255,255,255,255,255,255,255,255,255,255,255,255,255,255,255,255,255,255,255,255,255,255,255,255,255,255,255,255,255,255,255,255,255,255,255,255,255,255,255,255,255,255,255,255,255,255,255,255,255,255,255,255,255,255,255,255,255,255,255,255,255,255,255,255,255,255,255,255,255,255,255,255,255,255,255,255,255,40,0,0,0,2,0,83,76,255,255,255,255,0,0,1,0,83,16,255,255,255,255,0,0,1,0,83,148,255,255,255,255,0,0,0,0,2,60,255,255,255,255,0,0,255,255,1,1,0,0,0,0,1,0,78,0,48,0,123,0,48,0,48,0,48,0,50,0,48,0,56,0,49,0,57,0,45,0,48,0,48,0,48,0,48,0,45,0,48,0,48,0,48,0,48,0,45,0,67,0,48,0,48,0,48,0,45,0,48,0,48,0,48,0,48,0,48,0,48,0,48,0,48,0,48,0,48,0,52,0,54,0,125,0,6,0,0,0,255,255,255,255,1,1,136,0,0,0,12,17,22,2,255,255,255,255,255,255,255,255,0,0,0,0,255,255,255,255,255,255,255,255,0,0,0,0,0,0,0,0,255,255,255,255,0,0,0,0,255,255,255,255,255,255,255,255,255,255,255,255,11,0,11,0,0,0,148,0,0,0,0,0,2,128,254,255,255,255,255,255,16,0,255,255,104,0,0,0,2,1,255,255,64,0,0,0,0,0,0,0,255,255,255,255,255,255,255,255,0,0,0,0,29,0,0,0,37,0,0,0,255,255,255,255,8,0,0,0,0,0,0,0,255,255,255,255,255,255,255,255,104,0,0,0,1,0,1,0,0,0,1,0,0,0,0,0,0,0,0,0,0,0,0,0,255,255,255,255,255,255,255,255,64,0,0,0,255,255,255,255,255,255,255,255,0,0,0,0,255,255,255,255,255,255,255,255,64,0,0,0,255,255,255,255,255,255,255,255,255,255,255,255,255,255,255,255,255,255,255,255,0,0,0,0,1,0,0,0,255,255,255,255,255,255,255,255,0,0,0,0,255,255,255,255,255,255,255,255,255,255,255,255,255,255,255,255,255,255,255,255,255,255,255,255,2,0,120,0,0,0,189,142,255,87,20,0,223,0,0,0,0,0,0,0,0,0,0,0,0,0,0,0,0,0,0,0,0,0,0,0,0,0,0,0,0,0,0,0,0,0,0,0,0,0,0,0,0,0,0,0,0,0,0,0,0,0,0,0,0,0,0,0,0,0,0,0,0,254,202,1,0,11,0,34,129,8,0,6,0,0,0,0,0,0,0,0,129,8,0,18,0,0,0,8,0,0,0,0,129,8,0,18,0,0,0,32,0,0,0,0,129,8,0,10,0,0,0,56,0,0,0,0,129,8,0,18,0,0,0,72,0,0,0,0,129,8,0,14,0,0,0,96,0,0,0,4,129,8,0,2,0,0,0,112,0,0,0,0,128,9,0,0,0,0,0,255,255,255,255,0,128,9,0,0,0,0,0,255,255,255,255,0,128,9,0,0,0,0,0,255,255,255,255,0,128,9,0,0,0,0,0,255,255,255,255,120,0,0,0,1,1,128,0,0,0,150,4,0,0,0,0,0,0,182,0,0,0,182,0,0
