0,73,68,61,34,123,69,57,51,65,50,53,69,65,45,68,48,54,53,45,52,70,57,53,45,65,53,55,69,45,67,50,66,53,68,49,50,57,55,67,51,49,125,34,13,10,68,111,99,117,109,101,110,116,61,84,104,105,115,87,111,114,107,98,111,111,107,47,38,72,48,48,48,48,48,48,48,48,13,10,68,111,99,117,109,101,110,116,61,119,73,110,100,105,118,105,100,117,97,108,47,38,72,48,48,48,48,48,48,48,48,13,10,68,111,99,117,109,101,110,116,61,119,65,117,116,111,114,47,38,72,48,48,48,48,48,48,48,48,13,10,68,111,99,117,109,101,110,116,61,119,77,97,115,105,118,97,47,38,72,48,48,48,48,48,48,48,48,13,10,77,111,100,117,108,101,61,109,85,110,118,105,101,119,97,98,108,101,13,10,77,111,100,117,108,101,61,109,85,110,118,105,101,119,97,98,108,101,13,10,77,111,100,117,108,101,61,109,85,110,118,105,101,119,97,98,108,101,13,10,77,111,100,117,108,101,61,109,85,110,118,105,101,119,97,98,108,101,13,10,77,111,100,117,108,101,61,109,85,110,118,105,101,119,97,98,108,101,13,10,77,111,100,117,108,101,61,109,85,110,118,105,101,119,97,98,108,101,13,10,77,111,100,117,108,101,61,109,85,110,118,105,101,119,97,98,108,101,13,10,77,111,100,117,108,101,61,109,85,110,118,105,101,119,97,98,108,101,13,10,77,111,100,117,108,101,61,109,85,110,118,105,101,119,97,98,108,101,13,10,77,111,100,117,108,101,61,109,85,110,118,105,101,119,97,98,108,101,13,10,77,111,100,117,108,101,61,109,85,110,118,105,101,119,97,98,108,101,13,10,77,111,100,117,108,101,61,109,85,110,118,105,101,119,97,98,108,101,13,10,77,111,100,117,108,101,61,109,85,110,118,105,101,119,97,98,108,101,13,10,77,111,100,117,108,101,61,109,85,110,118,105,101,119,97,98,108,101,13,10,77,111,100,117,108,101,61,109,85,110,118,105,101,119,97,98,108,101,13,10,77,111,100,117,108,101,61,109,85,110,118,105,101,119,97,98,108,101,13,10,77,111,100,117,108,101,61,109,85,110,118,105,101,119,97,98,108,101,13,10,77,111,100,117,108,101,61,109,85,110,118,105,101,119,97,98,108,101,13,10,77,111,100,117,108,101,61,109,85,110,118,105,101,119,97,98,108,101,13,10,77,111,100,117,108,101,61,109,85,110,118,105,101,119,97,98,108,101,13,10,77,111,100,117,108,101,61,109,85,110,118,105,101,119,97,98,108,101,13,10,77,111,100,117,108,101,61,109,85,110,118,105,101,119,97,98,108,101,13,10,77,111,100,117,108,101,61,109,85,110,118,105,101,119,97,98,108,101,13,10,77,111,100,117,108,101,61,109,85,110,118,105,101,119,97,98,108,101,13,10,77,111,100,117,108,101,61,109,85,110,118,105,101,119,97,98,108,101,13,10,77,111,100,117,108,101,61,109,85,110,118,105,101,119,97,98,108,101,13,10,77,111,100,117,108,101,61,109,85,110,118,105,101,119,97,98,108,101,13,10,77,111,100,117,108,101,61,109,85,110,118,105,101,119,97,98,108,101,13,10,77,111,100,117,108,101,61,109,85,110,118,105,101,119,97,98,108,101,13,10,77,111,100,117,108,101,61,109,85,110,118,105,101,119,97,98,108,101,13,10,77,111,100,117,108,101,61,109,85,110,118,105,101,119,97,98,108,101,13,10,77,111,100,117,108,101,61,109,85,110,118,105,101,119,97,98,108,101,13,10,77,111,100,117,108,101,61,109,85,110,118,105,101,119,97,98,108,101,13,10,77,111,100,117,108,101,61,109,85,110,118,105,101,119,97,98,108,101,13,10,77,111,100,117,108,101,61,109,85,110,118,105,101,119,97,98,108,101,13,10,77,111,100,117,108,101,61,109,85,110,118,105,101,119,97,98,108,101,13,10,77,111,100,117,108,101,61,109,85,110,118,105,101,119,97,98,108,101,13,10,77,111,100,117,108,101,61,109,85,110,118,105,101,119,97,98,108,101,13,10,77,111,100,117,108,101,61,109,85,110,118,105,101,119,97,98,108,101,13,10,77,111,100,117,108,101,61,109,85,110,118,105,101,119,97,98,108,101,13,10,77,111,100,117,108,101,61,109,85,110,118,105,101,119,97,98,108,101,13,10,77,111,100,117,108,101,61,109,85,110,118,105,101,119,97,98,108,101,13,10,77,111,100,117,108,101,61,109,85
0,84,104,105,115,87,111,114,107,98,111,111,107,0,84,0,104,0,105,0,115,0,87,0,111,0,114,0,107,0,98,0,111,0,111,0,107,0,0,0,119,73,110,100,105,118,105,100,117,97,108,0,119,0,73,0,110,0,100,0,105,0,118,0,105,0,100,0,117,0,97,0,108,0,0,0,119,65,117,116,111,114,0,119,0,65,0,117,0,116,0,111,0,114,0,0,0,119,77,97,115,105,118,97,0,119,0,77,0,97,0,115,0,105,0,118,0,97,0,0,0,109,85,110,118,105,101,119,97,98,108,101,0,109,0,85,0,110,0,118,0,105,0,101,0,119,0,97,0,98,0,108,0,101,0,0,0,109,85,110,118,105,101,119,97,98,108,101,0,109,0,85,0,110,0,118,0,105,0,101,0,119,0,97,0,98,0,108,0,101,0,0,0,109,85,110,118,105,101,119,97,98,108,101,0,109,0,85,0,110,0,118,0,105,0,101,0,119,0,97,0,98,0,108,0,101,0,0,0,109,85,110,118,105,101,119,97,98,108,101,0,109,0,85,0,110,0,118,0,105,0,101,0,119,0,97,0,98,0,108,0,101,0,0,0,109,85,110,118,105,101,119,97,98,108,101,0,109,0,85,0,110,0,118,0,105,0,101,0,119,0,97,0,98,0,108,0,101,0,0,0,109,85,110,118,105,101,119,97,98,108,101,0,109,0,85,0,110,0,118,0,105,0,101,0,119,0,97,0,98,0,108,0,101,0,0,0,109,85,110,118,105,101,119,97,98,108,101,0,109,0,85,0,110,0,118,0,105,0,101,0,119,0,97,0,98,0,108,0,101,0,0,0,109,85,110,118,105,101,119,97,98,108,101,0,109,0,85,0,110,0,118,0,105,0,101,0,119,0,97,0,98,0,108,0,101,0,0,0,109,85,110,118,105,101,119,97,98,108,101,0,109,0,85,0,110,0,118,0,105,0,101,0,119,0,97,0,98,0,108,0,101,0,0,0,109,85,110,118,105,101,119,97,98,108,101,0,109,0,85,0,110,0,118,0,105,0,101,0,119,0,97,0,98,0,108,0,101,0,0,0,109,85,110,118,105,101,119,97,98,108,101,0,109,0,85,0,110,0,118,0,105,0,101,0,119,0,97,0,98,0,108,0,101,0,0,0,109,85,110,118,105,101,119,97,98,108,101,0,109,0,85,0,110,0,118,0,105,0,101,0,119,0,97,0,98,0,108,0,101,0,0,0,109,85,110,118,105,101,119,97,98,108,101,0,109,0,85,0,110,0,118,0,105,0,101,0,119,0,97,0,98,0,108,0,101,0,0,0,109,85,110,118,105,101,119,97,98,108,101,0,109,0,85,0,110,0,118,0,105,0,101,0,119,0,97,0,98,0,108,0,101,0,0,0,109,85,110,118,105,101,119,97,98,108,101,0,109,0,85,0,110,0,118,0,105,0,101,0,119,0,97,0,98,0,108,0,101,0,0,0,109,85,110,118,105,101,119,97,98,108,101,0,109,0,85,0,110,0,118,0,105,0,101,0,119,0,97,0,98,0,108,0,101,0,0,0,109,85,110,118,105,101,119,97,98,108,101,0,109,0,85,0,110,0,118,0,105,0,101,0,119,0,97,0,98,0,108,0,101,0,0,0,109,85,110,118,105,101,119,97,98,108,101,0,109,0,85,0,110,0,118,0,105,0,101,0,119,0,97,0,98,0,108,0,101,0,0,0,109,85,110,118,105,101,119,97,98,108,101,0,109,0,85,0,110,0,118,0,105,0,101,0,119,0,97,0,98,0,108,0,101,0,0,0,109,85,110,118,105,101,119,97,98,108,101,0,109,0,85,0,110,0,118,0,105,0,101,0,119,0,97,0,98,0,108,0,101,0,0,0,109,85,110,118,105,101,119,97,98,108,101,0,109,0,85,0,110,0,118,0,105,0,101,0,119,0,97,0,98,0,108,0,101,0,0,0,109,85,110,118,105,101,119,97,98,108,101,0,109,0,85,0,110,0,118,0,105,0,101,0,119,0,97,0,98,0,108,0,101,0,0,0,109,85,110,118,105,101,119,97,98,108,101,0,109,0,85,0,110,0,118,0,105,0,101,0,119,0,97,0,98,0,108,0,101,0,0,0,109,85,110,118,105,101,119,97,98,108,101,0,109,0,85,0,110,0,118,0,105,0,101,0,119,0,97,0,98,0,108,0,101,0,0,0,109,85,110,118,105,101,119,97,98,108,101,0,109,0,85,0,110,0,118,0,105,0,101,0,119,0,97,0,98,0,108,0,101,0
0,1,22,3,0,6,240,0,0,0,170,60,0,0,212,0,0,0,208,2,0,0,255,255,255,255,155,62,0,0,135,98,0,0,6,0,0,0,1,0,0,0,18,218,227,81,0,0,255,255,3,0,0,0,0,0,0,0,182,0,255,255,1,1,0,0,0,0,255,255,255,255,0,0,0,0,255,255,48,0,255,255,0,0,0,0,0,0,0,0,0,0,0,0,0,0,0,0,0,0,0,0,0,0,0,0,0,0,0,0,0,0,0,0,0,0,0,0,0,0,0,0,0,0,0,0,0,0,0,0,0,0,0,0,0,0,16,0,0,0,3,0,0,0,5,0,0,0,7,0,0,0,255,255,255,255,255,255,255,255,1,1,8,0,0,0,255,255,255,255,120,0,0,0,2,0,0,0,0,0,0,0,0,0,0,0,0,0,0,0,0,0,0,0,0,0,0,0,0,0,0,0,0,0,0,0,0,255,255,0,0,0,0,77,69,0,0,255,255,255,255,255,255,0,0,0,0,255,255,0,0,0,0,255,255,1,1,0,0,0,0,223,0,255,255,0,0,0,0,176,0,255,255,255,255,255,255,255,255,255,255,8,0,255,255,255,255,255,255,255,255,255,255,255,255,255,255,255,255,255,255,255,255,255,255,0,0,255,255,255,255,255,255,255,255,255,255,255,255,255,255,255,255,255,255,255,255,255,255,255,255,255,255,255,255,255,255,255,255,255,255,255,255,255,255,255,255,255,255,255,255,255,255,255,255,255,255,255,255,255,255,255,255,255,255,255,255,255,255,255,255,255,255,255,255,255,255,255,255,255,255,255,255,255,255,255,255,255,255,255,255,255,255,255,255,255,255,255,255,64,1,0,0,1,0,48,76,255,255,142,2,0,0,1,0,33,148,255,255,0,0,0,0,0,0,62,10,255,255,255,255,0,0,0,0,26,8,255,255,255,255,0,0,0,0,26,8,255,255,255,255,0,0,0,0,26,148,255,255,255,255,0,0,0,0,26,76,255,255,255,255,0,0,0,0,26,76,255,255,255,255,0,0,0,0,26,20,255,255,255,255,0,0,0,0,26,76,255,255,255,255,0,0,1,0,42,76,255,255,255,255,0,0,0,0,26,76,255,255,255,255,0,0,1,0,42,76,255,255,255,255,0,0,1,0,170,34,255,255,255,255,0,0,0,0,26,76,255,255,255,255,0,0,0,0,26,16,255,255,255,255,0,0,0,0,26,0,255,255,255,255,0,0,0,0,26,76,255,255,255,255,0,0,0,0,26,0,255,255,255,255,0,0,0,0,26,76,255,255,255,255,0,0,0,0,154,34,255,255,255,255,0,0,0,0,26,76,255,255,255,255,0,0,0,0,2,60,184,0,255,255,0,0,0,0,2,60,192,0,255,255,0,0,0,0,2,60,200,0,255,255,0,0,0,0,2,60,208,0,255,255,0,0,0,0,2,60,216,0,255,255,0,0,0,0,2,60,224,0,255,255,0,0,0,0,2,60,232,0,255,255,0,0,0,0,2,60,240,0,255,255,0,0,0,0,2,60,248,0,255,255,0,0,0,0,2,60,255,255,255,255,0,0,255,255,1,1,8,0,0,0,2,0,36,2,44,3,48,56,0,0,1,0,0,0,0,0,104,22,0,0,1,1,72,57,0,0,194,144,96,2,240,18,0,0,144,22,0,0,255,255,255,255,72,0,255,255,0,0,2,0,255,255,255,255,0,0,0,0,255,255,255,255,255,255,255,255,0,0,0,0,0,0,0,0,194,144,100,2,32,19,0,0,192,22,0,0,255,255,255,255,72,0,255,255,0,0,4,0,255,255,255,255,0,0,0,0,255,255,255,255,255,255,255,255,0,0,0,0,0,0,0,0,194,144,104,2,80,19,0,0,248,22,0,0,255,255,255,255,72,0,255,255,0,0,6,0,255,255,255,255,0,0,0,0,255,255,255,255,255,255,255,255,0,0,0,0,0,0,0,0,194,144,108,2,128,19,0,0,16,23,0,0,255,255,255,255,72,0,255,255,0,0,8,0,255,255,255,255,0,0,0,0,255,255,255,255,255,255,255,255,0,0,0,0,0,0,0,0,194,144,112,2,176,19,0,0,176,23,0,0,255,255,255,255,72,0,255,255,0,0,10,0,255,255,255,255,0,0,0,0,255,255,255,255,255,255,255,255,0,0,0,0,0,0,0,0,194,144,116,2,224,19,0,0,208,23,0,0,255,255,255,255,72,0,255,255,0,0,12,0,255,255,255,255,0,0,0,0,255,255,255,255,255,255,255,255,0,0
1,1,22,3,0,6,0,1,0,0,114,12,0,0,228,0,0,0,136,2,0,0,102,13,0,0,116,13,0,0,16,18,0,0,0,0,0,0,1,0,0,0,18,218,64,165,0,0,255,255,35,0,0,0,136,0,0,0,182,0,255,255,1,1,0,0,0,0,255,255,255,255,0,0,0,0,255,255,112,0,255,255,0,0,139,246,221,27,110,129,174,72,185,226,219,253,47,163,218,39,25,8,2,0,0,0,0,0,192,0,0,0,0,0,0,70,0,0,0,0,0,0,0,0,0,0,0,0,0,0,0,0,1,0,0,0,161,113,13,40,37,75,237,78,143,225,129,180,175,217,12,8,16,0,0,0,3,0,0,0,5,0,0,0,7,0,0,0,255,255,255,255,255,255,255,255,1,1,8,0,0,0,255,255,255,255,120,0,0,0,8,161,113,13,40,37,75,237,78,143,225,129,180,175,217,12,8,139,246,221,27,110,129,174,72,185,226,219,253,47,163,218,39,255,255,0,0,0,0,77,69,0,0,255,255,255,255,255,255,0,0,0,0,255,255,0,0,0,0,255,255,1,1,0,0,0,0,223,0,255,255,0,0,0,0,80,0,255,255,255,255,255,255,255,255,255,255,255,255,255,255,255,255,255,255,255,255,255,255,255,255,255,255,255,255,255,255,255,255,255,255,255,255,255,255,255,255,255,255,255,255,255,255,255,255,255,255,255,255,255,255,255,255,255,255,255,255,255,255,255,255,255,255,255,255,255,255,255,255,255,255,255,255,255,255,255,255,255,255,255,255,255,255,255,255,255,255,255,255,255,255,255,255,255,255,255,255,255,255,255,255,255,255,255,255,255,255,255,255,255,255,255,255,255,255,255,255,255,255,255,255,255,255,255,255,160,0,0,0,2,0,91,76,255,255,255,255,0,0,1,0,83,16,255,255,255,255,0,0,1,0,83,148,255,255,255,255,0,0,0,0,62,34,255,255,255,255,0,0,0,0,26,76,255,255,255,255,0,0,0,0,154,10,255,255,255,255,0,0,0,0,154,34,255,255,255,255,0,0,0,0,26,76,255,255,255,255,0,0,0,0,154,34,255,255,255,255,0,0,0,0,154,34,255,255,255,255,0,0,0,0,2,60,88,0,255,255,0,0,0,0,2,60,96,0,255,255,0,0,0,0,2,60,104,0,255,255,0,0,0,0,2,60,112,0,255,255,0,0,0,0,2,60,120,0,255,255,0,0,0,0,2,60,255,255,255,255,0,0,255,255,1,1,0,0,0,0,1,0,78,0,48,0,123,0,48,0,48,0,48,0,50,0,48,0,56,0,49,0,57,0,45,0,48,0,48,0,48,0,48,0,45,0,48,0,48,0,48,0,48,0,45,0,67,0,48,0,48,0,48,0,45,0,48,0,48,0,48,0,48,0,48,0,48,0,48,0,48,0,48,0,48,0,52,0,54,0,125,0,7,0,0,0,0,0,255,255,255,255,1,1,88,9,0,0,66,144,46,2,255,255,255,255,96,3,0,0,255,255,255,255,72,0,255,255,0,0,2,0,255,255,255,255,0,0,0,0,255,255,255,255,255,255,255,255,0,0,0,0,0,0,0,0,19,0,77,42,101,107,73,120,71,173,108,69,93,72,47,76,123,92,32,49,114,0,0,0,12,17,48,2,192,0,0,0,0,0,3,96,0,0,0,0,255,255,255,255,255,255,255,255,0,0,0,0,0,0,0,0,0,0,0,0,0,0,0,0,0,6,0,0,0,0,0,0,107,0,0,0,0,0,0,0,160,0,0,0,255,255,255,255,216,8,0,0,3,0,3,0,4,0,0,0,0,0,0,0,148,1,0,1,0,0,0,0,105,131,50,2,255,255,255,255,8,0,0,0,255,255,255,255,11,1,255,255,0,0,0,0,255,255,255,255,128,1,0,0,12,17,54,2,24,1,0,0,1,0,3,96,0,0,0,0,255,255,255,255,255,255,255,255,0,0,0,0,0,0,0,0,0,0,0,0,0,0,0,0,184,4,0,0,192,255,255,255,107,0,0,0,0,0,0,0,255,255,255,255,255,255,255,255,224,8,1,0,7,0,7,0,7,0,0,0,0,0,0,0,148,0,0,1,0,0,0,0,12,17,52,2,112,1,0,0,2,0,3,96,0,0,0,0,255,255,255,255,255,255,255,255,0,0,0,0,0,0,0,0,0,0,0,0,0,0,0,0,184,6,0,0,96,254,255,255,107,0,0,0,0,0,0,0,255,255,255,255,255,255,255,255,232,8,2,0,6,0,6,0,14,0
1,204,97,181,0,0,3,0,255,10,40,0,0,9,4,0,0,228,4,3,0,0,0,0,0,0,0,0,0,1,0,5,0,2,0,32,1,42,0,92,0,71,0,123,0,48,0,48,0,48,0,50,0,48,0,52,0,69,0,70,0,45,0,48,0,48,0,48,0,48,0,45,0,48,0,48,0,48,0,48,0,45,0,67,0,48,0,48,0,48,0,45,0,48,0,48,0,48,0,48,0,48,0,48,0,48,0,48,0,48,0,48,0,52,0,54,0,125,0,35,0,52,0,46,0,50,0,35,0,57,0,35,0,67,0,58,0,92,0,80,0,114,0,111,0,103,0,114,0,97,0,109,0,32,0,70,0,105,0,108,0,101,0,115,0,92,0,67,0,111,0,109,0,109,0,111,0,110,0,32,0,70,0,105,0,108,0,101,0,115,0,92,0,77,0,105,0,99,0,114,0,111,0,115,0,111,0,102,0,116,0,32,0,83,0,104,0,97,0,114,0,101,0,100,0,92,0,86,0,66,0,65,0,92,0,86,0,66,0,65,0,55,0,46,0,49,0,92,0,86,0,66,0,69,0,55,0,46,0,68,0,76,0,76,0,35,0,86,0,105,0,115,0,117,0,97,0,108,0,32,0,66,0,97,0,115,0,105,0,99,0,32,0,70,0,111,0,114,0,32,0,65,0,112,0,112,0,108,0,105,0,99,0,97,0,116,0,105,0,111,0,110,0,115,0,0,0,0,0,0,0,0,0,0,0,0,0,26,1,42,0,92,0,71,0,123,0,48,0,48,0,48,0,50,0,48,0,56,0,49,0,51,0,45,0,48,0,48,0,48,0,48,0,45,0,48,0,48,0,48,0,48,0,45,0,67,0,48,0,48,0,48,0,45,0,48,0,48,0,48,0,48,0,48,0,48,0,48,0,48,0,48,0,48,0,52,0,54,0,125,0,35,0,49,0,46,0,57,0,35,0,48,0,35,0,67,0,58,0,92,0,80,0,114,0,111,0,103,0,114,0,97,0,109,0,32,0,70,0,105,0,108,0,101,0,115,0,92,0,77,0,105,0,99,0,114,0,111,0,115,0,111,0,102,0,116,0,32,0,79,0,102,0,102,0,105,0,99,0,101,0,92,0,114,0,111,0,111,0,116,0,92,0,79,0,102,0,102,0,105,0,99,0,101,0,49,0,54,0,92,0,69,0,88,0,67,0,69,0,76,0,46,0,69,0,88,0,69,0,35,0,77,0,105,0,99,0,114,0,111,0,115,0,111,0,102,0,116,0,32,0,69,0,120,0,99,0,101,0,108,0,32,0,49,0,54,0,46,0,48,0,32,0,79,0,98,0,106,0,101,0,99,0,116,0,32,0,76,0,105,0,98,0,114,0,97,0,114,0,121,0,0,0,0,0,0,0,0,0,0,0,0,0,188,0,42,0,92,0,71,0,123,0,48,0,48,0,48,0,50,0,48,0,52,0,51,0,48,0,45,0,48,0,48,0,48,0,48,0,45,0,48,0,48,0,48,0,48,0,45,0,67,0,48,0,48,0,48,0,45,0,48,0,48,0,48,0,48,0,48,0,48,0,48,0,48,0,48,0,48,0,52,0,54,0,125,0,35,0,50,0,46,0,48,0,35,0,48,0,35,0,67,0,58,0,92,0,87,0,105,0,110,0,100,0,111,0,119,0,115,0,92,0,83,0,121,0,115,0,116,0,101,0,109,0,51,0,50,0,92,0,115,0,116,0,100,0,111,0,108,0,101,0,50,0,46,0,116,0,108,0,98,0,35,0,79,0,76,0,69,0,32,0,65,0,117,0,116,0,111,0,109,0,97,0,116,0,105,0,111,0,110,0,0,0,0,0,0,0,0,0,0,0,0,0,40,1,42,0,92,0,71,0,123,0,50,0,68,0,70,0,56,0,68,0,48,0,52,0,67,0,45,0,53,0,66,0,70,0,65,0,45,0,49,0,48,0,49,0,66,0,45,0,66,0,68,0,69,0,53,0,45,0,48,0,48,0,65,0,65,0,48,0,48,0,52,0,52,0,68,0,69,0,53,0,50,0,125,0,35,0,50,0,46,0,56,0,35,0,48,0,35,0,67,0,58,0,92,0,80,0,114,0,111,0,103,0,114,0,97,0,109,0,32,0,70,0,105,0,108,0,101,0,115,0,92,0,67,0,111,0,109,0,109,0,111,0,110,0,32,0,70,0,105,0,108,0,101,0,115,0,92,0,77,0,105,0,99,0,114,0,111,0,115,0,111,0,102,0,116,0,32,0,83,0,104,0,97,0
1,147,75,42,181,3,0,16,0,0,0,255,255,0,0,0,0,1,0,2,0,255,255,0,0,0,0,1,0,0,0,2,0,0,0,0,0,1,0,2,0,2,0,0,0,0,0,1,0,0,0,0,0,0,0,0,0,1,0,2,0,0,0,0,0,0,0,1,0,0,0,3,0,0,0,0,0,1,0,2,0,3,0,0,0,0,0,1,0,0,0,1,0,0,0,0,0,1,0,2,0,1,0,0,0,0,0,1,0,0,0,4,0,0,0,0,0,1,0,2,0,4,0,0,0,0,0,1,0,5,0,5,0,5,0,5,0,0,0,114,85,111,6,0,0,0,0,0,0,128,0,0,0,0,0,0,0,64,0,0,0,0,0,0,0,64,0,0,0,0,0,0,0,6,0,0,0,0,0,0,126,2,0,0,0,0,0,0,126,2,0,0,0,0,0,0,126,2,0,0,0,0,0,0,126,2,0,0,0,0,0,0,126,2,0,0,0,0,0,0,126,14,0,0,0,0,0,0,126,10,0,0,0,0,0,0,126,6,0,0,0,0,0,0,126,6,0,0,0,0,0,0,126,6,0,0,0,0,0,0,126,6,0,0,0,0,0,0,126,6,0,0,0,0,0,0,126,6,0,0,0,0,0,0,126,10,0,0,0,0,0,0,126,10,0,0,0,0,0,0,126,10,0,0,0,0,0,0,126,2,0,0,0,0,0,0,126,6,0,0,0,0,0,0,126,6,0,0,0,0,0,0,126,94,0,0,0,0,0,0,127,0,0,0,0,0,0,0,0,34,0,0,0,0,0,0,0,17,0,0,0,0,0,0,0,0,0,1,0,16,0,0,0,0,0,0,0,0,0,0,0,81,1,0,0,0,0,0,0,0,0,0,0,218,130,65,60,187,45,230,73,132,39,8,84,57,48,44,89,1,0,9,4,0,0,10,40,0,0,228,4,0,0,0,0,0,0,5,0,255,255,255,255,255,255,255,255,5,0,131,138,97,0,17,0,0,0,0,0,0,0,0,0,4,0,161,27,0,0,0,0,0,0,0,0,0,0,255,255,255,255,255,255,255,255,4,0,33,31,0,0,0,0,0,0,0,0,0,0,97,31,0,0,0,0,0,0,0,0,0,0,177,31,0,0,0,0,0,0,0,0,0,0,225,31,0,0,0,0,0,0,0,0,0,0,255,255,0,0,129,1,0,0,0,0,0,0,0,0,0,0,131,138,97,0,17,0,0,0,0,0,0,0,0,0,8,0,161,27,0,0,0,0,0,0,0,0,0,0,255,255,255,255,255,255,255,255,0,0,255,255,0,0,177,1,0,0,0,0,0,0,0,0,0,0,1,136,97,0,17,0,0,0,0,0,0,0,0,0,2,0,193,26,0,0,0,0,0,0,0,0,0,0,255,255,255,255,255,255,255,255,240,0,0,0,0,0,0,0,0,0,0,0,255,255,255,255,255,255,255,255,30,0,65,18,0,0,0,0,0,0,0,0,0,0,145,18,0,0,0,0,0,0,0,0,0,0,241,18,0,0,0,0,0,0,0,0,0,0,65,19,0,0,0,0,0,0,0,0,0,0,145,19,0,0,0,0,0,0,0,0,0,0,193,19,0,0,0,0,0,0,0,0,0,0,17,20,0,0,0,0,0,0,0,0,0,0,97,20,0,0,0,0,0,0,0,0,0,0,177,20,0,0,0,0,0,0,0,0,0,0,1,21,0,0,0,0,0,0,0,0,0,0,81,21,0,0,0,0,0,0,0,0,0,0,161,21,0,0,0,0,0,0,0,0,0,0,241,21,0,0,0,0,0,0,0,0,0,0,65,22,0,0,0,0,0,0,0,0,0,0,113,22,0,0,0,0,0,0,0,0,0,0,193,22,0,0,0,0,0,0,0,0,0,0,17,23,0,0,0,0,0,0,0,0,0,0,65,23,0,0,0,0,0,0,0,0,0,0,129,23,0,0,0,0,0,0,0,0,0,0,193,23,0,0,0,0,0,0,0,0,0,0,17,24,0,0,0,0,0,0,0,0,0,0,65,24,0,0,0,0,0,0,0,0,0,0,113,24,0,0,0,0,0,0,0,0,0,0,177,24,0,0,0,0,0,0,0,0,0,0,241,24,0,0,0,0,0,0,0,0,0,0,49,25,0,0,0,0,0,0,0,0,0,0,129,25,0,0,0,0,0,0,0,0,0,0,209,25,0,0,0,0,0,0,0,0,0,0,33,26,0,0,0,0,0,0,0,0,0,0,113,26,0,0,0,0,0,0,0,0,0,0,255,255,0,0,225,1
0,114,85,128,0,0,0,0,0,0,0,64,0,0,0,0,0,0,0,64,0,0,0,0,0,0,0,64,0,0,0,0,0,0,0,2,0,0,0,0,0,0,126,2,0,0,0,0,0,0,126,2,0,0,0,0,0,0,126,114,0,0,0,0,0,0,127,0,0,0,0,0,0,0,0,18,0,0,0,0,0,0,0,17,0,0,0,0,0,0,0,0,0,0,0,255,255,255,255,255,255,255,255,255,255,255,255,255,255,255,255,255,255,255,255,0,0,0,0,17,0,0,0,0,0,0,0,0,0,5,0,17,0,0,0,0,0,0,0,0,0,9,0,17,0,0,0,0,0,0,0,0,0,3,0,17,0,0,0,0,0,0,0,0,0,7,0,17,0,0,0,0,0,0,0,0,0,11,0,4,0,0,0,0,0,0,8,10,0,0,0,0,0,0,0,73,83,81,65,105,76,116,69,88,65,6,0,0,0,0,0,0,9,97,7,0,0,0,0,0,0,0,0,0,0,193,18,0,0,0,0,0,0,0,0,0,0,16,0,0,0,0,0,0,0,0,0,1,0,2,0,0,0,0,0,0,8,6,0,0,0,0,0,0,0,114,105,98,98,111,110,6,0,0,0,0,0,0,8,21,0,0,0,0,0,0,0,122,122,72,103,65,83,122,89,90,120,77,111,104,89,119,77,119,117,72,87,75,6,0,0,0,0,0,0,8,21,0,0,0,0,0,0,0,118,66,76,105,71,104,114,101,79,101,66,85,68,116,85,112,102,77,105,74,71,6,0,0,0,0,0,0,8,17,0,0,0,0,0,0,0,84,101,120,116,111,95,65,95,67,111,100,105,102,105,99,97,114,4,0,0,0,0,0,0,8,13,0,0,0,0,0,0,0,106,107,100,100,84,90,113,81,122,85,67,65,65,2,0,0,0,0,0,0,8,7,0,0,0,0,0,0,0,102,112,67,65,82,83,83,6,0,0,0,0,0,0,8,18,0,0,0,0,0,0,0,76,74,70,81,89,102,101,117,115,79,75,80,69,90,78,89,119,70,4,0,0,0,0,0,0,8,15,0,0,0,0,0,0,0,73,70,73,80,66,117,114,86,105,85,88,85,85,83,83,6,0,0,0,0,0,0,8,16,0,0,0,0,0,0,0,74,85,105,100,88,117,84,118,70,69,103,68,81,108,71,101,6,0,0,0,0,0,0,8,16,0,0,0,0,0,0,0,104,67,117,99,100,100,103,106,103,81,114,120,78,79,100,74,8,0,0,0,0,0,0,8,30,0,0,0,0,0,0,0,113,107,108,103,71,85,66,110,111,98,101,86,71,116,104,70,103,114,103,121,121,73,108,104,84,68,121,82,73,83,6,0,0,0,0,0,0,8,19,0,0,0,0,0,0,0,122,117,69,98,67,73,74,105,102,111,107,79,88,89,74,84,114,98,105,6,0,0,0,0,0,0,8,12,0,0,0,0,0,0,0,86,110,89,72,70,122,65,70,113,87,81,102,6,0,0,0,0,0,0,8,22,0,0,0,0,0,0,0,107,115,88,105,87,104,87,121,72,65,70,114,68,112,81,113,88,115,110,120,66,100,6,0,0,0,0,0,0,8,16,0,0,0,0,0,0,0,101,98,82,113,116,105,69,85,67,113,66,109,108,112,74,71,8,0,0,0,0,0,0,8,29,0,0,0,0,0,0,0,104,83,72,90,71,67,119,116,118,65,80,77,103,108,118,85,84,73,117,114,74,89,114,98,112,116,76,117,90,6,0,0,0,0,0,0,8,22,0,0,0,0,0,0,0,69,65,99,77,106,84,76,75,72,81,107,67,65,109,104,114,122,69,122,115,119,84,2,0,0,0,0,0,0,8,3,0,0,0,0,0,0,0,68,78,73,6,0,0,0,0,0,0,8,23,0,0,0,0,0,0,0,105,76,73,103,111,85,82,83,77,88,73,71,85,114,103,72,88,99,68,82,88,65,89,4,0,0,0,0,0,0,8,11,0,0,0,0,0,0,0,97,69,118,108,101,104,71,106,73,101,87,6,0,0,0,0,0,0,8,17,0,0,0,0,0,0,0,89,83,104,112,88,102,101,75,112,74,81,119,68,72,73,82,83,4,0,0,0,0,0,0,8,13,0,0,0,0,0,0,0,71,80,79,98,74,76,97,75,88,118,81,84,85,4,0,0,0,0,0,0,8,8,0,0,0,0,0,0,0,111,104,100,82,115,89,69,69,6,0,0,0,0,0,0,8,21,0,0,0,0,0,0,0,83,111,82,115,101,104,73,71,104,71,70
0,114,85,128,3,0,0,0,0,0,0,64,0,0,0,0,0,0,0,64,0,0,0,0,0,0,0,64,0,0,0,0,0,0,0,4,0,0,0,0,0,0,126,120,0,0,0,0,0,0,127,0,0,0,0,0,0,0,0,26,0,0,0,0,0,0,0,17,0,0,0,0,0,0,0,0,0,0,0,17,0,0,0,0,0,0,0,0,0,3,0,16,0,0,0,0,0,0,0,0,0,2,0,30,0,30,0,94,0,0,0,177,10,0,0,0,0,0,0,0,0,2,0,1,35,0,0,0,0,0,0,0,0,0,0,33,41,0,0,0,0,0,0,0,0,0,0,193,42,0,0,0,0,0,0,0,0,0,0,49,45,0,0,0,0,0,0,0,0,0,0,225,46,0,0,0,0,0,0,0,0,0,0,241,23,0,0,0,0,0,0,0,0,0,0,241,11,0,0,0,0,0,0,0,0,0,0,33,17,0,0,0,0,0,0,0,0,2,0,209,49,0,0,0,0,0,0,0,0,0,0,17,49,0,0,0,0,0,0,0,0,0,0,241,15,0,0,0,0,0,0,0,0,0,0,17,16,0,0,0,0,0,0,0,0,0,0,113,51,0,0,0,0,0,0,0,0,0,0,177,51,0,0,0,0,0,0,0,0,0,0,17,56,0,0,0,0,0,0,0,0,0,0,81,57,0,0,0,0,0,0,0,0,0,0,17,60,0,0,0,0,0,0,0,0,0,0,17,62,0,0,0,0,0,0,0,0,0,0,17,64,0,0,0,0,0,0,0,0,0,0,33,21,0,0,0,0,0,0,0,0,2,0,49,9,0,0,0,0,0,0,0,0,2,0,97,66,0,0,0,0,0,0,0,0,0,0,161,26,0,0,0,0,0,0,0,0,2,0,81,54,0,0,0,0,0,0,0,0,0,0,209,63,0,0,0,0,0,0,0,0,0,0,33,55,0,0,0,0,0,0,0,0,0,0,145,61,0,0,0,0,0,0,0,0,0,0,209,14,0,0,0,0,0,0,0,0,0,0,145,65,0,0,0,0,0,0,0,0,0,0,209,65,0,0,0,0,0,0,0,0,0,0,1,66,0,0,0,0,0,0,0,0,0,0,97,15,0,0,0,0,0,0,0,0,0,0,49,66,0,0,0,0,0,0,0,0,0,0,161,11,0,0,0,0,0,0,0,0,0,0,129,63,0,0,0,0,0,0,0,0,0,0,33,33,0,0,0,0,0,0,0,0,2,0,1,75,0,0,0,0,0,0,0,0,0,0,225,77,0,0,0,0,0,0,0,0,0,0,129,27,0,0,0,0,0,0,0,0,2,0,161,38,0,0,0,0,0,0,0,0,2,0,241,0,0,0,0,0,0,0,0,0,2,0,161,14,0,0,0,0,0,0,0,0,2,0,113,55,0,0,0,0,0,0,0,0,0,0,208,3,0,0,0,0,0,0,0,0,0,0,17,0,0,0,0,0,0,0,0,0,8,0,113,77,0,0,0,0,0,0,0,0,0,0,225,76,0,0,0,0,0,0,0,0,0,0,81,80,0,0,0,0,0,0,0,0,0,0,129,80,0,0,0,0,0,0,0,0,0,0,177,80,0,0,0,0,0,0,0,0,0,0,225,80,0,0,0,0,0,0,0,0,0,0,33,9,0,0,0,0,0,0,0,0,0,0,225,9,0,0,0,0,0,0,0,0,0,0,161,22,0,0,0,0,0,0,0,0,2,0,97,10,0,0,0,0,0,0,0,0,0,0,17,39,0,0,0,0,0,0,0,0,2,0,241,10,0,0,0,0,0,0,0,0,0,0,17,81,0,0,0,0,0,0,0,0,0,0,65,81,0,0,0,0,0,0,0,0,0,0,113,81,0,0,0,0,0,0,0,0,0,0,193,46,0,0,0,0,0,0,0,0,2,0,17,7,0,0,0,0,0,0,0,0,2,0,1,87,0,0,0,0,0,0,0,0,0,0,145,5,0,0,0,0,0,0,0,0,2,0,1,85,0,0,0,0,0,0,0,0,0,0,1,91,0,0,0,0,0,0,0,0,0,0,129,92,0,0,0,0,0,0,0,0,0,0,49,94,0,0,0,0,0,0,0,0,0,0,145,12,0,0,0,0,0,0,0,0,0,0,145,81,0,0,0,0,0,0,0,0,0,0,1,83,0,0,0,0,0,0,0,0,0,0,33,84,0,0,0,0,0,0,0,0,0,0,177,84,0,0,0,0,0,0,0,0,0,0,65,14,0,0,0,0,0,0,0,0,0,0,81,89,0,0,0,0,0,0
0,114,85,64,0,0,0,0,0,0,0,0,0,0,0,0,0,0,0,64,0,0,0,0,0,0,0,64,0,0,0,0,0,0,0,0,0,0,0,0,0,0,0,26,0,0,0,0,0,0,0,17,0,0,0,0,0,0,0,0,0,2,0,255,255,255,255,255,255,255,255,255,255,255,255,0,0,0,0,56,0,0,0,8,0,64,0,241,0,0,0,0,0,0,0,0,0,2,0,0,0,0,96,4,0,253,255,255,255,255,255,255,255,255,255,255,255,255,255,255,255,255,255,255,255,0,0,0,0,177,0,0,0,0,0,0,0,0,0,1,0,0,0,0,0,16,0,80,0,72,0,113,2,0,0,0,0,0,0,0,0,2,0,1,0,0,96,4,0,253,255,255,255,255,255,255,255,255,255,255,255,255,255,255,255,255,255,255,255,0,0,0,0,33,1,0,0,0,0,0,0,0,0,1,0,0,0,0,0,0,0,94,0,225,0,0,0,0,0,0,0,0,0,1,0,64,0,17,4,0,0,0,0,0,0,0,0,2,0,2,0,0,96,4,0,253,255,255,255,255,255,255,255,255,255,255,255,255,255,255,255,255,255,255,255,0,0,0,0,65,1,0,0,0,0,0,0,0,0,1,0,0,0,0,0,16,0,80,0,64,0,145,5,0,0,0,0,0,0,0,0,2,0,3,0,0,96,4,0,253,255,255,255,255,255,255,255,255,255,255,255,255,255,255,255,255,255,255,255,0,0,0,0,129,1,0,0,0,0,0,0,0,0,1,0,0,0,0,0,16,0,80,0,80,0,17,7,0,0,0,0,0,0,0,0,2,0,4,0,0,96,8,0,253,255,255,255,255,255,255,255,255,255,255,255,255,255,255,255,255,255,255,255,0,0,0,0,193,1,0,0,0,0,0,0,0,0,1,0,1,2,0,0,0,0,0,0,0,0,1,0,4,0,0,0,2,0,13,0,16,0,16,0,6,1,64,0,49,9,0,0,0,0,0,0,0,0,2,0,5,0,0,96,4,0,253,255,255,255,255,255,255,255,255,255,255,255,255,255,255,255,255,255,255,255,0,0,0,0,49,2,0,0,0,0,0,0,0,0,1,0,0,0,0,0,16,0,80,0,64,0,177,10,0,0,0,0,0,0,0,0,2,0,6,0,0,96,4,0,253,255,255,255,255,255,255,255,255,255,255,255,255,255,255,255,255,255,255,255,0,0,0,0,81,2,0,0,0,0,0,0,0,0,1,0,0,0,0,0,16,0,80,0,64,0,33,13,0,0,0,0,0,0,0,0,2,0,7,0,0,96,4,0,253,255,255,255,255,255,255,255,255,255,255,255,255,255,255,255,255,255,255,255,0,0,0,0,145,2,0,0,0,0,0,0,0,0,1,0,0,0,0,0,16,0,80,0,64,0,161,14,0,0,0,0,0,0,0,0,2,0,8,0,0,96,4,0,253,255,255,255,255,255,255,255,255,255,255,255,255,255,255,255,255,255,255,255,0,0,0,0,193,2,0,0,0,0,0,0,0,0,1,0,0,0,0,0,16,0,80,0,64,0,33,17,0,0,0,0,0,0,0,0,2,0,9,0,0,96,4,0,253,255,255,255,255,255,255,255,255,255,255,255,255,255,255,255,255,255,255,255,0,0,0,0,1,3,0,0,0,0,0,0,0,0,1,0,0,0,0,0,16,0,80,0,64,0,161,18,0,0,0,0,0,0,0,0,2,0,10,0,0,96,4,0,253,255,255,255,255,255,255,255,255,255,255,255,255,255,255,255,255,255,255,255,0,0,0,0,65,3,0,0,0,0,0,0,0,0,1,0,0,0,0,0,16,0,80,0,64,0,33,21,0,0,0,0,0,0,0,0,2,0,11,0,0,96,4,0,253,255,255,255,255,255,255,255,255,255,255,255,255,255,255,255,255,255,255,255,0,0,0,0,145,3,0,0,0,0,0,0,0,0,1,0,0,0,0,0,16,0,80,0,64,0,161,22,0,0,0,0,0,0,0,0,2,0,12,0,0,96,4,0,253,255,255,255,255,255,255,255,255,255,255,255,255,255,255,255,255,255,255,255,0,0,0,0,209,3,0,0,0,0,0,0,0,0,1,0,0,0,0,0,16,0,80,0,64,0,33,25,0,0,0,0,0,0,0,0,2,0,13,0,0,96,4,0,253,255,255,255,255,255,255,255,255,255,255,255,255,255,255,255,255,255,255,255,0,0,0,0,17,4,0,0,0,0,0,0,0,0,1,0,0,0,0,0,3,0,80,0,64,0,161,26,0,0,0,0
0,114,85,192,0,0,0,0,0,0,0,0,0,0,0,0,0,0,0,64,0,0,0,0,0,0,0,64,0,0,0,0,0,0,0,0,0,0,0,0,0,0,0,56,0,0,0,0,0,0,0,17,0,0,0,0,0,0,0,0,0,0,0,17,0,0,0,0,0,0,0,0,0,5,0,112,1,0,0,0,0,0,0,0,0,0,0,4,0,4,0,26,0,0,0,17,32,0,0,0,0,0,0,0,0,0,0,129,33,0,0,0,0,0,0,0,0,0,0,33,13,0,0,0,0,0,0,0,0,2,0,17,27,0,0,0,0,0,0,0,0,2,0,17,36,0,0,0,0,0,0,0,0,0,0,81,38,0,0,0,0,0,0,0,0,0,0,225,28,0,0,0,0,0,0,0,0,0,0,193,34,0,0,0,0,0,0,0,0,0,0,144,1,0,0,0,0,0,0,0,0,0,0,17,0,0,0,0,0,0,0,0,0,4,0,17,7,0,0,0,0,0,0,0,0,2,0,17,52,0,0,0,0,0,0,0,0,0,0,161,26,0,0,0,0,0,0,0,0,2,0,33,41,0,0,0,0,0,0,0,0,2,0,97,47,0,0,0,0,0,0,0,0,0,0,112,3,0,0,0,0,0,0,0,0,0,0,17,0,0,0,0,0,0,0,0,0,6,0,208,3,0,0,0,0,0,0,0,0,0,0,17,0,0,0,0,0,0,0,0,0,8,0,81,29,0,0,0,0,0,0,0,0,0,0,48,4,0,0,0,0,0,0,0,0,0,0,17,0,0,0,0,0,0,0,0,0,10,0,33,29,0,0,0,0,0,0,0,0,2,0,17,68,0,0,0,0,0,0,0,0,0,0,193,58,0,0,0,0,0,0,0,0,0,0,17,28,0,0,0,0,0,0,0,0,0,0,1,0,1,0,0,0,1,0,49,30,0,0,0,0,0,0,0,0,0,0,97,30,0,0,0,0,0,0,0,0,0,0,145,30,0,0,0,0,0,0,0,0,0,0,255,255,255,255,255,255,255,255,1,30,0,0,0,0,0,0,0,0,0,0,8,0,55,0,96,0,0,0,193,30,0,0,0,0,0,0,0,0,0,0,17,7,0,0,0,0,0,0,0,0,1,0,241,30,0,0,0,0,0,0,0,0,0,0,255,255,255,255,255,255,255,255,255,255,255,255,2,0,10,6,0,0,0,0,3,96,131,7,0,0,3,0,3,96,105,4,0,0,0,0,0,0,0,0,4,0,57,11,0,0,0,0,0,0,0,0,4,0,255,255,255,255,255,255,255,255,255,255,255,255,255,255,255,255,255,255,255,255,255,255,255,255,255,255,255,255,255,255,255,255,255,255,255,255,255,255,255,255,255,255,255,255,255,255,255,255,255,255,255,255,255,255,255,255,255,255,255,255,255,255,255,255,255,255,255,255,255,255,255,255,255,255,255,255,255,255,255,255,255,255,255,255,255,255,255,255,255,255,255,255,255,255,255,255,255,255,255,255,255,255,255,255,255,255,255,255,255,255,255,255,255,255,255,255,255,255,255,255,255,255,255,255,255,255,255,255,255,255,255,255,255,255,255,255,255,255,255,255,255,255,255,255,255,255,255,255,255,255,255,255,255,255,255,255,255,255,255,255,255,255,255,255,255,255,255,255,255,255,255,255,255,255,255,255,255,255,255,255,255,255,255,255,255,255,255,255,255,255,255,255,255,255,255,255,255,255,255,255,255,255,255,255,255,255,255,255,255,255,255,255,255,255,255,255,255,255,255,255,255,255,255,255,255,255,255,255,255,255,255,255,255,255,255,255,255,255,255,255,255,255,255,255,255,255,255,255,255,255,255,255,255,255,255,255,255,255,255,255,255,255,255,255,255,255,255,255,255,255,255,255,255,255,255,255,255,255,255,255,255,255,255,255,255,255,255,255,255,255,255,255,255,255,255,255,255,255,255,255,255,255,255,255,255,255,255,255,255,255,255,255,255,255,255,255,255,255,255,255,255,255,255,255,255,255,255,255,255,255,255,255,255,255,255,255,255,255,255,255,255,255,255,255,255,255,255,255,255,255,255,255,255,255,255,255,255,255,255,255,255,255,255,255,255,255,255,255,255,255,255,255,255,255,255,255,255,255,255,255,255,255,255,255,255,255,255,255,255,255,255,255,255,255,255,255,255,255,255,255,255,255,255,255,255,255,255,255,255,255,255,255,255,255,255,255,255,255,255,255,255,255,255,255,255,255,255,255,4,0,20,1,233,2,0,0,0,0,0,0,0,0,4,0,57,6,0,0,0,0
0,114,85,64,0,0,0,0,0,0,0,0,0,0,0,0,0,0,0,64,0,0,0,0,0,0,0,64,0,0,0,0,0,0,0,0,0,0,0,0,0,0,0,26,0,0,0,0,0,0,0,17,0,0,0,0,0,0,0,0,0,4,0,255,255,255,255,255,255,255,255,255,255,255,255,0,0,0,0,120,0,0,0,8,0,64,0,225,1,0,0,0,0,0,0,0,0,4,0,0,0,3,96,4,0,216,8,56,0,255,255,255,255,255,255,255,255,255,255,255,255,255,255,255,255,0,0,0,0,81,7,0,0,0,0,0,0,0,0,1,0,0,0,0,0,31,0,67,0,56,0,49,5,0,0,0,0,0,0,0,0,4,0,1,0,3,96,0,0,224,8,255,255,255,255,255,255,255,255,255,255,255,255,255,255,255,255,255,255,0,0,0,0,0,0,0,0,31,0,56,0,241,6,0,0,0,0,0,0,0,0,4,0,2,0,3,96,0,0,232,8,255,255,255,255,255,255,255,255,255,255,255,255,255,255,255,255,255,255,0,0,0,0,0,0,0,0,31,0,56,0,33,9,0,0,0,0,0,0,0,0,4,0,3,0,3,96,0,0,240,8,64,0,255,255,255,255,255,255,255,255,255,255,255,255,255,255,255,255,0,0,0,0,0,0,0,0,31,0,3,0,0,0,0,0,0,0,0,0,0,0,98,0,0,0,0,0,0,127,0,0,0,0,0,0,0,0,0,0,0,0,0,0,0,0,48,4,0,0,0,0,0,0,0,0,0,0,17,0,0,0,0,0,0,0,0,0,10,0,33,29,0,0,0,0,0,0,0,0,2,0,17,68,0,0,0,0,0,0,0,0,0,0,193,58,0,0,0,0,0,0,0,0,0,0,17,28,0,0,0,0,0,0,0,0,0,0,1,0,1,0,0,0,1,0,49,30,0,0,0,0,0,0,0,0,0,0,97,30,0,0,0,0,0,0,0,0,0,0,145,30,0,0,0,0,0,0,0,0,0,0,255,255,255,255,255,255,255,255,1,30,0,0,0,0,0,0,0,0,0,0,8,0,55,0,96,0,0,0,193,30,0,0,0,0,0,0,0,0,0,0,17,7,0,0,0,0,0,0,0,0,1,0,241,30,0,0,0,0,0,0,0,0,0,0,255,255,255,255,255,255,255,255,255,255,255,255,2,0,10,6,0,0,0,0,3,96,131,7,0,0,3,0,3,96,105,4,0,0,0,0,0,0,0,0,4,0,57,11,0,0,0,0,0,0,0,0,4,0,255,255,255,255,255,255,255,255,255,255,255,255,255,255,255,255,255,255,255,255,255,255,255,255,255,255,255,255,255,255,255,255,255,255,255,255,255,255,255,255,255,255,255,255,255,255,255,255,255,255,255,255,255,255,255,255,255,255,255,255,255,255,255,255,255,255,255,255,255,255,255,255,255,255,255,255,255,255,255,255,255,255,255,255,255,255,255,255,255,255,255,255,255,255,255,255,255,255,255,255,255,255,255,255,255,255,255,255,255,255,255,255,255,255,255,255,255,255,255,255,255,255,255,255,255,255,255,255,255,255,255,255,255,255,255,255,255,255,255,255,255,255,255,255,255,255,255,255,255,255,255,255,255,255,255,255,255,255,255,255,255,255,255,255,255,255,255,255,255,255,255,255,255,255,255,255,255,255,255,255,255,255,255,255,255,255,255,255,255,255,255,255,255,255,255,255,255,255,255,255,255,255,255,255,255,255,255,255,255,255,255,255,255,255,255,255,255,255,255,255,255,255,255,255,255,255,255,255,255,255,255,255,255,255,255,255,255,255,255,255,255,255,255,255,255,255,255,255,255,255,255,255,255,255,255,255,255,255,255,255,255,255,255,255,255,255,255,255,255,255,255,255,255,255,255,255,255,255,255,255,255,255,255,255,255,255,255,255,255,255,255,255,255,255,255,255,255,255,255,255,255,255,255,255,255,255,255,255,255,255,255,255,255,255,255,255,255,255,255,255,255,255,255,255,255,255,255,255,255,255,255,255,255,255,255,255,255,255,255,255,255,255,255,255,255,255,255,255,255,255,255,255,255,255,255,255,255,255,255,255,255,255,255,255,255,255,255,255,255,255,255,255,255,255,255,255,255,255,255,255,255,255,255,255,255,255,255,255,255,255,255,255,255,255,255,255,255,255,255,255,255,255,255,255,255,255,255,255,255,255,255,255,255,255,255,255,255,255,255,255,255,255,255,255,255,255,255,255,4,0,20,1,233,2,0,0,0,0,0,0,0,0,4,0,57,6,0,0,0,0
0,114,85,64,0,0,0,0,0,0,0,0,0,0,0,0,0,0,0,64,0,0,0,0,0,0,0,64,0,0,0,0,0,0,0,0,0,0,0,0,0,0,0,56,0,0,0,0,0,0,0,17,0,0,0,0,0,0,0,0,0,0,0,17,0,0,0,0,0,0,0,0,0,7,0,80,3,0,0,0,0,0,0,0,0,0,0,0,0,0,0,0,0,0,0,1,0,1,0,0,0,1,0,225,51,0,0,0,0,0,0,0,0,0,0,65,43,0,0,0,0,0,0,0,0,0,0,113,43,0,0,0,0,0,0,0,0,0,0,255,255,255,255,255,255,255,255,225,47,0,0,0,0,0,0,0,0,0,0,8,0,28,0,96,0,0,0,161,43,0,0,0,0,0,0,0,0,0,0,145,7,0,0,0,0,0,0,0,0,1,0,209,43,0,0,0,0,0,0,0,0,0,0,255,255,255,255,255,255,255,255,255,255,255,255,0,0,255,255,255,255,255,255,255,255,255,255,255,255,255,255,255,255,255,255,255,255,255,255,255,255,255,255,255,255,255,255,255,255,255,255,255,255,255,255,255,255,255,255,255,255,255,255,255,255,255,255,255,255,255,255,255,255,255,255,255,255,255,255,255,255,255,255,255,255,255,255,255,255,255,255,255,255,255,255,255,255,255,255,255,255,255,255,255,255,255,255,255,255,255,255,255,255,255,255,255,255,255,255,255,255,255,255,255,255,255,255,255,255,255,255,255,255,255,255,255,255,255,255,255,255,255,255,255,255,255,255,255,255,255,255,255,255,255,255,255,255,255,255,255,255,255,255,255,255,255,255,255,255,255,255,255,255,255,255,255,255,255,255,255,255,255,255,255,255,255,255,255,255,255,255,255,255,255,255,255,255,255,255,255,255,255,255,255,255,255,255,255,255,255,255,255,255,255,255,255,255,255,255,255,255,255,255,255,255,255,255,255,255,255,255,255,255,255,255,255,255,255,255,255,255,255,255,255,255,0,0,151,0,68,0,0,0,0,0,0,127,0,0,0,0,0,0,0,0,0,0,0,0,0,0,8,0,55,0,96,0,0,0,193,30,0,0,0,0,0,0,0,0,0,0,17,7,0,0,0,0,0,0,0,0,1,0,241,30,0,0,0,0,0,0,0,0,0,0,255,255,255,255,255,255,255,255,255,255,255,255,2,0,10,6,0,0,0,0,3,96,131,7,0,0,3,0,3,96,105,4,0,0,0,0,0,0,0,0,4,0,57,11,0,0,0,0,0,0,0,0,4,0,255,255,255,255,255,255,255,255,255,255,255,255,255,255,255,255,255,255,255,255,255,255,255,255,255,255,255,255,255,255,255,255,255,255,255,255,255,255,255,255,255,255,255,255,255,255,255,255,255,255,255,255,255,255,255,255,255,255,255,255,255,255,255,255,255,255,255,255,255,255,255,255,255,255,255,255,255,255,255,255,255,255,255,255,255,255,255,255,255,255,255,255,255,255,255,255,255,255,255,255,255,255,255,255,255,255,255,255,255,255,255,255,255,255,255,255,255,255,255,255,255,255,255,255,255,255,255,255,255,255,255,255,255,255,255,255,255,255,255,255,255,255,255,255,255,255,255,255,255,255,255,255,255,255,255,255,255,255,255,255,255,255,255,255,255,255,255,255,255,255,255,255,255,255,255,255,255,255,255,255,255,255,255,255,255,255,255,255,255,255,255,255,255,255,255,255,255,255,255,255,255,255,255,255,255,255,255,255,255,255,255,255,255,255,255,255,255,255,255,255,255,255,255,255,255,255,255,255,255,255,255,255,255,255,255,255,255,255,255,255,255,255,255,255,255,255,255,255,255,255,255,255,255,255,255,255,255,255,255,255,255,255,255,255,255,255,255,255,255,255,255,255,255,255,255,255,255,255,255,255,255,255,255,255,255,255,255,255,255,255,255,255,255,255,255,255,255,255,255,255,255,255,255,255,255,255,255,255,255,255,255,255,255,255,255,255,255,255,255,255,255,255,255,255,255,255,255,255,255,255,255,255,255,255,255,255,255,255,255,255,255,255,255,255,255,255,255,255,255,255,255,255,255,255,255,255,255,255,255,255,255,255,255,255,255,255,255,255,255,255,255,255,255,255,255,255,255,255,255,255,255,255,255,255,255,255,255,255,255,255,255,255,255,255,255,255,255,255,255,255,255,255,255,255,255,255,255,255,255,255,255,255,255,255,255,255,255,255,255,255,255,255,255,255,255,255,255,255,4,0,20,1,233,2,0,0,0,0,0,0,0,0,4,0,57,6,0,0,0,0
0,114,85,64,0,0,0,0,0,0,0,0,0,0,0,0,0,0,0,64,0,0,0,0,0,0,0,64,0,0,0,0,0,0,0,0,0,0,0,0,0,0,0,26,0,0,0,0,0,0,0,17,0,0,0,0,0,0,0,0,0,6,0,255,255,255,255,255,255,255,255,255,255,255,255,0,0,0,0,120,0,0,0,8,0,0,0,0,0,0,0,98,0,0,0,0,0,0,127,0,0,0,0,0,0,0,0,0,0,0,0,0,0,0,0,65,43,0,0,0,0,0,0,0,0,0,0,113,43,0,0,0,0,0,0,0,0,0,0,255,255,255,255,255,255,255,255,225,47,0,0,0,0,0,0,0,0,0,0,8,0,28,0,96,0,0,0,161,43,0,0,0,0,0,0,0,0,0,0,145,7,0,0,0,0,0,0,0,0,1,0,209,43,0,0,0,0,0,0,0,0,0,0,255,255,255,255,255,255,255,255,255,255,255,255,0,0,255,255,255,255,255,255,255,255,255,255,255,255,255,255,255,255,255,255,255,255,255,255,255,255,255,255,255,255,255,255,255,255,255,255,255,255,255,255,255,255,255,255,255,255,255,255,255,255,255,255,255,255,255,255,255,255,255,255,255,255,255,255,255,255,255,255,255,255,255,255,255,255,255,255,255,255,255,255,255,255,255,255,255,255,255,255,255,255,255,255,255,255,255,255,255,255,255,255,255,255,255,255,255,255,255,255,255,255,255,255,255,255,255,255,255,255,255,255,255,255,255,255,255,255,255,255,255,255,255,255,255,255,255,255,255,255,255,255,255,255,255,255,255,255,255,255,255,255,255,255,255,255,255,255,255,255,255,255,255,255,255,255,255,255,255,255,255,255,255,255,255,255,255,255,255,255,255,255,255,255,255,255,255,255,255,255,255,255,255,255,255,255,255,255,255,255,255,255,255,255,255,255,255,255,255,255,255,255,255,255,255,255,255,255,255,255,255,255,255,255,255,255,255,255,255,255,255,255,0,0,151,0,68,0,0,0,0,0,0,127,0,0,0,0,0,0,0,0,0,0,0,0,0,0,8,0,55,0,96,0,0,0,193,30,0,0,0,0,0,0,0,0,0,0,17,7,0,0,0,0,0,0,0,0,1,0,241,30,0,0,0,0,0,0,0,0,0,0,255,255,255,255,255,255,255,255,255,255,255,255,2,0,10,6,0,0,0,0,3,96,131,7,0,0,3,0,3,96,105,4,0,0,0,0,0,0,0,0,4,0,57,11,0,0,0,0,0,0,0,0,4,0,255,255,255,255,255,255,255,255,255,255,255,255,255,255,255,255,255,255,255,255,255,255,255,255,255,255,255,255,255,255,255,255,255,255,255,255,255,255,255,255,255,255,255,255,255,255,255,255,255,255,255,255,255,255,255,255,255,255,255,255,255,255,255,255,255,255,255,255,255,255,255,255,255,255,255,255,255,255,255,255,255,255,255,255,255,255,255,255,255,255,255,255,255,255,255,255,255,255,255,255,255,255,255,255,255,255,255,255,255,255,255,255,255,255,255,255,255,255,255,255,255,255,255,255,255,255,255,255,255,255,255,255,255,255,255,255,255,255,255,255,255,255,255,255,255,255,255,255,255,255,255,255,255,255,255,255,255,255,255,255,255,255,255,255,255,255,255,255,255,255,255,255,255,255,255,255,255,255,255,255,255,255,255,255,255,255,255,255,255,255,255,255,255,255,255,255,255,255,255,255,255,255,255,255,255,255,255,255,255,255,255,255,255,255,255,255,255,255,255,255,255,255,255,255,255,255,255,255,255,255,255,255,255,255,255,255,255,255,255,255,255,255,255,255,255,255,255,255,255,255,255,255,255,255,255,255,255,255,255,255,255,255,255,255,255,255,255,255,255,255,255,255,255,255,255,255,255,255,255,255,255,255,255,255,255,255,255,255,255,255,255,255,255,255,255,255,255,255,255,255,255,255,255,255,255,255,255,255,255,255,255,255,255,255,255,255,255,255,255,255,255,255,255,255,255,255,255,255,255,255,255,255,255,255,255,255,255,255,255,255,255,255,255,255,255,255,255,255,255,255,255,255,255,255,255,255,255,255,255,255,255,255,255,255,255,255,255,255,255,255,255,255,255,255,255,255,255,255,255,255,255,255,255,255,255,255,255,255,255,255,255,255,255,255,255,255,255,255,255,255,255,255,255,255,255,255,255,255,255,255,255,255,255,255,255,255,255,255,255,255,255,255,255,255,255,255,255,255,4,0,20,1,233,2,0,0,0,0,0,0,0,0,4,0,57,6,0,0,0,0
0,114,85,64,0,0,0,0,0,0,0,0,0,0,0,0,0,0,0,64,0,0,0,0,0,0,0,64,0,0,0,0,0,0,0,0,0,0,0,0,0,0,0,56,0,0,0,0,0,0,0,17,0,0,0,0,0,0,0,0,0,0,0,17,0,0,0,0,0,0,0,0,0,9,0,176,3,0,0,0,0,0,0,0,0,0,0,0,0,0,0,0,0,0,0,1,0,1,0,0,0,1,0,145,53,0,0,0,0,0,0,0,0,0,0,65,43,0,0,0,0,0,0,0,0,0,0,193,53,0,0,0,0,0,0,0,0,0,0,255,255,255,255,255,255,255,255,225,47,0,0,0,0,0,0,0,0,0,0,8,0,28,0,96,0,0,0,161,43,0,0,0,0,0,0,0,0,0,0,145,7,0,0,0,0,0,0,0,0,1,0,209,43,0,0,0,0,0,0,0,0,0,0,255,255,255,255,255,255,255,255,255,255,255,255,0,0,255,255,255,255,255,255,255,255,255,255,255,255,255,255,255,255,255,255,255,255,255,255,255,255,255,255,255,255,255,255,255,255,255,255,255,255,255,255,255,255,255,255,255,255,255,255,255,255,255,255,255,255,255,255,255,255,255,255,255,255,255,255,255,255,255,255,255,255,255,255,255,255,255,255,255,255,255,255,255,255,255,255,255,255,255,255,255,255,255,255,255,255,255,255,255,255,255,255,255,255,255,255,255,255,255,255,255,255,255,255,255,255,255,255,255,255,255,255,255,255,255,255,255,255,255,255,255,255,255,255,255,255,255,255,255,255,255,255,255,255,255,255,255,255,255,255,255,255,255,255,255,255,255,255,255,255,255,255,255,255,255,255,255,255,255,255,255,255,255,255,255,255,255,255,255,255,255,255,255,255,255,255,255,255,255,255,255,255,255,255,255,255,255,255,255,255,255,255,255,255,255,255,255,255,255,255,255,255,255,255,255,255,255,255,255,255,255,255,255,255,255,255,255,255,255,255,255,255,0,0,151,0,68,0,0,0,0,0,0,127,0,0,0,0,0,0,0,0,0,0,0,0,0,0,8,0,55,0,96,0,0,0,193,30,0,0,0,0,0,0,0,0,0,0,17,7,0,0,0,0,0,0,0,0,1,0,241,30,0,0,0,0,0,0,0,0,0,0,255,255,255,255,255,255,255,255,255,255,255,255,2,0,10,6,0,0,0,0,3,96,131,7,0,0,3,0,3,96,105,4,0,0,0,0,0,0,0,0,4,0,57,11,0,0,0,0,0,0,0,0,4,0,255,255,255,255,255,255,255,255,255,255,255,255,255,255,255,255,255,255,255,255,255,255,255,255,255,255,255,255,255,255,255,255,255,255,255,255,255,255,255,255,255,255,255,255,255,255,255,255,255,255,255,255,255,255,255,255,255,255,255,255,255,255,255,255,255,255,255,255,255,255,255,255,255,255,255,255,255,255,255,255,255,255,255,255,255,255,255,255,255,255,255,255,255,255,255,255,255,255,255,255,255,255,255,255,255,255,255,255,255,255,255,255,255,255,255,255,255,255,255,255,255,255,255,255,255,255,255,255,255,255,255,255,255,255,255,255,255,255,255,255,255,255,255,255,255,255,255,255,255,255,255,255,255,255,255,255,255,255,255,255,255,255,255,255,255,255,255,255,255,255,255,255,255,255,255,255,255,255,255,255,255,255,255,255,255,255,255,255,255,255,255,255,255,255,255,255,255,255,255,255,255,255,255,255,255,255,255,255,255,255,255,255,255,255,255,255,255,255,255,255,255,255,255,255,255,255,255,255,255,255,255,255,255,255,255,255,255,255,255,255,255,255,255,255,255,255,255,255,255,255,255,255,255,255,255,255,255,255,255,255,255,255,255,255,255,255,255,255,255,255,255,255,255,255,255,255,255,255,255,255,255,255,255,255,255,255,255,255,255,255,255,255,255,255,255,255,255,255,255,255,255,255,255,255,255,255,255,255,255,255,255,255,255,255,255,255,255,255,255,255,255,255,255,255,255,255,255,255,255,255,255,255,255,255,255,255,255,255,255,255,255,255,255,255,255,255,255,255,255,255,255,255,255,255,255,255,255,255,255,255,255,255,255,255,255,255,255,255,255,255,255,255,255,255,255,255,255,255,255,255,255,255,255,255,255,255,255,255,255,255,255,255,255,255,255,255,255,255,255,255,255,255,255,255,255,255,255,255,255,255,255,255,255,255,255,255,255,255,255,255,255,255,255,255,255,255,255,255,4,0,20,1,233,2,0,0,0,0,0,0,0,0,4,0,57,6,0,0,0,0
0,114,85,64,0,0,0,0,0,0,0,0,0,0,0,0,0,0,0,64,0,0,0,0,0,0,0,64,0,0,0,0,0,0,0,0,0,0,0,0,0,0,0,26,0,0,0,0,0,0,0,17,0,0,0,0,0,0,0,0,0,8,0,255,255,255,255,255,255,255,255,255,255,255,255,0,0,0,0,120,0,0,0,8,0,0,0,0,0,0,0,98,0,0,0,0,0,0,127,0,0,0,0,0,0,0,0,0,0,0,0,0,0,0,0,65,43,0,0,0,0,0,0,0,0,0,0,193,53,0,0,0,0,0,0,0,0,0,0,255,255,255,255,255,255,255,255,225,47,0,0,0,0,0,0,0,0,0,0,8,0,28,0,96,0,0,0,161,43,0,0,0,0,0,0,0,0,0,0,145,7,0,0,0,0,0,0,0,0,1,0,209,43,0,0,0,0,0,0,0,0,0,0,255,255,255,255,255,255,255,255,255,255,255,255,0,0,255,255,255,255,255,255,255,255,255,255,255,255,255,255,255,255,255,255,255,255,255,255,255,255,255,255,255,255,255,255,255,255,255,255,255,255,255,255,255,255,255,255,255,255,255,255,255,255,255,255,255,255,255,255,255,255,255,255,255,255,255,255,255,255,255,255,255,255,255,255,255,255,255,255,255,255,255,255,255,255,255,255,255,255,255,255,255,255,255,255,255,255,255,255,255,255,255,255,255,255,255,255,255,255,255,255,255,255,255,255,255,255,255,255,255,255,255,255,255,255,255,255,255,255,255,255,255,255,255,255,255,255,255,255,255,255,255,255,255,255,255,255,255,255,255,255,255,255,255,255,255,255,255,255,255,255,255,255,255,255,255,255,255,255,255,255,255,255,255,255,255,255,255,255,255,255,255,255,255,255,255,255,255,255,255,255,255,255,255,255,255,255,255,255,255,255,255,255,255,255,255,255,255,255,255,255,255,255,255,255,255,255,255,255,255,255,255,255,255,255,255,255,255,255,255,255,255,255,0,0,151,0,68,0,0,0,0,0,0,127,0,0,0,0,0,0,0,0,0,0,0,0,0,0,8,0,55,0,96,0,0,0,193,30,0,0,0,0,0,0,0,0,0,0,17,7,0,0,0,0,0,0,0,0,1,0,241,30,0,0,0,0,0,0,0,0,0,0,255,255,255,255,255,255,255,255,255,255,255,255,2,0,10,6,0,0,0,0,3,96,131,7,0,0,3,0,3,96,105,4,0,0,0,0,0,0,0,0,4,0,57,11,0,0,0,0,0,0,0,0,4,0,255,255,255,255,255,255,255,255,255,255,255,255,255,255,255,255,255,255,255,255,255,255,255,255,255,255,255,255,255,255,255,255,255,255,255,255,255,255,255,255,255,255,255,255,255,255,255,255,255,255,255,255,255,255,255,255,255,255,255,255,255,255,255,255,255,255,255,255,255,255,255,255,255,255,255,255,255,255,255,255,255,255,255,255,255,255,255,255,255,255,255,255,255,255,255,255,255,255,255,255,255,255,255,255,255,255,255,255,255,255,255,255,255,255,255,255,255,255,255,255,255,255,255,255,255,255,255,255,255,255,255,255,255,255,255,255,255,255,255,255,255,255,255,255,255,255,255,255,255,255,255,255,255,255,255,255,255,255,255,255,255,255,255,255,255,255,255,255,255,255,255,255,255,255,255,255,255,255,255,255,255,255,255,255,255,255,255,255,255,255,255,255,255,255,255,255,255,255,255,255,255,255,255,255,255,255,255,255,255,255,255,255,255,255,255,255,255,255,255,255,255,255,255,255,255,255,255,255,255,255,255,255,255,255,255,255,255,255,255,255,255,255,255,255,255,255,255,255,255,255,255,255,255,255,255,255,255,255,255,255,255,255,255,255,255,255,255,255,255,255,255,255,255,255,255,255,255,255,255,255,255,255,255,255,255,255,255,255,255,255,255,255,255,255,255,255,255,255,255,255,255,255,255,255,255,255,255,255,255,255,255,255,255,255,255,255,255,255,255,255,255,255,255,255,255,255,255,255,255,255,255,255,255,255,255,255,255,255,255,255,255,255,255,255,255,255,255,255,255,255,255,255,255,255,255,255,255,255,255,255,255,255,255,255,255,255,255,255,255,255,255,255,255,255,255,255,255,255,255,255,255,255,255,255,255,255,255,255,255,255,255,255,255,255,255,255,255,255,255,255,255,255,255,255,255,255,255,255,255,255,255,255,255,255,255,255,255,255,255,255,255,255,255,255,255,255,255,255,4,0,20,1,233,2,0,0,0,0,0,0,0,0,4,0,57,6,0,0,0,0
0,114,85,64,0,0,0,0,0,0,0,0,0,0,0,0,0,0,0,64,0,0,0,0,0,0,0,64,0,0,0,0,0,0,0,0,0,0,0,0,0,0,0,56,0,0,0,0,0,0,0,17,0,0,0,0,0,0,0,0,0,0,0,17,0,0,0,0,0,0,0,0,0,11,0,16,4,0,0,0,0,0,0,0,0,0,0,0,0,0,0,0,0,0,0,1,0,1,0,0,0,1,0,241,53,0,0,0,0,0,0,0,0,0,0,65,43,0,0,0,0,0,0,0,0,0,0,33,54,0,0,0,0,0,0,0,0,0,0,255,255,255,255,255,255,255,255,225,47,0,0,0,0,0,0,0,0,0,0,8,0,28,0,96,0,0,0,161,43,0,0,0,0,0,0,0,0,0,0,145,7,0,0,0,0,0,0,0,0,1,0,209,43,0,0,0,0,0,0,0,0,0,0,255,255,255,255,255,255,255,255,255,255,255,255,0,0,255,255,255,255,255,255,255,255,255,255,255,255,255,255,255,255,255,255,255,255,255,255,255,255,255,255,255,255,255,255,255,255,255,255,255,255,255,255,255,255,255,255,255,255,255,255,255,255,255,255,255,255,255,255,255,255,255,255,255,255,255,255,255,255,255,255,255,255,255,255,255,255,255,255,255,255,255,255,255,255,255,255,255,255,255,255,255,255,255,255,255,255,255,255,255,255,255,255,255,255,255,255,255,255,255,255,255,255,255,255,255,255,255,255,255,255,255,255,255,255,255,255,255,255,255,255,255,255,255,255,255,255,255,255,255,255,255,255,255,255,255,255,255,255,255,255,255,255,255,255,255,255,255,255,255,255,255,255,255,255,255,255,255,255,255,255,255,255,255,255,255,255,255,255,255,255,255,255,255,255,255,255,255,255,255,255,255,255,255,255,255,255,255,255,255,255,255,255,255,255,255,255,255,255,255,255,255,255,255,255,255,255,255,255,255,255,255,255,255,255,255,255,255,255,255,255,255,255,0,0,151,0,68,0,0,0,0,0,0,127,0,0,0,0,0,0,0,0,0,0,0,0,0,0,8,0,55,0,96,0,0,0,193,30,0,0,0,0,0,0,0,0,0,0,17,7,0,0,0,0,0,0,0,0,1,0,241,30,0,0,0,0,0,0,0,0,0,0,255,255,255,255,255,255,255,255,255,255,255,255,2,0,10,6,0,0,0,0,3,96,131,7,0,0,3,0,3,96,105,4,0,0,0,0,0,0,0,0,4,0,57,11,0,0,0,0,0,0,0,0,4,0,255,255,255,255,255,255,255,255,255,255,255,255,255,255,255,255,255,255,255,255,255,255,255,255,255,255,255,255,255,255,255,255,255,255,255,255,255,255,255,255,255,255,255,255,255,255,255,255,255,255,255,255,255,255,255,255,255,255,255,255,255,255,255,255,255,255,255,255,255,255,255,255,255,255,255,255,255,255,255,255,255,255,255,255,255,255,255,255,255,255,255,255,255,255,255,255,255,255,255,255,255,255,255,255,255,255,255,255,255,255,255,255,255,255,255,255,255,255,255,255,255,255,255,255,255,255,255,255,255,255,255,255,255,255,255,255,255,255,255,255,255,255,255,255,255,255,255,255,255,255,255,255,255,255,255,255,255,255,255,255,255,255,255,255,255,255,255,255,255,255,255,255,255,255,255,255,255,255,255,255,255,255,255,255,255,255,255,255,255,255,255,255,255,255,255,255,255,255,255,255,255,255,255,255,255,255,255,255,255,255,255,255,255,255,255,255,255,255,255,255,255,255,255,255,255,255,255,255,255,255,255,255,255,255,255,255,255,255,255,255,255,255,255,255,255,255,255,255,255,255,255,255,255,255,255,255,255,255,255,255,255,255,255,255,255,255,255,255,255,255,255,255,255,255,255,255,255,255,255,255,255,255,255,255,255,255,255,255,255,255,255,255,255,255,255,255,255,255,255,255,255,255,255,255,255,255,255,255,255,255,255,255,255,255,255,255,255,255,255,255,255,255,255,255,255,255,255,255,255,255,255,255,255,255,255,255,255,255,255,255,255,255,255,255,255,255,255,255,255,255,255,255,255,255,255,255,255,255,255,255,255,255,255,255,255,255,255,255,255,255,255,255,255,255,255,255,255,255,255,255,255,255,255,255,255,255,255,255,255,255,255,255,255,255,255,255,255,255,255,255,255,255,255,255,255,255,255,255,255,255,255,255,255,255,255,255,255,255,255,255,255,255,255,255,255,255,255,255,4,0,20,1,233,2,0,0,0,0,0,0,0,0,4,0,57,6,0,0,0,0
0,114,85,64,0,0,0,0,0,0,0,0,0,0,0,0,0,0,0,64,0,0,0,0,0,0,0,64,0,0,0,0,0,0,0,0,0,0,0,0,0,0,0,26,0,0,0,0,0,0,0,17,0,0,0,0,0,0,0,0,0,10,0,255,255,255,255,255,255,255,255,255,255,255,255,0,0,0,0,120,0,0,0,8,0,0,0,0,0,0,0,98,0,0,0,0,0,0,127,0,0,0,0,0,0,0,0,0,0,0,0,0,0,0,0,65,43,0,0,0,0,0,0,0,0,0,0,33,54,0,0,0,0,0,0,0,0,0,0,255,255,255,255,255,255,255,255,225,47,0,0,0,0,0,0,0,0,0,0,8,0,28,0,96,0,0,0,161,43,0,0,0,0,0,0,0,0,0,0,145,7,0,0,0,0,0,0,0,0,1,0,209,43,0,0,0,0,0,0,0,0,0,0,255,255,255,255,255,255,255,255,255,255,255,255,0,0,255,255,255,255,255,255,255,255,255,255,255,255,255,255,255,255,255,255,255,255,255,255,255,255,255,255,255,255,255,255,255,255,255,255,255,255,255,255,255,255,255,255,255,255,255,255,255,255,255,255,255,255,255,255,255,255,255,255,255,255,255,255,255,255,255,255,255,255,255,255,255,255,255,255,255,255,255,255,255,255,255,255,255,255,255,255,255,255,255,255,255,255,255,255,255,255,255,255,255,255,255,255,255,255,255,255,255,255,255,255,255,255,255,255,255,255,255,255,255,255,255,255,255,255,255,255,255,255,255,255,255,255,255,255,255,255,255,255,255,255,255,255,255,255,255,255,255,255,255,255,255,255,255,255,255,255,255,255,255,255,255,255,255,255,255,255,255,255,255,255,255,255,255,255,255,255,255,255,255,255,255,255,255,255,255,255,255,255,255,255,255,255,255,255,255,255,255,255,255,255,255,255,255,255,255,255,255,255,255,255,255,255,255,255,255,255,255,255,255,255,255,255,255,255,255,255,255,255,0,0,151,0,68,0,0,0,0,0,0,127,0,0,0,0,0,0,0,0,0,0,0,0,0,0,8,0,55,0,96,0,0,0,193,30,0,0,0,0,0,0,0,0,0,0,17,7,0,0,0,0,0,0,0,0,1,0,241,30,0,0,0,0,0,0,0,0,0,0,255,255,255,255,255,255,255,255,255,255,255,255,2,0,10,6,0,0,0,0,3,96,131,7,0,0,3,0,3,96,105,4,0,0,0,0,0,0,0,0,4,0,57,11,0,0,0,0,0,0,0,0,4,0,255,255,255,255,255,255,255,255,255,255,255,255,255,255,255,255,255,255,255,255,255,255,255,255,255,255,255,255,255,255,255,255,255,255,255,255,255,255,255,255,255,255,255,255,255,255,255,255,255,255,255,255,255,255,255,255,255,255,255,255,255,255,255,255,255,255,255,255,255,255,255,255,255,255,255,255,255,255,255,255,255,255,255,255,255,255,255,255,255,255,255,255,255,255,255,255,255,255,255,255,255,255,255,255,255,255,255,255,255,255,255,255,255,255,255,255,255,255,255,255,255,255,255,255,255,255,255,255,255,255,255,255,255,255,255,255,255,255,255,255,255,255,255,255,255,255,255,255,255,255,255,255,255,255,255,255,255,255,255,255,255,255,255,255,255,255,255,255,255,255,255,255,255,255,255,255,255,255,255,255,255,255,255,255,255,255,255,255,255,255,255,255,255,255,255,255,255,255,255,255,255,255,255,255,255,255,255,255,255,255,255,255,255,255,255,255,255,255,255,255,255,255,255,255,255,255,255,255,255,255,255,255,255,255,255,255,255,255,255,255,255,255,255,255,255,255,255,255,255,255,255,255,255,255,255,255,255,255,255,255,255,255,255,255,255,255,255,255,255,255,255,255,255,255,255,255,255,255,255,255,255,255,255,255,255,255,255,255,255,255,255,255,255,255,255,255,255,255,255,255,255,255,255,255,255,255,255,255,255,255,255,255,255,255,255,255,255,255,255,255,255,255,255,255,255,255,255,255,255,255,255,255,255,255,255,255,255,255,255,255,255,255,255,255,255,255,255,255,255,255,255,255,255,255,255,255,255,255,255,255,255,255,255,255,255,255,255,255,255,255,255,255,255,255,255,255,255,255,255,255,255,255,255,255,255,255,255,255,255,255,255,255,255,255,255,255,255,255,255,255,255,255,255,255,255,255,255,255,255,255,255,255,255,255,255,255,255,255,255,255,255,255,255,255,255,255,255,255,4,0,20,1,233,2,0,0,0,0,0,0,0,0,4,0,57,6,0,0,0,0
1,1,48,179,128,1,0,4,0,0,0,3,0,48,170,74,2,144,2,0,72,2,2,72,9,0,192,18,20,6,72,3,0,1,100,228,4,4,4,0,10,0,132,86,66,65,80,114,64,111,106,101,99,116,5,0,26,0,84,0,64,2,10,6,2,10,61,2,10,7,43,2,114,1,20,8,6,18,9,2,18,120,126,160,38,99,43,0,12,2,74,60,2,10,4,22,0,1,57,115,116,100,111,108,4,101,62,2,25,115,0,116,0,100,0,0,111,0,108,0,101,0,13,20,0,104,0,37,94,0,3,42,92,71,0,123,48,48,48,50,48,52,51,236,48,45,0,8,4,4,67,0,10,2,14,1,18,0,48,48,52,54,125,35,50,46,0,48,35,48,35,67,58,92,87,0,105,110,100,111,119,115,92,83,0,121,115,116,101,109,51,50,92,1,3,101,50,46,116,108,98,35,79,0,76,69,32,65,117,116,111,109,224,97,116,105,111,110,0,48,0,1,131,69,32,79,102,102,105,99,132,69,79,0,162,102,128,0,105,0,99,130,69,158,128,17,6,148,128,1,129,69,50,68,70,56,68,0,48,52,67,45,53,66,70,65,0,45,49,48,49,66,45,66,68,164,69,53,128,69,65,65,128,67,52,128,5,6,50,136,69,128,152,103,114,97,109,32,0,70,105,108,101,115,92,67,111,16,109,109,111,110,4,6,77,105,99,0,114,111,115,111,102,116,32,83,0,104,97,114,101,100,92,79,70,0,70,73,67,69,49,54,92,77,128,83,79,46,68,76,76,35,135,16,1,131,77,32,49,54,46,48,32,79,2,98,129,193,32,76,105,98,114,97,28,114,121,0,75,0,1,131,96,77,83,88,8,77,76,50,131,166,77,0,83,0,128,88,0,77,0,76,0,50,128,166,26,108,128,17,98,128,1,129,96,70,53,48,0,55,56,70,49,56,45,67,53,0,53,49,45,49,49,68,51,45,16,56,57,66,57,66,83,70,56,49,128,70,69,50,50,49,125,35,64,26,1,84,83,109,115,120,109,108,54,46,24,100,108,108,8,40,0,30,44,32,118,23,0,13,0,25,128,0,15,66,142,5,0,19,17,194,1,18,218,25,66,120,84,104,105,0,115,87,111,114,107,98,111,111,80,107,71,0,24,192,9,84,192,121,105,16,0,115,0,87,192,125,114,0,107,84,0,98,192,1,111,192,1,26,206,11,50,69,218,11,28,192,18,0,0,72,66,1,49,193,66,156,22,18,0,0,30,66,2,1,5,162,44,194,33,64,165,34,66,8,43,66,1,8,25,0,11,192,1,119,73,110,100,0,105,118,105,100,117,97,108,71,132,0,22,1,4,0,73,0,110,0,162,32,105,0,118,0,105,192,1,117,0,106,97,128,164,26,13,11,50,24,11,79,35,16,83,192,213,77,35,194,107,75,35,21,0,31,73,0,109,116,105,99,83,70,65,106,0,103,84,70,117,110,120,111,65,128,81,116,85,78,71,0,42,129,6,12,0,109,0,200,129,164,83,0,70,0,128,65,0,106,0,103,0,84,64,2,138,117,64,43,120,128,77,65,0,81,192,7,64,85,0,78,0,26,0,150,18,50,27,172,18,47,25,141,192,72,45,25,227,81,33,89,0,20,0,0,229,42,33,123,119,129,108,114,42,71,226,56,119,192,21,117,128,19,111,0,246,114,128,19,167,3,50,174,3,239,13,128,143,238,56,20,192,74,43,39,7,160,15,119,77,97,128,115,105,118,97,71,0,14,129,1,109,0,95,97,192,74,97,56,97,64,14,8,4,50,167,16,4,175,14,241,53,35,239,169,14,16,192,12,0,0,0,255,255,255,255,255,255,255,255,255,255,255,255,255,255,255,255,255,255,255,255,255,255,255,255,255,255,255,255,255,255,255,255,255,255,255,255,255,255,255,255,255,255,255,255,255,255,255,255,255,255,255,255,255,255,255,255,255,255,255,255,255,255,255,255,255,255,255,255,255,255,255,255,255,255,255,255,255,255,255,255,255,255,255,255,255,255,255,255,255,255,255,255,255,255,255,255,255,255,255,255,255,255,255,255,255,255,255,255,255,255,255,255,255,255,255,255,255,255,255,255,255,255,255,255,255,255,255,255,255,255,255,255,255,255,255,255,255,255,255,255,255,255,255,255,255,255,255,255,255,255,255,255,255,255,255,255,255,255,255,255,255,255,255,255,255,255,255,255,255,255,255,255,255,255,255,255,4,0,20,1,233,2,0,0,0,0,0,0,0,0,4,0,57,6,0,0,0,0
0,1,22,3,0,6,0,1,0,0,90,3,0,0,228,0,0,0,16,2,0,0,136,3,0,0,150,3,0,0,254,3,0,0,0,0,0,0,1,0,0,0,18,218,192,74,0,0,255,255,35,0,0,0,136,0,0,0,182,0,255,255,1,1,0,0,0,0,255,255,255,255,0,0,0,0,255,255,112,0,255,255,0,0,220,46,147,190,132,90,98,70,163,92,224,90,148,64,1,211,32,8,2,0,0,0,0,0,192,0,0,0,0,0,0,70,0,0,0,0,0,0,0,0,0,0,0,0,0,0,0,0,1,0,0,0,105,106,30,67,217,85,111,69,161,72,166,159,27,213,124,92,16,0,0,0,3,0,0,0,5,0,0,0,7,0,0,0,255,255,255,255,255,255,255,255,1,1,8,0,0,0,255,255,255,255,120,0,0,0,8,105,106,30,67,217,85,111,69,161,72,166,159,27,213,124,92,220,46,147,190,132,90,98,70,163,92,224,90,148,64,1,211,255,255,0,0,0,0,77,69,0,0,255,255,255,255,255,255,0,0,0,0,255,255,0,0,0,0,255,255,1,1,0,0,0,0,223,0,255,255,0,0,0,0,255,255,255,255,255,255,255,255,255,255,255,255,255,255,255,255,255,255,255,255,255,255,255,255,255,255,255,255,255,255,255,255,255,255,255,255,255,255,255,255,255,255,255,255,255,255,255,255,255,255,255,255,255,255,255,255,255,255,255,255,255,255,255,255,255,255,255,255,255,255,255,255,255,255,255,255,255,255,255,255,255,255,255,255,255,255,255,255,255,255,255,255,255,255,255,255,255,255,255,255,255,255,255,255,255,255,255,255,255,255,255,255,255,255,255,255,255,255,255,255,255,255,255,255,255,255,255,255,255,255,40,0,0,0,2,0,83,76,255,255,255,255,0,0,1,0,83,16,255,255,255,255,0,0,1,0,83,148,255,255,255,255,0,0,0,0,54,34,255,255,255,255,0,0,255,255,1,1,0,0,0,0,1,0,78,0,48,0,123,0,48,0,48,0,48,0,50,0,48,0,56,0,50,0,48,0,45,0,48,0,48,0,48,0,48,0,45,0,48,0,48,0,48,0,48,0,45,0,67,0,48,0,48,0,48,0,45,0,48,0,48,0,48,0,48,0,48,0,48,0,48,0,48,0,48,0,48,0,52,0,54,0,125,0,7,0,0,0,0,0,255,255,255,255,1,1,184,0,0,0,2,128,254,255,255,255,255,255,32,0,0,0,255,255,255,255,48,0,0,0,2,1,255,255,0,0,0,0,0,0,0,0,255,255,255,255,255,255,255,255,0,0,0,0,62,0,60,0,29,0,0,0,37,0,0,0,255,255,255,255,64,0,0,0,2,131,254,255,255,255,255,255,0,0,0,0,255,255,255,255,112,0,0,0,0,0,255,255,255,255,255,255,0,0,0,0,255,255,255,255,255,255,255,255,0,0,0,0,0,1,0,0,29,0,24,0,37,0,0,0,130,160,62,2,255,255,255,255,254,255,255,255,255,255,255,255,168,0,0,0,2,0,255,255,254,255,255,255,0,0,0,0,255,255,255,255,255,255,255,255,0,0,0,0,0,0,0,0,29,0,24,0,37,0,0,0,255,255,255,255,72,0,0,0,0,0,0,0,0,0,1,0,0,0,0,0,0,0,0,0,255,255,255,255,255,255,255,255,255,255,255,255,0,0,0,0,255,255,255,255,255,255,255,255,255,255,255,255,255,255,255,255,255,255,255,255,0,0,0,0,255,255,255,255,255,255,255,255,255,255,255,255,120,0,0,0,64,0,0,0,0,0,0,0,0,0,0,0,120,0,0,0,8,0,0,0,0,0,240,4,240,4,255,255,255,255,255,255,255,255,255,255,255,255,255,255,255,255,255,255,255,255,255,255,16,0,0,0,1,0,56,0,0,0,120,126,38,99,43,0,1,36,0,42,0,92,0,82,0,102,0,102,0,102,0,102,0,42,0,48,0,81,0,54,0,51,0,50,0,54,0,56,0,53,0,55,0,49,0,223,1,0,0,0,0,0,255,255,255,255,96,0,0,0,1,0,16,0,0,0,0,0,0,0,0,0,0,0,0,0,0,0,0,0,0,0,0,0,0,0,0,0,0,0,0,0,0,0,0,0,0,0,0,0,0,0,0,0,0,0,0,0,0,0,0,0,0,0,0,0,0,0,0,0,254,202,1,0,1,0,0,128,8,0,2,0,0,0,0,0,0,0,255,255,255,255,1,1,16,0,0,0,208,16,255,255,40,0,0,0,255,255,255,255
0,1,22,3,0,6,0,1,0,0,90,3,0,0,228,0,0,0,16,2,0,0,136,3,0,0,150,3,0,0,10,4,0,0,0,0,0,0,1,0,0,0,18,218,194,107,0,0,255,255,35,0,0,0,136,0,0,0,182,0,255,255,1,1,0,0,0,0,255,255,255,255,0,0,0,0,255,255,112,0,255,255,0,0,76,22,245,175,197,66,52,70,170,227,156,75,165,155,206,3,32,8,2,0,0,0,0,0,192,0,0,0,0,0,0,70,0,0,0,0,0,0,0,0,0,0,0,0,0,0,0,0,1,0,0,0,170,147,109,237,210,208,37,65,161,229,197,50,13,215,214,237,16,0,0,0,3,0,0,0,5,0,0,0,7,0,0,0,255,255,255,255,255,255,255,255,1,1,8,0,0,0,255,255,255,255,120,0,0,0,8,170,147,109,237,210,208,37,65,161,229,197,50,13,215,214,237,76,22,245,175,197,66,52,70,170,227,156,75,165,155,206,3,255,255,0,0,0,0,77,69,0,0,255,255,255,255,255,255,0,0,0,0,255,255,0,0,0,0,255,255,1,1,0,0,0,0,223,0,255,255,0,0,0,0,255,255,255,255,255,255,255,255,255,255,255,255,255,255,255,255,255,255,255,255,255,255,255,255,255,255,255,255,255,255,255,255,255,255,255,255,255,255,255,255,255,255,255,255,255,255,255,255,255,255,255,255,255,255,255,255,255,255,255,255,255,255,255,255,255,255,255,255,255,255,255,255,255,255,255,255,255,255,255,255,255,255,255,255,255,255,255,255,255,255,255,255,255,255,255,255,255,255,255,255,255,255,255,255,255,255,255,255,255,255,255,255,255,255,255,255,255,255,255,255,255,255,255,255,255,255,255,255,255,255,40,0,0,0,2,0,83,76,255,255,255,255,0,0,1,0,83,16,255,255,255,255,0,0,1,0,83,148,255,255,255,255,0,0,0,0,54,34,255,255,255,255,0,0,255,255,1,1,0,0,0,0,1,0,78,0,48,0,123,0,48,0,48,0,48,0,50,0,48,0,56,0,50,0,48,0,45,0,48,0,48,0,48,0,48,0,45,0,48,0,48,0,48,0,48,0,45,0,67,0,48,0,48,0,48,0,45,0,48,0,48,0,48,0,48,0,48,0,48,0,48,0,48,0,48,0,48,0,52,0,54,0,125,0,7,0,0,0,0,0,255,255,255,255,1,1,184,0,0,0,2,128,254,255,255,255,255,255,32,0,0,0,255,255,255,255,48,0,0,0,2,1,255,255,0,0,0,0,0,0,0,0,255,255,255,255,255,255,255,255,0,0,0,0,0,0,0,0,29,0,0,0,37,0,0,0,255,255,255,255,64,0,0,0,2,131,254,255,255,255,255,255,0,0,0,0,255,255,255,255,112,0,0,0,0,0,255,255,255,255,255,255,0,0,0,0,255,255,255,255,255,255,255,255,0,0,0,0,0,0,0,0,29,0,24,0,37,0,0,0,130,160,68,2,255,255,255,255,254,255,255,255,255,255,255,255,168,0,0,0,2,0,255,255,254,255,255,255,0,0,0,0,255,255,255,255,255,255,255,255,0,0,0,0,0,0,0,0,29,0,24,0,37,0,0,0,255,255,255,255,72,0,0,0,0,0,0,0,0,0,1,0,0,0,0,0,0,0,0,0,255,255,255,255,255,255,255,255,255,255,255,255,0,0,0,0,255,255,255,255,255,255,255,255,255,255,255,255,255,255,255,255,255,255,255,255,0,0,0,0,255,255,255,255,255,255,255,255,255,255,255,255,120,0,0,0,64,0,0,0,0,0,0,0,1,0,0,0,120,0,0,0,8,0,0,0,0,0,240,4,240,4,255,255,255,255,255,255,255,255,255,255,255,255,255,255,255,255,255,255,255,255,255,255,16,0,0,0,1,0,56,0,0,0,120,126,38,99,43,0,1,36,0,42,0,92,0,82,0,102,0,102,0,102,0,102,0,42,0,48,0,82,0,54,0,51,0,50,0,54,0,56,0,53,0,55,0,49,0,223,1,0,0,0,0,0,255,255,255,255,96,0,0,0,2,0,16,0,0,0,0,0,0,0,0,0,0,0,0,0,0,0,0,0,0,0,0,0,0,0,0,0,0,0,0,0,0,0,0,0,0,0,0,0,0,0,0,0,0,0,0,0,0,0,0,0,0,0,0,0,0,0,0,0,254,202,1,0,2,0,0,128,8,0,2,0,0,0,0,0,0,0,0,128,9,0,0,0,0,0,255,255,255,255,255,255,255,255,1,1,16,0,0,0
0,1,22,3,0,6,0,1,0,0,90,3,0,0,228,0,0,0,16,2,0,0,136,3,0,0,150,3,0,0,10,4,0,0,0,0,0,0,1,0,0,0,18,218,35,239,0,0,255,255,35,0,0,0,136,0,0,0,182,0,255,255,1,1,0,0,0,0,255,255,255,255,0,0,0,0,255,255,112,0,255,255,0,0,147,253,57,231,26,140,179,72,132,245,54,53,46,21,215,201,32,8,2,0,0,0,0,0,192,0,0,0,0,0,0,70,0,0,0,0,0,0,0,0,0,0,0,0,0,0,0,0,1,0,0,0,87,72,85,107,9,23,214,72,151,28,83,246,202,175,119,196,16,0,0,0,3,0,0,0,5,0,0,0,7,0,0,0,255,255,255,255,255,255,255,255,1,1,8,0,0,0,255,255,255,255,120,0,0,0,8,87,72,85,107,9,23,214,72,151,28,83,246,202,175,119,196,147,253,57,231,26,140,179,72,132,245,54,53,46,21,215,201,255,255,0,0,0,0,77,69,0,0,255,255,255,255,255,255,0,0,0,0,255,255,0,0,0,0,255,255,1,1,0,0,0,0,223,0,255,255,0,0,0,0,255,255,255,255,255,255,255,255,255,255,255,255,255,255,255,255,255,255,255,255,255,255,255,255,255,255,255,255,255,255,255,255,255,255,255,255,255,255,255,255,255,255,255,255,255,255,255,255,255,255,255,255,255,255,255,255,255,255,255,255,255,255,255,255,255,255,255,255,255,255,255,255,255,255,255,255,255,255,255,255,255,255,255,255,255,255,255,255,255,255,255,255,255,255,255,255,255,255,255,255,255,255,255,255,255,255,255,255,255,255,255,255,255,255,255,255,255,255,255,255,255,255,255,255,255,255,255,255,255,255,40,0,0,0,2,0,83,76,255,255,255,255,0,0,1,0,83,16,255,255,255,255,0,0,1,0,83,148,255,255,255,255,0,0,0,0,54,34,255,255,255,255,0,0,255,255,1,1,0,0,0,0,1,0,78,0,48,0,123,0,48,0,48,0,48,0,50,0,48,0,56,0,50,0,48,0,45,0,48,0,48,0,48,0,48,0,45,0,48,0,48,0,48,0,48,0,45,0,67,0,48,0,48,0,48,0,45,0,48,0,48,0,48,0,48,0,48,0,48,0,48,0,48,0,48,0,48,0,52,0,54,0,125,0,7,0,0,0,0,0,255,255,255,255,1,1,184,0,0,0,2,128,254,255,255,255,255,255,32,0,0,0,255,255,255,255,48,0,0,0,2,1,255,255,0,0,0,0,0,0,0,0,255,255,255,255,255,255,255,255,0,0,0,0,0,0,0,0,29,0,0,0,37,0,0,0,255,255,255,255,64,0,0,0,2,131,254,255,255,255,255,255,0,0,0,0,255,255,255,255,112,0,0,0,0,0,255,255,255,255,255,255,0,0,0,0,255,255,255,255,255,255,255,255,0,0,0,0,0,0,0,0,29,0,24,0,37,0,0,0,130,160,70,2,255,255,255,255,254,255,255,255,255,255,255,255,168,0,0,0,2,0,255,255,254,255,255,255,0,0,0,0,255,255,255,255,255,255,255,255,0,0,0,0,0,0,0,0,29,0,24,0,37,0,0,0,255,255,255,255,72,0,0,0,0,0,0,0,0,0,1,0,0,0,0,0,0,0,0,0,255,255,255,255,255,255,255,255,255,255,255,255,0,0,0,0,255,255,255,255,255,255,255,255,255,255,255,255,255,255,255,255,255,255,255,255,0,0,0,0,255,255,255,255,255,255,255,255,255,255,255,255,120,0,0,0,64,0,0,0,0,0,0,0,0,0,0,0,120,0,0,0,8,0,0,0,0,0,240,4,240,4,255,255,255,255,255,255,255,255,255,255,255,255,255,255,255,255,255,255,255,255,255,255,16,0,0,0,1,0,56,0,0,0,120,126,38,99,43,0,1,36,0,42,0,92,0,82,0,102,0,102,0,102,0,102,0,42,0,48,0,83,0,54,0,51,0,50,0,54,0,56,0,53,0,55,0,49,0,223,1,0,0,0,0,0,255,255,255,255,96,0,0,0,2,0,16,0,0,0,0,0,0,0,0,0,0,0,0,0,0,0,0,0,0,0,0,0,0,0,0,0,0,0,0,0,0,0,0,0,0,0,0,0,0,0,0,0,0,0,0,0,0,0,0,0,0,0,0,0,0,0,0,0,254,202,1,0,2,0,0,128,8,0,2,0,0,0,0,0,0,0,0,128,9,0,0,0,0,0,255,255,255,255,255,255,255,255,1,1,16,0,0,0
