0,1,0,254,255,3,10,0,0,255,255,255,255,32,8,2,0,0,0,0,0,192,0,0,0,0,0,0,70,31,0,0,0,77,105,99,114,111,115,111,102,116,32,69,120,99,101,108,32,50,48,48,51,32,87,111,114,107,115,104,101,101,116,0,6,0,0,0,66,105,102,102,56,0,14,0,0,0,69,120,99,101,108,46,83,104,101,101,116,46,56,0,244,57,178,113,0,0,0,0,0,0,0,0,0,0,0,0,,,,,,,,,,,,,,,,,,,,,,,,,,,,,,,,,,,,,,,,,,,,,,,,,,,,,,,,,,,,,,,,,,,,,,,,,,,,,,,,,,,,,,,,,,,,,,,,,,,,,,,,,,,,,,,,,,,,,,,,,,,,,,,,,,,,,,,,,,,,,,,,,,,,,,,,,,,,,,,,,,,,,,,,,,,,,,,,,,,,,,,,,,,,,,,,,,,,,,,,,,,,,,,,,,,,,,,,,,,,,,,,,,,,,,,,,,,,,,,,,,,,,,,,,,,,,,,,,,,,,,,,,,,,,,,,,,,,,,,,,,,,,,,,,,,,,,,,,,,,,,,,,,,,,,,,,,,,,,,,,,,,,,,,,,,,,,,,,,,,,,,,,,,,,,,,,,,,,,,,,,,,,,,,,,,,,,,,,,,,,,,,,,,,,,,,,,,,,,,,,,,,,,,,,,,,,,,,,,,,,,,,,,,,,,,,,,,,,,,,,,,,,,,,,,,,,,,,,,,,,,,,,,,,,,,,,,,,,,,,,,,,,,,,,,,,,,,,,,,,,,,,,,,,,,,,,,,,,,,,,,,,,,,,,,,,,,,,,,,,,,,,,,,,,,,,,,,,,,,,,,,,,,,,,,,,,,,,,,,,,,,,,,,,,,,,,,,,,,,,,,,,,,,,,,,,,,,,,,,,,,,,,,,,,,,,,,,,,,,,,,,,,,,,,,,,,,,,,,,,,,,,,,,,,,,,,,,,,,,,,,,,,,,,,,,,,,,,,,,,,,,,,,,,,,,,,,,,,,,,,,,,,,,,,,,,,,,,,,,,,,,,,,,,,,,,,,,,,,,,,,,,,,,,,,,,,,,,,,,,,,,,,,,,,,,,,,,,,,,,,,,,,,,,,,,,,,,,,,,,,,,,,,,,,,,,,,,,,,,,,,,,,,,,,,,,,,,,,,,,,,,,,,,,,,,,,,,,,,,,,,,,,,,,,,,,,,,,,,,,,,,,,,,,,,,
0,254,255,0,0,6,2,2,0,0,0,0,0,0,0,0,0,0,0,0,0,0,0,0,0,2,0,0,0,2,213,205,213,156,46,27,16,147,151,8,0,43,44,249,174,68,0,0,0,5,213,205,213,156,46,27,16,147,151,8,0,43,44,249,174,4,1,0,0,192,0,0,0,8,0,0,0,1,0,0,0,72,0,0,0,23,0,0,0,80,0,0,0,11,0,0,0,88,0,0,0,16,0,0,0,96,0,0,0,19,0,0,0,104,0,0,0,22,0,0,0,112,0,0,0,13,0,0,0,120,0,0,0,12,0,0,0,155,0,0,0,2,0,0,0,228,4,0,0,3,0,0,0,0,0,14,0,11,0,0,0,0,0,0,0,11,0,0,0,0,0,0,0,11,0,0,0,0,0,0,0,11,0,0,0,0,0,0,0,30,16,0,0,2,0,0,0,12,0,0,0,76,73,78,75,32,71,86,32,40,50,41,0,7,0,0,0,83,104,101,101,116,49,0,12,16,0,0,2,0,0,0,30,0,0,0,11,0,0,0,87,111,114,107,115,104,101,101,116,115,0,3,0,0,0,2,0,0,0,0,0,60,24,0,0,3,0,0,0,0,0,0,0,32,0,0,0,1,0,0,0,56,0,0,0,2,0,0,0,64,0,0,0,1,0,0,0,2,0,0,0,12,0,0,0,95,80,73,68,95,72,76,73,78,75,83,0,2,0,0,0,228,4,0,0,65,0,0,0,244,23,0,0,38,1,0,0,3,0,0,0,121,0,66,0,3,0,0,0,48,0,1,0,3,0,0,0,0,0,0,0,3,0,0,0,6,0,0,0,31,0,0,0,19,0,0,0,109,0,97,0,105,0,108,0,116,0,111,0,58,0,49,0,50,0,97,0,54,0,64,0,49,0,50,0,51,0,52,0,53,0,54,0,0,0,0,0,31,0,0,0,1,0,0,0,0,0,0,0,3,0,0,0,84,0,79,0,3,0,0,0,47,0,1,0,3,0,0,0,0,0,0,0,3,0,0,0,6,0,0,0,31,0,0,0,37,0,0,0,104,0,116,0,116,0,112,0,115,0,58,0,47,0,47,0,109,0,101,0,101,0,116,0,46,0,103,0,111,0,111,0,103,0,108,0,101,0,46,0,99,0,111,0,109,0,47,0,112,0,98,0,106,0,45,0,113,0,112,0,98,0,121,0,45,0,106,0,117,0,105,0,0,0,0,0,31,0,0,0,1,0,0,0,0,0,0,0,3,0,0,0,78,0,86,0,3,0,0,0,46,0,1,0,3,0,0,0,0,0,0,0,3,0,0,0,6,0,0,0,31,0,0,0,37,0,0,0,104,0,116,0,116,0,112,0,115,0,58,0,47,0,47,0,109,0,101,0,101,0,116,0,46,0,103,0,111,0,111,0,103,0,108,0,101,0,46,0,99,0,111,0,109,0,47,0,105,0,103,0,103,0,45,0,117,0,102,0,114,0,101,0,45,0,114,0,111,0,103,0,0,0,0,0,31,0,0,0,1,0,0,0,0,0,0,0,3,0,0,0,84,0,75,0,3,0,0,0,45,0,1,0,3,0,0,0,0,0,0,0,3,0,0,0,6,0,0,0,31,0,0,0,37,0,0,0,104,0,116,0,116,0,112,0,115,0,58,0,47,0,47,0,109,0,101,0,101,0,116,0,46,0,103,0,111,0,111,0,103,0,108,0,101,0,46,0,99,0,111,0,109,0,47,0,115,0,101,0,105,0,45,0,103,0,110,0,113,0,117,0,45,0,112,0,112,0,98,0,0,0,0,0,31,0,0,0,1,0,0,0,0,0,0,0,3,0,0,0,117,0,66,0,3,0,0,0,44,0,1,0,3,0,0,0,0,0,0,0,3,0,0,0,6,0,0,0,31,0,0,0,19,0,0,0,109,0,97,0,105,0,108,0,116,0,111,0,58,0,49,0,49,0,97,0,57,0,64,0,49,0,50,0,51,0,52,0,53,0,54,0,0,0,0,0,31,0,0,0,1,0,0,0,0,0,0,0,3,0,0,0,120,0,66,0,3,0,0,0,43,0,1,0,3,0,0,0,0,0,0,0,3,0,0,0,6,0,0,0,31,0,0,0,19,0,0,0,109,0,97,0,105,0,108,0,116,0,111,0,58,0,49,0,49,0,97,0,52,0,64,0,49,0,50,0,51,0,52,0,53,0,54,0,0,0,0,0,31,0,0,0,1,0,0,0,0,0,0,0,3,0,0,0,68,0,48,0,3,0,0,0,42,0,1,0,3,0,0,0,0,0
0,254,255,0,0,6,2,2,0,0,0,0,0,0,0,0,0,0,0,0,0,0,0,0,0,1,0,0,0,224,133,159,242,249,79,104,16,171,145,8,0,43,39,179,217,48,0,0,0,200,0,0,0,8,0,0,0,1,0,0,0,72,0,0,0,4,0,0,0,80,0,0,0,8,0,0,0,108,0,0,0,18,0,0,0,132,0,0,0,11,0,0,0,156,0,0,0,12,0,0,0,168,0,0,0,13,0,0,0,180,0,0,0,19,0,0,0,192,0,0,0,2,0,0,0,233,253,0,0,30,0,0,0,20,0,0,0,85,121,32,196,144,225,187,169,99,32,78,103,117,121,225,187,133,110,0,0,30,0,0,0,16,0,0,0,105,115,109,97,105,108,32,45,32,91,50,48,49,48,93,0,30,0,0,0,16,0,0,0,77,105,99,114,111,115,111,102,116,32,69,120,99,101,108,0,64,0,0,0,128,234,12,169,65,166,215,1,64,0,0,0,128,11,78,251,65,166,215,1,64,0,0,0,128,211,34,94,250,177,215,1,3,0,0,0,0,0,0,0,115,0,3,0,0,0,2,0,0,0,0,0,60,24,0,0,3,0,0,0,0,0,0,0,32,0,0,0,1,0,0,0,56,0,0,0,2,0,0,0,64,0,0,0,1,0,0,0,2,0,0,0,12,0,0,0,95,80,73,68,95,72,76,73,78,75,83,0,2,0,0,0,228,4,0,0,65,0,0,0,244,23,0,0,38,1,0,0,3,0,0,0,121,0,66,0,3,0,0,0,48,0,1,0,3,0,0,0,0,0,0,0,3,0,0,0,6,0,0,0,31,0,0,0,19,0,0,0,109,0,97,0,105,0,108,0,116,0,111,0,58,0,49,0,50,0,97,0,54,0,64,0,49,0,50,0,51,0,52,0,53,0,54,0,0,0,0,0,31,0,0,0,1,0,0,0,0,0,0,0,3,0,0,0,84,0,79,0,3,0,0,0,47,0,1,0,3,0,0,0,0,0,0,0,3,0,0,0,6,0,0,0,31,0,0,0,37,0,0,0,104,0,116,0,116,0,112,0,115,0,58,0,47,0,47,0,109,0,101,0,101,0,116,0,46,0,103,0,111,0,111,0,103,0,108,0,101,0,46,0,99,0,111,0,109,0,47,0,112,0,98,0,106,0,45,0,113,0,112,0,98,0,121,0,45,0,106,0,117,0,105,0,0,0,0,0,31,0,0,0,1,0,0,0,0,0,0,0,3,0,0,0,78,0,86,0,3,0,0,0,46,0,1,0,3,0,0,0,0,0,0,0,3,0,0,0,6,0,0,0,31,0,0,0,37,0,0,0,104,0,116,0,116,0,112,0,115,0,58,0,47,0,47,0,109,0,101,0,101,0,116,0,46,0,103,0,111,0,111,0,103,0,108,0,101,0,46,0,99,0,111,0,109,0,47,0,105,0,103,0,103,0,45,0,117,0,102,0,114,0,101,0,45,0,114,0,111,0,103,0,0,0,0,0,31,0,0,0,1,0,0,0,0,0,0,0,3,0,0,0,84,0,75,0,3,0,0,0,45,0,1,0,3,0,0,0,0,0,0,0,3,0,0,0,6,0,0,0,31,0,0,0,37,0,0,0,104,0,116,0,116,0,112,0,115,0,58,0,47,0,47,0,109,0,101,0,101,0,116,0,46,0,103,0,111,0,111,0,103,0,108,0,101,0,46,0,99,0,111,0,109,0,47,0,115,0,101,0,105,0,45,0,103,0,110,0,113,0,117,0,45,0,112,0,112,0,98,0,0,0,0,0,31,0,0,0,1,0,0,0,0,0,0,0,3,0,0,0,117,0,66,0,3,0,0,0,44,0,1,0,3,0,0,0,0,0,0,0,3,0,0,0,6,0,0,0,31,0,0,0,19,0,0,0,109,0,97,0,105,0,108,0,116,0,111,0,58,0,49,0,49,0,97,0,57,0,64,0,49,0,50,0,51,0,52,0,53,0,54,0,0,0,0,0,31,0,0,0,1,0,0,0,0,0,0,0,3,0,0,0,120,0,66,0,3,0,0,0,43,0,1,0,3,0,0,0,0,0,0,0,3,0,0,0,6,0,0,0,31,0,0,0,19,0,0,0,109,0,97,0,105,0,108,0,116,0,111,0,58,0,49,0,49,0,97,0,52,0,64,0,49,0,50,0,51,0,52,0,53,0,54,0,0,0,0,0,31,0,0,0,1,0,0,0,0,0,0,0,3,0,0,0,68,0,48,0,3,0,0,0,42,0,1,0,3,0,0,0,0,0
0,9,8,16,0,0,6,5,0,102,50,205,7,201,128,1,0,6,6,0,0,225,0,2,0,176,4,193,0,2,0,0,0,226,0,0,0,92,0,112,0,15,0,0,105,115,109,97,105,108,32,45,32,91,50,48,49,48,93,32,32,32,32,32,32,32,32,32,32,32,32,32,32,32,32,32,32,32,32,32,32,32,32,32,32,32,32,32,32,32,32,32,32,32,32,32,32,32,32,32,32,32,32,32,32,32,32,32,32,32,32,32,32,32,32,32,32,32,32,32,32,32,32,32,32,32,32,32,32,32,32,32,32,32,32,32,32,32,32,32,32,32,32,32,32,32,32,32,32,32,32,32,32,66,0,2,0,176,4,97,1,2,0,0,0,192,1,0,0,61,1,6,0,2,0,4,0,3,0,211,0,0,0,186,1,15,0,12,0,0,84,104,105,115,87,111,114,107,98,111,111,107,156,0,2,0,17,0,25,0,2,0,0,0,18,0,2,0,0,0,19,0,2,0,0,0,175,1,2,0,0,0,188,1,2,0,0,0,61,0,18,0,134,1,43,2,103,77,197,28,56,0,1,0,1,0,1,0,88,2,64,0,2,0,0,0,141,0,2,0,0,0,34,0,2,0,0,0,14,0,2,0,1,0,183,1,2,0,0,0,218,0,2,0,0,0,49,0,26,0,200,0,0,0,8,0,144,1,0,0,0,0,0,98,5,1,65,0,114,0,105,0,97,0,108,0,49,0,26,0,220,0,0,0,8,0,144,1,0,0,0,2,0,98,5,1,65,0,114,0,105,0,97,0,108,0,49,0,26,0,220,0,0,0,8,0,144,1,0,0,0,2,0,98,5,1,65,0,114,0,105,0,97,0,108,0,49,0,26,0,220,0,0,0,8,0,144,1,0,0,0,2,0,98,5,1,65,0,114,0,105,0,97,0,108,0,49,0,26,0,200,0,0,0,8,0,144,1,0,0,0,0,0,98,5,1,65,0,114,0,105,0,97,0,108,0,49,0,26,0,220,0,0,0,8,0,144,1,0,0,0,2,0,98,5,1,65,0,114,0,105,0,97,0,108,0,49,0,26,0,220,0,0,0,9,0,144,1,0,0,0,2,0,98,5,1,65,0,114,0,105,0,97,0,108,0,49,0,26,0,220,0,0,0,20,0,144,1,0,0,0,2,0,98,5,1,65,0,114,0,105,0,97,0,108,0,49,0,26,0,220,0,1,0,52,0,188,2,0,0,0,2,0,98,5,1,65,0,114,0,105,0,97,0,108,0,49,0,26,0,220,0,1,0,9,0,188,2,0,0,0,2,0,98,5,1,65,0,114,0,105,0,97,0,108,0,49,0,26,0,220,0,2,0,23,0,144,1,0,0,0,2,0,98,5,1,65,0,114,0,105,0,97,0,108,0,49,0,26,0,220,0,4,0,20,0,144,1,0,0,1,0,0,98,5,1,65,0,114,0,105,0,97,0,108,0,49,0,26,0,220,0,0,0,17,0,144,1,0,0,0,2,0,98,5,1,65,0,114,0,105,0,97,0,108,0,49,0,26,0,44,1,1,0,8,0,188,2,0,0,0,2,0,98,5,1,65,0,114,0,105,0,97,0,108,0,49,0,26,0,4,1,1,0,8,0,188,2,0,0,0,2,0,98,5,1,65,0,114,0,105,0,97,0,108,0,49,0,26,0,220,0,1,0,8,0,188,2,0,0,0,2,0,98,5,1,65,0,114,0,105,0,97,0,108,0,49,0,26,0,200,0,4,0,30,0,144,1,0,0,1,0,0,98,5,1,65,0,114,0,105,0,97,0,108,0,49,0,26,0,220,0,0,0,62,0,144,1,0,0,0,2,0,98,5,1,65,0,114,0,105,0,97,0,108,0,49,0,26,0,220,0,0,0,52,0,144,1,0,0,0,2,0,98,5,1,65,0,114,0,105,0,97,0,108,0,49,0,26,0,220,0,0,0,60,0,144,1,0,0,0,2,0,98,5,1,65,0,114,0,105,0,97,0,108,0,49,0,26,0,220,0,1,0,63,0,188,2,0,0,0,2,0,98,5,1,65,0,114,0,105,0,97,0,108,0,49,0,26,0,104,1,1,0,8,0,188,2,0,0,0,2,0,98,5,1,65,0,114,0,105,0,97,0,108,0,49,0,26,0,220,0,1,0,8,0,188,2,0,0,0,2,0,98,5,1,65,0,114,0,105,0,97,0,108,0,49,0,26,0,220,0,0,0,10,0,144,1,0,0,0,2,0,98,5,1,65,0,114,0,105,0,97,0,108,0,49,0,46
0,73,68,61,34,123,54,57,53,70,56,53,48,66,45,53,69,70,48,45,52,67,50,68,45,56,67,68,50,45,56,55,53,51,55,48,49,65,57,70,53,52,125,34,13,10,77,111,100,117,108,101,61,75,97,110,103,97,116,97,110,103,13,10,68,111,99,117,109,101,110,116,61,84,104,105,115,87,111,114,107,98,111,111,107,47,38,72,48,48,48,48,48,48,48,48,13,10,78,97,109,101,61,34,86,66,65,80,114,111,106,101,99,116,34,13,10,72,101,108,112,67,111,110,116,101,120,116,73,68,61,34,48,34,13,10,86,101,114,115,105,111,110,67,111,109,112,97,116,105,98,108,101,51,50,61,34,51,57,51,50,50,50,48,48,48,34,13,10,67,77,71,61,34,56,52,56,54,53,70,48,54,65,49,54,57,65,53,54,57,65,53,54,57,65,53,54,57,65,53,34,13,10,68,80,66,61,34,69,66,69,57,51,48,65,51,57,54,65,52,57,54,65,52,57,54,34,13,10,71,67,61,34,53,50,53,48,56,57,52,67,70,49,52,68,70,49,52,68,48,69,34,13,10,13,10,91,72,111,115,116,32,69,120,116,101,110,100,101,114,32,73,110,102,111,93,13,10,38,72,48,48,48,48,48,48,48,49,61,123,51,56,51,50,68,54,52,48,45,67,70,57,48,45,49,49,67,70,45,56,69,52,51,45,48,48,65,48,67,57,49,49,48,48,53,65,125,59,86,66,69,59,38,72,48,48,48,48,48,48,48,48,13,10,5,1,65,0,114,0,105,0,97,0,108,0,49,0,26,0,220,0,0,0,8,0,144,1,0,0,0,2,0,98,5,1,65,0,114,0,105,0,97,0,108,0,49,0,26,0,220,0,0,0,8,0,144,1,0,0,0,2,0,98,5,1,65,0,114,0,105,0,97,0,108,0,49,0,26,0,200,0,0,0,8,0,144,1,0,0,0,0,0,98,5,1,65,0,114,0,105,0,97,0,108,0,49,0,26,0,220,0,0,0,8,0,144,1,0,0,0,2,0,98,5,1,65,0,114,0,105,0,97,0,108,0,49,0,26,0,220,0,0,0,9,0,144,1,0,0,0,2,0,98,5,1,65,0,114,0,105,0,97,0,108,0,49,0,26,0,220,0,0,0,20,0,144,1,0,0,0,2,0,98,5,1,65,0,114,0,105,0,97,0,108,0,49,0,26,0,220,0,1,0,52,0,188,2,0,0,0,2,0,98,5,1,65,0,114,0,105,0,97,0,108,0,49,0,26,0,220,0,1,0,9,0,188,2,0,0,0,2,0,98,5,1,65,0,114,0,105,0,97,0,108,0,49,0,26,0,220,0,2,0,23,0,144,1,0,0,0,2,0,98,5,1,65,0,114,0,105,0,97,0,108,0,49,0,26,0,220,0,4,0,20,0,144,1,0,0,1,0,0,98,5,1,65,0,114,0,105,0,97,0,108,0,49,0,26,0,220,0,0,0,17,0,144,1,0,0,0,2,0,98,5,1,65,0,114,0,105,0,97,0,108,0,49,0,26,0,44,1,1,0,8,0,188,2,0,0,0,2,0,98,5,1,65,0,114,0,105,0,97,0,108,0,49,0,26,0,4,1,1,0,8,0,188,2,0,0,0,2,0,98,5,1,65,0,114,0,105,0,97,0,108,0,49,0,26,0,220,0,1,0,8,0,188,2,0,0,0,2,0,98,5,1,65,0,114,0,105,0,97,0,108,0,49,0,26,0,200,0,4,0,30,0,144,1,0,0,1,0,0,98,5,1,65,0,114,0,105,0,97,0,108,0,49,0,26,0,220,0,0,0,62,0,144,1,0,0,0,2,0,98,5,1,65,0,114,0,105,0,97,0,108,0,49,0,26,0,220,0,0,0,52,0,144,1,0,0,0,2,0,98,5,1,65,0,114,0,105,0,97,0,108,0,49,0,26,0,220,0,0,0,60,0,144,1,0,0,0,2,0,98,5,1,65,0,114,0,105,0,97,0,108,0,49,0,26,0,220,0,1,0,63,0,188,2,0,0,0,2,0,98,5,1,65,0,114,0,105,0,97,0,108,0,49,0,26,0,104,1,1,0,8,0,188,2,0,0,0,2,0,98,5,1,65,0,114,0,105,0,97,0,108,0,49,0,26,0,220,0,1,0,8,0,188,2,0,0,0,2,0,98,5,1,65,0,114,0,105,0,97,0,108,0,49,0,26,0,220,0,0,0,10,0,144,1,0,0,0,2,0,98,5,1,65,0,114,0,105,0,97,0,108,0,49,0,46
0,75,97,110,103,97,116,97,110,103,0,75,0,97,0,110,0,103,0,97,0,116,0,97,0,110,0,103,0,0,0,84,104,105,115,87,111,114,107,98,111,111,107,0,84,0,104,0,105,0,115,0,87,0,111,0,114,0,107,0,98,0,111,0,111,0,107,0,0,0,0,0,61,84,104,105,115,87,111,114,107,98,111,111,107,47,38,72,48,48,48,48,48,48,48,48,13,10,78,97,109,101,61,34,86,66,65,80,114,111,106,101,99,116,34,13,10,72,101,108,112,67,111,110,116,101,120,116,73,68,61,34,48,34,13,10,86,101,114,115,105,111,110,67,111,109,112,97,116,105,98,108,101,51,50,61,34,51,57,51,50,50,50,48,48,48,34,13,10,67,77,71,61,34,56,52,56,54,53,70,48,54,65,49,54,57,65,53,54,57,65,53,54,57,65,53,54,57,65,53,34,13,10,68,80,66,61,34,69,66,69,57,51,48,65,51,57,54,65,52,57,54,65,52,57,54,34,13,10,71,67,61,34,53,50,53,48,56,57,52,67,70,49,52,68,70,49,52,68,48,69,34,13,10,13,10,91,72,111,115,116,32,69,120,116,101,110,100,101,114,32,73,110,102,111,93,13,10,38,72,48,48,48,48,48,48,48,49,61,123,51,56,51,50,68,54,52,48,45,67,70,57,48,45,49,49,67,70,45,56,69,52,51,45,48,48,65,48,67,57,49,49,48,48,53,65,125,59,86,66,69,59,38,72,48,48,48,48,48,48,48,48,13,10,5,1,65,0,114,0,105,0,97,0,108,0,49,0,26,0,220,0,0,0,8,0,144,1,0,0,0,2,0,98,5,1,65,0,114,0,105,0,97,0,108,0,49,0,26,0,220,0,0,0,8,0,144,1,0,0,0,2,0,98,5,1,65,0,114,0,105,0,97,0,108,0,49,0,26,0,200,0,0,0,8,0,144,1,0,0,0,0,0,98,5,1,65,0,114,0,105,0,97,0,108,0,49,0,26,0,220,0,0,0,8,0,144,1,0,0,0,2,0,98,5,1,65,0,114,0,105,0,97,0,108,0,49,0,26,0,220,0,0,0,9,0,144,1,0,0,0,2,0,98,5,1,65,0,114,0,105,0,97,0,108,0,49,0,26,0,220,0,0,0,20,0,144,1,0,0,0,2,0,98,5,1,65,0,114,0,105,0,97,0,108,0,49,0,26,0,220,0,1,0,52,0,188,2,0,0,0,2,0,98,5,1,65,0,114,0,105,0,97,0,108,0,49,0,26,0,220,0,1,0,9,0,188,2,0,0,0,2,0,98,5,1,65,0,114,0,105,0,97,0,108,0,49,0,26,0,220,0,2,0,23,0,144,1,0,0,0,2,0,98,5,1,65,0,114,0,105,0,97,0,108,0,49,0,26,0,220,0,4,0,20,0,144,1,0,0,1,0,0,98,5,1,65,0,114,0,105,0,97,0,108,0,49,0,26,0,220,0,0,0,17,0,144,1,0,0,0,2,0,98,5,1,65,0,114,0,105,0,97,0,108,0,49,0,26,0,44,1,1,0,8,0,188,2,0,0,0,2,0,98,5,1,65,0,114,0,105,0,97,0,108,0,49,0,26,0,4,1,1,0,8,0,188,2,0,0,0,2,0,98,5,1,65,0,114,0,105,0,97,0,108,0,49,0,26,0,220,0,1,0,8,0,188,2,0,0,0,2,0,98,5,1,65,0,114,0,105,0,97,0,108,0,49,0,26,0,200,0,4,0,30,0,144,1,0,0,1,0,0,98,5,1,65,0,114,0,105,0,97,0,108,0,49,0,26,0,220,0,0,0,62,0,144,1,0,0,0,2,0,98,5,1,65,0,114,0,105,0,97,0,108,0,49,0,26,0,220,0,0,0,52,0,144,1,0,0,0,2,0,98,5,1,65,0,114,0,105,0,97,0,108,0,49,0,26,0,220,0,0,0,60,0,144,1,0,0,0,2,0,98,5,1,65,0,114,0,105,0,97,0,108,0,49,0,26,0,220,0,1,0,63,0,188,2,0,0,0,2,0,98,5,1,65,0,114,0,105,0,97,0,108,0,49,0,26,0,104,1,1,0,8,0,188,2,0,0,0,2,0,98,5,1,65,0,114,0,105,0,97,0,108,0,49,0,26,0,220,0,1,0,8,0,188,2,0,0,0,2,0,98,5,1,65,0,114,0,105,0,97,0,108,0,49,0,26,0,220,0,0,0,10,0,144,1,0,0,0,2,0,98,5,1,65,0,114,0,105,0,97,0,108,0,49,0,46
0,1,22,1,0,6,240,0,0,0,244,7,0,0,212,0,0,0,40,2,0,0,255,255,255,255,17,9,0,0,157,14,0,0,1,0,0,0,1,0,0,0,65,203,14,15,0,0,255,255,3,0,0,0,0,0,0,0,182,0,255,255,1,1,0,0,0,0,255,255,255,255,0,0,0,0,255,255,4,0,255,255,0,0,0,0,0,0,0,0,0,0,0,0,0,0,0,0,0,0,0,0,0,0,0,0,0,0,0,0,0,0,0,0,0,0,0,0,0,0,0,0,0,0,0,0,0,0,0,0,0,0,0,0,0,0,16,0,0,0,3,0,0,0,5,0,0,0,7,0,0,0,255,255,255,255,255,255,255,255,1,1,8,0,0,0,255,255,255,255,120,0,0,0,2,0,0,0,0,0,0,0,0,0,0,0,0,0,0,0,0,0,0,0,0,0,0,0,0,0,0,0,0,0,0,0,0,255,255,0,0,0,0,77,69,0,0,255,255,255,255,255,255,0,0,0,0,255,255,0,0,0,0,255,255,1,1,0,0,0,0,223,0,255,255,0,0,0,0,48,0,255,255,255,255,255,255,255,255,255,255,255,255,255,255,255,255,255,255,255,255,255,255,255,255,255,255,255,255,255,255,255,255,255,255,255,255,255,255,255,255,255,255,255,255,255,255,255,255,255,255,255,255,255,255,255,255,255,255,255,255,255,255,255,255,255,255,255,255,255,255,255,255,255,255,255,255,255,255,255,255,255,255,255,255,255,255,255,255,255,255,255,255,255,255,255,255,255,255,255,255,255,255,255,255,255,255,255,255,255,255,255,255,255,255,255,255,255,255,255,255,255,255,255,255,255,255,255,255,160,0,0,0,0,0,54,10,255,255,255,255,0,0,0,0,26,0,255,255,255,255,0,0,0,0,26,148,255,255,255,255,0,0,0,0,26,76,255,255,255,255,0,0,0,0,26,76,255,255,255,255,0,0,0,0,154,34,255,255,255,255,0,0,0,0,26,76,255,255,255,255,0,0,0,0,26,16,255,255,255,255,0,0,0,0,26,16,255,255,255,255,0,0,0,0,26,8,255,255,255,255,0,0,0,0,26,0,255,255,255,255,0,0,0,0,26,8,255,255,255,255,0,0,0,0,2,60,52,0,255,255,0,0,0,0,2,60,56,0,255,255,0,0,0,0,2,60,60,0,255,255,0,0,0,0,2,60,255,255,255,255,0,0,255,255,1,1,0,0,0,0,0,0,1,0,0,0,56,5,0,0,1,1,64,5,0,0,11,18,34,2,64,0,0,0,0,0,0,96,0,0,0,0,255,255,255,255,255,255,255,255,0,0,0,0,0,0,0,0,8,1,0,0,28,255,111,0,255,255,255,255,255,255,255,255,255,255,0,0,19,0,19,0,1,0,132,0,0,3,0,0,11,18,62,2,128,0,0,0,1,0,0,96,0,0,0,0,255,255,255,255,255,255,255,255,0,0,0,0,0,0,0,0,160,2,0,0,132,254,111,0,255,255,255,255,255,255,255,255,255,255,1,0,8,0,8,0,20,0,132,0,0,3,0,0,11,18,86,2,255,255,255,255,2,0,0,96,0,0,0,0,255,255,255,255,255,255,255,255,0,0,0,0,0,0,0,0,255,255,255,255,0,0,14,0,255,255,255,255,255,255,255,255,255,255,2,0,12,0,12,0,28,0,132,0,0,3,0,0,128,0,0,0,255,255,255,255,64,0,0,0,0,0,0,0,255,255,255,255,0,0,0,0,2,131,30,2,255,255,255,255,8,0,255,255,0,1,0,0,0,0,255,255,255,255,255,255,0,0,0,0,255,255,255,255,255,255,255,255,0,0,0,0,29,0,0,0,37,0,0,0,255,255,255,255,255,255,255,255,255,255,255,255,255,255,255,255,255,255,255,255,255,255,255,255,255,255,255,255,255,255,255,255,255,255,255,255,255,255,255,255,255,255,255,255,255,255,255,255,255,255,255,255,255,255,255,255,255,255,255,255,255,255,255,255,255,255,255,255,216,1,0,0,192,1,0,0,56,2,0,0,255,255,255,255,8,2,0,0,255,255,255,255,255,255,255,255,255,255,255,255,255,255,255,255,255,255,255,255,255,255,255,255,255,255,255,255,255,255,255,255,255,255,255,255,255,255,255,255,255,255,255,255,255,255,255,255,255,255,255,255,255,255,255,255,255,255,255,255,255,255,255,255,168,1,0,0,255,255,255,255,255,255,255,255,40,2,36,2,44,2,52,2,0,0,0,0,0,0,0,0,4,0,0,0,64,4,254,255
0,1,22,1,0,6,0,1,0,0,60,3,0,0,228,0,0,0,16,2,0,0,106,3,0,0,120,3,0,0,204,3,0,0,0,0,0,0,1,0,0,0,65,203,84,199,0,0,255,255,35,0,0,0,136,0,0,0,182,0,255,255,1,1,0,0,0,0,255,255,255,255,0,0,0,0,255,255,60,0,255,255,0,0,252,32,148,241,99,63,189,74,137,63,52,215,73,120,203,10,25,8,2,0,0,0,0,0,192,0,0,0,0,0,0,70,0,0,0,0,0,0,0,0,0,0,0,0,0,0,0,0,1,0,0,0,189,252,29,90,107,113,225,77,182,187,140,88,49,15,24,196,16,0,0,0,3,0,0,0,5,0,0,0,7,0,0,0,255,255,255,255,255,255,255,255,1,1,8,0,0,0,255,255,255,255,120,0,0,0,8,189,252,29,90,107,113,225,77,182,187,140,88,49,15,24,196,252,32,148,241,99,63,189,74,137,63,52,215,73,120,203,10,255,255,0,0,0,0,77,69,0,0,255,255,255,255,255,255,0,0,0,0,255,255,0,0,0,0,255,255,1,1,0,0,0,0,223,0,255,255,0,0,0,0,255,255,255,255,255,255,255,255,255,255,255,255,255,255,255,255,255,255,255,255,255,255,255,255,255,255,255,255,255,255,255,255,255,255,255,255,255,255,255,255,255,255,255,255,255,255,255,255,255,255,255,255,255,255,255,255,255,255,255,255,255,255,255,255,255,255,255,255,255,255,255,255,255,255,255,255,255,255,255,255,255,255,255,255,255,255,255,255,255,255,255,255,255,255,255,255,255,255,255,255,255,255,255,255,255,255,255,255,255,255,255,255,255,255,255,255,255,255,255,255,255,255,255,255,255,255,255,255,255,255,40,0,0,0,2,0,83,76,255,255,255,255,0,0,1,0,83,16,255,255,255,255,0,0,1,0,83,148,255,255,255,255,0,0,0,0,54,34,255,255,255,255,0,0,255,255,1,1,0,0,0,0,1,0,78,0,48,0,123,0,48,0,48,0,48,0,50,0,48,0,56,0,49,0,57,0,45,0,48,0,48,0,48,0,48,0,45,0,48,0,48,0,48,0,48,0,45,0,67,0,48,0,48,0,48,0,45,0,48,0,48,0,48,0,48,0,48,0,48,0,48,0,48,0,48,0,48,0,52,0,54,0,125,0,7,0,0,0,255,255,255,255,1,1,160,0,0,0,2,128,254,255,255,255,255,255,16,0,255,255,40,0,0,0,2,1,255,255,0,0,0,0,0,0,0,0,255,255,255,255,255,255,255,255,0,0,0,0,29,0,0,0,37,0,0,0,255,255,255,255,72,0,0,0,2,131,254,255,255,255,255,255,8,0,255,255,96,0,0,0,0,0,255,255,255,255,255,255,0,0,0,0,255,255,255,255,255,255,255,255,0,0,0,0,29,0,12,0,37,0,0,0,130,160,44,2,255,255,255,255,254,255,255,255,144,0,0,0,2,0,255,255,254,255,255,255,0,0,0,0,255,255,255,255,255,255,255,255,0,0,0,0,29,0,12,0,37,0,0,0,255,255,255,255,96,0,0,0,0,0,0,0,0,0,1,0,0,0,0,0,0,0,0,0,255,255,255,255,255,255,255,255,255,255,255,255,0,0,0,0,255,255,255,255,255,255,255,255,255,255,255,255,255,255,255,255,255,255,255,255,0,0,0,0,255,255,255,255,255,255,255,255,255,255,255,255,104,0,0,0,56,0,0,0,0,0,0,0,0,0,0,0,64,0,4,0,0,0,0,0,20,4,20,4,255,255,255,255,255,255,255,255,255,255,255,255,255,255,255,255,255,255,255,255,255,255,8,0,1,0,48,0,0,0,3,171,69,99,3,0,1,36,0,42,0,92,0,82,0,102,0,102,0,102,0,102,0,42,0,48,0,57,0,54,0,51,0,52,0,53,0,97,0,98,0,55,0,100,0,223,1,0,0,0,0,0,255,255,255,255,52,0,0,0,0,0,0,0,0,0,0,0,0,0,0,0,0,0,0,0,0,0,0,0,0,0,0,0,0,0,0,0,0,0,0,0,0,0,0,0,0,0,0,0,0,0,0,0,0,0,0,0,0,0,0,0,0,0,0,0,0,0,0,0,254,202,1,0,0,0,255,255,255,255,1,1,8,0,0,0,255,255,255,255,120,0,0,0,255,255,255,255,0,0,1,176,176,0,65,116,116,114,105,98,117,116,0,101,32,86,66,95,78,97,109,0,101,32,61,32,34,84,104,105,0,115,87,111,114,107,98,111,111,16
1,204,97,151,0,0,1,0,255,9,4,0,0,9,4,0,0,228,4,1,0,0,0,0,0,0,0,0,0,1,0,4,0,2,0,250,0,42,0,92,0,71,0,123,0,48,0,48,0,48,0,50,0,48,0,52,0,69,0,70,0,45,0,48,0,48,0,48,0,48,0,45,0,48,0,48,0,48,0,48,0,45,0,67,0,48,0,48,0,48,0,45,0,48,0,48,0,48,0,48,0,48,0,48,0,48,0,48,0,48,0,48,0,52,0,54,0,125,0,35,0,52,0,46,0,49,0,35,0,57,0,35,0,67,0,58,0,92,0,80,0,82,0,79,0,71,0,82,0,65,0,126,0,50,0,92,0,67,0,79,0,77,0,77,0,79,0,78,0,126,0,49,0,92,0,77,0,73,0,67,0,82,0,79,0,83,0,126,0,49,0,92,0,86,0,66,0,65,0,92,0,86,0,66,0,65,0,55,0,92,0,86,0,66,0,69,0,55,0,46,0,68,0,76,0,76,0,35,0,86,0,105,0,115,0,117,0,97,0,108,0,32,0,66,0,97,0,115,0,105,0,99,0,32,0,70,0,111,0,114,0,32,0,65,0,112,0,112,0,108,0,105,0,99,0,97,0,116,0,105,0,111,0,110,0,115,0,0,0,0,0,0,0,0,0,0,0,0,0,28,1,42,0,92,0,71,0,123,0,48,0,48,0,48,0,50,0,48,0,56,0,49,0,51,0,45,0,48,0,48,0,48,0,48,0,45,0,48,0,48,0,48,0,48,0,45,0,67,0,48,0,48,0,48,0,45,0,48,0,48,0,48,0,48,0,48,0,48,0,48,0,48,0,48,0,48,0,52,0,54,0,125,0,35,0,49,0,46,0,55,0,35,0,48,0,35,0,67,0,58,0,92,0,80,0,114,0,111,0,103,0,114,0,97,0,109,0,32,0,70,0,105,0,108,0,101,0,115,0,32,0,40,0,120,0,56,0,54,0,41,0,92,0,77,0,105,0,99,0,114,0,111,0,115,0,111,0,102,0,116,0,32,0,79,0,102,0,102,0,105,0,99,0,101,0,92,0,79,0,102,0,102,0,105,0,99,0,101,0,49,0,52,0,92,0,69,0,88,0,67,0,69,0,76,0,46,0,69,0,88,0,69,0,35,0,77,0,105,0,99,0,114,0,111,0,115,0,111,0,102,0,116,0,32,0,69,0,120,0,99,0,101,0,108,0,32,0,49,0,52,0,46,0,48,0,32,0,79,0,98,0,106,0,101,0,99,0,116,0,32,0,76,0,105,0,98,0,114,0,97,0,114,0,121,0,0,0,0,0,0,0,0,0,0,0,0,0,188,0,42,0,92,0,71,0,123,0,48,0,48,0,48,0,50,0,48,0,52,0,51,0,48,0,45,0,48,0,48,0,48,0,48,0,45,0,48,0,48,0,48,0,48,0,45,0,67,0,48,0,48,0,48,0,45,0,48,0,48,0,48,0,48,0,48,0,48,0,48,0,48,0,48,0,48,0,52,0,54,0,125,0,35,0,50,0,46,0,48,0,35,0,48,0,35,0,67,0,58,0,92,0,87,0,105,0,110,0,100,0,111,0,119,0,115,0,92,0,83,0,121,0,115,0,87,0,79,0,87,0,54,0,52,0,92,0,115,0,116,0,100,0,111,0,108,0,101,0,50,0,46,0,116,0,108,0,98,0,35,0,79,0,76,0,69,0,32,0,65,0,117,0,116,0,111,0,109,0,97,0,116,0,105,0,111,0,110,0,0,0,0,0,0,0,0,0,0,0,0,0,52,1,42,0,92,0,71,0,123,0,50,0,68,0,70,0,56,0,68,0,48,0,52,0,67,0,45,0,53,0,66,0,70,0,65,0,45,0,49,0,48,0,49,0,66,0,45,0,66,0,68,0,69,0,53,0,45,0,48,0,48,0,65,0,65,0,48,0,48,0,52,0,52,0,68,0,69,0,53,0,50,0,125,0,35,0,50,0,46,0,53,0,35,0,48,0,35,0,67,0,58,0,92,0,80,0,114,0,111,0,103,0,114,0,97,0,109,0,32,0,70,0,105,0,108,0,101,0,115,0,32,0,40,0,120,0,56,0,54,0,41,0,92,0,67,0,111,0,109,0,109,0,111,0,110,0,32,0,70,0,105,0,108,0,101,0,115,0,92,0,77,0,105,0,99,0,114,0,111,0,115,0,111,0,102,0,116,0,32,0,83,0,104,0,97,0,114,0,101,0,100,0,92,0,79,0,70,0,70,0,73,0,67,0,69,0,49,0,52,0
1,147,75,42,151,1,0,16,0,0,0,255,255,0,0,0,0,1,0,2,0,255,255,0,0,0,0,1,0,0,0,0,0,0,0,0,0,1,0,2,0,0,0,0,0,0,0,1,0,0,0,1,0,0,0,0,0,1,0,2,0,1,0,0,0,0,0,1,0,5,0,5,0,5,0,5,0,5,0,5,0,5,0,5,0,5,0,5,0,0,0,114,85,128,1,0,0,128,0,0,0,128,0,0,0,128,0,0,0,4,0,0,126,1,0,0,126,1,0,0,126,1,0,0,126,1,0,0,126,2,0,0,126,5,0,0,126,1,0,0,126,3,0,0,126,3,0,0,126,3,0,0,126,91,0,0,127,0,0,0,0,21,0,0,0,9,0,0,0,0,0,1,0,8,0,0,0,0,0,0,0,201,0,0,0,0,0,0,0,244,192,71,124,52,144,19,66,129,176,43,198,44,48,123,45,1,0,9,4,0,0,9,4,0,0,228,4,0,0,0,0,0,0,2,0,255,255,255,255,2,0,1,136,97,0,9,0,0,0,0,0,2,0,241,5,0,0,0,0,0,0,255,255,255,255,112,0,0,0,0,0,0,0,255,255,255,255,3,0,145,5,0,0,0,0,0,0,177,5,0,0,0,0,0,0,209,5,0,0,0,0,0,0,255,255,0,0,233,0,0,0,0,0,0,0,131,138,97,0,9,0,0,0,0,0,4,0,153,7,0,0,0,0,0,0,255,255,255,255,0,0,255,255,0,0,9,1,0,0,0,0,0,0,4,0,209,1,0,0,0,0,0,0,0,0,0,0,0,0,0,0,0,0,0,0,0,0,0,0,233,2,0,0,0,0,0,0,0,0,0,0,0,0,0,0,0,0,0,0,0,0,0,0,9,4,0,0,0,0,0,0,0,0,0,0,0,0,0,0,0,0,0,0,0,0,0,0,57,5,0,0,0,0,0,0,0,0,0,0,0,0,0,0,0,0,0,0,0,0,0,0,1,0,0,2,0,0,0,0,3,0,0,2,10,0,0,0,86,66,65,80,114,111,106,101,99,116,3,0,0,2,9,0,0,0,75,97,110,103,97,116,97,110,103,4,0,0,2,12,0,0,0,84,104,105,115,87,111,114,107,98,111,111,107,4,0,0,3,239,4,2,0,0,0,0,0,192,0,0,0,0,0,0,70,12,0,0,2,47,0,0,0,67,58,92,80,82,79,71,82,65,126,50,92,67,79,77,77,79,78,126,49,92,77,73,67,82,79,83,126,49,92,86,66,65,92,86,66,65,55,92,86,66,69,55,46,68,76,76,1,0,0,2,3,0,0,0,86,66,65,10,0,0,10,49,1,0,0,0,0,0,0,255,255,255,255,4,0,1,0,9,0,0,0,89,1,0,0,0,0,0,0,193,1,0,0,0,0,0,0,48,0,0,0,0,0,0,0,0,0,0,0,0,0,4,0,0,3,19,8,2,0,0,0,0,0,192,0,0,0,0,0,0,70,15,0,0,2,58,0,0,0,67,58,92,80,114,111,103,114,97,109,32,70,105,108,101,115,32,40,120,56,54,41,92,77,105,99,114,111,115,111,102,116,32,79,102,102,105,99,101,92,79,102,102,105,99,101,49,52,92,69,88,67,69,76,46,69,88,69,2,0,0,2,5,0,0,0,69,120,99,101,108,10,0,0,10,41,2,0,0,0,0,0,0,255,255,255,255,1,0,7,0,0,0,0,0,81,2,0,0,0,0,0,0,209,2,0,0,0,0,0,0,64,0,0,0,0,0,0,0,0,0,0,0,0,0,4,0,0,3,48,4,2,0,0,0,0,0,192,0,0,0,0,0,0,70,8,0,0,2,31,0,0,0,67,58,92,87,105,110,100,111,119,115,92,83,121,115,87,79,87,54,52,92,115,116,100,111,108,101,50,46,116,108,98,2,0,0,2,6,0,0,0,115,116,100,111,108,101,7,0,0,127,10,0,0,10,65,3,0,0,0,0,0,0,255,255,255,255,2,0,0,0,0,0,0,0,105,3,0,0,0,0,0,0,177,3,0,0,0,0,0,0,80,0,0,0,0,0,0,0,0,0,0,0,0,0,4,0,0,3,76,208,248,45,250,91,27,16,189,229,0,170,0,68,222,82,18,0,0,2,69,0,0,0,67,58,92,80,114,111,103,114,97,109,32,70,105,108,101,115,32,40,120,56,54,41,92,67,111,109,109,111,110,32,70,105,108,101,115,92,77,105,99,114,111,115,111,102,116,32,83,104,97,114,101,100,92,79,70,70,73,67,69,49,52,92,77
0,114,85,128,0,0,0,128,0,0,0,128,0,0,0,128,0,0,0,1,0,0,126,125,0,0,127,0,0,0,0,10,0,0,0,9,0,0,0,0,0,0,0,255,255,255,255,255,255,255,255,255,255,255,255,0,0,0,0,9,0,0,0,0,0,3,0,9,0,0,0,0,0,5,0,3,0,0,9,233,2,0,0,0,0,0,0,81,7,0,0,0,0,0,0,8,0,0,0,0,0,1,0,112,0,0,127,0,0,0,0,0,126,1,0,0,126,1,0,0,126,1,0,0,126,1,0,0,126,2,0,0,126,5,0,0,126,1,0,0,126,3,0,0,126,3,0,0,126,3,0,0,126,91,0,0,127,0,0,0,0,21,0,0,0,9,0,0,0,0,0,1,0,8,0,0,0,0,0,0,0,201,0,0,0,0,0,0,0,244,192,71,124,52,144,19,66,129,176,43,198,44,48,123,45,1,0,9,4,0,0,9,4,0,0,228,4,0,0,0,0,0,0,2,0,255,255,255,255,2,0,1,136,97,0,9,0,0,0,0,0,2,0,241,5,0,0,0,0,0,0,255,255,255,255,112,0,0,0,0,0,0,0,255,255,255,255,3,0,145,5,0,0,0,0,0,0,177,5,0,0,0,0,0,0,209,5,0,0,0,0,0,0,255,255,0,0,233,0,0,0,0,0,0,0,131,138,97,0,9,0,0,0,0,0,4,0,153,7,0,0,0,0,0,0,255,255,255,255,0,0,255,255,0,0,9,1,0,0,0,0,0,0,4,0,209,1,0,0,0,0,0,0,0,0,0,0,0,0,0,0,0,0,0,0,0,0,0,0,233,2,0,0,0,0,0,0,0,0,0,0,0,0,0,0,0,0,0,0,0,0,0,0,9,4,0,0,0,0,0,0,0,0,0,0,0,0,0,0,0,0,0,0,0,0,0,0,57,5,0,0,0,0,0,0,0,0,0,0,0,0,0,0,0,0,0,0,0,0,0,0,1,0,0,2,0,0,0,0,3,0,0,2,10,0,0,0,86,66,65,80,114,111,106,101,99,116,3,0,0,2,9,0,0,0,75,97,110,103,97,116,97,110,103,4,0,0,2,12,0,0,0,84,104,105,115,87,111,114,107,98,111,111,107,4,0,0,3,239,4,2,0,0,0,0,0,192,0,0,0,0,0,0,70,12,0,0,2,47,0,0,0,67,58,92,80,82,79,71,82,65,126,50,92,67,79,77,77,79,78,126,49,92,77,73,67,82,79,83,126,49,92,86,66,65,92,86,66,65,55,92,86,66,69,55,46,68,76,76,1,0,0,2,3,0,0,0,86,66,65,10,0,0,10,49,1,0,0,0,0,0,0,255,255,255,255,4,0,1,0,9,0,0,0,89,1,0,0,0,0,0,0,193,1,0,0,0,0,0,0,48,0,0,0,0,0,0,0,0,0,0,0,0,0,4,0,0,3,19,8,2,0,0,0,0,0,192,0,0,0,0,0,0,70,15,0,0,2,58,0,0,0,67,58,92,80,114,111,103,114,97,109,32,70,105,108,101,115,32,40,120,56,54,41,92,77,105,99,114,111,115,111,102,116,32,79,102,102,105,99,101,92,79,102,102,105,99,101,49,52,92,69,88,67,69,76,46,69,88,69,2,0,0,2,5,0,0,0,69,120,99,101,108,10,0,0,10,41,2,0,0,0,0,0,0,255,255,255,255,1,0,7,0,0,0,0,0,81,2,0,0,0,0,0,0,209,2,0,0,0,0,0,0,64,0,0,0,0,0,0,0,0,0,0,0,0,0,4,0,0,3,48,4,2,0,0,0,0,0,192,0,0,0,0,0,0,70,8,0,0,2,31,0,0,0,67,58,92,87,105,110,100,111,119,115,92,83,121,115,87,79,87,54,52,92,115,116,100,111,108,101,50,46,116,108,98,2,0,0,2,6,0,0,0,115,116,100,111,108,101,7,0,0,127,10,0,0,10,65,3,0,0,0,0,0,0,255,255,255,255,2,0,0,0,0,0,0,0,105,3,0,0,0,0,0,0,177,3,0,0,0,0,0,0,80,0,0,0,0,0,0,0,0,0,0,0,0,0,4,0,0,3,76,208,248,45,250,91,27,16,189,229,0,170,0,68,222,82,18,0,0,2,69,0,0,0,67,58,92,80,114,111,103,114,97,109,32,70,105,108,101,115,32,40,120,56,54,41,92,67,111,109,109,111,110,32,70,105,108,101,115,92,77,105,99,114,111,115,111,102,116,32,83,104,97,114,101,100,92,79,70,70,73,67,69,49,52,92,77
0,114,85,128,0,0,0,128,0,0,0,128,0,0,0,128,0,0,0,2,0,0,126,124,0,0,127,0,0,0,0,14,0,0,0,9,0,0,0,0,0,0,0,9,0,0,0,0,0,3,0,8,0,0,0,0,0,2,0,3,0,3,0,18,0,0,0,241,8,0,0,0,0,0,0,97,6,0,0,0,0,0,0,57,6,0,0,0,0,0,0,137,6,0,0,0,0,0,0,152,0,0,0,0,0,0,0,9,0,0,0,0,0,4,0,177,6,0,0,0,0,0,0,185,7,0,0,0,0,0,0,9,8,0,0,0,0,0,0,97,8,0,0,0,0,0,0,121,8,0,0,0,0,0,0,185,9,0,0,0,0,0,0,9,9,0,0,0,0,0,0,113,9,0,0,0,0,0,0,73,9,0,0,0,0,0,0,41,10,0,0,0,0,0,0,49,9,0,0,0,0,0,0,153,10,0,0,0,0,0,0,48,2,0,0,236,1,0,0,0,2,0,37,245,0,0,0,0,245,9,4,0,0,4,120,255,5,0,0,36,1,0,13,28,0,2,0,8,120,255,13,60,2,3,0,26,120,255,0,34,244,0,245,9,4,0,0,4,120,255,5,0,0,36,1,0,13,28,0,2,0,8,120,255,13,224,1,3,0,26,120,255,0,5,75,255,255,0,72,4,116,255,245,9,4,0,0,5,4,0,36,5,0,13,48,1,6,0,108,116,255,4,112,255,245,9,4,0,0,4,120,255,5,0,0,36,1,0,13,28,0,2,0,8,120,255,13,0,4,3,0,108,112,255,251,61,50,4,0,116,255,112,255,26,120,255,28,125,1,0,34,244,0,245,9,4,0,0,4,120,255,5,0,0,36,1,0,13,28,0,2,0,8,120,255,13,208,3,3,0,26,120,255,0,65,252,102,48,255,37,40,96,255,1,0,37,4,120,255,5,0,0,36,1,0,13,204,0,2,0,8,120,255,254,162,64,255,0,0,0,0,1,0,253,243,7,0,25,28,255,8,28,255,44,46,2,0,0,41,4,0,120,255,28,255,53,64,255,0,68,245,9,4,0,0,4,116,255,245,9,4,0,0,4,120,255,5,0,0,36,1,0,13,28,0,2,0,8,120,255,13,0,4,3,0,108,116,255,27,8,0,42,70,64,255,37,5,4,0,36,5,0,13,160,1,6,0,47,116,255,26,120,255,53,64,255,0,64,99,48,255,37,40,96,255,1,0,37,4,120,255,5,0,0,36,1,0,13,204,0,2,0,8,120,255,254,162,64,255,0,0,0,0,1,0,253,243,7,0,25,28,255,8,28,255,44,46,2,0,0,41,4,0,120,255,28,255,53,64,255,0,2,0,35,27,9,0,245,9,4,0,0,4,120,255,5,0,0,36,1,0,13,28,0,2,0,8,120,255,13,88,3,3,0,26,120,255,0,34,244,255,245,9,4,0,0,4,120,255,5,0,0,36,1,0,13,28,0,2,0,8,120,255,13,208,3,3,0,26,120,255,0,35,27,10,0,245,9,4,0,0,4,120,255,5,0,0,36,1,0,13,28,0,2,0,8,120,255,13,88,3,3,0,26,120,255,0,0,20,0,0,0,0,0,0,4,0,96,0,236,1,36,0,8,0,0,0,0,0,55,1,0,0,0,0,12,0,0,0,0,0,0,0,0,0,0,0,32,0,0,0,0,0,5,0,0,0,0,0,116,255,1,0,112,255,1,0,120,255,3,0,28,255,3,0,64,255,2,0,16,2,0,0,184,1,0,0,0,2,0,5,75,255,255,0,34,244,0,245,9,4,0,0,4,120,255,5,0,0,36,1,0,13,28,0,2,0,8,120,255,13,224,1,3,0,26,120,255,0,115,4,116,255,5,4,0,36,5,0,13,8,1,6,0,245,4,0,0,0,62,116,255,70,100,255,4,84,255,10,11,0,12,0,4,84,255,58,68,255,12,0,93,251,60,52,255,4,48,255,245,9,4,0,0,4,120,255,5,0,0,36,1,0,13,28,0,2,0,8,120,255,13,100,4,3,0,108,48,255,252,51,244,11,235,215,253,248,32,255,251,31,16,255,255,27,47,48,255,26,120,255,54,6,0,100,255,84,255,32,255,28,159,0,0,3,20,0,176,4,116,255,245,9,4,0,0,5,4,0,36,5,0,13,48,1,6,0,4,48,255,5,4,0,36,5,0,13,8,1,6,0,245,0,0,0,0,245,255,255,255,255,245,1,0,0,0,27,13,0,27,14,0,108,48,255,11,15,0,24,0,49,132,254,245,9,4,0,0,39
0,114,85,128,0,0,0,0,0,0,0,128,0,0,0,128,0,0,0,0,0,0,0,16,0,0,0,9,0,0,0,0,0,2,0,255,255,255,255,255,255,255,255,0,0,0,0,8,0,0,0,4,0,36,0,129,0,0,0,0,0,2,0,0,0,0,96,0,0,253,255,255,255,255,255,255,255,255,255,255,255,0,0,0,0,0,0,0,0,0,36,0,169,0,0,0,0,0,2,0,1,0,0,96,0,0,253,255,255,255,255,255,255,255,255,255,255,255,0,0,0,0,0,0,0,0,0,36,0,209,0,0,0,0,0,2,0,2,0,0,96,0,0,253,255,255,255,255,255,255,255,255,255,255,255,0,0,0,0,0,0,0,0,0,0,0,0,0,0,0,110,0,0,127,0,0,0,0,0,73,9,0,0,0,0,0,0,41,10,0,0,0,0,0,0,49,9,0,0,0,0,0,0,153,10,0,0,0,0,0,0,48,2,0,0,236,1,0,0,0,2,0,37,245,0,0,0,0,245,9,4,0,0,4,120,255,5,0,0,36,1,0,13,28,0,2,0,8,120,255,13,60,2,3,0,26,120,255,0,34,244,0,245,9,4,0,0,4,120,255,5,0,0,36,1,0,13,28,0,2,0,8,120,255,13,224,1,3,0,26,120,255,0,5,75,255,255,0,72,4,116,255,245,9,4,0,0,5,4,0,36,5,0,13,48,1,6,0,108,116,255,4,112,255,245,9,4,0,0,4,120,255,5,0,0,36,1,0,13,28,0,2,0,8,120,255,13,0,4,3,0,108,112,255,251,61,50,4,0,116,255,112,255,26,120,255,28,125,1,0,34,244,0,245,9,4,0,0,4,120,255,5,0,0,36,1,0,13,28,0,2,0,8,120,255,13,208,3,3,0,26,120,255,0,65,252,102,48,255,37,40,96,255,1,0,37,4,120,255,5,0,0,36,1,0,13,204,0,2,0,8,120,255,254,162,64,255,0,0,0,0,1,0,253,243,7,0,25,28,255,8,28,255,44,46,2,0,0,41,4,0,120,255,28,255,53,64,255,0,68,245,9,4,0,0,4,116,255,245,9,4,0,0,4,120,255,5,0,0,36,1,0,13,28,0,2,0,8,120,255,13,0,4,3,0,108,116,255,27,8,0,42,70,64,255,37,5,4,0,36,5,0,13,160,1,6,0,47,116,255,26,120,255,53,64,255,0,64,99,48,255,37,40,96,255,1,0,37,4,120,255,5,0,0,36,1,0,13,204,0,2,0,8,120,255,254,162,64,255,0,0,0,0,1,0,253,243,7,0,25,28,255,8,28,255,44,46,2,0,0,41,4,0,120,255,28,255,53,64,255,0,2,0,35,27,9,0,245,9,4,0,0,4,120,255,5,0,0,36,1,0,13,28,0,2,0,8,120,255,13,88,3,3,0,26,120,255,0,34,244,255,245,9,4,0,0,4,120,255,5,0,0,36,1,0,13,28,0,2,0,8,120,255,13,208,3,3,0,26,120,255,0,35,27,10,0,245,9,4,0,0,4,120,255,5,0,0,36,1,0,13,28,0,2,0,8,120,255,13,88,3,3,0,26,120,255,0,0,20,0,0,0,0,0,0,4,0,96,0,236,1,36,0,8,0,0,0,0,0,55,1,0,0,0,0,12,0,0,0,0,0,0,0,0,0,0,0,32,0,0,0,0,0,5,0,0,0,0,0,116,255,1,0,112,255,1,0,120,255,3,0,28,255,3,0,64,255,2,0,16,2,0,0,184,1,0,0,0,2,0,5,75,255,255,0,34,244,0,245,9,4,0,0,4,120,255,5,0,0,36,1,0,13,28,0,2,0,8,120,255,13,224,1,3,0,26,120,255,0,115,4,116,255,5,4,0,36,5,0,13,8,1,6,0,245,4,0,0,0,62,116,255,70,100,255,4,84,255,10,11,0,12,0,4,84,255,58,68,255,12,0,93,251,60,52,255,4,48,255,245,9,4,0,0,4,120,255,5,0,0,36,1,0,13,28,0,2,0,8,120,255,13,100,4,3,0,108,48,255,252,51,244,11,235,215,253,248,32,255,251,31,16,255,255,27,47,48,255,26,120,255,54,6,0,100,255,84,255,32,255,28,159,0,0,3,20,0,176,4,116,255,245,9,4,0,0,5,4,0,36,5,0,13,48,1,6,0,4,48,255,5,4,0,36,5,0,13,8,1,6,0,245,0,0,0,0,245,255,255,255,255,245,1,0,0,0,27,13,0,27,14,0,108,48,255,11,15,0,24,0,49,132,254,245,9,4,0,0,39
0,114,85,128,0,0,0,0,0,0,0,128,0,0,0,128,0,0,0,0,0,0,0,30,0,0,0,9,0,0,0,0,0,0,0,9,0,0,0,0,0,5,0,136,0,0,0,0,0,0,0,0,0,0,0,0,0,0,0,1,0,1,0,0,0,1,0,217,6,0,0,0,0,0,0,1,7,0,0,0,0,0,0,41,7,0,0,0,0,0,0,255,255,255,255,177,6,0,0,0,0,0,0,8,0,43,0,52,0,0,0,81,7,0,0,0,0,0,0,97,0,0,0,0,0,1,0,121,7,0,0,0,0,0,0,255,255,255,255,255,255,255,255,255,255,255,255,0,0,255,255,255,255,255,255,255,255,255,255,255,255,255,255,255,255,255,255,255,255,255,255,255,255,255,255,255,255,255,255,255,255,255,255,255,255,255,255,255,255,255,255,255,255,255,255,255,255,255,255,255,255,255,255,255,255,255,255,255,255,255,255,255,255,255,255,255,255,255,255,255,255,255,255,255,255,255,255,255,255,255,255,255,255,255,255,255,255,255,255,255,255,255,255,255,255,255,255,255,255,255,255,255,255,255,255,255,255,255,255,255,255,255,255,255,255,255,255,255,255,255,255,255,255,255,255,255,255,255,255,255,255,255,255,255,255,255,255,255,255,255,255,255,255,255,255,255,255,255,255,255,255,255,255,255,255,255,255,255,255,255,255,255,255,255,255,255,255,255,255,255,255,255,255,255,255,0,0,254,0,96,0,0,127,0,0,0,0,0,13,28,0,2,0,8,120,255,13,0,4,3,0,108,112,255,251,61,50,4,0,116,255,112,255,26,120,255,28,125,1,0,34,244,0,245,9,4,0,0,4,120,255,5,0,0,36,1,0,13,28,0,2,0,8,120,255,13,208,3,3,0,26,120,255,0,65,252,102,48,255,37,40,96,255,1,0,37,4,120,255,5,0,0,36,1,0,13,204,0,2,0,8,120,255,254,162,64,255,0,0,0,0,1,0,253,243,7,0,25,28,255,8,28,255,44,46,2,0,0,41,4,0,120,255,28,255,53,64,255,0,68,245,9,4,0,0,4,116,255,245,9,4,0,0,4,120,255,5,0,0,36,1,0,13,28,0,2,0,8,120,255,13,0,4,3,0,108,116,255,27,8,0,42,70,64,255,37,5,4,0,36,5,0,13,160,1,6,0,47,116,255,26,120,255,53,64,255,0,64,99,48,255,37,40,96,255,1,0,37,4,120,255,5,0,0,36,1,0,13,204,0,2,0,8,120,255,254,162,64,255,0,0,0,0,1,0,253,243,7,0,25,28,255,8,28,255,44,46,2,0,0,41,4,0,120,255,28,255,53,64,255,0,2,0,35,27,9,0,245,9,4,0,0,4,120,255,5,0,0,36,1,0,13,28,0,2,0,8,120,255,13,88,3,3,0,26,120,255,0,34,244,255,245,9,4,0,0,4,120,255,5,0,0,36,1,0,13,28,0,2,0,8,120,255,13,208,3,3,0,26,120,255,0,35,27,10,0,245,9,4,0,0,4,120,255,5,0,0,36,1,0,13,28,0,2,0,8,120,255,13,88,3,3,0,26,120,255,0,0,20,0,0,0,0,0,0,4,0,96,0,236,1,36,0,8,0,0,0,0,0,55,1,0,0,0,0,12,0,0,0,0,0,0,0,0,0,0,0,32,0,0,0,0,0,5,0,0,0,0,0,116,255,1,0,112,255,1,0,120,255,3,0,28,255,3,0,64,255,2,0,16,2,0,0,184,1,0,0,0,2,0,5,75,255,255,0,34,244,0,245,9,4,0,0,4,120,255,5,0,0,36,1,0,13,28,0,2,0,8,120,255,13,224,1,3,0,26,120,255,0,115,4,116,255,5,4,0,36,5,0,13,8,1,6,0,245,4,0,0,0,62,116,255,70,100,255,4,84,255,10,11,0,12,0,4,84,255,58,68,255,12,0,93,251,60,52,255,4,48,255,245,9,4,0,0,4,120,255,5,0,0,36,1,0,13,28,0,2,0,8,120,255,13,100,4,3,0,108,48,255,252,51,244,11,235,215,253,248,32,255,251,31,16,255,255,27,47,48,255,26,120,255,54,6,0,100,255,84,255,32,255,28,159,0,0,3,20,0,176,4,116,255,245,9,4,0,0,5,4,0,36,5,0,13,48,1,6,0,4,48,255,5,4,0,36,5,0,13,8,1,6,0,245,0,0,0,0,245,255,255,255,255,245,1,0,0,0,27,13,0,27,14,0,108,48,255,11,15,0,24,0,49,132,254,245,9,4,0,0,39
0,114,85,128,0,0,0,0,0,0,0,128,0,0,0,128,0,0,0,0,0,0,0,16,0,0,0,9,0,0,0,0,0,4,0,255,255,255,255,255,255,255,255,0,0,0,0,64,0,0,0,4,0,0,0,0,0,0,0,110,0,0,127,0,0,0,0,217,6,0,0,0,0,0,0,1,7,0,0,0,0,0,0,41,7,0,0,0,0,0,0,255,255,255,255,177,6,0,0,0,0,0,0,8,0,43,0,52,0,0,0,81,7,0,0,0,0,0,0,97,0,0,0,0,0,1,0,121,7,0,0,0,0,0,0,255,255,255,255,255,255,255,255,255,255,255,255,0,0,255,255,255,255,255,255,255,255,255,255,255,255,255,255,255,255,255,255,255,255,255,255,255,255,255,255,255,255,255,255,255,255,255,255,255,255,255,255,255,255,255,255,255,255,255,255,255,255,255,255,255,255,255,255,255,255,255,255,255,255,255,255,255,255,255,255,255,255,255,255,255,255,255,255,255,255,255,255,255,255,255,255,255,255,255,255,255,255,255,255,255,255,255,255,255,255,255,255,255,255,255,255,255,255,255,255,255,255,255,255,255,255,255,255,255,255,255,255,255,255,255,255,255,255,255,255,255,255,255,255,255,255,255,255,255,255,255,255,255,255,255,255,255,255,255,255,255,255,255,255,255,255,255,255,255,255,255,255,255,255,255,255,255,255,255,255,255,255,255,255,255,255,255,255,255,255,0,0,254,0,96,0,0,127,0,0,0,0,0,13,28,0,2,0,8,120,255,13,0,4,3,0,108,112,255,251,61,50,4,0,116,255,112,255,26,120,255,28,125,1,0,34,244,0,245,9,4,0,0,4,120,255,5,0,0,36,1,0,13,28,0,2,0,8,120,255,13,208,3,3,0,26,120,255,0,65,252,102,48,255,37,40,96,255,1,0,37,4,120,255,5,0,0,36,1,0,13,204,0,2,0,8,120,255,254,162,64,255,0,0,0,0,1,0,253,243,7,0,25,28,255,8,28,255,44,46,2,0,0,41,4,0,120,255,28,255,53,64,255,0,68,245,9,4,0,0,4,116,255,245,9,4,0,0,4,120,255,5,0,0,36,1,0,13,28,0,2,0,8,120,255,13,0,4,3,0,108,116,255,27,8,0,42,70,64,255,37,5,4,0,36,5,0,13,160,1,6,0,47,116,255,26,120,255,53,64,255,0,64,99,48,255,37,40,96,255,1,0,37,4,120,255,5,0,0,36,1,0,13,204,0,2,0,8,120,255,254,162,64,255,0,0,0,0,1,0,253,243,7,0,25,28,255,8,28,255,44,46,2,0,0,41,4,0,120,255,28,255,53,64,255,0,2,0,35,27,9,0,245,9,4,0,0,4,120,255,5,0,0,36,1,0,13,28,0,2,0,8,120,255,13,88,3,3,0,26,120,255,0,34,244,255,245,9,4,0,0,4,120,255,5,0,0,36,1,0,13,28,0,2,0,8,120,255,13,208,3,3,0,26,120,255,0,35,27,10,0,245,9,4,0,0,4,120,255,5,0,0,36,1,0,13,28,0,2,0,8,120,255,13,88,3,3,0,26,120,255,0,0,20,0,0,0,0,0,0,4,0,96,0,236,1,36,0,8,0,0,0,0,0,55,1,0,0,0,0,12,0,0,0,0,0,0,0,0,0,0,0,32,0,0,0,0,0,5,0,0,0,0,0,116,255,1,0,112,255,1,0,120,255,3,0,28,255,3,0,64,255,2,0,16,2,0,0,184,1,0,0,0,2,0,5,75,255,255,0,34,244,0,245,9,4,0,0,4,120,255,5,0,0,36,1,0,13,28,0,2,0,8,120,255,13,224,1,3,0,26,120,255,0,115,4,116,255,5,4,0,36,5,0,13,8,1,6,0,245,4,0,0,0,62,116,255,70,100,255,4,84,255,10,11,0,12,0,4,84,255,58,68,255,12,0,93,251,60,52,255,4,48,255,245,9,4,0,0,4,120,255,5,0,0,36,1,0,13,28,0,2,0,8,120,255,13,100,4,3,0,108,48,255,252,51,244,11,235,215,253,248,32,255,251,31,16,255,255,27,47,48,255,26,120,255,54,6,0,100,255,84,255,32,255,28,159,0,0,3,20,0,176,4,116,255,245,9,4,0,0,5,4,0,36,5,0,13,48,1,6,0,4,48,255,5,4,0,36,5,0,13,8,1,6,0,245,0,0,0,0,245,255,255,255,255,245,1,0,0,0,27,13,0,27,14,0,108,48,255,11,15,0,24,0,49,132,254,245,9,4,0,0,39
0,1,18,178,128,1,0,4,0,0,0,1,0,48,42,2,2,144,9,0,112,20,6,72,3,0,130,2,0,100,228,4,4,0,10,0,28,0,86,66,65,80,114,111,106,101,136,99,116,5,0,52,0,0,64,2,20,106,6,2,10,61,2,10,7,2,114,1,20,8,5,6,18,9,2,18,3,171,69,99,3,148,0,12,2,74,60,2,10,22,0,1,114,128,115,116,100,111,108,101,62,2,25,0,115,0,116,0,100,0,111,0,128,108,0,101,0,13,0,104,0,37,2,94,0,3,42,92,71,123,48,48,128,48,50,48,52,51,48,45,0,8,29,4,4,67,0,10,2,14,1,18,48,48,52,0,54,125,35,50,46,48,35,48,0,35,67,58,92,87,105,110,100,0,111,119,115,92,83,121,115,87,32,79,87,54,52,92,3,101,50,46,0,116,108,98,35,79,76,69,32,0,65,117,116,111,109,97,116,105,28,111,110,0,96,0,1,131,69,79,102,102,68,105,99,132,69,79,0,102,128,0,105,212,0,99,130,69,164,128,17,154,128,1,129,69,0,50,68,70,56,68,48,52,67,0,45,53,66,70,65,45,49,48,128,49,66,45,66,68,69,53,128,69,212,65,65,128,67,52,128,5,50,136,69,128,152,0,103,114,97,109,32,70,105,108,0,101,115,32,40,120,56,54,41,128,92,67,111,109,109,111,110,3,9,0,92,77,105,99,114,111,115,111,0,102,116,32,83,104,97,114,101,0,100,92,79,70,70,73,67,69,0,49,52,92,77,83,79,46,68,24,76,76,35,135,16,131,80,32,49,52,32,46,48,32,79,98,129,196,32,76,192,105,98,114,97,114,121,0,78,0,1,34,15,130,215,2,0,19,130,3,65,203,8,25,0,9,128,10,75,97,110,103,68,97,116,0,2,71,0,18,1,7,0,160,97,0,110,0,103,128,2,116,132,4,42,26,139,9,50,148,9,28,0,15,0,0,10,72,66,1,49,66,117,163,14,0,0,22,30,66,2,1,5,44,66,29,14,15,33,21,66,8,43,66,1,25,66,118,84,104,105,0,115,87,111,114,107,98,111,111,80,107,71,0,24,64,6,84,192,119,105,16,0,115,0,87,192,123,114,0,107,84,0,98,192,1,111,192,1,26,206,11,50,19,218,11,207,36,210,3,207,36,84,199,34,11,66,35,195,36,16,194,2,255,0,64,99,48,255,37,40,96,255,1,0,37,4,120,255,5,0,0,36,1,0,13,204,0,2,0,8,120,255,254,162,64,255,0,0,0,0,1,0,253,243,7,0,25,28,255,8,28,255,44,46,2,0,0,41,4,0,120,255,28,255,53,64,255,0,2,0,35,27,9,0,245,9,4,0,0,4,120,255,5,0,0,36,1,0,13,28,0,2,0,8,120,255,13,88,3,3,0,26,120,255,0,34,244,255,245,9,4,0,0,4,120,255,5,0,0,36,1,0,13,28,0,2,0,8,120,255,13,208,3,3,0,26,120,255,0,35,27,10,0,245,9,4,0,0,4,120,255,5,0,0,36,1,0,13,28,0,2,0,8,120,255,13,88,3,3,0,26,120,255,0,0,20,0,0,0,0,0,0,4,0,96,0,236,1,36,0,8,0,0,0,0,0,55,1,0,0,0,0,12,0,0,0,0,0,0,0,0,0,0,0,32,0,0,0,0,0,5,0,0,0,0,0,116,255,1,0,112,255,1,0,120,255,3,0,28,255,3,0,64,255,2,0,16,2,0,0,184,1,0,0,0,2,0,5,75,255,255,0,34,244,0,245,9,4,0,0,4,120,255,5,0,0,36,1,0,13,28,0,2,0,8,120,255,13,224,1,3,0,26,120,255,0,115,4,116,255,5,4,0,36,5,0,13,8,1,6,0,245,4,0,0,0,62,116,255,70,100,255,4,84,255,10,11,0,12,0,4,84,255,58,68,255,12,0,93,251,60,52,255,4,48,255,245,9,4,0,0,4,120,255,5,0,0,36,1,0,13,28,0,2,0,8,120,255,13,100,4,3,0,108,48,255,252,51,244,11,235,215,253,248,32,255,251,31,16,255,255,27,47,48,255,26,120,255,54,6,0,100,255,84,255,32,255,28,159,0,0,3,20,0,176,4,116,255,245,9,4,0,0,5,4,0,36,5,0,13,48,1,6,0,4,48,255,5,4,0,36,5,0,13,8,1,6,0,245,0,0,0,0,245,255,255,255,255,245,1,0,0,0,27,13,0,27,14,0,108,48,255,11,15,0,24,0,49,132,254,245,9,4,0,0,39
