0,254,255,0,0,10,0,2,0,0,0,0,0,0,0,0,0,0,0,0,0,0,0,0,0,1,0,0,0,2,213,205,213,156,46,27,16,147,151,8,0,43,44,249,174,48,0,0,0,140,1,0,0,15,0,0,0,1,0,0,0,128,0,0,0,3,0,0,0,136,0,0,0,4,0,0,0,156,0,0,0,6,0,0,0,164,0,0,0,7,0,0,0,172,0,0,0,8,0,0,0,180,0,0,0,9,0,0,0,188,0,0,0,10,0,0,0,196,0,0,0,23,0,0,0,204,0,0,0,11,0,0,0,212,0,0,0,16,0,0,0,220,0,0,0,19,0,0,0,228,0,0,0,22,0,0,0,236,0,0,0,13,0,0,0,244,0,0,0,12,0,0,0,53,1,0,0,2,0,0,0,228,4,0,0,30,0,0,0,12,0,0,0,87,105,100,101,115,99,114,101,101,110,0,0,3,0,0,0,0,0,0,0,3,0,0,0,0,0,0,0,3,0,0,0,0,0,0,0,3,0,0,0,0,0,0,0,3,0,0,0,0,0,0,0,3,0,0,0,0,0,0,0,3,0,0,0,0,0,16,0,11,0,0,0,0,0,0,0,11,0,0,0,0,0,0,0,11,0,0,0,0,0,0,0,11,0,0,0,0,0,0,0,30,16,0,0,4,0,0,0,6,0,0,0,65,114,105,97,108,0,8,0,0,0,67,97,108,105,98,114,105,0,14,0,0,0,67,97,108,105,98,114,105,32,76,105,103,104,116,0,13,0,0,0,79,102,102,105,99,101,32,84,104,101,109,101,0,12,16,0,0,6,0,0,0,30,0,0,0,11,0,0,0,70,111,110,116,115,32,85,115,101,100,0,3,0,0,0,3,0,0,0,30,0,0,0,6,0,0,0,84,104,101,109,101,0,3,0,0,0,1,0,0,0,30,0,0,0,13,0,0,0,83,108,105,100,101,32,84,105,116,108,101,115,0,3,0,0,0,0,0,0,0,0,,,,,,,,,,,,,,,,,,,,,,,,,,,,,,,,,,,,,,,,,,,,,,,,,,,,,,,,,,,,,,,,,,,,,,,,,,,,,,,,,,,,,,,,,,,,,,,,,,,,,,,,,,,,,,,,,,,,,,,,,,,,,,,,,,,,,,,,,,,,,,,,,,,,,,,,,,,,,,,,,,,,,,,,,,,,,,,,,,,,,,,,,,,,,,,,,,,,,,,,,,,,,,,,,,,,,,,,,,,,,,,,,,,,,,,,,,,,,,,,,,,,,,,,,,,,,,,,,,,,,,,,,,,,,,,,,,,,,,,,,,,,,,,,,,,,,,,,,,,,,,,,,,,,,,,,,,,,,,,,,,,,,,,,,,,,,,,,,,,,,,,,,,,,,,,,,,,,,,,,,,,,,,,,,,,,,,,,,,,,,,,,,,,,,,,,,,,,,,,,,,,,,,,,,,,,,,,,,,,,,,,,,,,,,,,,,,,,,,,,,,,,,,,,,,,,,,,,,,,,,,,,,,,,,,,,,,,,,,,,,,,,,,,,,,,,,,,,,,,,,,,,,,,,,,,,,,,,,,,,,,,,,,,,,,,,,,,,,,,,,,,,,,,,,,,,,,,,,,,,,,,,,,,,,,,,,,
0,254,255,0,0,10,0,2,0,0,0,0,0,0,0,0,0,0,0,0,0,0,0,0,0,1,0,0,0,224,133,159,242,249,79,104,16,171,145,8,0,43,39,179,217,48,0,0,0,128,170,0,0,13,0,0,0,1,0,0,0,112,0,0,0,2,0,0,0,120,0,0,0,3,0,0,0,140,0,0,0,4,0,0,0,160,0,0,0,5,0,0,0,176,0,0,0,8,0,0,0,192,0,0,0,9,0,0,0,212,0,0,0,18,0,0,0,224,0,0,0,10,0,0,0,4,1,0,0,12,0,0,0,16,1,0,0,13,0,0,0,28,1,0,0,15,0,0,0,40,1,0,0,17,0,0,0,48,1,0,0,2,0,0,0,228,4,0,0,30,0,0,0,12,0,0,0,115,117,112,112,111,114,116,59,0,0,0,0,30,0,0,0,12,0,0,0,115,117,112,112,111,114,116,59,0,0,0,0,30,0,0,0,8,0,0,0,115,117,112,112,111,114,116,0,30,0,0,0,8,0,0,0,115,117,112,112,111,114,116,0,30,0,0,0,12,0,0,0,115,117,112,112,111,114,116,32,0,0,0,0,30,0,0,0,4,0,0,0,53,0,0,0,30,0,0,0,28,0,0,0,77,105,99,114,111,115,111,102,116,32,79,102,102,105,99,101,32,80,111,119,101,114,80,111,105,110,116,0,64,0,0,0,23,121,106,60,2,0,0,0,64,0,0,0,41,66,239,27,23,201,215,1,64,0,0,0,112,48,90,88,25,201,215,1,3,0,0,0,0,0,0,0,71,0,0,0,72,169,0,0,255,255,255,255,3,0,0,0,8,0,59,13,113,7,0,0,1,0,9,0,0,3,156,84,0,0,0,0,129,84,0,0,0,0,5,0,0,0,11,2,0,0,0,0,5,0,0,0,12,2,176,1,0,3,5,0,0,0,7,1,3,0,0,0,129,84,0,0,65,11,32,0,204,0,90,0,160,0,0,0,0,0,176,1,0,3,0,0,0,0,40,0,0,0,160,0,0,0,90,0,0,0,1,0,24,0,0,0,0,0,192,168,0,0,0,0,0,0,0,0,0,0,0,0,0,0,0,0,0,0,255,255,255,255,255,255,255,255,255,255,255,255,255,255,255,255,255,255,255,255,255,255,255,255,255,255,255,255,255,255,255,255,255,255,255,255,255,255,255,255,255,255,255,255,255,255,255,255,255,255,255,255,255,255,255,255,255,255,255,255,255,255,255,255,255,255,255,255,255,255,255,255,255,255,255,255,255,255,255,255,255,255,255,255,255,255,255,255,255,255,255,255,255,255,255,255,255,255,255,255,255,255,255,255,255,255,255,255,255,255,255,255,255,255,255,255,255,255,255,255,255,255,255,255,255,255,255,255,255,255,255,255,255,255,255,255,255,255,255,255,255,255,255,255,255,255,255,255,255,255,255,255,255,255,255,255,255,255,255,255,255,255,255,255,255,255,255,255,255,255,255,255,255,255,255,255,255,255,255,255,255,255,255,255,255,255,255,255,255,255,255,255,255,255,255,255,255,255,255,255,255,255,255,255,255,255,255,255,255,255,255,255,255,255,255,255,255,255,255,255,255,255,255,255,255,255,255,255,255,255,255,255,255,255,255,255,255,255,255,255,255,255,255,255,255,255,255,255,255,255,255,255,255,255,255,255,255,255,255,255,255,255,255,255,255,255,255,255,255,255,255,255,255,255,255,255,255,255,255,255,255,255,255,255,255,255,255,255,255,255,255,255,255,255,255,255,255,255,255,255,255,255,255,255,255,255,255,255,255,255,255,255,255,255,255,255,255,255,255,255,255,255,255,255,255,255,255,255,255,255,255,255,255,255,255,255,255,255,255,255,255,255,255,255,255,255,255,255,255,255,255,255,255,255,255,255,255,255,255,255,255,255,255,255,255,255,255,255,255,255,255,255,255,255,255,255,255,255,255,255,255,255,255,255,255,255,255,255,255,255,255,255,255,255,255,255,255,255,255,255,255,255,255,255,255,255,255,255,255,255,255,255,255,255,255,255,255,255,255,255,255,255,255,255,255,255,255,255,255,255,255,255,255,255,255,255,255,255,255,255,255,255,255,255,255,255,255,255,255,255,255,255,255,255,255,255,255,255,255,255,255,255,255,255,255,255,255,255,255,255,255,255,255,255,255,255,255,255,255,255,255,255,255,255,255,255,255,255,255,255,255,255,255,255,255,255,255,255,255,255,255,255,255,255,255,255,255,255,255,255,255,255,255,255,255,255,255,255,255,255,255,255,255,255,255,255,255,255
0,73,68,61,34,123,48,48,48,48,48,48,48,48,45,48,48,48,48,45,48,48,48,48,45,48,48,48,48,45,48,48,48,48,48,48,48,48,48,48,48,48,125,34,13,10,77,111,100,117,108,101,61,77,111,100,117,108,101,49,13,10,72,101,108,112,70,105,108,101,61,34,34,13,10,78,97,109,101,61,34,74,97,99,107,111,110,101,34,13,10,72,101,108,112,67,111,110,116,101,120,116,73,68,61,34,48,34,13,10,68,101,115,99,114,105,112,116,105,111,110,61,34,74,97,99,107,111,110,101,34,13,10,86,101,114,115,105,111,110,67,111,109,112,97,116,105,98,108,101,51,50,61,34,51,57,51,50,50,50,48,48,48,34,13,10,67,77,71,61,34,68,65,68,56,55,54,66,67,65,65,67,48,65,65,67,48,65,69,67,52,65,69,67,52,34,13,10,68,80,66,61,34,49,50,49,48,66,69,56,52,69,66,65,49,69,66,65,49,49,52,53,70,69,67,65,49,51,70,50,57,51,51,55,54,68,70,48,70,56,57,57,52,70,52,51,53,57,67,48,70,52,50,52,56,50,49,55,53,69,54,66,70,52,66,68,67,67,56,66,55,56,66,52,49,50,51,34,13,10,71,67,61,34,52,65,52,56,69,54,67,67,49,70,67,68,49,70,67,68,49,70,34,13,10,13,10,91,72,111,115,116,32,69,120,116,101,110,100,101,114,32,73,110,102,111,93,13,10,38,72,48,48,48,48,48,48,48,49,61,123,51,56,51,50,68,54,52,48,45,67,70,57,48,45,49,49,67,70,45,56,69,52,51,45,48,48,65,48,67,57,49,49,48,48,53,65,125,59,86,66,69,59,38,72,48,48,48,48,48,48,48,48,13,10,13,10,91,87,111,114,107,115,112,97,99,101,93,13,10,77,111,100,117,108,101,49,61,51,50,44,32,51,50,44,32,49,54,50,56,44,32,55,49,49,44,32,90,13,10,0,0,0,176,1,0,3,0,0,0,0,40,0,0,0,160,0,0,0,90,0,0,0,1,0,24,0,0,0,0,0,192,168,0,0,0,0,0,0,0,0,0,0,0,0,0,0,0,0,0,0,255,255,255,255,255,255,255,255,255,255,255,255,255,255,255,255,255,255,255,255,255,255,255,255,255,255,255,255,255,255,255,255,255,255,255,255,255,255,255,255,255,255,255,255,255,255,255,255,255,255,255,255,255,255,255,255,255,255,255,255,255,255,255,255,255,255,255,255,255,255,255,255,255,255,255,255,255,255,255,255,255,255,255,255,255,255,255,255,255,255,255,255,255,255,255,255,255,255,255,255,255,255,255,255,255,255,255,255,255,255,255,255,255,255,255,255,255,255,255,255,255,255,255,255,255,255,255,255,255,255,255,255,255,255,255,255,255,255,255,255,255,255,255,255,255,255,255,255,255,255,255,255,255,255,255,255,255,255,255,255,255,255,255,255,255,255,255,255,255,255,255,255,255,255,255,255,255,255,255,255,255,255,255,255,255,255,255,255,255,255,255,255,255,255,255,255,255,255,255,255,255,255,255,255,255,255,255,255,255,255,255,255,255,255,255,255,255,255,255,255,255,255,255,255,255,255,255,255,255,255,255,255,255,255,255,255,255,255,255,255,255,255,255,255,255,255,255,255,255,255,255,255,255,255,255,255,255,255,255,255,255,255,255,255,255,255,255,255,255,255,255,255,255,255,255,255,255,255,255,255,255,255,255,255,255,255,255,255,255,255,255,255,255,255,255,255,255,255,255,255,255,255,255,255,255,255,255,255,255,255,255,255,255,255,255,255,255,255,255,255,255,255,255,255,255,255,255,255,255,255,255,255,255,255,255,255,255,255,255,255,255,255,255,255,255,255,255,255,255,255,255,255,255,255,255,255,255,255,255,255,255,255,255,255,255,255,255,255,255,255,255,255,255,255,255,255,255,255,255,255,255,255,255,255,255,255,255,255,255,255,255,255,255,255,255,255,255,255,255,255,255,255,255,255,255,255,255,255,255,255,255,255,255,255,255,255,255,255,255,255,255,255,255,255,255,255,255,255,255,255,255,255,255,255,255,255,255,255,255,255,255,255,255,255,255,255,255,255,255,255,255,255,255,255,255,255,255,255,255,255,255,255,255,255,255,255,255,255,255,255,255,255,255,255,255,255,255,255,255,255,255,255,255,255,255,255,255,255,255,255,255,255,255,255,255,255,255,255,255,255,255,255,255,255,255,255,255,255,255,255,255,255,255,255,255,255,255,255,255,255,255,255,255,255,255,255,255,255
0,77,111,100,117,108,101,49,0,77,0,111,0,100,0,117,0,108,0,101,0,49,0,0,0,0,0,48,48,45,48,48,48,48,48,48,48,48,48,48,48,48,125,34,13,10,77,111,100,117,108,101,61,77,111,100,117,108,101,49,13,10,72,101,108,112,70,105,108,101,61,34,34,13,10,78,97,109,101,61,34,74,97,99,107,111,110,101,34,13,10,72,101,108,112,67,111,110,116,101,120,116,73,68,61,34,48,34,13,10,68,101,115,99,114,105,112,116,105,111,110,61,34,74,97,99,107,111,110,101,34,13,10,86,101,114,115,105,111,110,67,111,109,112,97,116,105,98,108,101,51,50,61,34,51,57,51,50,50,50,48,48,48,34,13,10,67,77,71,61,34,68,65,68,56,55,54,66,67,65,65,67,48,65,65,67,48,65,69,67,52,65,69,67,52,34,13,10,68,80,66,61,34,49,50,49,48,66,69,56,52,69,66,65,49,69,66,65,49,49,52,53,70,69,67,65,49,51,70,50,57,51,51,55,54,68,70,48,70,56,57,57,52,70,52,51,53,57,67,48,70,52,50,52,56,50,49,55,53,69,54,66,70,52,66,68,67,67,56,66,55,56,66,52,49,50,51,34,13,10,71,67,61,34,52,65,52,56,69,54,67,67,49,70,67,68,49,70,67,68,49,70,34,13,10,13,10,91,72,111,115,116,32,69,120,116,101,110,100,101,114,32,73,110,102,111,93,13,10,38,72,48,48,48,48,48,48,48,49,61,123,51,56,51,50,68,54,52,48,45,67,70,57,48,45,49,49,67,70,45,56,69,52,51,45,48,48,65,48,67,57,49,49,48,48,53,65,125,59,86,66,69,59,38,72,48,48,48,48,48,48,48,48,13,10,13,10,91,87,111,114,107,115,112,97,99,101,93,13,10,77,111,100,117,108,101,49,61,51,50,44,32,51,50,44,32,49,54,50,56,44,32,55,49,49,44,32,90,13,10,0,0,0,176,1,0,3,0,0,0,0,40,0,0,0,160,0,0,0,90,0,0,0,1,0,24,0,0,0,0,0,192,168,0,0,0,0,0,0,0,0,0,0,0,0,0,0,0,0,0,0,255,255,255,255,255,255,255,255,255,255,255,255,255,255,255,255,255,255,255,255,255,255,255,255,255,255,255,255,255,255,255,255,255,255,255,255,255,255,255,255,255,255,255,255,255,255,255,255,255,255,255,255,255,255,255,255,255,255,255,255,255,255,255,255,255,255,255,255,255,255,255,255,255,255,255,255,255,255,255,255,255,255,255,255,255,255,255,255,255,255,255,255,255,255,255,255,255,255,255,255,255,255,255,255,255,255,255,255,255,255,255,255,255,255,255,255,255,255,255,255,255,255,255,255,255,255,255,255,255,255,255,255,255,255,255,255,255,255,255,255,255,255,255,255,255,255,255,255,255,255,255,255,255,255,255,255,255,255,255,255,255,255,255,255,255,255,255,255,255,255,255,255,255,255,255,255,255,255,255,255,255,255,255,255,255,255,255,255,255,255,255,255,255,255,255,255,255,255,255,255,255,255,255,255,255,255,255,255,255,255,255,255,255,255,255,255,255,255,255,255,255,255,255,255,255,255,255,255,255,255,255,255,255,255,255,255,255,255,255,255,255,255,255,255,255,255,255,255,255,255,255,255,255,255,255,255,255,255,255,255,255,255,255,255,255,255,255,255,255,255,255,255,255,255,255,255,255,255,255,255,255,255,255,255,255,255,255,255,255,255,255,255,255,255,255,255,255,255,255,255,255,255,255,255,255,255,255,255,255,255,255,255,255,255,255,255,255,255,255,255,255,255,255,255,255,255,255,255,255,255,255,255,255,255,255,255,255,255,255,255,255,255,255,255,255,255,255,255,255,255,255,255,255,255,255,255,255,255,255,255,255,255,255,255,255,255,255,255,255,255,255,255,255,255,255,255,255,255,255,255,255,255,255,255,255,255,255,255,255,255,255,255,255,255,255,255,255,255,255,255,255,255,255,255,255,255,255,255,255,255,255,255,255,255,255,255,255,255,255,255,255,255,255,255,255,255,255,255,255,255,255,255,255,255,255,255,255,255,255,255,255,255,255,255,255,255,255,255,255,255,255,255,255,255,255,255,255,255,255,255,255,255,255,255,255,255,255,255,255,255,255,255,255,255,255,255,255,255,255,255,255,255,255,255,255,255,255,255,255,255,255,255,255,255,255,255,255,255,255,255,255,255,255,255,255,255,255,255,255,255,255,255,255,255,255,255,255,255,255,255,255,255,255,255,255,255,255,255
0,1,22,1,0,6,240,0,0,0,108,18,0,0,212,0,0,0,176,1,0,0,255,255,255,255,209,18,0,0,241,44,0,0,0,0,0,0,1,0,0,0,4,157,42,188,0,0,255,255,3,0,0,0,0,0,0,0,182,0,255,255,1,1,0,0,0,0,255,255,255,255,0,0,0,0,255,255,4,0,255,255,0,0,0,0,0,0,0,0,0,0,0,0,0,0,0,0,0,0,0,0,0,0,0,0,0,0,0,0,0,0,0,0,0,0,0,0,0,0,0,0,0,0,0,0,0,0,0,0,0,0,0,0,0,0,16,0,0,0,3,0,0,0,5,0,0,0,7,0,0,0,255,255,255,255,255,255,255,255,1,1,8,0,0,0,255,255,255,255,120,0,0,0,2,0,0,0,0,0,0,0,0,0,0,0,0,0,0,0,0,0,0,0,0,0,0,0,0,0,0,0,0,0,0,0,0,255,255,0,0,0,0,77,69,0,0,255,255,255,255,255,255,0,0,0,0,255,255,0,0,0,0,255,255,1,1,0,0,0,0,223,0,255,255,0,0,0,0,255,255,255,255,255,255,255,255,255,255,255,255,255,255,255,255,255,255,255,255,255,255,255,255,255,255,255,255,255,255,255,255,255,255,255,255,255,255,255,255,255,255,255,255,255,255,255,255,255,255,255,255,255,255,255,255,255,255,255,255,255,255,255,255,255,255,255,255,255,255,255,255,255,255,255,255,255,255,255,255,255,255,255,255,255,255,255,255,255,255,255,255,255,255,255,255,255,255,255,255,255,255,255,255,255,255,255,255,255,255,255,255,255,255,255,255,255,255,255,255,255,255,255,255,255,255,255,255,255,255,40,0,0,0,0,0,62,10,255,255,255,255,0,0,0,0,26,8,255,255,255,255,0,0,0,0,26,8,255,255,255,255,0,0,0,0,26,8,255,255,255,255,0,0,255,255,1,1,0,0,0,0,0,0,1,0,0,0,0,0,0,0,1,1,48,16,0,0,255,255,255,255,0,0,0,0,2,131,32,2,255,255,255,255,8,0,255,255,48,0,0,0,0,0,255,255,255,255,255,255,0,0,0,0,255,255,255,255,255,255,255,255,0,0,0,0,29,0,0,0,37,0,0,0,11,18,38,2,120,0,0,0,0,0,0,96,0,0,0,0,255,255,255,255,255,255,255,255,0,0,0,0,0,0,0,0,248,1,0,0,4,254,107,0,255,255,255,255,255,255,255,255,255,255,0,0,10,0,10,0,1,0,132,0,0,3,0,0,43,18,42,2,32,1,0,0,1,0,0,96,0,0,0,0,255,255,255,255,255,255,255,255,0,0,0,0,0,0,0,0,48,7,0,0,4,254,107,0,184,0,0,0,8,0,255,255,255,255,1,0,123,0,123,0,11,0,140,1,0,3,0,0,105,131,52,2,255,255,255,255,12,0,255,255,8,1,255,255,0,0,0,0,255,255,255,255,128,1,0,0,0,0,0,0,96,132,54,2,208,7,0,0,118,255,255,255,2,0,255,255,0,0,0,0,0,0,0,0,96,132,56,2,255,255,255,255,116,255,255,255,2,0,255,255,0,0,0,0,248,0,0,0,96,132,58,2,240,0,0,0,112,255,255,255,8,0,255,255,0,0,0,0,0,0,0,0,43,18,102,2,255,255,255,255,2,0,0,96,0,0,0,0,255,255,255,255,255,255,255,255,0,0,0,0,0,0,0,0,192,10,0,0,52,254,107,0,96,1,0,0,2,0,255,255,255,255,2,0,129,0,129,0,134,0,140,1,0,1,0,0,105,131,174,2,255,255,255,255,12,0,255,255,8,1,255,255,0,0,0,0,255,255,255,255,128,1,0,0,0,0,0,0,96,132,54,2,255,255,255,255,120,255,255,255,2,0,255,255,0,0,0,0,0,0,0,0,96,132,56,2,255,255,255,255,116,255,255,255,8,0,255,255,0,0,0,0,0,0,0,0,96,132,58,2,152,1,0,0,114,255,255,255,2,0,255,255,0,0,0,0,0,0,0,0,96,132,176,2,255,255,255,255,112,255,255,255,2,0,255,255,0,0,0,0,0,0,0,0,120,0,0,0,32,1,0,0,255,255,255,255,56,0,0,0,255,255,255,255,0,0,0,0,255,255,255,255,255,255,255,255,255,255,255,255,255,255,255,255,255,255,255,255,255,255,255,255,255,255,255,255,255,255,255,255,255,255,255,255,255,255,255,255,0,4,0,0,255,255,255,255,255,255,255,255,255,255,255,255,255,255,255,255,255,255,255,255,255,255,255,255
1,204,97,178,0,0,1,0,255,9,4,0,0,9,4,0,0,228,4,1,0,0,0,0,0,0,0,0,0,1,0,4,0,2,0,44,1,42,0,92,0,71,0,123,0,48,0,48,0,48,0,50,0,48,0,52,0,69,0,70,0,45,0,48,0,48,0,48,0,48,0,45,0,48,0,48,0,48,0,48,0,45,0,67,0,48,0,48,0,48,0,45,0,48,0,48,0,48,0,48,0,48,0,48,0,48,0,48,0,48,0,48,0,52,0,54,0,125,0,35,0,52,0,46,0,50,0,35,0,57,0,35,0,67,0,58,0,92,0,80,0,114,0,111,0,103,0,114,0,97,0,109,0,32,0,70,0,105,0,108,0,101,0,115,0,32,0,40,0,120,0,56,0,54,0,41,0,92,0,67,0,111,0,109,0,109,0,111,0,110,0,32,0,70,0,105,0,108,0,101,0,115,0,92,0,77,0,105,0,99,0,114,0,111,0,115,0,111,0,102,0,116,0,32,0,83,0,104,0,97,0,114,0,101,0,100,0,92,0,86,0,66,0,65,0,92,0,86,0,66,0,65,0,55,0,46,0,49,0,92,0,86,0,66,0,69,0,55,0,46,0,68,0,76,0,76,0,35,0,86,0,105,0,115,0,117,0,97,0,108,0,32,0,66,0,97,0,115,0,105,0,99,0,32,0,70,0,111,0,114,0,32,0,65,0,112,0,112,0,108,0,105,0,99,0,97,0,116,0,105,0,111,0,110,0,115,0,0,0,0,0,0,0,0,0,0,0,0,0,48,1,42,0,92,0,71,0,123,0,57,0,49,0,52,0,57,0,51,0,52,0,52,0,48,0,45,0,53,0,65,0,57,0,49,0,45,0,49,0,49,0,67,0,70,0,45,0,56,0,55,0,48,0,48,0,45,0,48,0,48,0,65,0,65,0,48,0,48,0,54,0,48,0,50,0,54,0,51,0,66,0,125,0,35,0,50,0,46,0,99,0,35,0,48,0,35,0,67,0,58,0,92,0,80,0,114,0,111,0,103,0,114,0,97,0,109,0,32,0,70,0,105,0,108,0,101,0,115,0,32,0,40,0,120,0,56,0,54,0,41,0,92,0,77,0,105,0,99,0,114,0,111,0,115,0,111,0,102,0,116,0,32,0,79,0,102,0,102,0,105,0,99,0,101,0,92,0,114,0,111,0,111,0,116,0,92,0,79,0,102,0,102,0,105,0,99,0,101,0,49,0,54,0,92,0,77,0,83,0,80,0,80,0,84,0,46,0,79,0,76,0,66,0,35,0,77,0,105,0,99,0,114,0,111,0,115,0,111,0,102,0,116,0,32,0,80,0,111,0,119,0,101,0,114,0,80,0,111,0,105,0,110,0,116,0,32,0,49,0,54,0,46,0,48,0,32,0,79,0,98,0,106,0,101,0,99,0,116,0,32,0,76,0,105,0,98,0,114,0,97,0,114,0,121,0,0,0,0,0,0,0,0,0,0,0,0,0,188,0,42,0,92,0,71,0,123,0,48,0,48,0,48,0,50,0,48,0,52,0,51,0,48,0,45,0,48,0,48,0,48,0,48,0,45,0,48,0,48,0,48,0,48,0,45,0,67,0,48,0,48,0,48,0,45,0,48,0,48,0,48,0,48,0,48,0,48,0,48,0,48,0,48,0,48,0,52,0,54,0,125,0,35,0,50,0,46,0,48,0,35,0,48,0,35,0,67,0,58,0,92,0,87,0,105,0,110,0,100,0,111,0,119,0,115,0,92,0,83,0,121,0,115,0,87,0,79,0,87,0,54,0,52,0,92,0,115,0,116,0,100,0,111,0,108,0,101,0,50,0,46,0,116,0,108,0,98,0,35,0,79,0,76,0,69,0,32,0,65,0,117,0,116,0,111,0,109,0,97,0,116,0,105,0,111,0,110,0,0,0,0,0,0,0,0,0,0,0,0,0,52,1,42,0,92,0,71,0,123,0,50,0,68,0,70,0,56,0,68,0,48,0,52,0,67,0,45,0,53,0,66,0,70,0,65,0,45,0,49,0,48,0,49,0,66,0,45,0,66,0,68,0,69,0,53,0,45,0,48,0,48,0,65,0,65,0,48,0,48,0,52,0,52,0,68,0,69,0,53,0,50,0,125,0,35,0,50,0,46,0,56,0,35,0,48,0,35,0,67,0,58,0,92,0,80,0,114,0,111,0,103,0,114,0,97,0,109,0,32,0,70,0,105,0,108,0,101,0,115,0,32,0,40,0,120,0,56,0,54,0,41,0,92,0,67,0,111,0,109,0
1,147,75,42,178,1,0,16,0,0,0,255,255,0,0,0,0,1,0,2,0,255,255,0,0,0,0,1,0,0,0,0,0,0,0,0,0,1,0,2,0,0,0,0,0,0,0,1,0,5,0,5,0,5,0,5,0,5,0,5,0,5,0,5,0,5,0,5,0,5,0,5,0,0,0,114,85,0,3,0,0,128,0,0,0,128,0,0,0,128,0,0,0,4,0,0,126,1,0,0,126,1,0,0,126,1,0,0,126,1,0,0,126,2,0,0,126,3,0,0,126,3,0,0,126,3,0,0,126,3,0,0,126,3,0,0,126,3,0,0,126,3,0,0,126,83,0,0,127,0,0,0,0,21,0,0,0,9,0,0,0,0,0,1,0,8,0,0,0,0,0,0,0,33,20,0,0,0,0,0,0,91,118,183,164,4,14,185,72,184,50,120,249,156,83,77,225,1,0,9,4,0,0,9,4,0,0,228,4,0,0,0,0,0,0,1,0,255,255,255,255,1,0,1,136,97,0,9,0,0,0,0,0,2,0,233,5,0,0,0,0,0,0,255,255,255,255,112,0,0,0,0,0,0,0,255,255,255,255,3,0,145,5,0,0,0,0,0,0,177,5,0,0,0,0,0,0,209,5,0,0,0,0,0,0,255,255,0,0,185,0,0,0,0,0,0,0,4,0,201,1,0,0,0,0,0,0,0,0,0,0,0,0,0,0,0,0,0,0,0,0,0,0,241,2,0,0,0,0,0,0,0,0,0,0,0,0,0,0,0,0,0,0,0,0,0,0,9,4,0,0,0,0,0,0,0,0,0,0,0,0,0,0,0,0,0,0,0,0,0,0,57,5,0,0,0,0,0,0,0,0,0,0,0,0,0,0,0,0,0,0,0,0,0,0,2,0,0,2,7,0,0,0,77,111,100,117,108,101,49,3,0,0,2,10,0,0,0,86,66,65,80,114,111,106,101,99,116,4,0,0,3,239,4,2,0,0,0,0,0,192,0,0,0,0,0,0,70,19,0,0,2,72,0,0,0,67,58,92,80,114,111,103,114,97,109,32,70,105,108,101,115,32,40,120,56,54,41,92,67,111,109,109,111,110,32,70,105,108,101,115,92,77,105,99,114,111,115,111,102,116,32,83,104,97,114,101,100,92,86,66,65,92,86,66,65,55,46,49,92,86,66,69,55,46,68,76,76,1,0,0,2,3,0,0,0,86,66,65,10,0,0,10,241,0,0,0,0,0,0,0,255,255,255,255,4,0,2,0,9,0,0,0,25,1,0,0,0,0,0,0,185,1,0,0,0,0,0,0,48,0,0,0,0,0,0,0,0,0,0,0,0,0,4,0,0,3,64,52,73,145,145,90,207,17,135,0,0,170,0,96,38,59,16,0,0,2,63,0,0,0,67,58,92,80,114,111,103,114,97,109,32,70,105,108,101,115,32,40,120,56,54,41,92,77,105,99,114,111,115,111,102,116,32,79,102,102,105,99,101,92,114,111,111,116,92,79,102,102,105,99,101,49,54,92,77,83,80,80,84,46,79,76,66,3,0,0,2,10,0,0,0,80,111,119,101,114,80,111,105,110,116,10,0,0,10,33,2,0,0,0,0,0,0,255,255,255,255,2,0,12,0,0,0,0,0,73,2,0,0,0,0,0,0,209,2,0,0,0,0,0,0,64,0,0,0,0,0,0,0,0,0,0,0,0,0,4,0,0,3,48,4,2,0,0,0,0,0,192,0,0,0,0,0,0,70,8,0,0,2,31,0,0,0,67,58,92,87,105,110,100,111,119,115,92,83,121,115,87,79,87,54,52,92,115,116,100,111,108,101,50,46,116,108,98,2,0,0,2,6,0,0,0,115,116,100,111,108,101,2,0,0,11,2,0,0,0,69,0,3,0,0,11,2,0,0,0,57,0,10,0,0,10,73,3,0,0,0,0,0,0,255,255,255,255,2,0,0,0,0,0,0,0,113,3,0,0,0,0,0,0,185,3,0,0,0,0,0,0,80,0,0,0,0,0,0,0,0,0,0,0,0,0,4,0,0,3,76,208,248,45,250,91,27,16,189,229,0,170,0,68,222,82,18,0,0,2,69,0,0,0,67,58,92,80,114,111,103,114,97,109,32,70,105,108,101,115,32,40,120,56,54,41,92,67,111,109,109,111,110,32,70,105,108,101,115,92,77,105,99,114,111,115,111,102,116,32,83,104,97,114,101,100,92,79,70,70,73,67,69,49,54,92,77,83,79,46,68,76,76,2,0,0,2,6,0,0,0,79,102,102,105,99,101,10,0,0,10,97
0,114,85,128,0,0,0,0,0,0,0,128,0,0,0,128,0,0,0,0,0,0,0,10,0,0,0,9,0,0,0,0,0,0,0,145,0,0,0,0,0,1,0,255,255,255,255,255,255,255,255,0,0,0,0,9,0,0,0,0,0,3,0,2,0,0,8,7,0,0,0,115,83,116,114,105,110,103,2,0,0,8,6,0,0,0,78,117,109,98,101,114,2,0,0,8,7,0,0,0,74,97,99,107,111,110,101,107,0,0,127,0,0,0,0,0,126,3,0,0,126,3,0,0,126,3,0,0,126,3,0,0,126,3,0,0,126,3,0,0,126,3,0,0,126,83,0,0,127,0,0,0,0,21,0,0,0,9,0,0,0,0,0,1,0,8,0,0,0,0,0,0,0,33,20,0,0,0,0,0,0,91,118,183,164,4,14,185,72,184,50,120,249,156,83,77,225,1,0,9,4,0,0,9,4,0,0,228,4,0,0,0,0,0,0,1,0,255,255,255,255,1,0,1,136,97,0,9,0,0,0,0,0,2,0,233,5,0,0,0,0,0,0,255,255,255,255,112,0,0,0,0,0,0,0,255,255,255,255,3,0,145,5,0,0,0,0,0,0,177,5,0,0,0,0,0,0,209,5,0,0,0,0,0,0,255,255,0,0,185,0,0,0,0,0,0,0,4,0,201,1,0,0,0,0,0,0,0,0,0,0,0,0,0,0,0,0,0,0,0,0,0,0,241,2,0,0,0,0,0,0,0,0,0,0,0,0,0,0,0,0,0,0,0,0,0,0,9,4,0,0,0,0,0,0,0,0,0,0,0,0,0,0,0,0,0,0,0,0,0,0,57,5,0,0,0,0,0,0,0,0,0,0,0,0,0,0,0,0,0,0,0,0,0,0,2,0,0,2,7,0,0,0,77,111,100,117,108,101,49,3,0,0,2,10,0,0,0,86,66,65,80,114,111,106,101,99,116,4,0,0,3,239,4,2,0,0,0,0,0,192,0,0,0,0,0,0,70,19,0,0,2,72,0,0,0,67,58,92,80,114,111,103,114,97,109,32,70,105,108,101,115,32,40,120,56,54,41,92,67,111,109,109,111,110,32,70,105,108,101,115,92,77,105,99,114,111,115,111,102,116,32,83,104,97,114,101,100,92,86,66,65,92,86,66,65,55,46,49,92,86,66,69,55,46,68,76,76,1,0,0,2,3,0,0,0,86,66,65,10,0,0,10,241,0,0,0,0,0,0,0,255,255,255,255,4,0,2,0,9,0,0,0,25,1,0,0,0,0,0,0,185,1,0,0,0,0,0,0,48,0,0,0,0,0,0,0,0,0,0,0,0,0,4,0,0,3,64,52,73,145,145,90,207,17,135,0,0,170,0,96,38,59,16,0,0,2,63,0,0,0,67,58,92,80,114,111,103,114,97,109,32,70,105,108,101,115,32,40,120,56,54,41,92,77,105,99,114,111,115,111,102,116,32,79,102,102,105,99,101,92,114,111,111,116,92,79,102,102,105,99,101,49,54,92,77,83,80,80,84,46,79,76,66,3,0,0,2,10,0,0,0,80,111,119,101,114,80,111,105,110,116,10,0,0,10,33,2,0,0,0,0,0,0,255,255,255,255,2,0,12,0,0,0,0,0,73,2,0,0,0,0,0,0,209,2,0,0,0,0,0,0,64,0,0,0,0,0,0,0,0,0,0,0,0,0,4,0,0,3,48,4,2,0,0,0,0,0,192,0,0,0,0,0,0,70,8,0,0,2,31,0,0,0,67,58,92,87,105,110,100,111,119,115,92,83,121,115,87,79,87,54,52,92,115,116,100,111,108,101,50,46,116,108,98,2,0,0,2,6,0,0,0,115,116,100,111,108,101,2,0,0,11,2,0,0,0,69,0,3,0,0,11,2,0,0,0,57,0,10,0,0,10,73,3,0,0,0,0,0,0,255,255,255,255,2,0,0,0,0,0,0,0,113,3,0,0,0,0,0,0,185,3,0,0,0,0,0,0,80,0,0,0,0,0,0,0,0,0,0,0,0,0,4,0,0,3,76,208,248,45,250,91,27,16,189,229,0,170,0,68,222,82,18,0,0,2,69,0,0,0,67,58,92,80,114,111,103,114,97,109,32,70,105,108,101,115,32,40,120,56,54,41,92,67,111,109,109,111,110,32,70,105,108,101,115,92,77,105,99,114,111,115,111,102,116,32,83,104,97,114,101,100,92,79,70,70,73,67,69,49,54,92,77,83,79,46,68,76,76,2,0,0,2,6,0,0,0,79,102,102,105,99,101,10,0,0,10,97
0,114,85,128,0,0,0,128,0,0,0,128,0,0,0,128,0,0,0,2,0,0,126,124,0,0,127,0,0,0,0,14,0,0,0,9,0,0,0,0,0,0,0,9,0,0,0,0,0,3,0,8,0,0,0,0,0,2,0,3,0,2,0,74,0,0,0,9,6,0,0,0,0,0,0,169,0,0,0,0,0,2,0,33,6,0,0,0,0,0,0,57,6,0,0,0,0,0,0,81,6,0,0,0,0,0,0,105,6,0,0,0,0,0,0,89,9,0,0,0,0,0,0,201,6,0,0,0,0,0,0,129,7,0,0,0,0,0,0,153,7,0,0,0,0,0,0,177,7,0,0,0,0,0,0,201,7,0,0,0,0,0,0,225,7,0,0,0,0,0,0,209,3,0,0,0,0,0,0,233,3,0,0,0,0,0,0,9,8,0,0,0,0,0,0,33,8,0,0,0,0,0,0,57,8,0,0,0,0,0,0,81,8,0,0,0,0,0,0,105,8,0,0,0,0,0,0,129,8,0,0,0,0,0,0,153,8,0,0,0,0,0,0,177,8,0,0,0,0,0,0,201,8,0,0,0,0,0,0,225,8,0,0,0,0,0,0,201,9,0,0,0,0,0,0,57,10,0,0,0,0,0,0,249,8,0,0,0,0,0,0,169,10,0,0,0,0,0,0,217,10,0,0,0,0,0,0,1,11,0,0,0,0,0,0,41,11,0,0,0,0,0,0,89,11,0,0,0,0,0,0,161,13,0,0,0,0,0,0,17,14,0,0,0,0,0,0,209,0,0,0,0,0,2,0,129,14,0,0,0,0,0,0,145,11,0,0,0,0,0,0,193,11,0,0,0,0,0,0,233,11,0,0,0,0,0,0,9,12,0,0,0,0,0,0,97,12,0,0,0,0,0,0,137,12,0,0,0,0,0,0,225,12,0,0,0,0,0,0,1,13,0,0,0,0,0,0,65,13,0,0,0,0,0,0,113,13,0,0,0,0,0,0,241,14,0,0,0,0,0,0,33,15,0,0,0,0,0,0,121,15,0,0,0,0,0,0,161,15,0,0,0,0,0,0,217,15,0,0,0,0,0,0,9,16,0,0,0,0,0,0,1,18,0,0,0,0,0,0,57,16,0,0,0,0,0,0,105,16,0,0,0,0,0,0,193,16,0,0,0,0,0,0,233,16,0,0,0,0,0,0,17,17,0,0,0,0,0,0,49,17,0,0,0,0,0,0,89,17,0,0,0,0,0,0,153,17,0,0,0,0,0,0,201,17,0,0,0,0,0,0,113,18,0,0,0,0,0,0,137,18,0,0,0,0,0,0,161,18,0,0,0,0,0,0,249,18,0,0,0,0,0,0,25,19,0,0,0,0,0,0,49,19,0,0,0,0,0,0,73,19,0,0,0,0,0,0,161,19,0,0,0,0,0,0,9,20,0,0,0,0,0,0,57,20,0,0,0,0,0,0,145,20,0,0,0,0,0,0,148,4,0,0,84,3,0,0,0,2,0,147,27,0,0,67,120,255,4,120,255,11,1,0,4,0,253,199,116,255,11,1,0,4,0,35,108,255,27,0,0,67,112,255,4,112,255,11,1,0,4,0,35,104,255,42,35,96,255,27,2,0,67,100,255,4,100,255,11,1,0,4,0,35,92,255,42,35,84,255,27,3,0,67,88,255,4,88,255,11,1,0,4,0,35,80,255,42,35,72,255,27,4,0,67,76,255,4,76,255,11,1,0,4,0,35,68,255,42,70,36,255,252,246,52,255,50,28,0,120,255,116,255,112,255,108,255,104,255,100,255,96,255,92,255,88,255,84,255,80,255,76,255,72,255,68,255,0,74,39,196,254,39,228,254,39,4,255,245,0,0,0,0,27,63,0,27,64,0,42,35,120,255,27,64,0,42,35,116,255,27,65,0,42,253,199,112,255,11,1,0,4,0,70,36,255,10,6,0,20,0,50,6,0,120,255,116,255,112,255,54,8,0,36,255,4,255,228,254,196,254,2,0,4,52,255,253,147,12,64,27,64,0,27,64,0,42,35,120,255,27,71,0,42,35,116,255,27,64,0,42,35,112,255,27,64,0,42,35,108,255,27,64,0,42,35,104,255,27,67,0,42,35,100,255,27,64,0,42,35,96,255,27,64,0,42,35,92,255,27,64,0,42,35,88,255,27,67,0,42,35,84,255,27,64,0,42,35,80,255,27,64,0,42,35,76,255,27,68,0,42,35,72,255,27,64,0,42,35,68,255,27,64,0,42,35,192,254,27,64,0,42,35,188,254,27,69,0,42,35
0,114,85,128,0,0,0,0,0,0,0,128,0,0,0,128,0,0,0,0,0,0,0,16,0,0,0,9,0,0,0,0,0,2,0,255,255,255,255,255,255,255,255,0,0,0,0,8,0,0,0,4,0,36,0,129,0,0,0,0,0,2,0,0,0,0,96,0,0,253,255,255,255,255,255,255,255,255,255,255,255,0,0,0,0,0,0,0,0,0,40,0,169,0,0,0,0,0,2,0,1,0,0,96,4,0,253,255,255,255,255,255,255,255,255,255,255,255,0,0,0,0,97,0,0,0,0,0,1,0,0,0,0,0,16,48,40,0,209,0,0,0,0,0,2,0,2,0,0,96,4,0,252,255,255,255,255,255,255,255,255,255,255,255,0,0,0,0,121,0,0,0,0,0,1,0,0,0,0,0,6,48,0,0,0,0,0,0,110,0,0,127,0,0,0,0,8,0,0,0,0,0,0,57,8,0,0,0,0,0,0,81,8,0,0,0,0,0,0,105,8,0,0,0,0,0,0,129,8,0,0,0,0,0,0,153,8,0,0,0,0,0,0,177,8,0,0,0,0,0,0,201,8,0,0,0,0,0,0,225,8,0,0,0,0,0,0,201,9,0,0,0,0,0,0,57,10,0,0,0,0,0,0,249,8,0,0,0,0,0,0,169,10,0,0,0,0,0,0,217,10,0,0,0,0,0,0,1,11,0,0,0,0,0,0,41,11,0,0,0,0,0,0,89,11,0,0,0,0,0,0,161,13,0,0,0,0,0,0,17,14,0,0,0,0,0,0,209,0,0,0,0,0,2,0,129,14,0,0,0,0,0,0,145,11,0,0,0,0,0,0,193,11,0,0,0,0,0,0,233,11,0,0,0,0,0,0,9,12,0,0,0,0,0,0,97,12,0,0,0,0,0,0,137,12,0,0,0,0,0,0,225,12,0,0,0,0,0,0,1,13,0,0,0,0,0,0,65,13,0,0,0,0,0,0,113,13,0,0,0,0,0,0,241,14,0,0,0,0,0,0,33,15,0,0,0,0,0,0,121,15,0,0,0,0,0,0,161,15,0,0,0,0,0,0,217,15,0,0,0,0,0,0,9,16,0,0,0,0,0,0,1,18,0,0,0,0,0,0,57,16,0,0,0,0,0,0,105,16,0,0,0,0,0,0,193,16,0,0,0,0,0,0,233,16,0,0,0,0,0,0,17,17,0,0,0,0,0,0,49,17,0,0,0,0,0,0,89,17,0,0,0,0,0,0,153,17,0,0,0,0,0,0,201,17,0,0,0,0,0,0,113,18,0,0,0,0,0,0,137,18,0,0,0,0,0,0,161,18,0,0,0,0,0,0,249,18,0,0,0,0,0,0,25,19,0,0,0,0,0,0,49,19,0,0,0,0,0,0,73,19,0,0,0,0,0,0,161,19,0,0,0,0,0,0,9,20,0,0,0,0,0,0,57,20,0,0,0,0,0,0,145,20,0,0,0,0,0,0,148,4,0,0,84,3,0,0,0,2,0,147,27,0,0,67,120,255,4,120,255,11,1,0,4,0,253,199,116,255,11,1,0,4,0,35,108,255,27,0,0,67,112,255,4,112,255,11,1,0,4,0,35,104,255,42,35,96,255,27,2,0,67,100,255,4,100,255,11,1,0,4,0,35,92,255,42,35,84,255,27,3,0,67,88,255,4,88,255,11,1,0,4,0,35,80,255,42,35,72,255,27,4,0,67,76,255,4,76,255,11,1,0,4,0,35,68,255,42,70,36,255,252,246,52,255,50,28,0,120,255,116,255,112,255,108,255,104,255,100,255,96,255,92,255,88,255,84,255,80,255,76,255,72,255,68,255,0,74,39,196,254,39,228,254,39,4,255,245,0,0,0,0,27,63,0,27,64,0,42,35,120,255,27,64,0,42,35,116,255,27,65,0,42,253,199,112,255,11,1,0,4,0,70,36,255,10,6,0,20,0,50,6,0,120,255,116,255,112,255,54,8,0,36,255,4,255,228,254,196,254,2,0,4,52,255,253,147,12,64,27,64,0,27,64,0,42,35,120,255,27,71,0,42,35,116,255,27,64,0,42,35,112,255,27,64,0,42,35,108,255,27,64,0,42,35,104,255,27,67,0,42,35,100,255,27,64,0,42,35,96,255,27,64,0,42,35,92,255,27,64,0,42,35,88,255,27,67,0,42,35,84,255,27,64,0,42,35,80,255,27,64,0,42,35,76,255,27,68,0,42,35,72,255,27,64,0,42,35,68,255,27,64,0,42,35,192,254,27,64,0,42,35,188,254,27,69,0,42,35
1,1,221,177,128,1,0,4,0,0,0,1,0,48,170,74,2,144,2,0,72,2,2,72,9,0,192,18,20,6,72,3,0,1,100,228,4,4,4,0,7,1,172,97,99,107,111,110,68,101,5,9,48,64,0,14,1,50,0,0,97,0,99,0,107,0,111,0,32,110,0,101,0,6,0,34,0,0,90,61,2,10,7,2,150,1,20,8,6,18,9,1,2,18,54,171,109,99,10,0,12,21,2,37,60,2,5,22,2,57,115,116,100,16,111,108,101,62,2,25,115,0,116,20,0,100,0,85,108,0,85,13,0,104,5,0,37,94,0,3,42,92,71,123,48,0,48,48,50,48,52,51,48,45,59,0,8,4,4,67,0,10,2,14,1,18,48,48,0,52,54,125,35,50,46,48,35,0,48,35,67,58,92,87,105,110,0,100,111,119,115,92,83,121,115,64,87,79,87,54,52,92,131,50,50,0,46,116,108,98,35,79,76,69,0,32,65,117,116,111,109,97,116,56,105,111,110,0,48,0,1,131,69,79,102,136,102,105,99,132,69,79,0,102,128,0,130,105,128,115,101,0,13,0,164,128,17,6,154,128,1,129,69,50,68,70,56,68,0,48,52,67,45,53,66,70,65,0,45,49,48,49,66,45,66,68,164,69,53,128,69,65,65,128,67,52,128,5,2,50,136,69,80,114,111,103,114,97,0,109,32,70,105,108,101,115,32,0,40,120,56,54,41,92,67,111,16,109,109,111,110,3,9,92,77,105,0,99,114,111,115,111,102,116,32,0,83,104,97,114,101,100,92,79,0,70,70,73,67,69,49,54,92,0,77,83,79,46,68,76,76,35,3,135,16,131,80,32,49,54,46,48,32,0,79,98,106,101,99,116,32,76,192,105,98,114,97,114,121,0,78,0,1,34,15,130,224,1,0,19,130,3,4,157,2,25,2,222,77,111,100,117,108,101,20,49,71,2,111,77,0,88,100,0,117,162,0,1,89,49,0,26,9,8,50,16,8,42,28,2,22,72,66,1,49,66,114,247,44,88,0,0,30,66,2,1,5,44,66,26,42,84,188,33,66,8,43,66,1,16,66,1,0,9,16,0,0,0,0,0,0,1,18,0,0,0,0,0,0,57,16,0,0,0,0,0,0,105,16,0,0,0,0,0,0,193,16,0,0,0,0,0,0,233,16,0,0,0,0,0,0,17,17,0,0,0,0,0,0,49,17,0,0,0,0,0,0,89,17,0,0,0,0,0,0,153,17,0,0,0,0,0,0,201,17,0,0,0,0,0,0,113,18,0,0,0,0,0,0,137,18,0,0,0,0,0,0,161,18,0,0,0,0,0,0,249,18,0,0,0,0,0,0,25,19,0,0,0,0,0,0,49,19,0,0,0,0,0,0,73,19,0,0,0,0,0,0,161,19,0,0,0,0,0,0,9,20,0,0,0,0,0,0,57,20,0,0,0,0,0,0,145,20,0,0,0,0,0,0,148,4,0,0,84,3,0,0,0,2,0,147,27,0,0,67,120,255,4,120,255,11,1,0,4,0,253,199,116,255,11,1,0,4,0,35,108,255,27,0,0,67,112,255,4,112,255,11,1,0,4,0,35,104,255,42,35,96,255,27,2,0,67,100,255,4,100,255,11,1,0,4,0,35,92,255,42,35,84,255,27,3,0,67,88,255,4,88,255,11,1,0,4,0,35,80,255,42,35,72,255,27,4,0,67,76,255,4,76,255,11,1,0,4,0,35,68,255,42,70,36,255,252,246,52,255,50,28,0,120,255,116,255,112,255,108,255,104,255,100,255,96,255,92,255,88,255,84,255,80,255,76,255,72,255,68,255,0,74,39,196,254,39,228,254,39,4,255,245,0,0,0,0,27,63,0,27,64,0,42,35,120,255,27,64,0,42,35,116,255,27,65,0,42,253,199,112,255,11,1,0,4,0,70,36,255,10,6,0,20,0,50,6,0,120,255,116,255,112,255,54,8,0,36,255,4,255,228,254,196,254,2,0,4,52,255,253,147,12,64,27,64,0,27,64,0,42,35,120,255,27,71,0,42,35,116,255,27,64,0,42,35,112,255,27,64,0,42,35,108,255,27,64,0,42,35,104,255,27,67,0,42,35,100,255,27,64,0,42,35,96,255,27,64,0,42,35,92,255,27,64,0,42,35,88,255,27,67,0,42,35,84,255,27,64,0,42,35,80,255,27,64,0,42,35,76,255,27,68,0,42,35,72,255,27,64,0,42,35,68,255,27,64,0,42,35,192,254,27,64,0,42,35,188,254,27,69,0,42,35
