0,1,0,254,255,3,10,0,0,255,255,255,255,6,9,2,0,0,0,0,0,192,0,0,0,0,0,0,70,20,0,0,0,238,241,238,234,32,77,105,99,114,111,115,111,102,116,32,87,111,114,100,0,10,0,0,0,77,83,87,111,114,100,68,111,99,0,16,0,0,0,87,111,114,100,46,68,111,99,117,109,101,110,116,46,56,0,244,57,178,113,0,0,0,0,0,0,0,0,0,0,0,0,,,,,,,,,,,,,,,,,,,,,,,,,,,,,,,,,,,,,,,,,,,,,,,,,,,,,,,,,,,,,,,,,,,,,,,,,,,,,,,,,,,,,,,,,,,,,,,,,,,,,,,,,,,,,,,,,,,,,,,,,,,,,,,,,,,,,,,,,,,,,,,,,,,,,,,,,,,,,,,,,,,,,,,,,,,,,,,,,,,,,,,,,,,,,,,,,,,,,,,,,,,,,,,,,,,,,,,,,,,,,,,,,,,,,,,,,,,,,,,,,,,,,,,,,,,,,,,,,,,,,,,,,,,,,,,,,,,,,,,,,,,,,,,,,,,,,,,,,,,,,,,,,,,,,,,,,,,,,,,,,,,,,,,,,,,,,,,,,,,,,,,,,,,,,,,,,,,,,,,,,,,,,,,,,,,,,,,,,,,,,,,,,,,,,,,,,,,,,,,,,,,,,,,,,,,,,,,,,,,,,,,,,,,,,,,,,,,,,,,,,,,,,,,,,,,,,,,,,,,,,,,,,,,,,,,,,,,,,,,,,,,,,,,,,,,,,,,,,,,,,,,,,,,,,,,,,,,,,,,,,,,,,,,,,,,,,,,,,,,,,,,,,,,,,,,,,,,,,,,,,,,,,,,,,,,,,,,,,,,,,,,,,,,,,,,,,,,,,,,,,,,,,,,,,,,,,,,,,,,,,,,,,,,,,,,,,,,,,,,,,,,,,,,,,,,,,,,,,,,,,,,,,,,,,,,,,,,,,,,,,,,,,,,,,,,,,,,,,,,,,,,,,,,,,,,,,,,,,,,,,,,,,,,,,,,,,,,,,,,,,,,,,,,,,,,,,,,,,,,,,,,,,,,,,,,,,,,,,,,,,,,,,,,,,,,,,,,,,,,,,,,,,,,,,,,,,,,,,,,,,,,,,,,,,,,,,,,,,,,,,,,,,,,,,,,,,,,,,,,,,,,,,,,,,,,,,,,,,,,,,,,,,,,,,,,,,,,,,,,,,,,,,,,,,,,,,,,,
0,254,255,0,0,4,10,2,0,0,0,0,0,0,0,0,0,0,0,0,0,0,0,0,0,2,0,0,0,2,213,205,213,156,46,27,16,147,151,8,0,43,44,249,174,68,0,0,0,5,213,205,213,156,46,27,16,147,151,8,0,43,44,249,174,60,1,0,0,248,0,0,0,12,0,0,0,1,0,0,0,104,0,0,0,15,0,0,0,112,0,0,0,5,0,0,0,132,0,0,0,6,0,0,0,140,0,0,0,17,0,0,0,148,0,0,0,23,0,0,0,156,0,0,0,11,0,0,0,164,0,0,0,16,0,0,0,172,0,0,0,19,0,0,0,180,0,0,0,22,0,0,0,188,0,0,0,13,0,0,0,196,0,0,0,12,0,0,0,217,0,0,0,2,0,0,0,231,4,0,0,30,0,0,0,11,0,0,0,86,73,82,85,83,32,82,79,79,77,0,112,3,0,0,0,1,0,0,0,3,0,0,0,1,0,0,0,3,0,0,0,0,0,0,0,3,0,0,0,85,15,8,0,11,0,0,0,0,0,0,0,11,0,0,0,0,0,0,0,11,0,0,0,0,0,0,0,11,0,0,0,0,0,0,0,30,16,0,0,1,0,0,0,9,0,0,0,101,112,102,111,114,109,49,48,0,12,16,0,0,2,0,0,0,30,0,0,0,6,0,0,0,84,105,116,108,101,0,3,0,0,0,1,0,0,0,0,152,0,0,0,3,0,0,0,0,0,0,0,32,0,0,0,1,0,0,0,54,0,0,0,2,0,0,0,62,0,0,0,1,0,0,0,2,0,0,0,10,0,0,0,95,80,73,68,95,71,85,73,68,0,2,0,0,0,231,4,0,0,65,0,0,0,78,0,0,0,123,0,65,0,49,0,48,0,51,0,70,0,50,0,52,0,48,0,45,0,50,0,70,0,52,0,69,0,45,0,49,0,49,0,68,0,49,0,45,0,66,0,69,0,67,0,55,0,45,0,70,0,55,0,51,0,69,0,68,0,56,0,50,0,57,0,51,0,50,0,51,0,55,0,125,0,0,0,0,0,0,0,0,0,0,0,0,0,0,0,0,0,0,0,0,0,0,0,0,0,0,0,0,0,0,0,0,0,0,0,0,0,0,0,0,0,0,0,0,0,0,0,0,0,0,0,0,0,0,0,0,0,0,0,0,0,0,0,0,0,0,0,0,0,0,0,0,0,0,0,0,0,0,0,0,0,0,0,0,0,0,0,0,0,0,0,0,0,0,0,0,0,0,0,0,0,0,0,0,0,0,0,0,0,0,0,0,0,0,0,0,0,0,0,0,0,0,0,0,0,0,0,0,0,0,0,0,0,0,0,0,0,0,0,0,0,0,0,0,0,0,0,0,0,0,0,0,0,0,0,0,0,0,0,0,0,0,0,0,0,0,0,0,0,0,0,0,0,0,0,0,0,0,0,0,0,0,0,0,0,0,0,0,0,0,0,0,0,0,0,0,0,0,0,0,0,0,0,0,0,0,0,0,0,0,0,0,0,0,0,0,0,0,0,0,0,0,0,0,0,0,0,0,0,0,0,0,0,0,0,0,0,0,0,0,0,0,0,0,0,0,0,0,0,0,0,0,0,0,0,0,0,0,0,0,0,0,0,0,0,0,0,0,0,0,0,0,0,0,0,0,0,0,0,0,0,0,0,0,0,0,0,0,0,0,0,0,0,0,0,0,0,0,0,0,0,0,0,0,0,0,0,0,0,0,0,0,0,0,0,0,0,0,0,0,0,0,0,0,0,0,0,0,0,0,0,0,0,0,0,0,0,0,0,0,0,0,0,0,0,0,0,0,0,0,0,0,0,0,0,0,0,0,0,0,0,0,0,0,0,0,0,0,0,0,0,0,0,0,0,0,0,0,0,0,0,0,0,0,0,0,0,0,0,0,0,0,0,0,0,0,0,0,0,0,0,0,0,0,0,0,0,0,0,0,0,0,0,0,0,0,0,0,0,0,0,0,0,0,0,0,0,0,0,0,0,0,0,0,0,0,0,0,0,0,0,0,0,0,0,0,0,0,0,0,0,0,0,0,0,0,0,0,0,0,0,0,0,0,0,0,0,0,0,0,0,0,0,0,0,0,0,0,0,0,0,0,0,0,0,0,0,0,0,0,0,0,0,0,0,0,0,0,0,0,0,0,0,0,0,0,0,0,0,0,0,0,0,0,0,0,0,0,0,0,0,0,0,0,0,0,0,0,0,0,0,0,0,0,0,0,0,0,0,0,0,0,0,0,0,0,0,0,0,0,0,0,0,0,0,0,0
0,254,255,0,0,4,10,2,0,0,0,0,0,0,0,0,0,0,0,0,0,0,0,0,0,1,0,0,0,224,133,159,242,249,79,104,16,171,145,8,0,43,39,179,217,48,0,0,0,120,1,0,0,17,0,0,0,1,0,0,0,144,0,0,0,2,0,0,0,152,0,0,0,3,0,0,0,172,0,0,0,4,0,0,0,184,0,0,0,5,0,0,0,204,0,0,0,7,0,0,0,216,0,0,0,8,0,0,0,236,0,0,0,9,0,0,0,0,1,0,0,18,0,0,0,12,1,0,0,10,0,0,0,40,1,0,0,11,0,0,0,52,1,0,0,12,0,0,0,64,1,0,0,13,0,0,0,76,1,0,0,14,0,0,0,88,1,0,0,15,0,0,0,96,1,0,0,16,0,0,0,104,1,0,0,19,0,0,0,112,1,0,0,2,0,0,0,231,4,0,0,30,0,0,0,9,0,0,0,101,112,102,111,114,109,49,48,0,0,32,0,30,0,0,0,1,0,0,0,0,112,102,111,30,0,0,0,11,0,0,0,86,73,82,85,83,45,76,65,66,51,0,0,30,0,0,0,1,0,0,0,0,73,82,85,30,0,0,0,12,0,0,0,67,98,116,110,111,114,109,46,100,111,116,0,30,0,0,0,11,0,0,0,86,73,82,85,83,45,76,65,66,51,0,0,30,0,0,0,2,0,0,0,50,0,82,85,30,0,0,0,19,0,0,0,77,105,99,114,111,115,111,102,116,32,87,111,114,100,32,56,46,48,0,0,64,0,0,0,0,0,0,0,0,0,0,0,64,0,0,0,0,0,0,0,0,0,0,0,64,0,0,0,0,10,212,221,184,239,168,1,64,0,0,0,0,10,212,221,184,239,168,1,3,0,0,0,1,0,0,0,3,0,0,0,0,0,0,0,3,0,0,0,0,0,0,0,3,0,0,0,0,0,0,0,0,0,0,0,0,0,0,0,0,0,0,0,0,0,0,0,0,0,0,0,0,0,0,0,0,0,0,0,0,0,0,0,0,0,0,0,0,0,0,0,0,0,0,0,0,0,0,0,0,0,0,0,0,0,0,0,0,0,0,0,0,0,0,0,0,0,0,0,0,0,0,0,0,0,0,0,0,0,0,0,0,0,0,0,0,0,0,0,0,0,0,0,0,0,0,0,0,0,0,0,0,0,0,0,0,0,0,0,0,0,0,0,0,0,0,0,0,0,0,0,0,0,0,0,0,0,0,0,0,0,0,0,0,0,0,0,0,0,0,0,0,0,0,0,0,0,0,0,0,0,0,0,0,0,0,0,0,0,0,0,0,0,0,0,0,0,0,0,0,0,0,0,0,0,0,0,0,0,0,0,0,0,0,0,0,0,0,0,0,0,0,0,0,0,0,0,0,0,0,0,0,0,0,0,0,0,0,0,0,0,0,0,0,0,0,0,0,0,0,0,0,0,0,0,0,0,0,0,0,0,0,0,0,0,0,0,0,0,0,0,0,0,0,0,0,0,0,0,0,0,0,0,0,0,0,0,0,0,0,0,0,0,0,0,0,0,0,0,0,0,0,0,0,0,0,0,0,0,0,0,0,0,0,0,0,0,0,0,0,0,0,0,0,0,0,0,0,0,0,0,0,0,0,0,0,0,0,0,0,0,0,0,0,0,0,0,0,0,0,0,0,0,0,0,0,0,0,0,0,0,0,0,0,0,0,0,0,0,0,0,0,0,0,0,0,0,0,0,0,0,0,0,0,0,0,0,0,0,0,0,0,0,0,0,0,0,0,0,0,0,0,0,0,0,0,0,0,0,0,0,0,0,0,0,0,0,0,0,0,0,0,0,0,0,0,0,0,0,0,0,0,0,0,0,0,0,0,0,0,0,0,0,0,0,0,0,0,0,0,0,0,0,0,0,0,0,0,0,0,0,0,0,0,0,0,0,0,0,0,0,0,0,0,0,0,0,0,0,0,0,0,0,0,0,0,0,0,0,0,0,0,0,0,0,0,0,0,0,0,0,0,0,0,0,0,0,0,0,0,0,0,0,0,0,0,0,0,0,0,0,0,0,0,0,0,0,0,0,0,0,0,0,0,0,0,0,0,0,0,0,0,0,0,0,0,0,0,0,0,0,0,0,0,0,0,0,0,0,0,0,0,0,0,0,0,0,0,0,0,0,0,0,0,0,0,0,0,0,0,0,0,0,0,0,0,0,0,0,0,0,0,0,0,0,0,0,0,0,0,0,0,0,0,0,0,0,0,0,0,0,0,0,0,0,0,0,0,0,0,0,0,0,0,0
0,20,0,27,0,10,0,1,0,91,0,15,0,2,0,0,0,0,0,0,0,3,0,36,0,0,64,241,255,2,0,36,0,0,0,6,0,78,0,111,0,114,0,109,0,97,0,108,0,0,0,2,0,0,0,4,0,109,72,9,4,68,0,1,64,1,0,2,0,68,0,0,0,9,0,72,0,101,0,97,0,100,0,105,0,110,0,103,0,32,0,49,0,0,0,10,0,1,0,19,164,240,0,20,164,60,0,22,0,53,8,129,67,74,28,0,92,8,129,97,74,28,0,79,74,2,0,81,74,2,0,74,0,2,64,1,0,2,0,74,0,0,0,9,0,72,0,101,0,97,0,100,0,105,0,110,0,103,0,32,0,50,0,0,0,10,0,2,0,19,164,240,0,20,164,60,0,28,0,53,8,129,54,8,129,67,74,24,0,92,8,129,93,8,129,97,74,24,0,79,74,2,0,81,74,2,0,60,0,3,64,1,0,82,1,60,0,0,0,9,0,72,0,101,0,97,0,100,0,105,0,110,0,103,0,32,0,51,0,0,0,10,0,3,0,19,164,240,0,20,164,60,0,14,0,53,8,129,67,74,24,0,92,8,129,97,74,24,0,66,0,4,64,1,0,82,1,66,0,0,0,9,0,72,0,101,0,97,0,100,0,105,0,110,0,103,0,32,0,52,0,0,0,10,0,4,0,19,164,240,0,20,164,60,0,20,0,53,8,129,54,8,129,67,74,24,0,92,8,129,93,8,129,97,74,24,0,0,0,0,0,0,0,0,0,0,0,60,0,65,64,242,255,161,0,60,0,0,0,22,0,68,0,101,0,102,0,97,0,117,0,108,0,116,0,32,0,80,0,97,0,114,0,97,0,103,0,114,0,97,0,112,0,104,0,32,0,70,0,111,0,110,0,116,0,0,0,0,0,0,0,0,0,0,0,0,0,80,0,254,79,1,0,242,0,80,0,0,0,11,0,80,0,97,0,114,0,97,0,103,0,114,0,97,0,112,0,104,0,32,0,50,0,0,0,18,0,15,0,14,132,224,16,36,100,6,1,2,1,38,100,6,1,2,1,21,0,54,8,129,66,42,2,93,8,129,96,74,2,0,79,74,4,0,81,74,4,0,0,64,0,38,64,162,0,1,0,64,0,0,0,18,0,70,0,111,0,111,0,116,0,110,0,111,0,116,0,101,0,32,0,82,0,101,0,102,0,101,0,114,0,101,0,110,0,99,0,101,0,0,0,12,0,67,74,16,0,69,72,6,0,97,74,16,0,54,0,254,79,1,0,18,1,54,0,0,0,8,0,80,0,114,0,111,0,109,0,111,0,116,0,101,0,114,0,0,0,5,0,17,0,3,36,1,0,14,0,54,8,129,67,74,24,0,93,8,129,97,74,24,0,48,0,62,64,1,0,34,1,48,0,0,0,5,0,84,0,105,0,116,0,108,0,101,0,0,0,5,0,18,0,3,36,1,0,14,0,54,8,129,67,74,36,0,93,8,129,97,74,36,0,52,0,254,79,1,0,50,1,52,0,0,0,9,0,67,0,111,0,110,0,100,0,117,0,99,0,116,0,111,0,114,0,0,0,9,0,19,0,3,36,1,20,164,224,1,0,6,0,54,8,129,93,8,129,46,0,29,64,1,0,66,1,46,0,0,0,13,0,70,0,111,0,111,0,116,0,110,0,111,0,116,0,101,0,32,0,84,0,101,0,120,0,116,0,0,0,2,0,20,0,0,0,50,0,28,64,1,0,82,1,50,0,0,0,13,0,78,0,111,0,114,0,109,0,97,0,108,0,32,0,73,0,110,0,100,0,101,0,110,0,116,0,0,0,6,0,21,0,15,132,208,2,0,0,42,0,254,79,1,0,98,1,42,0,0,0,9,0,66,0,111,0,100,0,121,0,32,0,116,0,101,0,120,0,116,0,0,0,6,0,22,0,20,164,160,0,0,0,48,0,75,64,97,1,114,1,48,0,0,0,10,0,83,0,97,0,108,0,117,0,116,0,97,0,116,0,105,0,111,0,110,0,0,0,10,0,23,0,19,164,240,0,20,164,240,0,0,0,34,0,254,79,1,0,130,1,34,0,0,0,7,0,65,0,100,0,100,0,114,0,101,0,115,0,115,0,0,0,2,0,24,0,0,0,28,0,76,64,1,0,146,1,28,0,0,0,4,0,68,0,97,0,116,0,101,0,0,0,2,0,25,0,0,0,38,0,63,64,1,0,162,1,38,0,0,0,7,0,67,0,108,0,111,0,115,0,105,0,110,0,103,0,0,0,6,0,26,0
0,1,0,254,255,3,10,0,0,255,255,255,255,0,0,0,0,0,0,0,0,0,0,0,0,0,0,0,0,25,0,0,0,77,105,99,114,111,115,111,102,116,32,70,111,114,109,115,32,50,46,48,32,70,111,114,109,0,16,0,0,0,69,109,98,101,100,100,101,100,32,79,98,106,101,99,116,0,0,0,0,0,244,57,178,113,0,0,0,0,0,0,0,0,0,0,0,0,0,19,164,240,0,20,164,60,0,22,0,53,8,129,67,74,28,0,92,8,129,97,74,28,0,79,74,2,0,81,74,2,0,74,0,2,64,1,0,2,0,74,0,0,0,9,0,72,0,101,0,97,0,100,0,105,0,110,0,103,0,32,0,50,0,0,0,10,0,2,0,19,164,240,0,20,164,60,0,28,0,53,8,129,54,8,129,67,74,24,0,92,8,129,93,8,129,97,74,24,0,79,74,2,0,81,74,2,0,60,0,3,64,1,0,82,1,60,0,0,0,9,0,72,0,101,0,97,0,100,0,105,0,110,0,103,0,32,0,51,0,0,0,10,0,3,0,19,164,240,0,20,164,60,0,14,0,53,8,129,67,74,24,0,92,8,129,97,74,24,0,66,0,4,64,1,0,82,1,66,0,0,0,9,0,72,0,101,0,97,0,100,0,105,0,110,0,103,0,32,0,52,0,0,0,10,0,4,0,19,164,240,0,20,164,60,0,20,0,53,8,129,54,8,129,67,74,24,0,92,8,129,93,8,129,97,74,24,0,0,0,0,0,0,0,0,0,0,0,60,0,65,64,242,255,161,0,60,0,0,0,22,0,68,0,101,0,102,0,97,0,117,0,108,0,116,0,32,0,80,0,97,0,114,0,97,0,103,0,114,0,97,0,112,0,104,0,32,0,70,0,111,0,110,0,116,0,0,0,0,0,0,0,0,0,0,0,0,0,80,0,254,79,1,0,242,0,80,0,0,0,11,0,80,0,97,0,114,0,97,0,103,0,114,0,97,0,112,0,104,0,32,0,50,0,0,0,18,0,15,0,14,132,224,16,36,100,6,1,2,1,38,100,6,1,2,1,21,0,54,8,129,66,42,2,93,8,129,96,74,2,0,79,74,4,0,81,74,4,0,0,64,0,38,64,162,0,1,0,64,0,0,0,18,0,70,0,111,0,111,0,116,0,110,0,111,0,116,0,101,0,32,0,82,0,101,0,102,0,101,0,114,0,101,0,110,0,99,0,101,0,0,0,12,0,67,74,16,0,69,72,6,0,97,74,16,0,54,0,254,79,1,0,18,1,54,0,0,0,8,0,80,0,114,0,111,0,109,0,111,0,116,0,101,0,114,0,0,0,5,0,17,0,3,36,1,0,14,0,54,8,129,67,74,24,0,93,8,129,97,74,24,0,48,0,62,64,1,0,34,1,48,0,0,0,5,0,84,0,105,0,116,0,108,0,101,0,0,0,5,0,18,0,3,36,1,0,14,0,54,8,129,67,74,36,0,93,8,129,97,74,36,0,52,0,254,79,1,0,50,1,52,0,0,0,9,0,67,0,111,0,110,0,100,0,117,0,99,0,116,0,111,0,114,0,0,0,9,0,19,0,3,36,1,20,164,224,1,0,6,0,54,8,129,93,8,129,46,0,29,64,1,0,66,1,46,0,0,0,13,0,70,0,111,0,111,0,116,0,110,0,111,0,116,0,101,0,32,0,84,0,101,0,120,0,116,0,0,0,2,0,20,0,0,0,50,0,28,64,1,0,82,1,50,0,0,0,13,0,78,0,111,0,114,0,109,0,97,0,108,0,32,0,73,0,110,0,100,0,101,0,110,0,116,0,0,0,6,0,21,0,15,132,208,2,0,0,42,0,254,79,1,0,98,1,42,0,0,0,9,0,66,0,111,0,100,0,121,0,32,0,116,0,101,0,120,0,116,0,0,0,6,0,22,0,20,164,160,0,0,0,48,0,75,64,97,1,114,1,48,0,0,0,10,0,83,0,97,0,108,0,117,0,116,0,97,0,116,0,105,0,111,0,110,0,0,0,10,0,23,0,19,164,240,0,20,164,240,0,0,0,34,0,254,79,1,0,130,1,34,0,0,0,7,0,65,0,100,0,100,0,114,0,101,0,115,0,115,0,0,0,2,0,24,0,0,0,28,0,76,64,1,0,146,1,28,0,0,0,4,0,68,0,97,0,116,0,101,0,0,0,2,0,25,0,0,0,38,0,63,64,1,0,162,1,38,0,0,0,7,0,67,0,108,0,111,0,115,0,105,0,110,0,103,0,0,0,6,0,26,0
0,86,69,82,83,73,79,78,32,53,46,48,48,13,10,66,101,103,105,110,32,123,67,54,50,65,54,57,70,48,45,49,54,68,67,45,49,49,67,69,45,57,69,57,56,45,48,48,65,65,48,48,53,55,52,65,52,70,125,32,76,85,77,76,65,87,65,76,65,84,65,32,13,10,32,32,32,67,97,112,116,105,111,110,32,32,32,32,32,32,32,32,32,61,32,32,32,34,73,83,76,65,77,32,105,115,32,80,111,119,101,114,32,111,102,32,84,104,101,32,87,111,114,108,100,34,13,10,32,32,32,67,108,105,101,110,116,72,101,105,103,104,116,32,32,32,32,61,32,32,32,50,50,54,53,13,10,32,32,32,67,108,105,101,110,116,76,101,102,116,32,32,32,32,32,32,61,32,32,32,52,53,13,10,32,32,32,67,108,105,101,110,116,84,111,112,32,32,32,32,32,32,32,61,32,32,32,52,57,53,13,10,32,32,32,67,108,105,101,110,116,87,105,100,116,104,32,32,32,32,32,61,32,32,32,53,50,50,48,13,10,32,32,32,83,116,97,114,116,85,112,80,111,115,105,116,105,111,110,32,61,32,32,32,50,32,32,39,67,101,110,116,101,114,83,99,114,101,101,110,13,10,32,32,32,84,121,112,101,73,110,102,111,86,101,114,32,32,32,32,32,61,32,32,32,49,48,51,13,10,69,110,100,13,10,20,0,53,8,129,54,8,129,67,74,24,0,92,8,129,93,8,129,97,74,24,0,0,0,0,0,0,0,0,0,0,0,60,0,65,64,242,255,161,0,60,0,0,0,22,0,68,0,101,0,102,0,97,0,117,0,108,0,116,0,32,0,80,0,97,0,114,0,97,0,103,0,114,0,97,0,112,0,104,0,32,0,70,0,111,0,110,0,116,0,0,0,0,0,0,0,0,0,0,0,0,0,80,0,254,79,1,0,242,0,80,0,0,0,11,0,80,0,97,0,114,0,97,0,103,0,114,0,97,0,112,0,104,0,32,0,50,0,0,0,18,0,15,0,14,132,224,16,36,100,6,1,2,1,38,100,6,1,2,1,21,0,54,8,129,66,42,2,93,8,129,96,74,2,0,79,74,4,0,81,74,4,0,0,64,0,38,64,162,0,1,0,64,0,0,0,18,0,70,0,111,0,111,0,116,0,110,0,111,0,116,0,101,0,32,0,82,0,101,0,102,0,101,0,114,0,101,0,110,0,99,0,101,0,0,0,12,0,67,74,16,0,69,72,6,0,97,74,16,0,54,0,254,79,1,0,18,1,54,0,0,0,8,0,80,0,114,0,111,0,109,0,111,0,116,0,101,0,114,0,0,0,5,0,17,0,3,36,1,0,14,0,54,8,129,67,74,24,0,93,8,129,97,74,24,0,48,0,62,64,1,0,34,1,48,0,0,0,5,0,84,0,105,0,116,0,108,0,101,0,0,0,5,0,18,0,3,36,1,0,14,0,54,8,129,67,74,36,0,93,8,129,97,74,36,0,52,0,254,79,1,0,50,1,52,0,0,0,9,0,67,0,111,0,110,0,100,0,117,0,99,0,116,0,111,0,114,0,0,0,9,0,19,0,3,36,1,20,164,224,1,0,6,0,54,8,129,93,8,129,46,0,29,64,1,0,66,1,46,0,0,0,13,0,70,0,111,0,111,0,116,0,110,0,111,0,116,0,101,0,32,0,84,0,101,0,120,0,116,0,0,0,2,0,20,0,0,0,50,0,28,64,1,0,82,1,50,0,0,0,13,0,78,0,111,0,114,0,109,0,97,0,108,0,32,0,73,0,110,0,100,0,101,0,110,0,116,0,0,0,6,0,21,0,15,132,208,2,0,0,42,0,254,79,1,0,98,1,42,0,0,0,9,0,66,0,111,0,100,0,121,0,32,0,116,0,101,0,120,0,116,0,0,0,6,0,22,0,20,164,160,0,0,0,48,0,75,64,97,1,114,1,48,0,0,0,10,0,83,0,97,0,108,0,117,0,116,0,97,0,116,0,105,0,111,0,110,0,0,0,10,0,23,0,19,164,240,0,20,164,240,0,0,0,34,0,254,79,1,0,130,1,34,0,0,0,7,0,65,0,100,0,100,0,114,0,101,0,115,0,115,0,0,0,2,0,24,0,0,0,28,0,76,64,1,0,146,1,28,0,0,0,4,0,68,0,97,0,116,0,101,0,0,0,2,0,25,0,0,0,38,0,63,64,1,0,162,1,38,0,0,0,7,0,67,0,108,0,111,0,115,0,105,0,110,0,103,0,0,0,6,0,26,0
0,0,4,48,0,74,140,18,14,10,0,0,128,13,0,0,0,4,64,0,0,255,255,3,0,255,255,1,0,103,0,0,0,0,125,0,0,248,35,0,0,155,15,0,0,0,0,0,0,0,0,0,0,4,82,227,11,145,143,206,17,157,227,0,170,0,75,184,81,108,116,0,0,150,39,0,0,0,0,1,0,6,0,48,48,0,0,0,0,0,0,168,14,0,0,102,0,0,0,32,32,0,0,0,0,0,0,168,8,0,0,14,15,0,0,16,16,0,0,0,0,0,0,104,5,0,0,182,23,0,0,16,16,16,0,0,0,0,0,40,1,0,0,30,29,0,0,32,32,16,0,0,0,0,0,232,2,0,0,70,30,0,0,48,48,16,0,0,0,0,0,104,6,0,0,46,33,0,0,40,0,0,0,48,0,0,0,96,0,0,0,1,0,8,0,0,0,0,0,0,9,0,0,0,0,0,0,0,0,0,0,0,1,0,0,0,0,0,0,0,0,0,0,0,0,24,0,0,8,33,0,0,8,41,0,0,8,49,0,0,16,49,0,8,24,49,0,0,8,57,0,0,16,57,0,8,16,57,0,8,24,57,0,8,33,57,0,0,16,66,0,8,16,66,0,8,24,66,0,8,33,66,0,0,16,74,0,8,24,74,0,8,33,74,0,16,33,74,0,0,16,82,0,8,24,82,0,8,33,82,0,24,49,82,0,0,16,90,0,0,24,90,0,8,24,90,0,8,33,90,0,8,41,90,0,16,49,90,0,33,57,90,0,0,24,99,0,16,41,99,0,8,49,99,0,16,49,99,0,24,57,99,0,0,24,107,0,8,33,107,0,24,57,107,0,33,66,107,0,41,66,107,0,41,74,107,0,0,24,115,0,0,33,115,0,8,33,115,0,16,49,115,0,16,57,115,0,16,66,115,0,24,66,115,0,33,66,115,0,41,82,115,0,0,24,123,0,0,33,123,0,8,41,123,0,24,66,123,0,41,74,123,0,49,82,123,0,57,90,123,0,0,33,132,0,0,41,132,0,8,41,132,0,0,49,132,0,8,57,132,0,16,66,132,0,16,74,132,0,24,74,132,0,41,74,132,0,33,82,132,0,41,82,132,0,49,90,132,0,0,33,140,0,16,49,140,0,8,57,140,0,16,57,140,0,16,66,140,0,24,82,140,0,49,90,140,0,49,99,140,0,66,99,140,0,74,107,140,0,0,33,148,0,0,41,148,0,8,57,148,0,8,74,148,0,24,74,148,0,24,82,148,0,33,82,148,0,57,107,148,0,66,115,148,0,74,115,148,0,82,115,148,0,0,41,156,0,8,41,156,0,33,99,156,0,74,115,156,0,82,123,156,0,99,132,156,0,0,33,165,0,0,41,165,0,0,49,165,0,0,57,165,0,16,66,165,0,33,82,165,0,33,90,165,0,33,99,165,0,33,107,165,0,99,132,165,0,0,41,173,0,0,57,173,0,33,107,173,0,41,107,173,0,41,115,173,0,74,123,173,0,99,140,173,0,107,140,173,0,107,148,173,0,0,41,181,0,0,49,181,0,0,66,181,0,0,74,181,0,41,115,181,0,57,123,181,0,132,156,181,0,0,41,189,0,0,49,189,0,16,90,189,0,33,107,189,0,49,132,189,0,82,140,189,0,0,41,198,0,0,49,198,0,0,57,198,0,0,66,198,0,0,82,198,0,0,90,198,0,8,90,198,0,16,107,198,0,33,107,198,0,24,115,198,0,33,123,198,0,49,132,198,0,82,140,198,0,0,49,206,0,0,57,206,0,8,66,206,0,0,90,206,0,8,107,206,0,16,107,206,0,57,148,206,0,74,156,206,0,115,165,206,0,156,181,206,0,165,189,206,0,0,49,214,0,0,57,214,0,0,66,214,0,0,74,214,0,0,82,214,0,0,90,214,0,0,99,214,0,0,107,214,0,16,115,214,0,66,156,214,0,0,49,222,0,0,57,222,0,0,66,222,0,0,107,222,0,8,115,222,0,66,165,222,0,74,173,222,0,189,206,222,0,0,57,231,0,0,66,231,0,0,107,231,0,16,132,231,0,57,156,231,0,181,206,231,0,74,181,239,0,82,189,239,0,99,206,255,0,128,128,0,0,127,127,127,0,127,127,127,0,127,127,127,0,127,127,127,0,127,127,127,0,127,127,127,0,127,127,127,0,127,127,127,0,127,127,127,0,127,127,127,0,127,127,127,0,127,127,127,0,127,127,127,0,127,127,127,0,127,127,127,0,127,127,127,0,127,127,127,0,127,127,127,0,127,127,127,0
0,1,0,254,255,3,10,0,0,255,255,255,255,32,32,24,110,96,244,206,17,155,205,0,170,0,96,142,1,26,0,0,0,77,105,99,114,111,115,111,102,116,32,70,111,114,109,115,32,50,46,48,32,70,114,97,109,101,0,16,0,0,0,69,109,98,101,100,100,101,100,32,79,98,106,101,99,116,0,14,0,0,0,70,111,114,109,115,46,70,114,97,109,101,46,49,0,244,57,178,113,0,0,0,0,0,0,0,0,0,0,0,0,0,0,16,16,0,0,0,0,0,0,104,5,0,0,182,23,0,0,16,16,16,0,0,0,0,0,40,1,0,0,30,29,0,0,32,32,16,0,0,0,0,0,232,2,0,0,70,30,0,0,48,48,16,0,0,0,0,0,104,6,0,0,46,33,0,0,40,0,0,0,48,0,0,0,96,0,0,0,1,0,8,0,0,0,0,0,0,9,0,0,0,0,0,0,0,0,0,0,0,1,0,0,0,0,0,0,0,0,0,0,0,0,24,0,0,8,33,0,0,8,41,0,0,8,49,0,0,16,49,0,8,24,49,0,0,8,57,0,0,16,57,0,8,16,57,0,8,24,57,0,8,33,57,0,0,16,66,0,8,16,66,0,8,24,66,0,8,33,66,0,0,16,74,0,8,24,74,0,8,33,74,0,16,33,74,0,0,16,82,0,8,24,82,0,8,33,82,0,24,49,82,0,0,16,90,0,0,24,90,0,8,24,90,0,8,33,90,0,8,41,90,0,16,49,90,0,33,57,90,0,0,24,99,0,16,41,99,0,8,49,99,0,16,49,99,0,24,57,99,0,0,24,107,0,8,33,107,0,24,57,107,0,33,66,107,0,41,66,107,0,41,74,107,0,0,24,115,0,0,33,115,0,8,33,115,0,16,49,115,0,16,57,115,0,16,66,115,0,24,66,115,0,33,66,115,0,41,82,115,0,0,24,123,0,0,33,123,0,8,41,123,0,24,66,123,0,41,74,123,0,49,82,123,0,57,90,123,0,0,33,132,0,0,41,132,0,8,41,132,0,0,49,132,0,8,57,132,0,16,66,132,0,16,74,132,0,24,74,132,0,41,74,132,0,33,82,132,0,41,82,132,0,49,90,132,0,0,33,140,0,16,49,140,0,8,57,140,0,16,57,140,0,16,66,140,0,24,82,140,0,49,90,140,0,49,99,140,0,66,99,140,0,74,107,140,0,0,33,148,0,0,41,148,0,8,57,148,0,8,74,148,0,24,74,148,0,24,82,148,0,33,82,148,0,57,107,148,0,66,115,148,0,74,115,148,0,82,115,148,0,0,41,156,0,8,41,156,0,33,99,156,0,74,115,156,0,82,123,156,0,99,132,156,0,0,33,165,0,0,41,165,0,0,49,165,0,0,57,165,0,16,66,165,0,33,82,165,0,33,90,165,0,33,99,165,0,33,107,165,0,99,132,165,0,0,41,173,0,0,57,173,0,33,107,173,0,41,107,173,0,41,115,173,0,74,123,173,0,99,140,173,0,107,140,173,0,107,148,173,0,0,41,181,0,0,49,181,0,0,66,181,0,0,74,181,0,41,115,181,0,57,123,181,0,132,156,181,0,0,41,189,0,0,49,189,0,16,90,189,0,33,107,189,0,49,132,189,0,82,140,189,0,0,41,198,0,0,49,198,0,0,57,198,0,0,66,198,0,0,82,198,0,0,90,198,0,8,90,198,0,16,107,198,0,33,107,198,0,24,115,198,0,33,123,198,0,49,132,198,0,82,140,198,0,0,49,206,0,0,57,206,0,8,66,206,0,0,90,206,0,8,107,206,0,16,107,206,0,57,148,206,0,74,156,206,0,115,165,206,0,156,181,206,0,165,189,206,0,0,49,214,0,0,57,214,0,0,66,214,0,0,74,214,0,0,82,214,0,0,90,214,0,0,99,214,0,0,107,214,0,16,115,214,0,66,156,214,0,0,49,222,0,0,57,222,0,0,66,222,0,0,107,222,0,8,115,222,0,66,165,222,0,74,173,222,0,189,206,222,0,0,57,231,0,0,66,231,0,0,107,231,0,16,132,231,0,57,156,231,0,181,206,231,0,74,181,239,0,82,189,239,0,99,206,255,0,128,128,0,0,127,127,127,0,127,127,127,0,127,127,127,0,127,127,127,0,127,127,127,0,127,127,127,0,127,127,127,0,127,127,127,0,127,127,127,0,127,127,127,0,127,127,127,0,127,127,127,0,127,127,127,0,127,127,127,0,127,127,127,0,127,127,127,0,127,127,127,0,127,127,127,0,127,127,127,0
0,0,4,44,0,74,12,18,12,10,0,0,128,12,0,0,0,4,192,0,0,3,0,255,255,26,0,0,0,0,125,0,0,246,10,0,0,83,15,0,0,0,0,0,0,0,0,0,0,3,82,227,11,145,143,206,17,157,227,0,170,0,75,184,81,1,0,0,0,144,1,68,66,1,0,6,84,97,104,111,109,97,2,0,0,0,108,0,0,0,0,130,1,0,0,0,56,0,229,9,0,0,14,0,0,128,11,0,0,0,23,13,0,0,0,0,17,0,5,0,0,128,67,111,109,109,97,110,100,66,117,116,116,111,110,49,97,0,0,0,0,0,192,10,0,0,67,108,111,115,101,110,100,66,0,0,40,0,245,1,0,0,6,0,0,128,12,0,0,0,50,0,0,0,68,0,0,0,1,0,21,0,76,97,98,101,108,51,64,0,106,0,0,0,35,1,0,0,0,2,12,0,25,0,0,0,243,127,1,0,1,1,0,0,0,0,0,0,0,0,0,0,0,0,0,24,0,0,8,33,0,0,8,41,0,0,8,49,0,0,16,49,0,8,24,49,0,0,8,57,0,0,16,57,0,8,16,57,0,8,24,57,0,8,33,57,0,0,16,66,0,8,16,66,0,8,24,66,0,8,33,66,0,0,16,74,0,8,24,74,0,8,33,74,0,16,33,74,0,0,16,82,0,8,24,82,0,8,33,82,0,24,49,82,0,0,16,90,0,0,24,90,0,8,24,90,0,8,33,90,0,8,41,90,0,16,49,90,0,33,57,90,0,0,24,99,0,16,41,99,0,8,49,99,0,16,49,99,0,24,57,99,0,0,24,107,0,8,33,107,0,24,57,107,0,33,66,107,0,41,66,107,0,41,74,107,0,0,24,115,0,0,33,115,0,8,33,115,0,16,49,115,0,16,57,115,0,16,66,115,0,24,66,115,0,33,66,115,0,41,82,115,0,0,24,123,0,0,33,123,0,8,41,123,0,24,66,123,0,41,74,123,0,49,82,123,0,57,90,123,0,0,33,132,0,0,41,132,0,8,41,132,0,0,49,132,0,8,57,132,0,16,66,132,0,16,74,132,0,24,74,132,0,41,74,132,0,33,82,132,0,41,82,132,0,49,90,132,0,0,33,140,0,16,49,140,0,8,57,140,0,16,57,140,0,16,66,140,0,24,82,140,0,49,90,140,0,49,99,140,0,66,99,140,0,74,107,140,0,0,33,148,0,0,41,148,0,8,57,148,0,8,74,148,0,24,74,148,0,24,82,148,0,33,82,148,0,57,107,148,0,66,115,148,0,74,115,148,0,82,115,148,0,0,41,156,0,8,41,156,0,33,99,156,0,74,115,156,0,82,123,156,0,99,132,156,0,0,33,165,0,0,41,165,0,0,49,165,0,0,57,165,0,16,66,165,0,33,82,165,0,33,90,165,0,33,99,165,0,33,107,165,0,99,132,165,0,0,41,173,0,0,57,173,0,33,107,173,0,41,107,173,0,41,115,173,0,74,123,173,0,99,140,173,0,107,140,173,0,107,148,173,0,0,41,181,0,0,49,181,0,0,66,181,0,0,74,181,0,41,115,181,0,57,123,181,0,132,156,181,0,0,41,189,0,0,49,189,0,16,90,189,0,33,107,189,0,49,132,189,0,82,140,189,0,0,41,198,0,0,49,198,0,0,57,198,0,0,66,198,0,0,82,198,0,0,90,198,0,8,90,198,0,16,107,198,0,33,107,198,0,24,115,198,0,33,123,198,0,49,132,198,0,82,140,198,0,0,49,206,0,0,57,206,0,8,66,206,0,0,90,206,0,8,107,206,0,16,107,206,0,57,148,206,0,74,156,206,0,115,165,206,0,156,181,206,0,165,189,206,0,0,49,214,0,0,57,214,0,0,66,214,0,0,74,214,0,0,82,214,0,0,90,214,0,0,99,214,0,0,107,214,0,16,115,214,0,66,156,214,0,0,49,222,0,0,57,222,0,0,66,222,0,0,107,222,0,8,115,222,0,66,165,222,0,74,173,222,0,189,206,222,0,0,57,231,0,0,66,231,0,0,107,231,0,16,132,231,0,57,156,231,0,181,206,231,0,74,181,239,0,82,189,239,0,99,206,255,0,128,128,0,0,127,127,127,0,127,127,127,0,127,127,127,0,127,127,127,0,127,127,127,0,127,127,127,0,127,127,127,0,127,127,127,0,127,127,127,0,127,127,127,0,127,127,127,0,127,127,127,0,127,127,127,0,127,127,127,0,127,127,127,0,127,127,127,0,127,127,127,0,127,127,127,0,127,127,127,0
0,0,2,36,0,184,1,0,0,9,0,0,128,3,0,5,0,255,255,67,0,67,32,76,32,79,32,83,32,69,0,58,32,192,10,0,0,74,4,0,0,4,82,227,11,145,143,206,17,157,227,0,170,0,75,184,81,108,116,0,0,187,12,0,0,71,73,70,56,55,97,55,0,68,0,247,0,0,0,0,0,0,0,120,0,0,208,0,0,255,0,54,0,0,54,120,0,54,208,0,54,255,0,106,0,0,106,120,0,106,208,0,106,255,0,146,0,0,146,120,0,146,208,0,146,255,0,185,0,0,185,120,0,185,208,0,185,255,0,220,0,0,220,120,0,220,208,0,220,255,0,253,0,0,253,120,0,253,208,0,253,255,0,255,0,0,255,120,0,255,208,0,255,255,54,0,0,54,0,120,54,0,208,54,0,255,54,54,0,54,54,120,54,54,208,54,54,255,54,106,0,54,106,120,54,106,208,54,106,255,54,146,0,54,146,120,54,146,208,54,146,255,54,185,0,54,185,120,54,185,208,54,185,255,54,220,0,54,220,120,54,220,208,54,220,255,54,253,0,54,253,120,54,253,208,54,253,255,54,255,0,54,255,120,54,255,208,54,255,255,106,0,0,106,0,120,106,0,208,106,0,255,106,54,0,106,54,120,106,54,208,106,54,255,106,106,0,106,106,120,106,106,208,106,106,255,106,146,0,106,146,120,106,146,208,106,146,255,106,185,0,106,185,120,106,185,208,106,185,255,106,220,0,106,220,120,106,220,208,106,220,255,106,253,0,106,253,120,106,253,208,106,253,255,106,255,0,106,255,120,106,255,208,106,255,255,146,0,0,146,0,120,146,0,208,146,0,255,146,54,0,146,54,120,146,54,208,146,54,255,146,106,0,146,106,120,146,106,208,146,106,255,146,146,0,146,146,120,146,146,208,146,146,255,146,185,0,146,185,120,146,185,208,146,185,255,146,220,0,146,220,120,146,220,208,146,220,255,146,253,0,146,253,120,146,253,208,146,253,255,146,255,0,146,255,120,146,255,208,146,255,255,185,0,0,185,0,120,185,0,208,185,0,255,185,54,0,185,54,120,185,54,208,185,54,255,185,106,0,185,106,120,185,106,208,185,106,255,185,146,0,185,146,120,185,146,208,185,146,255,185,185,0,185,185,120,185,185,208,185,185,255,185,220,0,185,220,120,185,220,208,185,220,255,185,253,0,185,253,120,185,253,208,185,253,255,185,255,0,185,255,120,185,255,208,185,255,255,220,0,0,220,0,120,220,0,208,220,0,255,220,54,0,220,54,120,220,54,208,220,54,255,220,106,0,220,106,120,220,106,208,220,106,255,220,146,0,220,146,120,220,146,208,220,146,255,220,185,0,220,185,120,220,185,208,220,185,255,220,220,0,220,220,120,220,220,208,220,220,255,220,253,0,220,253,120,220,253,208,220,253,255,220,255,0,220,255,120,220,255,208,220,255,255,253,0,0,253,0,120,253,0,208,253,0,255,253,54,0,253,54,120,253,54,208,253,54,255,253,106,0,253,106,120,253,106,208,253,106,255,253,146,0,253,146,120,253,146,208,253,146,255,253,185,0,253,185,120,253,185,208,253,185,255,253,220,0,253,220,120,253,220,208,253,220,255,253,253,0,253,253,120,253,253,208,253,253,255,253,255,0,253,255,120,253,255,208,253,255,255,255,0,0,255,0,120,255,0,208,255,0,255,255,54,0,255,54,120,255,54,208,255,54,255,255,106,0,255,106,120,255,106,208,255,106,255,255,146,0,255,146,120,255,146,208,255,146,255,255,185,0,255,185,120,255,185,208,255,185,255,255,220,0,255,220,120,255,220,208,255,220,255,255,253,0,255,253,120,255,253,208,255,253,255,255,255,0,255,255,120,255,255,208,255,255,255,33,249,4,0,0,0,0,0,44,0,0,0,0,55,0,68,0,64,8,255,0,255,237,19,248,79,219,54,109,5,7,254,91,248,13,33,195,133,16,33,42,140,72,145,225,182,137,21,23,110,179,232,111,159,183,125,219,182,121,243,166,77,223,54,127,218,82,218,138,68,34,0,0,18,47,109,53,138,212,166,86,36,89,186,180,229,52,169,109,228,183,133,222,254,249,19,58,80,97,202,142,40,181,125,243,118,48,101,145,52,173,98,89,171,70,117,42,213,104,210,162,181,106,149,8,9,145,18,214,72,52,74,146,164,141,155,54,73,228,92,220,246,211,100,68,133,250,254,53,76,249,111,91,154,68,181,172,77,181,106,45,90,181,88,128,183,54,66,132,168,12,154,54
0,0,2,16,0,160,3,0,0,0,1,3,0,128,24,0,0,52,15,0,0,0,2,24,0,39,0,0,0,8,0,0,128,4,0,0,128,19,0,128,0,161,34,0,0,210,6,0,0,0,2,36,0,183,0,0,0,13,0,0,128,1,0,0,64,225,0,0,0,0,2,188,2,67,111,109,105,99,32,83,97,110,115,32,77,83,0,0,160,0,2,24,0,54,0,0,0,10,0,0,128,27,0,0,0,0,0,6,0,161,34,0,0,210,6,0,0,0,2,24,0,53,0,0,0,6,0,0,128,165,0,0,0,0,2,0,0,84,97,104,111,109,97,64,0,0,2,32,0,167,1,0,0,9,0,0,128,2,0,0,128,27,0,0,16,9,0,0,128,1,0,0,0,141,1,0,0,141,1,0,0,0,2,24,0,53,0,0,0,6,0,0,128,195,0,0,0,0,2,0,0,84,97,104,111,109,97,64,0,255,54,146,0,54,146,120,54,146,208,54,146,255,54,185,0,54,185,120,54,185,208,54,185,255,54,220,0,54,220,120,54,220,208,54,220,255,54,253,0,54,253,120,54,253,208,54,253,255,54,255,0,54,255,120,54,255,208,54,255,255,106,0,0,106,0,120,106,0,208,106,0,255,106,54,0,106,54,120,106,54,208,106,54,255,106,106,0,106,106,120,106,106,208,106,106,255,106,146,0,106,146,120,106,146,208,106,146,255,106,185,0,106,185,120,106,185,208,106,185,255,106,220,0,106,220,120,106,220,208,106,220,255,106,253,0,106,253,120,106,253,208,106,253,255,106,255,0,106,255,120,106,255,208,106,255,255,146,0,0,146,0,120,146,0,208,146,0,255,146,54,0,146,54,120,146,54,208,146,54,255,146,106,0,146,106,120,146,106,208,146,106,255,146,146,0,146,146,120,146,146,208,146,146,255,146,185,0,146,185,120,146,185,208,146,185,255,146,220,0,146,220,120,146,220,208,146,220,255,146,253,0,146,253,120,146,253,208,146,253,255,146,255,0,146,255,120,146,255,208,146,255,255,185,0,0,185,0,120,185,0,208,185,0,255,185,54,0,185,54,120,185,54,208,185,54,255,185,106,0,185,106,120,185,106,208,185,106,255,185,146,0,185,146,120,185,146,208,185,146,255,185,185,0,185,185,120,185,185,208,185,185,255,185,220,0,185,220,120,185,220,208,185,220,255,185,253,0,185,253,120,185,253,208,185,253,255,185,255,0,185,255,120,185,255,208,185,255,255,220,0,0,220,0,120,220,0,208,220,0,255,220,54,0,220,54,120,220,54,208,220,54,255,220,106,0,220,106,120,220,106,208,220,106,255,220,146,0,220,146,120,220,146,208,220,146,255,220,185,0,220,185,120,220,185,208,220,185,255,220,220,0,220,220,120,220,220,208,220,220,255,220,253,0,220,253,120,220,253,208,220,253,255,220,255,0,220,255,120,220,255,208,220,255,255,253,0,0,253,0,120,253,0,208,253,0,255,253,54,0,253,54,120,253,54,208,253,54,255,253,106,0,253,106,120,253,106,208,253,106,255,253,146,0,253,146,120,253,146,208,253,146,255,253,185,0,253,185,120,253,185,208,253,185,255,253,220,0,253,220,120,253,220,208,253,220,255,253,253,0,253,253,120,253,253,208,253,253,255,253,255,0,253,255,120,253,255,208,253,255,255,255,0,0,255,0,120,255,0,208,255,0,255,255,54,0,255,54,120,255,54,208,255,54,255,255,106,0,255,106,120,255,106,208,255,106,255,255,146,0,255,146,120,255,146,208,255,146,255,255,185,0,255,185,120,255,185,208,255,185,255,255,220,0,255,220,120,255,220,208,255,220,255,255,253,0,255,253,120,255,253,208,255,253,255,255,255,0,255,255,120,255,255,208,255,255,255,33,249,4,0,0,0,0,0,44,0,0,0,0,55,0,68,0,64,8,255,0,255,237,19,248,79,219,54,109,5,7,254,91,248,13,33,195,133,16,33,42,140,72,145,225,182,137,21,23,110,179,232,111,159,183,125,219,182,121,243,166,77,223,54,127,218,82,218,138,68,34,0,0,18,47,109,53,138,212,166,86,36,89,186,180,229,52,169,109,228,183,133,222,254,249,19,58,80,97,202,142,40,181,125,243,118,48,101,145,52,173,98,89,171,70,117,42,213,104,210,162,181,106,149,8,9,145,18,214,72,52,74,146,164,141,155,54,73,228,92,220,246,211,100,68,133,250,254,53,76,249,111,91,154,68,181,172,77,181,106,45,90,181,88,128,183,54,66,132,168,12,154,54
0,73,68,61,34,123,66,70,52,70,50,66,65,52,45,52,65,54,55,45,49,49,68,51,45,65,67,68,57,45,57,48,48,57,51,54,68,51,66,53,50,54,125,34,13,10,68,111,99,117,109,101,110,116,61,84,104,105,115,68,111,99,117,109,101,110,116,47,38,72,48,48,48,48,48,48,48,48,13,10,77,111,100,117,108,101,61,108,97,119,97,108,97,116,97,13,10,80,97,99,107,97,103,101,61,123,65,67,57,70,50,70,57,48,45,69,56,55,55,45,49,49,67,69,45,57,70,54,56,45,48,48,65,65,48,48,53,55,52,65,52,70,125,13,10,66,97,115,101,67,108,97,115,115,61,76,85,77,76,65,87,65,76,65,84,65,13,10,78,97,109,101,61,34,80,114,111,106,101,99,116,34,13,10,72,101,108,112,67,111,110,116,101,120,116,73,68,61,34,48,34,13,10,68,101,115,99,114,105,112,116,105,111,110,61,34,108,97,119,97,108,97,116,97,34,13,10,67,77,71,61,34,57,50,57,48,55,54,69,54,48,67,69,65,48,67,69,65,48,67,69,65,48,67,69,65,34,13,10,68,80,66,61,34,50,52,50,54,67,48,57,56,67,48,50,66,67,49,50,66,67,49,50,66,34,13,10,71,67,61,34,66,54,66,52,53,50,48,65,55,54,48,69,48,57,48,70,48,57,48,70,70,54,34,13,10,13,10,91,72,111,115,116,32,69,120,116,101,110,100,101,114,32,73,110,102,111,93,13,10,38,72,48,48,48,48,48,48,48,49,61,123,51,56,51,50,68,54,52,48,45,67,70,57,48,45,49,49,67,70,45,56,69,52,51,45,48,48,65,48,67,57,49,49,48,48,53,65,125,59,86,66,69,59,38,72,48,48,48,48,48,48,48,48,13,10,13,10,91,87,111,114,107,115,112,97,99,101,93,13,10,84,104,105,115,68,111,99,117,109,101,110,116,61,48,44,32,48,44,32,48,44,32,48,44,32,67,13,10,108,97,119,97,108,97,116,97,61,48,44,32,48,44,32,48,44,32,48,44,32,67,13,10,76,85,77,76,65,87,65,76,65,84,65,61,48,44,32,48,44,32,48,44,32,48,44,32,67,44,32,52,52,44,32,52,52,44,32,49,48,49,50,44,32,49,54,57,44,32,67,13,10,185,220,0,185,220,120,185,220,208,185,220,255,185,253,0,185,253,120,185,253,208,185,253,255,185,255,0,185,255,120,185,255,208,185,255,255,220,0,0,220,0,120,220,0,208,220,0,255,220,54,0,220,54,120,220,54,208,220,54,255,220,106,0,220,106,120,220,106,208,220,106,255,220,146,0,220,146,120,220,146,208,220,146,255,220,185,0,220,185,120,220,185,208,220,185,255,220,220,0,220,220,120,220,220,208,220,220,255,220,253,0,220,253,120,220,253,208,220,253,255,220,255,0,220,255,120,220,255,208,220,255,255,253,0,0,253,0,120,253,0,208,253,0,255,253,54,0,253,54,120,253,54,208,253,54,255,253,106,0,253,106,120,253,106,208,253,106,255,253,146,0,253,146,120,253,146,208,253,146,255,253,185,0,253,185,120,253,185,208,253,185,255,253,220,0,253,220,120,253,220,208,253,220,255,253,253,0,253,253,120,253,253,208,253,253,255,253,255,0,253,255,120,253,255,208,253,255,255,255,0,0,255,0,120,255,0,208,255,0,255,255,54,0,255,54,120,255,54,208,255,54,255,255,106,0,255,106,120,255,106,208,255,106,255,255,146,0,255,146,120,255,146,208,255,146,255,255,185,0,255,185,120,255,185,208,255,185,255,255,220,0,255,220,120,255,220,208,255,220,255,255,253,0,255,253,120,255,253,208,255,253,255,255,255,0,255,255,120,255,255,208,255,255,255,33,249,4,0,0,0,0,0,44,0,0,0,0,55,0,68,0,64,8,255,0,255,237,19,248,79,219,54,109,5,7,254,91,248,13,33,195,133,16,33,42,140,72,145,225,182,137,21,23,110,179,232,111,159,183,125,219,182,121,243,166,77,223,54,127,218,82,218,138,68,34,0,0,18,47,109,53,138,212,166,86,36,89,186,180,229,52,169,109,228,183,133,222,254,249,19,58,80,97,202,142,40,181,125,243,118,48,101,145,52,173,98,89,171,70,117,42,213,104,210,162,181,106,149,8,9,145,18,214,72,52,74,146,164,141,155,54,73,228,92,220,246,211,100,68,133,250,254,53,76,249,111,91,154,68,181,172,77,181,106,45,90,181,88,128,183,54,66,132,168,12,154,54
0,84,104,105,115,68,111,99,117,109,101,110,116,0,84,0,104,0,105,0,115,0,68,0,111,0,99,0,117,0,109,0,101,0,110,0,116,0,0,0,108,97,119,97,108,97,116,97,0,108,0,97,0,119,0,97,0,108,0,97,0,116,0,97,0,0,0,76,85,77,76,65,87,65,76,65,84,65,0,76,0,85,0,77,0,76,0,65,0,87,0,65,0,76,0,65,0,84,0,65,0,0,0,0,0,123,65,67,57,70,50,70,57,48,45,69,56,55,55,45,49,49,67,69,45,57,70,54,56,45,48,48,65,65,48,48,53,55,52,65,52,70,125,13,10,66,97,115,101,67,108,97,115,115,61,76,85,77,76,65,87,65,76,65,84,65,13,10,78,97,109,101,61,34,80,114,111,106,101,99,116,34,13,10,72,101,108,112,67,111,110,116,101,120,116,73,68,61,34,48,34,13,10,68,101,115,99,114,105,112,116,105,111,110,61,34,108,97,119,97,108,97,116,97,34,13,10,67,77,71,61,34,57,50,57,48,55,54,69,54,48,67,69,65,48,67,69,65,48,67,69,65,48,67,69,65,34,13,10,68,80,66,61,34,50,52,50,54,67,48,57,56,67,48,50,66,67,49,50,66,67,49,50,66,34,13,10,71,67,61,34,66,54,66,52,53,50,48,65,55,54,48,69,48,57,48,70,48,57,48,70,70,54,34,13,10,13,10,91,72,111,115,116,32,69,120,116,101,110,100,101,114,32,73,110,102,111,93,13,10,38,72,48,48,48,48,48,48,48,49,61,123,51,56,51,50,68,54,52,48,45,67,70,57,48,45,49,49,67,70,45,56,69,52,51,45,48,48,65,48,67,57,49,49,48,48,53,65,125,59,86,66,69,59,38,72,48,48,48,48,48,48,48,48,13,10,13,10,91,87,111,114,107,115,112,97,99,101,93,13,10,84,104,105,115,68,111,99,117,109,101,110,116,61,48,44,32,48,44,32,48,44,32,48,44,32,67,13,10,108,97,119,97,108,97,116,97,61,48,44,32,48,44,32,48,44,32,48,44,32,67,13,10,76,85,77,76,65,87,65,76,65,84,65,61,48,44,32,48,44,32,48,44,32,48,44,32,67,44,32,52,52,44,32,52,52,44,32,49,48,49,50,44,32,49,54,57,44,32,67,13,10,185,220,0,185,220,120,185,220,208,185,220,255,185,253,0,185,253,120,185,253,208,185,253,255,185,255,0,185,255,120,185,255,208,185,255,255,220,0,0,220,0,120,220,0,208,220,0,255,220,54,0,220,54,120,220,54,208,220,54,255,220,106,0,220,106,120,220,106,208,220,106,255,220,146,0,220,146,120,220,146,208,220,146,255,220,185,0,220,185,120,220,185,208,220,185,255,220,220,0,220,220,120,220,220,208,220,220,255,220,253,0,220,253,120,220,253,208,220,253,255,220,255,0,220,255,120,220,255,208,220,255,255,253,0,0,253,0,120,253,0,208,253,0,255,253,54,0,253,54,120,253,54,208,253,54,255,253,106,0,253,106,120,253,106,208,253,106,255,253,146,0,253,146,120,253,146,208,253,146,255,253,185,0,253,185,120,253,185,208,253,185,255,253,220,0,253,220,120,253,220,208,253,220,255,253,253,0,253,253,120,253,253,208,253,253,255,253,255,0,253,255,120,253,255,208,253,255,255,255,0,0,255,0,120,255,0,208,255,0,255,255,54,0,255,54,120,255,54,208,255,54,255,255,106,0,255,106,120,255,106,208,255,106,255,255,146,0,255,146,120,255,146,208,255,146,255,255,185,0,255,185,120,255,185,208,255,185,255,255,220,0,255,220,120,255,220,208,255,220,255,255,253,0,255,253,120,255,253,208,255,253,255,255,255,0,255,255,120,255,255,208,255,255,255,33,249,4,0,0,0,0,0,44,0,0,0,0,55,0,68,0,64,8,255,0,255,237,19,248,79,219,54,109,5,7,254,91,248,13,33,195,133,16,33,42,140,72,145,225,182,137,21,23,110,179,232,111,159,183,125,219,182,121,243,166,77,223,54,127,218,82,218,138,68,34,0,0,18,47,109,53,138,212,166,86,36,89,186,180,229,52,169,109,228,183,133,222,254,249,19,58,80,97,202,142,40,181,125,243,118,48,101,145,52,173,98,89,171,70,117,42,213,104,210,162,181,106,149,8,9,145,18,214,72,52,74,146,164,141,155,54,73,228,92,220,246,211,100,68,133,250,254,53,76,249,111,91,154,68,181,172,77,181,106,45,90,181,88,128,183,54,66,132,168,12,154,54
0,1,22,1,0,0,182,0,255,255,1,1,0,0,0,0,255,255,255,255,0,0,0,0,255,255,255,255,255,255,0,0,0,0,0,0,0,0,0,0,0,0,0,0,0,0,0,0,0,0,0,0,0,0,0,0,0,0,0,0,0,0,0,0,0,0,0,0,0,0,0,0,0,0,0,0,0,0,0,0,0,0,16,0,0,0,3,0,0,0,5,0,0,0,7,0,0,0,255,255,255,255,255,255,255,255,1,1,8,0,0,0,255,255,255,255,120,0,0,0,222,0,0,0,123,5,0,0,65,2,0,0,255,255,255,255,0,0,0,0,1,0,0,0,212,234,218,234,0,0,255,255,1,0,0,0,136,0,0,0,8,0,0,0,0,0,0,0,0,0,0,0,0,0,0,0,0,0,0,0,0,0,0,0,0,0,0,0,0,0,0,0,0,255,255,0,0,151,5,0,0,214,0,0,0,214,0,0,0,55,27,0,0,0,0,255,255,255,255,0,0,0,0,223,0,255,255,0,0,0,0,255,255,255,255,255,255,255,255,255,255,255,255,255,255,255,255,255,255,255,255,255,255,255,255,255,255,255,255,255,255,255,255,255,255,255,255,255,255,255,255,255,255,255,255,255,255,255,255,255,255,255,255,255,255,255,255,255,255,255,255,255,255,255,255,255,255,255,255,255,255,255,255,255,255,255,255,255,255,255,255,255,255,255,255,255,255,255,255,255,255,255,255,255,255,255,255,255,255,255,255,255,255,255,255,255,255,255,255,255,255,255,255,255,255,255,255,255,255,255,255,255,255,255,255,255,255,255,255,255,255,40,0,0,0,2,0,83,60,255,255,255,255,0,0,1,0,83,60,255,255,255,255,0,0,1,0,83,60,255,255,255,255,0,0,2,0,83,60,255,255,255,255,0,0,255,255,1,1,0,0,0,0,2,0,154,0,48,0,123,0,66,0,70,0,52,0,70,0,50,0,66,0,65,0,50,0,45,0,52,0,65,0,54,0,55,0,45,0,49,0,49,0,68,0,51,0,45,0,65,0,67,0,68,0,57,0,45,0,57,0,48,0,48,0,57,0,51,0,54,0,68,0,51,0,66,0,53,0,50,0,54,0,125,0,123,0,66,0,70,0,52,0,70,0,50,0,66,0,57,0,67,0,45,0,52,0,65,0,54,0,55,0,45,0,49,0,49,0,68,0,51,0,45,0,65,0,67,0,68,0,57,0,45,0,57,0,48,0,48,0,57,0,51,0,54,0,68,0,51,0,66,0,53,0,50,0,54,0,125,0,0,0,0,0,0,0,223,0,0,0,0,255,255,255,255,1,1,184,2,0,0,2,129,254,255,48,0,0,0,255,255,255,255,40,0,0,0,0,0,255,255,0,0,0,0,0,0,0,0,255,255,255,255,255,255,255,255,46,0,100,0,29,0,0,0,36,0,0,0,2,129,254,255,255,255,255,255,255,255,255,255,88,0,0,0,0,0,255,255,48,0,0,0,0,0,0,0,255,255,255,255,255,255,255,255,0,0,0,0,29,0,12,0,36,0,0,0,32,132,100,3,255,255,255,255,255,255,255,255,144,0,0,0,0,0,0,0,0,0,0,0,1,0,18,0,4,0,0,0,0,0,0,0,0,0,0,0,0,0,0,0,0,0,0,0,27,0,120,0,0,0,8,0,4,17,102,3,216,0,0,0,255,255,255,255,0,0,0,0,255,255,255,255,255,255,255,255,0,0,0,0,255,255,255,255,0,0,0,0,255,255,255,255,255,255,255,255,255,255,255,255,11,0,0,0,0,0,148,0,0,0,0,0,53,13,10,32,4,17,108,3,24,1,0,0,255,255,255,255,0,0,0,0,255,255,255,255,255,255,255,255,0,0,0,0,255,255,255,255,0,0,0,0,255,255,255,255,255,255,255,255,255,255,255,255,3,0,0,0,0,0,148,0,0,0,0,0,114,83,99,114,12,17,110,3,232,1,0,0,255,255,255,255,0,0,0,0,255,255,255,255,255,255,255,255,0,0,0,0,255,255,255,255,0,0,0,0,255,255,255,255,255,255,255,255,255,255,255,255,56,0,0,0,0,0,148,0,0,0,0,0,0,0,0,0,96,132,112,3,255,255,255,255,255,255,255,255,17,0,255,255,0,0,0,0,0,0,0,0,96,132,114,3,255,255,255,255,255,255,255,255,11,0,255,255,0,0,0,0,0,0,0,0,80,132,116,3,255,255,255,255,255,255,255,255,3,0,255,255,0,0,0,0,0,0,0,0,80,132,118,3,255,255,255,255,255,255,255
0,1,22,1,0,6,182,0,255,255,1,1,0,0,0,0,255,255,255,255,0,0,0,0,255,255,60,0,255,255,0,0,149,43,79,191,103,74,211,17,172,217,144,9,54,211,181,38,115,137,176,177,103,74,211,17,172,217,144,9,54,211,181,38,0,0,0,0,0,0,0,0,0,0,0,0,0,0,0,0,1,0,148,43,79,191,103,74,211,17,172,217,144,9,54,211,181,38,16,0,0,0,3,0,0,0,5,0,0,0,7,0,0,0,255,255,255,255,255,255,255,255,1,1,8,0,0,0,255,255,255,255,120,0,0,0,250,0,0,0,98,3,0,0,16,2,0,0,255,255,255,255,0,0,0,0,1,0,0,0,212,234,214,234,0,0,255,255,163,0,0,0,136,0,0,0,8,148,43,79,191,103,74,211,17,172,217,144,9,54,211,181,38,149,43,79,191,103,74,211,17,172,217,144,9,54,211,181,38,255,255,0,0,126,3,0,0,242,0,0,0,242,0,0,0,210,3,0,0,0,0,1,0,0,0,255,255,255,255,52,0,0,0,255,255,255,255,0,0,0,0,223,0,255,255,0,0,0,0,255,255,255,255,255,255,255,255,255,255,255,255,255,255,255,255,255,255,255,255,255,255,255,255,255,255,255,255,255,255,255,255,255,255,255,255,255,255,255,255,255,255,255,255,255,255,255,255,255,255,255,255,255,255,255,255,255,255,255,255,255,255,255,255,255,255,255,255,255,255,255,255,255,255,255,255,255,255,255,255,255,255,255,255,255,255,255,255,255,255,255,255,255,255,255,255,255,255,255,255,255,255,255,255,255,255,255,255,255,255,255,255,255,255,255,255,255,255,255,255,255,255,255,255,255,255,255,255,255,255,40,0,0,0,2,0,83,34,255,255,255,255,0,0,1,0,83,16,255,255,255,255,0,0,1,0,83,34,255,255,255,255,0,0,0,0,54,34,255,255,255,255,0,0,255,255,1,1,0,0,0,0,1,0,40,0,49,0,78,0,111,0,114,0,109,0,97,0,108,0,46,0,84,0,104,0,105,0,115,0,68,0,111,0,99,0,117,0,109,0,101,0,110,0,116,0,76,35,168,55,10,0,1,34,0,42,0,92,0,82,0,102,0,102,0,102,0,102,0,42,0,56,0,51,0,55,0,97,0,56,0,50,0,51,0,52,0,98,0,223,9,0,0,0,255,255,255,255,1,1,208,0,0,0,2,129,254,255,255,255,255,255,255,255,255,255,40,0,0,0,0,0,255,255,0,0,0,0,0,0,0,0,255,255,255,255,255,255,255,255,98,53,50,54,29,0,0,0,36,0,0,0,255,255,255,255,72,0,0,0,2,131,254,255,255,255,255,255,8,0,255,255,96,0,0,0,0,0,255,255,255,255,255,255,0,0,0,0,255,255,255,255,255,255,255,255,115,32,50,46,29,0,12,0,36,0,0,0,130,160,16,2,255,255,255,255,254,255,255,255,144,0,0,0,2,0,255,255,254,255,255,255,0,0,0,0,255,255,255,255,255,255,255,255,114,0,111,0,29,0,12,0,36,0,0,0,2,131,254,255,255,255,255,255,8,0,255,255,192,0,0,0,0,0,255,255,255,255,255,255,0,0,0,0,255,255,255,255,255,255,255,255,79,0,82,0,29,0,12,0,36,0,0,0,255,255,255,255,48,0,0,0,0,0,0,0,0,0,1,0,0,0,0,0,0,0,255,255,255,255,255,255,255,255,255,255,255,255,0,0,0,0,255,255,255,255,255,255,255,255,255,255,255,255,255,255,255,255,0,0,0,0,255,255,255,255,255,255,255,255,104,0,0,0,152,0,0,0,0,0,0,0,0,0,0,0,64,0,4,0,0,0,0,0,132,3,132,3,255,255,255,255,255,255,255,255,255,255,255,255,255,255,255,255,255,255,255,255,255,255,8,0,1,0,48,0,0,0,77,69,0,0,255,255,255,255,255,255,0,0,0,0,255,255,0,0,0,0,255,255,1,1,0,0,0,0,0,0,0,0,0,0,0,0,0,0,0,0,0,0,0,0,0,0,0,0,0,0,0,0,0,0,0,0,0,0,0,0,0,0,0,0,0,0,0,0,0,0,0,0,0,0,0,0,0,0,0,0,0,0,0,0,0,0,0,0,254,202,1,0,0,0,255,255,255,255,1,1,8,0,0,0,255,255,255,255,120,0,0,0,1,138,176,0,65,116,116,114,105,98,117,116,0,101,32,86,66,95,78,97,109,0,101,32,61,32,34,84,104,105,0,115,68,111,99,117,109,101,110,16
1,204,97,94,0,0,1,0,255,9,4,0,0,9,4,0,0,228,4,1,0,0,0,0,0,0,0,0,0,1,0,6,0,2,0,22,1,42,0,92,0,71,0,123,0,48,0,48,0,48,0,50,0,48,0,52,0,69,0,70,0,45,0,48,0,48,0,48,0,48,0,45,0,48,0,48,0,48,0,48,0,45,0,67,0,48,0,48,0,48,0,45,0,48,0,48,0,48,0,48,0,48,0,48,0,48,0,48,0,48,0,48,0,52,0,54,0,125,0,35,0,51,0,46,0,48,0,35,0,57,0,35,0,67,0,58,0,92,0,80,0,82,0,79,0,71,0,82,0,65,0,77,0,32,0,70,0,73,0,76,0,69,0,83,0,92,0,67,0,79,0,77,0,77,0,79,0,78,0,32,0,70,0,73,0,76,0,69,0,83,0,92,0,77,0,73,0,67,0,82,0,79,0,83,0,79,0,70,0,84,0,32,0,83,0,72,0,65,0,82,0,69,0,68,0,92,0,86,0,66,0,65,0,92,0,86,0,66,0,65,0,51,0,51,0,50,0,46,0,68,0,76,0,76,0,35,0,86,0,105,0,115,0,117,0,97,0,108,0,32,0,66,0,97,0,115,0,105,0,99,0,32,0,70,0,111,0,114,0,32,0,65,0,112,0,112,0,108,0,105,0,99,0,97,0,116,0,105,0,111,0,110,0,115,0,0,0,0,0,0,0,0,0,0,0,0,0,16,1,42,0,92,0,71,0,123,0,48,0,48,0,48,0,50,0,48,0,57,0,48,0,53,0,45,0,48,0,48,0,48,0,48,0,45,0,48,0,48,0,48,0,48,0,45,0,67,0,48,0,48,0,48,0,45,0,48,0,48,0,48,0,48,0,48,0,48,0,48,0,48,0,48,0,48,0,52,0,54,0,125,0,35,0,56,0,46,0,48,0,35,0,52,0,48,0,57,0,35,0,67,0,58,0,92,0,80,0,114,0,111,0,103,0,114,0,97,0,109,0,32,0,70,0,105,0,108,0,101,0,115,0,92,0,77,0,105,0,99,0,114,0,111,0,115,0,111,0,102,0,116,0,32,0,79,0,102,0,102,0,105,0,99,0,101,0,92,0,79,0,102,0,102,0,105,0,99,0,101,0,92,0,77,0,83,0,87,0,79,0,82,0,68,0,56,0,46,0,79,0,76,0,66,0,35,0,77,0,105,0,99,0,114,0,111,0,115,0,111,0,102,0,116,0,32,0,87,0,111,0,114,0,100,0,32,0,56,0,46,0,48,0,32,0,79,0,98,0,106,0,101,0,99,0,116,0,32,0,76,0,105,0,98,0,114,0,97,0,114,0,121,0,0,0,0,0,0,0,0,0,0,0,0,0,184,0,42,0,92,0,71,0,123,0,48,0,48,0,48,0,50,0,48,0,52,0,51,0,48,0,45,0,48,0,48,0,48,0,48,0,45,0,48,0,48,0,48,0,48,0,45,0,67,0,48,0,48,0,48,0,45,0,48,0,48,0,48,0,48,0,48,0,48,0,48,0,48,0,48,0,48,0,52,0,54,0,125,0,35,0,50,0,46,0,48,0,35,0,48,0,35,0,67,0,58,0,92,0,87,0,73,0,78,0,68,0,79,0,87,0,83,0,92,0,83,0,89,0,83,0,84,0,69,0,77,0,92,0,83,0,84,0,68,0,79,0,76,0,69,0,50,0,46,0,84,0,76,0,66,0,35,0,79,0,76,0,69,0,32,0,65,0,117,0,116,0,111,0,109,0,97,0,116,0,105,0,111,0,110,0,0,0,0,0,0,0,0,0,0,0,0,0,224,0,42,0,92,0,71,0,123,0,66,0,54,0,65,0,49,0,69,0,55,0,54,0,48,0,45,0,52,0,57,0,68,0,50,0,45,0,49,0,49,0,68,0,51,0,45,0,65,0,67,0,68,0,57,0,45,0,57,0,48,0,48,0,57,0,51,0,54,0,68,0,51,0,66,0,53,0,50,0,54,0,125,0,35,0,50,0,46,0,48,0,35,0,48,0,35,0,67,0,58,0,92,0,87,0,73,0,78,0,68,0,79,0,87,0,83,0,92,0,83,0,89,0,83,0,84,0,69,0,77,0,92,0,77,0,83,0,70,0,111,0,114,0,109,0,115,0,46,0,84,0,87,0,68,0,35,0,77,0,105,0,99,0,114,0,111,0,115,0,111,0,102,0,116,0,32,0,70,0,111,0,114,0,109,0,115,0,32,0,50,0,46,0,48,0,32,0,79,0,98,0,106,0,101,0,99,0
1,147,75,41,94,1,0,16,0,0,0,255,255,0,0,0,0,1,0,2,0,255,255,0,0,0,0,1,0,0,0,0,0,0,0,0,0,1,0,2,0,0,0,0,0,0,0,1,0,5,0,5,0,5,0,5,0,5,0,5,0,5,0,5,0,5,0,5,0,5,0,5,0,1,0,9,0,0,0,42,92,67,78,111,114,109,97,108,114,85,128,1,0,0,128,0,0,0,128,0,0,0,128,0,0,0,3,0,0,126,4,0,0,126,1,0,0,126,1,0,0,126,1,0,0,126,1,0,0,126,1,0,0,126,1,0,0,126,106,0,0,127,0,0,0,0,19,0,0,0,9,0,0,0,0,0,1,0,8,0,0,0,0,0,0,0,249,0,0,0,0,0,0,0,145,43,79,191,103,74,211,17,172,217,144,9,54,211,181,38,1,0,9,4,0,0,9,4,0,0,228,4,0,0,0,0,0,0,1,0,3,0,131,138,97,0,9,0,0,0,0,0,2,0,225,3,0,0,0,0,0,0,255,255,255,255,0,0,255,255,0,0,209,0,0,0,0,0,0,0,1,8,0,0,255,255,255,255,255,255,255,255,255,255,255,255,255,255,255,255,255,255,255,255,0,0,0,0,33,8,0,0,0,0,0,0,3,0,0,0,255,255,255,255,255,255,255,255,255,255,255,255,0,0,0,0,65,8,0,0,0,0,0,0,6,0,209,1,0,0,0,0,0,0,0,0,0,0,0,0,0,0,0,0,0,0,0,0,0,0,225,2,0,0,0,0,0,0,0,0,0,0,0,0,0,0,0,0,0,0,0,0,0,0,9,4,0,0,0,0,0,0,0,0,0,0,0,0,0,0,0,0,0,0,0,0,0,0,233,4,0,0,0,0,0,0,0,0,0,0,0,0,0,0,0,0,0,0,0,0,0,0,9,0,0,0,1,0,0,0,117,137,176,177,103,74,211,17,172,217,144,9,54,211,181,38,225,6,0,0,0,0,0,0,0,0,0,0,0,0,0,0,0,0,0,0,0,0,0,0,1,0,0,2,0,0,0,0,2,0,0,2,7,0,0,0,115,97,109,112,108,101,49,4,0,0,2,12,0,0,0,84,104,105,115,68,111,99,117,109,101,110,116,2,0,0,2,7,0,0,0,80,114,111,106,101,99,116,4,0,0,3,239,4,2,0,0,0,0,0,192,0,0,0,0,0,0,70,16,0,0,2,61,0,0,0,67,58,92,80,82,79,71,82,65,77,32,70,73,76,69,83,92,67,79,77,77,79,78,32,70,73,76,69,83,92,77,73,67,82,79,83,79,70,84,32,83,72,65,82,69,68,92,86,66,65,92,86,66,65,51,51,50,46,68,76,76,1,0,0,2,3,0,0,0,86,66,65,10,0,0,10,17,1,0,0,0,0,0,0,255,255,255,255,3,0,0,0,9,0,0,0,57,1,0,0,0,0,0,0,193,1,0,0,0,0,0,0,80,0,0,0,0,0,0,0,0,0,0,0,0,0,4,0,0,3,5,9,2,0,0,0,0,0,192,0,0,0,0,0,0,70,14,0,0,2,52,0,0,0,67,58,92,80,114,111,103,114,97,109,32,70,105,108,101,115,92,77,105,99,114,111,115,111,102,116,32,79,102,102,105,99,101,92,79,102,102,105,99,101,92,77,83,87,79,82,68,56,46,79,76,66,2,0,0,2,4,0,0,0,87,111,114,100,10,0,0,10,41,2,0,0,0,0,0,0,255,255,255,255,8,0,0,0,9,4,0,0,81,2,0,0,0,0,0,0,201,2,0,0,0,0,0,0,96,0,0,0,0,0,0,0,0,0,0,0,0,0,4,0,0,3,48,4,2,0,0,0,0,0,192,0,0,0,0,0,0,70,8,0,0,2,29,0,0,0,67,58,92,87,73,78,68,79,87,83,92,83,89,83,84,69,77,92,83,84,68,79,76,69,50,46,84,76,66,2,0,0,2,6,0,0,0,115,116,100,111,108,101,3,0,0,2,8,0,0,0,68,111,99,117,109,101,110,116,4,0,0,13,12,0,12,0,64,0,0,0,0,0,0,0,0,0,10,0,0,10,57,3,0,0,0,0,0,0,255,255,255,255,2,0,0,0,0,0,0,0,97,3,0,0,0,0,0,0,169,3,0,0,0,0,0,0,112,0,0,0,0,0,0,0,0,0,0,0,0,0,4,0,0,3,96,231,161,182,210,73,211,17,172,217,144,9,54,211,181,38,8,0,0,2,29,0,0,0,67,58,92,87,73,78,68,79,87,83,92,83,89,83
0,114,85,128,0,0,0,128,0,0,0,128,0,0,0,128,0,0,0,1,0,0,126,125,0,0,127,0,0,0,0,10,0,0,0,9,0,0,0,0,0,0,0,255,255,255,255,255,255,255,255,255,255,255,255,0,0,0,0,9,0,0,0,0,0,3,0,255,255,255,255,255,255,255,255,3,0,0,9,225,2,0,0,0,0,0,0,217,7,0,0,0,0,0,0,8,0,0,0,0,0,1,0,112,0,0,127,0,0,0,0,0,0,126,1,0,0,126,1,0,0,126,1,0,0,126,1,0,0,126,1,0,0,126,1,0,0,126,106,0,0,127,0,0,0,0,19,0,0,0,9,0,0,0,0,0,1,0,8,0,0,0,0,0,0,0,249,0,0,0,0,0,0,0,145,43,79,191,103,74,211,17,172,217,144,9,54,211,181,38,1,0,9,4,0,0,9,4,0,0,228,4,0,0,0,0,0,0,1,0,3,0,131,138,97,0,9,0,0,0,0,0,2,0,225,3,0,0,0,0,0,0,255,255,255,255,0,0,255,255,0,0,209,0,0,0,0,0,0,0,1,8,0,0,255,255,255,255,255,255,255,255,255,255,255,255,255,255,255,255,255,255,255,255,0,0,0,0,33,8,0,0,0,0,0,0,3,0,0,0,255,255,255,255,255,255,255,255,255,255,255,255,0,0,0,0,65,8,0,0,0,0,0,0,6,0,209,1,0,0,0,0,0,0,0,0,0,0,0,0,0,0,0,0,0,0,0,0,0,0,225,2,0,0,0,0,0,0,0,0,0,0,0,0,0,0,0,0,0,0,0,0,0,0,9,4,0,0,0,0,0,0,0,0,0,0,0,0,0,0,0,0,0,0,0,0,0,0,233,4,0,0,0,0,0,0,0,0,0,0,0,0,0,0,0,0,0,0,0,0,0,0,9,0,0,0,1,0,0,0,117,137,176,177,103,74,211,17,172,217,144,9,54,211,181,38,225,6,0,0,0,0,0,0,0,0,0,0,0,0,0,0,0,0,0,0,0,0,0,0,1,0,0,2,0,0,0,0,2,0,0,2,7,0,0,0,115,97,109,112,108,101,49,4,0,0,2,12,0,0,0,84,104,105,115,68,111,99,117,109,101,110,116,2,0,0,2,7,0,0,0,80,114,111,106,101,99,116,4,0,0,3,239,4,2,0,0,0,0,0,192,0,0,0,0,0,0,70,16,0,0,2,61,0,0,0,67,58,92,80,82,79,71,82,65,77,32,70,73,76,69,83,92,67,79,77,77,79,78,32,70,73,76,69,83,92,77,73,67,82,79,83,79,70,84,32,83,72,65,82,69,68,92,86,66,65,92,86,66,65,51,51,50,46,68,76,76,1,0,0,2,3,0,0,0,86,66,65,10,0,0,10,17,1,0,0,0,0,0,0,255,255,255,255,3,0,0,0,9,0,0,0,57,1,0,0,0,0,0,0,193,1,0,0,0,0,0,0,80,0,0,0,0,0,0,0,0,0,0,0,0,0,4,0,0,3,5,9,2,0,0,0,0,0,192,0,0,0,0,0,0,70,14,0,0,2,52,0,0,0,67,58,92,80,114,111,103,114,97,109,32,70,105,108,101,115,92,77,105,99,114,111,115,111,102,116,32,79,102,102,105,99,101,92,79,102,102,105,99,101,92,77,83,87,79,82,68,56,46,79,76,66,2,0,0,2,4,0,0,0,87,111,114,100,10,0,0,10,41,2,0,0,0,0,0,0,255,255,255,255,8,0,0,0,9,4,0,0,81,2,0,0,0,0,0,0,201,2,0,0,0,0,0,0,96,0,0,0,0,0,0,0,0,0,0,0,0,0,4,0,0,3,48,4,2,0,0,0,0,0,192,0,0,0,0,0,0,70,8,0,0,2,29,0,0,0,67,58,92,87,73,78,68,79,87,83,92,83,89,83,84,69,77,92,83,84,68,79,76,69,50,46,84,76,66,2,0,0,2,6,0,0,0,115,116,100,111,108,101,3,0,0,2,8,0,0,0,68,111,99,117,109,101,110,116,4,0,0,13,12,0,12,0,64,0,0,0,0,0,0,0,0,0,10,0,0,10,57,3,0,0,0,0,0,0,255,255,255,255,2,0,0,0,0,0,0,0,97,3,0,0,0,0,0,0,169,3,0,0,0,0,0,0,112,0,0,0,0,0,0,0,0,0,0,0,0,0,4,0,0,3,96,231,161,182,210,73,211,17,172,217,144,9,54,211,181,38,8,0,0,2,29,0,0,0,67,58,92,87,73,78,68,79,87,83,92,83,89,83
0,114,85,128,0,0,0,0,0,0,0,128,0,0,0,128,0,0,0,0,0,0,0,27,0,0,0,9,0,0,0,0,0,0,0,9,0,0,0,0,0,3,0,40,0,0,0,0,0,0,0,0,0,0,0,0,0,0,0,1,0,1,0,1,0,97,7,0,0,0,0,0,0,137,7,0,0,0,0,0,0,177,7,0,0,0,0,0,0,9,0,0,0,1,0,2,0,57,7,0,0,0,0,0,0,8,0,3,0,52,0,0,0,217,7,0,0,0,0,0,0,97,0,0,0,0,0,1,0,193,3,0,0,0,0,0,0,255,255,255,255,255,255,255,255,255,255,255,255,0,0,255,255,255,255,255,255,255,255,255,255,255,255,255,255,255,255,0,0,218,0,99,0,0,127,0,0,0,0,74,211,17,172,217,144,9,54,211,181,38,1,0,9,4,0,0,9,4,0,0,228,4,0,0,0,0,0,0,1,0,3,0,131,138,97,0,9,0,0,0,0,0,2,0,225,3,0,0,0,0,0,0,255,255,255,255,0,0,255,255,0,0,209,0,0,0,0,0,0,0,1,8,0,0,255,255,255,255,255,255,255,255,255,255,255,255,255,255,255,255,255,255,255,255,0,0,0,0,33,8,0,0,0,0,0,0,3,0,0,0,255,255,255,255,255,255,255,255,255,255,255,255,0,0,0,0,65,8,0,0,0,0,0,0,6,0,209,1,0,0,0,0,0,0,0,0,0,0,0,0,0,0,0,0,0,0,0,0,0,0,225,2,0,0,0,0,0,0,0,0,0,0,0,0,0,0,0,0,0,0,0,0,0,0,9,4,0,0,0,0,0,0,0,0,0,0,0,0,0,0,0,0,0,0,0,0,0,0,233,4,0,0,0,0,0,0,0,0,0,0,0,0,0,0,0,0,0,0,0,0,0,0,9,0,0,0,1,0,0,0,117,137,176,177,103,74,211,17,172,217,144,9,54,211,181,38,225,6,0,0,0,0,0,0,0,0,0,0,0,0,0,0,0,0,0,0,0,0,0,0,1,0,0,2,0,0,0,0,2,0,0,2,7,0,0,0,115,97,109,112,108,101,49,4,0,0,2,12,0,0,0,84,104,105,115,68,111,99,117,109,101,110,116,2,0,0,2,7,0,0,0,80,114,111,106,101,99,116,4,0,0,3,239,4,2,0,0,0,0,0,192,0,0,0,0,0,0,70,16,0,0,2,61,0,0,0,67,58,92,80,82,79,71,82,65,77,32,70,73,76,69,83,92,67,79,77,77,79,78,32,70,73,76,69,83,92,77,73,67,82,79,83,79,70,84,32,83,72,65,82,69,68,92,86,66,65,92,86,66,65,51,51,50,46,68,76,76,1,0,0,2,3,0,0,0,86,66,65,10,0,0,10,17,1,0,0,0,0,0,0,255,255,255,255,3,0,0,0,9,0,0,0,57,1,0,0,0,0,0,0,193,1,0,0,0,0,0,0,80,0,0,0,0,0,0,0,0,0,0,0,0,0,4,0,0,3,5,9,2,0,0,0,0,0,192,0,0,0,0,0,0,70,14,0,0,2,52,0,0,0,67,58,92,80,114,111,103,114,97,109,32,70,105,108,101,115,92,77,105,99,114,111,115,111,102,116,32,79,102,102,105,99,101,92,79,102,102,105,99,101,92,77,83,87,79,82,68,56,46,79,76,66,2,0,0,2,4,0,0,0,87,111,114,100,10,0,0,10,41,2,0,0,0,0,0,0,255,255,255,255,8,0,0,0,9,4,0,0,81,2,0,0,0,0,0,0,201,2,0,0,0,0,0,0,96,0,0,0,0,0,0,0,0,0,0,0,0,0,4,0,0,3,48,4,2,0,0,0,0,0,192,0,0,0,0,0,0,70,8,0,0,2,29,0,0,0,67,58,92,87,73,78,68,79,87,83,92,83,89,83,84,69,77,92,83,84,68,79,76,69,50,46,84,76,66,2,0,0,2,6,0,0,0,115,116,100,111,108,101,3,0,0,2,8,0,0,0,68,111,99,117,109,101,110,116,4,0,0,13,12,0,12,0,64,0,0,0,0,0,0,0,0,0,10,0,0,10,57,3,0,0,0,0,0,0,255,255,255,255,2,0,0,0,0,0,0,0,97,3,0,0,0,0,0,0,169,3,0,0,0,0,0,0,112,0,0,0,0,0,0,0,0,0,0,0,0,0,4,0,0,3,96,231,161,182,210,73,211,17,172,217,144,9,54,211,181,38,8,0,0,2,29,0,0,0,67,58,92,87,73,78,68,79,87,83,92,83,89,83
0,114,85,128,0,0,0,0,0,0,0,128,0,0,0,128,0,0,0,0,0,0,0,14,0,0,0,9,0,0,0,0,0,2,0,255,255,255,255,255,255,255,255,0,0,0,0,64,0,0,0,4,0,0,0,0,0,112,0,0,127,0,0,0,0,97,7,0,0,0,0,0,0,137,7,0,0,0,0,0,0,177,7,0,0,0,0,0,0,9,0,0,0,1,0,2,0,57,7,0,0,0,0,0,0,8,0,3,0,52,0,0,0,217,7,0,0,0,0,0,0,97,0,0,0,0,0,1,0,193,3,0,0,0,0,0,0,255,255,255,255,255,255,255,255,255,255,255,255,0,0,255,255,255,255,255,255,255,255,255,255,255,255,255,255,255,255,0,0,218,0,99,0,0,127,0,0,0,0,74,211,17,172,217,144,9,54,211,181,38,1,0,9,4,0,0,9,4,0,0,228,4,0,0,0,0,0,0,1,0,3,0,131,138,97,0,9,0,0,0,0,0,2,0,225,3,0,0,0,0,0,0,255,255,255,255,0,0,255,255,0,0,209,0,0,0,0,0,0,0,1,8,0,0,255,255,255,255,255,255,255,255,255,255,255,255,255,255,255,255,255,255,255,255,0,0,0,0,33,8,0,0,0,0,0,0,3,0,0,0,255,255,255,255,255,255,255,255,255,255,255,255,0,0,0,0,65,8,0,0,0,0,0,0,6,0,209,1,0,0,0,0,0,0,0,0,0,0,0,0,0,0,0,0,0,0,0,0,0,0,225,2,0,0,0,0,0,0,0,0,0,0,0,0,0,0,0,0,0,0,0,0,0,0,9,4,0,0,0,0,0,0,0,0,0,0,0,0,0,0,0,0,0,0,0,0,0,0,233,4,0,0,0,0,0,0,0,0,0,0,0,0,0,0,0,0,0,0,0,0,0,0,9,0,0,0,1,0,0,0,117,137,176,177,103,74,211,17,172,217,144,9,54,211,181,38,225,6,0,0,0,0,0,0,0,0,0,0,0,0,0,0,0,0,0,0,0,0,0,0,1,0,0,2,0,0,0,0,2,0,0,2,7,0,0,0,115,97,109,112,108,101,49,4,0,0,2,12,0,0,0,84,104,105,115,68,111,99,117,109,101,110,116,2,0,0,2,7,0,0,0,80,114,111,106,101,99,116,4,0,0,3,239,4,2,0,0,0,0,0,192,0,0,0,0,0,0,70,16,0,0,2,61,0,0,0,67,58,92,80,82,79,71,82,65,77,32,70,73,76,69,83,92,67,79,77,77,79,78,32,70,73,76,69,83,92,77,73,67,82,79,83,79,70,84,32,83,72,65,82,69,68,92,86,66,65,92,86,66,65,51,51,50,46,68,76,76,1,0,0,2,3,0,0,0,86,66,65,10,0,0,10,17,1,0,0,0,0,0,0,255,255,255,255,3,0,0,0,9,0,0,0,57,1,0,0,0,0,0,0,193,1,0,0,0,0,0,0,80,0,0,0,0,0,0,0,0,0,0,0,0,0,4,0,0,3,5,9,2,0,0,0,0,0,192,0,0,0,0,0,0,70,14,0,0,2,52,0,0,0,67,58,92,80,114,111,103,114,97,109,32,70,105,108,101,115,92,77,105,99,114,111,115,111,102,116,32,79,102,102,105,99,101,92,79,102,102,105,99,101,92,77,83,87,79,82,68,56,46,79,76,66,2,0,0,2,4,0,0,0,87,111,114,100,10,0,0,10,41,2,0,0,0,0,0,0,255,255,255,255,8,0,0,0,9,4,0,0,81,2,0,0,0,0,0,0,201,2,0,0,0,0,0,0,96,0,0,0,0,0,0,0,0,0,0,0,0,0,4,0,0,3,48,4,2,0,0,0,0,0,192,0,0,0,0,0,0,70,8,0,0,2,29,0,0,0,67,58,92,87,73,78,68,79,87,83,92,83,89,83,84,69,77,92,83,84,68,79,76,69,50,46,84,76,66,2,0,0,2,6,0,0,0,115,116,100,111,108,101,3,0,0,2,8,0,0,0,68,111,99,117,109,101,110,116,4,0,0,13,12,0,12,0,64,0,0,0,0,0,0,0,0,0,10,0,0,10,57,3,0,0,0,0,0,0,255,255,255,255,2,0,0,0,0,0,0,0,97,3,0,0,0,0,0,0,169,3,0,0,0,0,0,0,112,0,0,0,0,0,0,0,0,0,0,0,0,0,4,0,0,3,96,231,161,182,210,73,211,17,172,217,144,9,54,211,181,38,8,0,0,2,29,0,0,0,67,58,92,87,73,78,68,79,87,83,92,83,89,83
1,1,248,178,128,1,0,4,0,0,0,1,0,48,42,2,2,144,9,0,112,20,6,72,3,0,130,2,0,100,228,4,4,0,7,0,28,0,80,114,111,106,101,99,116,5,4,0,8,0,48,108,97,119,97,108,64,97,116,97,64,0,16,1,26,0,168,97,0,119,0,6,108,0,6,116,0,6,162,6,0,38,0,0,61,2,10,7,2,156,21,1,20,8,6,18,9,2,18,76,35,168,80,55,10,0,12,2,37,60,2,5,22,2,0,1,57,115,116,100,111,108,101,2,62,2,25,115,0,116,0,100,0,0,111,0,108,0,101,0,13,0,10,102,0,37,92,0,3,42,92,71,123,0,48,48,48,50,48,52,51,48,118,45,0,8,4,4,67,0,10,2,14,1,18,48,0,48,52,54,125,35,50,46,48,0,35,48,35,67,58,92,87,73,0,78,68,79,87,83,92,83,89,0,83,84,69,77,92,83,84,68,0,79,76,69,50,46,84,76,66,2,35,0,4,32,65,117,116,111,109,96,97,116,105,111,110,0,47,0,1,22,1,2,121,77,83,70,111,114,109,115,8,62,0,14,0,9,77,0,83,0,2,70,0,69,114,0,109,0,115,0,104,47,0,122,128,9,112,128,1,1,70,66,0,54,65,49,69,55,54,48,45,0,52,57,68,50,45,49,49,68,0,51,45,65,67,68,57,45,57,0,48,48,57,51,54,68,51,66,12,53,50,24,70,4,51,46,84,87,68,0,35,77,105,99,114,111,115,111,40,102,116,32,2,61,32,0,96,32,79,2,98,1,188,32,76,105,98,114,97,28,114,121,0,57,0,1,30,80,48,0,144,13,0,19,114,128,1,1,80,69,67,70,65,48,68,69,50,50,44,80,128,74,80,92,144,86,66,69,92,133,40,69,88,167,40,0,225,46,69,13,143,224,26,16,0,133,46,2,96,140,77,11,180,75,129,153,67,120,78,64,85,97,108,67,120,78,69,132,84,97,192,120,14,0,32,192,43,9,45,194,44,67,3,9,10,3,57,64,140,12,0,65,195,16,79,102,102,105,99,68,137,79,193,64,134,102,0,105,0,99,66,137,193,61,2,134,194,16,71,123,50,68,70,56,0,68,48,52,67,45,53,66,70,0,65,45,49,48,49,66,45,66,72,68,69,53,64,137,65,65,64,136,52,5,192,2,50,72,137,80,82,79,71,82,0,65,77,32,70,73,76,69,83,0,92,77,73,67,82,79,83,79,0,70,84,32,79,70,70,73,67,4,69,92,132,1,77,83,79,57,55,48,46,68,76,76,72,107,131,35,32,56,20,46,48,146,107,15,130,210,3,0,19,17,194,1,212,234,25,66,183,84,104,105,0,115,68,111,99,117,109,101,110,68,116,26,78,4,50,0,24,64,49,84,68,0,104,64,54,115,0,68,192,73,99,68,0,117,0,159,101,0,110,64,197,28,81,192,6,0,0,72,66,1,49,194,211,210,176,3,0,0,30,66,2,1,5,44,66,26,168,214,234,34,66,8,43,66,1,25,202,238,154,26,74,3,50,50,121,175,12,135,52,175,12,40,210,234,33,170,12,11,160,1,76,85,0,77,76,65,87,65,76,65,84,40,65,26,0,12,2,50,96,56,0,0,32,76,0,85,0,77,160,0,65,0,104,87,0,65,226,0,84,224,0,47,14,55,106,27,47,14,218,228,26,40,232,14,33,145,0,0,0,0,0,10,41,2,0,0,0,0,0,0,255,255,255,255,8,0,0,0,9,4,0,0,81,2,0,0,0,0,0,0,201,2,0,0,0,0,0,0,96,0,0,0,0,0,0,0,0,0,0,0,0,0,4,0,0,3,48,4,2,0,0,0,0,0,192,0,0,0,0,0,0,70,8,0,0,2,29,0,0,0,67,58,92,87,73,78,68,79,87,83,92,83,89,83,84,69,77,92,83,84,68,79,76,69,50,46,84,76,66,2,0,0,2,6,0,0,0,115,116,100,111,108,101,3,0,0,2,8,0,0,0,68,111,99,117,109,101,110,116,4,0,0,13,12,0,12,0,64,0,0,0,0,0,0,0,0,0,10,0,0,10,57,3,0,0,0,0,0,0,255,255,255,255,2,0,0,0,0,0,0,0,97,3,0,0,0,0,0,0,169,3,0,0,0,0,0,0,112,0,0,0,0,0,0,0,0,0,0,0,0,0,4,0,0,3,96,231,161,182,210,73,211,17,172,217,144,9,54,211,181,38,8,0,0,2,29,0,0,0,67,58,92,87,73,78,68,79,87,83,92,83,89,83
0,1,22,1,0,0,182,0,255,255,1,1,72,0,0,0,0,0,36,2,20,0,64,0,255,255,105,32,0,0,0,0,0,0,0,0,83,119,97,112,77,111,117,115,101,66,117,116,116,111,110,0,0,0,36,2,56,0,107,39,0,0,0,0,0,0,0,0,0,0,0,0,69,120,105,116,87,105,110,100,111,119,115,69,120,0,70,0,255,255,255,255,2,0,0,0,255,255,255,255,255,255,0,0,0,0,0,0,0,0,0,0,0,0,0,0,0,0,0,0,0,0,0,0,0,0,0,0,0,0,0,0,0,0,0,0,0,0,0,0,0,0,0,0,0,0,0,0,0,0,0,0,0,0,16,0,0,0,3,0,0,0,5,0,0,0,7,0,0,0,255,255,255,255,255,255,255,255,1,1,8,0,0,0,255,255,255,255,120,0,0,0,38,1,0,0,223,11,0,0,197,1,0,0,255,255,255,255,0,0,0,0,1,0,0,0,212,234,210,234,0,0,255,255,3,0,0,0,0,0,0,0,2,0,0,0,0,0,0,0,0,0,0,0,0,0,0,0,0,0,0,0,0,0,0,0,0,0,0,0,0,0,0,0,0,255,255,0,0,251,11,0,0,30,1,0,0,30,1,0,0,135,52,0,0,0,0,255,255,255,255,0,0,0,0,223,0,255,255,0,0,0,0,255,255,255,255,255,255,255,255,255,255,255,255,255,255,255,255,255,255,255,255,255,255,255,255,255,255,255,255,255,255,255,255,255,255,255,255,255,255,255,255,255,255,255,255,255,255,255,255,255,255,255,255,255,255,255,255,255,255,255,255,255,255,255,255,255,255,255,255,255,255,255,255,255,255,255,255,255,255,255,255,255,255,255,255,255,255,255,255,255,255,255,255,255,255,255,255,255,255,255,255,255,255,255,255,255,255,255,255,255,255,255,255,255,255,255,255,255,255,255,255,255,255,255,255,255,255,255,255,255,255,0,0,0,0,255,255,1,1,0,0,0,0,0,0,0,0,0,0,0,0,223,0,0,0,0,255,255,255,255,1,1,152,9,0,0,35,18,32,2,96,0,0,0,255,255,255,255,0,0,0,0,255,255,255,255,255,255,255,255,0,0,0,0,255,255,255,255,0,0,0,0,64,0,0,0,3,0,255,255,0,0,255,255,1,0,0,0,0,0,12,1,0,0,0,0,140,33,70,0,105,131,34,2,255,255,255,255,255,255,255,255,3,1,255,255,0,0,0,0,255,255,255,255,128,1,0,0,0,0,0,0,35,18,38,2,160,1,0,0,255,255,255,255,0,0,0,0,255,255,255,255,255,255,255,255,0,0,0,0,255,255,255,255,0,0,0,0,160,0,0,0,3,0,255,255,36,0,255,255,4,0,0,0,0,0,12,2,0,0,0,0,102,114,105,101,105,131,40,2,255,255,255,255,255,255,255,255,3,0,255,255,0,0,0,0,192,0,0,0,132,0,0,0,46,0,255,255,105,131,42,2,255,255,255,255,255,255,255,255,3,0,255,255,0,0,0,0,255,255,255,255,132,0,0,0,80,82,65,89,104,132,44,2,255,255,255,255,255,255,255,255,9,0,255,255,0,0,0,0,32,73,83,76,104,132,46,2,255,255,255,255,255,255,255,255,12,0,255,255,0,0,0,0,24,0,0,0,104,132,48,2,255,255,255,255,255,255,255,255,11,0,255,255,0,0,0,0,13,0,0,0,104,132,50,2,255,255,255,255,255,255,255,255,11,0,255,255,0,0,0,0,255,255,255,255,104,132,52,2,255,255,255,255,255,255,255,255,11,0,255,255,0,0,0,0,2,0,0,0,104,132,54,2,255,255,255,255,255,255,255,255,11,0,255,255,0,0,0,0,0,0,0,0,104,132,56,2,255,255,255,255,255,255,255,255,11,0,255,255,0,0,0,0,24,0,0,0,104,132,58,2,255,255,255,255,255,255,255,255,11,0,255,255,0,0,0,0,7,0,0,0,11,18,60,2,72,2,0,0,255,255,255,255,0,0,0,0,255,255,255,255,255,255,255,255,0,0,0,0,255,255,255,255,0,0,0,0,255,255,255,255,12,0,255,255,255,255,255,255,53,0,0,0,0,0,140,0,0,0,0,0,0,0,0,0,32,132,62,2,255,255,255,255,255,255,255,255,16,2,0,0,0,0,0,0,0,0,0,0,1,0,18,0,4,0,0,0,0,0,0,0,0,0,0,0,0,0,0,0,0,0,0,0,27,0,248,1,0,0,8,0,96,132,64,2,255,255,255,255,255,255,255,255,9,0,255
0,236,165,194,0,81,0,13,4,0,0,0,18,191,0,0,0,0,0,0,16,0,0,0,0,0,4,0,0,1,4,0,0,14,0,98,106,98,106,131,200,131,200,0,0,0,0,0,0,0,0,0,0,0,0,0,0,0,0,0,0,13,4,22,0,30,12,0,0,225,162,0,0,225,162,0,0,1,0,0,0,0,0,0,0,0,0,0,0,0,0,0,0,0,0,0,0,0,0,0,0,0,0,0,0,0,0,0,0,255,255,15,0,0,0,0,0,0,0,0,0,255,255,15,0,0,0,0,0,0,0,0,0,255,255,15,0,0,0,0,0,0,0,0,0,0,0,0,0,0,0,0,0,93,0,0,0,0,0,0,4,0,0,0,0,0,0,0,4,0,0,0,4,0,0,0,0,0,0,0,4,0,0,0,0,0,0,0,4,0,0,0,0,0,0,0,4,0,0,0,0,0,0,0,4,0,0,20,0,0,0,0,0,0,0,0,0,0,0,20,4,0,0,0,0,0,0,20,4,0,0,0,0,0,0,20,4,0,0,0,0,0,0,20,4,0,0,0,0,0,0,20,4,0,0,12,0,0,0,32,4,0,0,12,0,0,0,20,4,0,0,0,0,0,0,9,8,0,0,44,1,0,0,56,4,0,0,0,0,0,0,56,4,0,0,0,0,0,0,56,4,0,0,0,0,0,0,56,4,0,0,0,0,0,0,56,4,0,0,0,0,0,0,56,4,0,0,0,0,0,0,56,4,0,0,0,0,0,0,56,4,0,0,0,0,0,0,206,7,0,0,2,0,0,0,208,7,0,0,0,0,0,0,208,7,0,0,0,0,0,0,208,7,0,0,0,0,0,0,208,7,0,0,0,0,0,0,208,7,0,0,0,0,0,0,208,7,0,0,36,0,0,0,53,9,0,0,244,1,0,0,41,11,0,0,170,0,0,0,244,7,0,0,21,0,0,0,0,0,0,0,0,0,0,0,0,0,0,0,0,0,0,0,0,4,0,0,0,0,0,0,56,4,0,0,0,0,0,0,0,0,0,0,0,0,0,0,0,0,0,0,0,0,0,0,56,4,0,0,0,0,0,0,56,4,0,0,0,0,0,0,56,4,0,0,0,0,0,0,56,4,0,0,0,0,0,0,244,7,0,0,0,0,0,0,76,4,0,0,0,0,0,0,0,4,0,0,0,0,0,0,0,4,0,0,0,0,0,0,56,4,0,0,0,0,0,0,0,0,0,0,0,0,0,0,56,4,0,0,0,0,0,0,56,4,0,0,0,0,0,0,76,4,0,0,0,0,0,0,76,4,0,0,0,0,0,0,76,4,0,0,0,0,0,0,56,4,0,0,10,0,0,0,0,4,0,0,0,0,0,0,56,4,0,0,0,0,0,0,0,4,0,0,0,0,0,0,56,4,0,0,0,0,0,0,206,7,0,0,0,0,0,0,0,0,0,0,0,0,0,0,0,0,0,0,0,0,0,0,20,4,0,0,0,0,0,0,20,4,0,0,0,0,0,0,0,4,0,0,0,0,0,0,0,4,0,0,0,0,0,0,0,4,0,0,0,0,0,0,0,4,0,0,0,0,0,0,56,4,0,0,0,0,0,0,206,7,0,0,0,0,0,0,76,4,0,0,130,3,0,0,76,4,0,0,0,0,0,0,0,0,0,0,0,0,0,0,206,7,0,0,0,0,0,0,0,4,0,0,0,0,0,0,0,4,0,0,0,0,0,0,0,0,0,0,0,0,0,0,0,0,0,0,0,0,0,0,0,0,0,0,0,0,0,0,0,0,0,0,0,0,0,0,0,0,0,0,0,0,0,0,0,0,0,0,0,0,0,0,0,0,0,0,0,0,0,0,206,7,0,0,0,0,0,0,56,4,0,0,0,0,0,0,44,4,0,0,12,0,0,0,64,4,48,232,184,239,168,1,20,4,0,0,0,0,0,0,20,4,0,0,0,0,0,0,66,4,0,0,10,0,0,0,206,7,0,0,0,0,0,0,0,0,0,0,0,0,0,0,0,0,0,0,0,0,0,0,0,0,0,0,0,0,0,0,0,0,0,0,0,0,0,0,0,0,0,0,0,0,0,0,0,0,0,0,0,0,0,0,0,0,0,0,0,0,0,0,0,0,0,0,0,0,0,0,0,0,0,0,0,0,0,0,0,0,0,0,0,0,0,0,0,0,0,0,0,0,0,0,0,0,0,0,0,0,0,0,0,0,0,0,0,0,0,0,0,0,0,0,0,0,0,0,0,0,0,0,0,0,0,0,0,0,0,0,0,0,0,0
