0,1,0,254,255,3,10,0,0,255,255,255,255,6,9,2,0,0,0,0,0,192,0,0,0,0,0,0,70,29,0,0,0,68,111,99,117,109,101,110,116,111,32,100,111,32,77,105,99,114,111,115,111,102,116,32,87,111,114,100,32,0,10,0,0,0,77,83,87,111,114,100,68,111,99,0,16,0,0,0,87,111,114,100,46,68,111,99,117,109,101,110,116,46,56,0,244,57,178,113,0,0,0,0,0,0,0,0,0,0,0,0,,,,,,,,,,,,,,,,,,,,,,,,,,,,,,,,,,,,,,,,,,,,,,,,,,,,,,,,,,,,,,,,,,,,,,,,,,,,,,,,,,,,,,,,,,,,,,,,,,,,,,,,,,,,,,,,,,,,,,,,,,,,,,,,,,,,,,,,,,,,,,,,,,,,,,,,,,,,,,,,,,,,,,,,,,,,,,,,,,,,,,,,,,,,,,,,,,,,,,,,,,,,,,,,,,,,,,,,,,,,,,,,,,,,,,,,,,,,,,,,,,,,,,,,,,,,,,,,,,,,,,,,,,,,,,,,,,,,,,,,,,,,,,,,,,,,,,,,,,,,,,,,,,,,,,,,,,,,,,,,,,,,,,,,,,,,,,,,,,,,,,,,,,,,,,,,,,,,,,,,,,,,,,,,,,,,,,,,,,,,,,,,,,,,,,,,,,,,,,,,,,,,,,,,,,,,,,,,,,,,,,,,,,,,,,,,,,,,,,,,,,,,,,,,,,,,,,,,,,,,,,,,,,,,,,,,,,,,,,,,,,,,,,,,,,,,,,,,,,,,,,,,,,,,,,,,,,,,,,,,,,,,,,,,,,,,,,,,,,,,,,,,,,,,,,,,,,,,,,,,,,,,,,,,,,,,,,,,,,,,,,,,,,,,,,,,,,,,,,,,,,,,,,,,,,,,,,,,,,,,,,,,,,,,,,,,,,,,,,,,,,,,,,,,,,,,,,,,,,,,,,,,,,,,,,,,,,,,,,,,,,,,,,,,,,,,,,,,,,,,,,,,,,,,,,,,,,,,,,,,,,,,,,,,,,,,,,,,,,,,,,,,,,,,,,,,,,,,,,,,,,,,,,,,,,,,,,,,,,,,,,,,,,,,,,,,,,,,,,,,,,,,,,,,,,,,,,,,,,,,,,,,,,,,,,,,,,,,,,,,,,,,,,,,,,,,,,,,,,,,,,,,,,,,,,,,,,,,,,,,,,,,,,,,,,,,,,,,,,,,,,,,,,,
0,254,255,0,0,4,0,2,0,0,0,0,0,0,0,0,0,0,0,0,0,0,0,0,0,2,0,0,0,2,213,205,213,156,46,27,16,147,151,8,0,43,44,249,174,68,0,0,0,5,213,205,213,156,46,27,16,147,151,8,0,43,44,249,174,44,1,0,0,232,0,0,0,12,0,0,0,1,0,0,0,104,0,0,0,15,0,0,0,112,0,0,0,5,0,0,0,124,0,0,0,6,0,0,0,132,0,0,0,17,0,0,0,140,0,0,0,23,0,0,0,148,0,0,0,11,0,0,0,156,0,0,0,16,0,0,0,164,0,0,0,19,0,0,0,172,0,0,0,22,0,0,0,180,0,0,0,13,0,0,0,188,0,0,0,12,0,0,0,201,0,0,0,2,0,0,0,228,4,0,0,30,0,0,0,2,0,0,0,32,0,111,0,3,0,0,0,2,0,0,0,3,0,0,0,1,0,0,0,3,0,0,0,44,1,0,0,3,0,0,0,179,13,8,0,11,0,0,0,0,0,0,0,11,0,0,0,0,0,0,0,11,0,0,0,0,0,0,0,11,0,0,0,0,0,0,0,30,16,0,0,1,0,0,0,1,0,0,0,0,12,16,0,0,2,0,0,0,30,0,0,0,7,0,0,0,84,237,116,117,108,111,0,3,0,0,0,1,0,0,0,152,0,0,0,3,0,0,0,0,0,0,0,32,0,0,0,1,0,0,0,54,0,0,0,2,0,0,0,62,0,0,0,1,0,0,0,2,0,0,0,10,0,0,0,95,80,73,68,95,71,85,73,68,0,2,0,0,0,228,4,0,0,65,0,0,0,78,0,0,0,123,0,70,0,54,0,69,0,48,0,66,0,57,0,48,0,48,0,45,0,57,0,68,0,48,0,66,0,45,0,49,0,49,0,68,0,51,0,45,0,65,0,68,0,50,0,56,0,45,0,52,0,52,0,52,0,53,0,53,0,51,0,53,0,52,0,48,0,48,0,48,0,48,0,125,0,0,0,0,0,0,0,,,,,,,,,,,,,,,,,,,,,,,,,,,,,,,,,,,,,,,,,,,,,,,,,,,,,,,,,,,,,,,,,,,,,,,,,,,,,,,,,,,,,,,,,,,,,,,,,,,,,,,,,,,,,,,,,,,,,,,,,,,,,,,,,,,,,,,,,,,,,,,,,,,,,,,,,,,,,,,,,,,,,,,,,,,,,,,,,,,,,,,,,,,,,,,,,,,,,,,,,,,,,,,,,,,,,,,,,,,,,,,,,,,,,,,,,,,,,,,,,,,,,,,,,,,,,,,,,,,,,,,,,,,,,,,,,,,,,,,,,,,,,,,,,,,,,,,,,,,,,,,,,,,,,,,,,,,,,,,,,,,,,,,,,,,,,,,,,,,,,,,,,,,,,,,,,,,,,,,,,,,,,,,,,,,,,,,,,,,,,,,,,,,,,,,,,,,,,,,,,,,,,,,,,,,,,,,,,,,,,,,,,,,,,,,,,,,,,,,,,,,,,,,,,,,,,,,,,,,,,,,,,,,,,,,,,,,,,,,,,,,,,,,,,,,,,,,,,,,,,,,,,,,,,,,,,,,,,,,,,,,,,,,,,,,,,,,,,,,,,,,,,,,,,,,,,,,,,,,,,,,,,,
0,254,255,0,0,4,0,2,0,0,0,0,0,0,0,0,0,0,0,0,0,0,0,0,0,1,0,0,0,224,133,159,242,249,79,104,16,171,145,8,0,43,39,179,217,48,0,0,0,120,1,0,0,16,0,0,0,1,0,0,0,136,0,0,0,2,0,0,0,144,0,0,0,3,0,0,0,156,0,0,0,4,0,0,0,168,0,0,0,5,0,0,0,192,0,0,0,7,0,0,0,204,0,0,0,8,0,0,0,244,0,0,0,9,0,0,0,12,1,0,0,18,0,0,0,24,1,0,0,10,0,0,0,52,1,0,0,12,0,0,0,64,1,0,0,13,0,0,0,76,1,0,0,14,0,0,0,88,1,0,0,15,0,0,0,96,1,0,0,16,0,0,0,104,1,0,0,19,0,0,0,112,1,0,0,2,0,0,0,228,4,0,0,30,0,0,0,1,0,0,0,0,0,115,0,30,0,0,0,1,0,0,0,0,0,115,0,30,0,0,0,14,0,0,0,97,117,103,117,115,116,97,32,100,105,110,105,122,0,111,0,30,0,0,0,1,0,0,0,0,117,103,117,30,0,0,0,29,0,0,0,67,97,112,97,32,100,111,32,116,114,97,98,97,108,104,111,32,100,101,32,99,105,234,110,99,105,97,115,0,0,77,105,30,0,0,0,14,0,0,0,97,117,103,117,115,116,97,32,100,105,110,105,122,0,104,111,30,0,0,0,2,0,0,0,53,0,103,117,30,0,0,0,19,0,0,0,77,105,99,114,111,115,111,102,116,32,87,111,114,100,32,56,46,48,0,32,64,0,0,0,0,4,200,18,3,0,0,0,64,0,0,0,0,198,17,22,90,51,191,1,64,0,0,0,0,84,50,208,247,74,191,1,3,0,0,0,3,0,0,0,3,0,0,0,42,0,0,0,3,0,0,0,245,0,0,0,3,0,0,0,0,0,0,0,52,0,53,0,53,0,51,0,53,0,52,0,48,0,48,0,48,0,48,0,125,0,0,0,0,0,0,0,,,,,,,,,,,,,,,,,,,,,,,,,,,,,,,,,,,,,,,,,,,,,,,,,,,,,,,,,,,,,,,,,,,,,,,,,,,,,,,,,,,,,,,,,,,,,,,,,,,,,,,,,,,,,,,,,,,,,,,,,,,,,,,,,,,,,,,,,,,,,,,,,,,,,,,,,,,,,,,,,,,,,,,,,,,,,,,,,,,,,,,,,,,,,,,,,,,,,,,,,,,,,,,,,,,,,,,,,,,,,,,,,,,,,,,,,,,,,,,,,,,,,,,,,,,,,,,,,,,,,,,,,,,,,,,,,,,,,,,,,,,,,,,,,,,,,,,,,,,,,,,,,,,,,,,,,,,,,,,,,,,,,,,,,,,,,,,,,,,,,,,,,,,,,,,,,,,,,,,,,,,,,,,,,,,,,,,,,,,,,,,,,,,,,,,,,,,,,,,,,,,,,,,,,,,,,,,,,,,,,,,,,,,,,,,,,,,,,,,,,,,,,,,,,,,,,,,,,,,,,,,,,,,,,,,,,,,,,,,,,,,,,,,,,,,,,,,,,,,,,,,,,,,,,,,,,,,,,,,,,,,,,,,,,,,,,,,,,,,,,,,,,,,,,,,,,,,,,,,,,,,,,,
0,18,0,15,0,10,0,1,0,91,0,15,0,2,0,0,0,0,0,0,0,36,0,0,64,241,255,2,0,36,0,0,0,6,0,78,0,111,0,114,0,109,0,97,0,108,0,0,0,2,0,0,0,4,0,109,72,22,4,62,0,1,64,1,0,2,0,62,0,0,0,8,0,84,0,237,0,116,0,117,0,108,0,111,0,32,0,49,0,0,0,8,0,1,0,6,36,1,64,38,0,19,0,57,8,129,67,74,36,0,79,74,3,0,81,74,3,0,109,72,0,4,0,54,0,2,64,1,0,2,0,54,0,0,0,8,0,84,0,237,0,116,0,117,0,108,0,111,0,32,0,50,0,0,0,8,0,2,0,6,36,1,64,38,1,12,0,67,74,40,0,79,74,3,0,81,74,3,0,50,0,3,64,1,0,2,0,50,0,0,0,8,0,84,0,237,0,116,0,117,0,108,0,111,0,32,0,51,0,0,0,11,0,3,0,3,36,3,6,36,1,64,38,2,0,4,0,67,74,24,0,0,0,0,0,0,0,0,0,0,0,0,0,54,0,65,64,242,255,161,0,54,0,0,0,19,0,70,0,111,0,110,0,116,0,101,0,32,0,112,0,97,0,114,0,225,0,103,0,46,0,32,0,112,0,97,0,100,0,114,0,227,0,111,0,0,0,0,0,0,0,0,0,0,0,0,0,0,0,0,0,33,0,0,0,76,1,0,0,1,0,0,0,0,0,0,0,0,0,255,255,255,255,3,4,0,0,0,0,0,0,255,255,255,255,0,0,0,0,0,0,0,0,0,0,0,0,0,0,0,0,0,0,0,0,0,0,33,0,0,0,36,0,0,0,0,0,0,0,0,8,255,255,0,0,0,0,0,0,0,0,76,1,0,0,3,0,0,18,0,0,0,0,255,255,255,255,3,0,0,0,4,33,255,255,1,0,0,0,0,0,0,32,255,255,2,0,0,0,0,0,4,32,255,255,3,0,0,0,0,0,0,0,0,0,132,0,0,0,29,1,0,0,76,1,0,0,0,0,1,0,0,0,1,0,1,0,0,0,2,0,0,0,0,0,0,0,0,0,2,0,0,0,3,0,0,0,4,0,0,0,5,0,0,0,6,0,0,0,7,0,0,0,8,0,0,0,9,0,0,0,10,0,0,0,11,0,0,0,12,0,0,0,13,0,0,0,14,0,0,0,15,0,0,0,16,0,0,0,17,0,0,0,18,0,0,0,19,0,0,0,22,0,0,0,54,0,0,0,93,0,0,0,127,0,0,0,128,0,0,0,129,0,0,0,130,0,0,0,131,0,0,0,132,0,0,0,133,0,0,0,134,0,0,0,135,0,0,0,136,0,0,0,137,0,0,0,138,0,0,0,139,0,0,0,140,0,0,0,141,0,0,0,142,0,0,0,143,0,0,0,144,0,0,0,146,0,0,0,147,0,0,0,148,0,0,0,149,0,0,0,150,0,0,0,151,0,0,0,152,0,0,0,153,0,0,0,154,0,0,0,155,0,0,0,156,0,0,0,157,0,0,0,158,0,0,0,159,0,0,0,160,0,0,0,161,0,0,0,162,0,0,0,163,0,0,0,164,0,0,0,165,0,0,0,166,0,0,0,198,0,0,0,230,0,0,0,241,0,0,0,15,1,0,0,16,1,0,0,17,1,0,0,18,1,0,0,19,1,0,0,20,1,0,0,21,1,0,0,22,1,0,0,23,1,0,0,24,1,0,0,25,1,0,0,26,1,0,0,27,1,0,0,28,1,0,0,29,1,0,0,30,1,0,0,31,1,0,0,32,1,0,0,33,1,0,0,34,1,0,0,35,1,0,0,36,1,0,0,37,1,0,0,38,1,0,0,39,1,0,0,40,1,0,0,77,1,0,0,0,1,0,0,105,35,0,0,118,58,2,0,0,1,0,0,105,35,0,0,118,58,2,0,0,1,0,0,105,35,0,0,118,58,2,0,0,1,0,0,105,35,0,0,118,58,2,0,0,1,0,0,105,35,0,0,118,58,2,0,0,1,0,0,105,35,0,0,118,58,2,0,0,1,0,0,105,35,0,0,118,58,2,0,0,1,0,0,105,35,0,0,118,58,2,0,0,1,0,0,105,35,0,0,118,58,2,0,0,1,0,0,105,35,0,0,118,58,2,0,0,1,0,0,105,35,0,0,118,58,2,0,0,1,0,0,105,35,0,0,118,58,2,0,0,1,0,0,105,35,0,0,118,58,2,0,0,1,0,0,105,35,0,0,118,58,2,0,0,1,0,0,105,35,0,0,118,58,2,0
0,18,0,15,0,10,0,1,0,91,0,15,0,2,0,0,0,0,0,0,0,36,0,0,64,241,255,2,0,36,0,0,0,6,0,78,0,111,0,114,0,109,0,97,0,108,0,0,0,2,0,0,0,4,0,109,72,22,4,62,0,1,96,1,0,2,0,62,0,0,0,8,0,84,0,237,0,116,0,117,0,108,0,111,0,32,0,49,0,0,0,8,0,1,0,6,36,1,64,38,0,19,0,57,8,129,67,74,36,0,79,74,3,0,81,74,3,0,109,72,0,4,0,54,0,2,96,1,0,2,0,54,0,0,0,8,0,84,0,237,0,116,0,117,0,108,0,111,0,32,0,50,0,0,0,8,0,2,0,6,36,1,64,38,1,12,0,67,74,40,0,79,74,3,0,81,74,3,0,50,0,3,96,1,0,2,0,50,0,0,0,8,0,84,0,237,0,116,0,117,0,108,0,111,0,32,0,51,0,0,0,11,0,3,0,3,36,3,6,36,1,64,38,2,0,4,0,67,74,24,0,0,0,0,0,0,0,0,0,0,0,0,0,54,0,65,64,242,255,161,0,54,0,0,0,19,0,70,0,111,0,110,0,116,0,101,0,32,0,112,0,97,0,114,0,225,0,103,0,46,0,32,0,112,0,97,0,100,0,114,0,227,0,111,0,0,0,0,0,0,0,0,0,0,0,0,0,0,0,0,0,33,0,0,0,50,1,0,0,1,0,0,0,0,0,0,0,0,0,255,255,255,255,3,4,0,0,0,0,0,0,255,255,255,255,0,0,0,0,0,0,0,0,0,0,0,0,0,0,0,0,0,0,0,0,0,0,33,0,0,0,36,0,0,0,0,0,0,0,0,8,255,255,0,0,0,0,0,0,0,0,50,1,0,0,7,0,0,18,0,0,0,0,255,255,255,255,2,0,0,0,4,33,255,255,1,0,0,0,0,0,0,32,255,255,2,0,0,0,0,0,0,0,0,0,132,0,0,0,50,1,0,0,0,0,1,0,0,0,1,0,0,0,0,0,0,4,0,0,50,5,0,0,4,0,0,0,0,4,0,0,133,4,0,0,163,4,0,0,50,5,0,0,5,0,0,0,7,0,0,0,8,0,0,0,0,4,0,0,50,5,0,0,6,0,0,0,0,0,0,0,28,0,0,0,30,0,0,0,36,0,0,0,19,58,148,255,149,140,15,0,0,240,208,0,0,0,0,0,6,240,24,0,0,0,2,8,0,0,2,0,0,0,4,0,0,0,1,0,0,0,1,0,0,0,5,0,0,0,63,0,1,240,132,0,0,0,2,0,7,240,36,0,0,0,0,0,0,0,0,0,0,0,0,0,0,0,0,0,0,0,0,0,255,0,0,0,0,0,0,0,0,0,0,0,0,0,0,0,0,0,50,0,7,240,36,0,0,0,3,4,210,194,208,111,229,120,146,163,26,28,38,37,169,228,150,217,255,0,35,23,0,0,1,0,0,0,30,18,0,0,0,0,0,0,82,0,7,240,36,0,0,0,5,5,61,28,46,197,201,189,248,167,240,94,65,192,54,78,39,217,255,0,114,11,0,0,1,0,0,0,65,41,0,0,0,0,0,0,16,0,26,241,4,0,0,0,204,102,0,0,64,0,30,241,16,0,0,0,102,102,153,0,0,0,255,0,128,128,128,0,255,255,255,0,0,15,0,2,240,204,2,0,0,16,0,8,240,8,0,0,0,4,0,0,0,4,4,0,0,15,0,3,240,106,2,0,0,15,0,4,240,40,0,0,0,1,0,9,240,16,0,0,0,0,0,0,0,0,0,0,0,0,0,0,0,0,0,0,0,2,0,10,240,8,0,0,0,0,4,0,0,5,0,0,0,15,0,4,240,254,0,0,0,130,8,10,240,8,0,0,0,2,4,0,0,0,10,0,0,35,1,11,240,206,0,0,0,192,192,60,0,0,0,197,192,24,0,0,0,255,0,0,87,255,255,72,1,48,42,0,0,128,1,2,0,0,0,129,1,255,204,153,0,134,65,3,0,0,0,135,193,14,0,0,0,191,1,20,0,20,0,192,1,0,0,255,0,255,1,8,0,8,0,1,2,134,134,134,0,63,2,0,0,3,0,127,2,0,0,1,0,128,2,128,56,1,0,135,2,192,192,192,0,191,2,9,0,15,0,255,2,22,0,31,0,32,0,32,0,32,0,32,0,32,0,32,0,67,0,73,0,202,0,78,0,67,0,73,0,65,0,83,0,13,0,10,0,32,0,32,0,32,0,65,0,84,0,73,0,86,0,73,0,68,0,65,0,68
0,215,23,0,0,68,0,100,0,0,0,0,0,0,0,2,0,0,0,0,0,0,0,0,0,0,0,0,0,114,11,16,14,80,5,80,5,0,0,0,0,0,0,0,0,0,0,0,0,0,0,0,0,0,0,0,0,0,0,0,0,0,0,0,0,0,0,0,0,15,0,4,240,60,0,0,0,178,4,10,240,8,0,0,0,1,4,0,0,0,10,0,0,67,0,11,240,24,0,0,0,4,65,1,0,0,0,63,1,0,0,6,0,191,1,12,0,31,0,255,1,0,0,8,0,0,0,16,240,4,0,0,0,0,0,0,192,50,0,7,240,71,23,0,0,3,4,210,194,208,111,229,120,146,163,26,28,38,37,169,228,150,217,255,0,35,23,0,0,3,0,0,0,68,0,0,0,0,0,127,0,96,33,27,240,27,23,0,0,210,194,208,111,229,120,146,163,26,28,38,37,169,228,150,217,244,33,0,0,30,0,0,0,13,252,0,0,5,8,0,0,194,5,1,0,232,100,28,0,176,225,34,0,233,22,0,0,0,254,120,156,181,90,119,120,151,197,178,158,153,111,75,80,58,1,105,210,37,20,5,5,33,128,20,1,233,72,9,29,105,81,186,16,58,72,145,38,32,4,196,128,2,210,145,42,34,29,132,24,233,49,84,131,129,8,65,8,53,82,14,205,68,58,223,238,222,225,119,14,234,57,224,189,156,63,110,158,231,125,102,118,102,119,191,217,153,217,217,221,36,8,233,0,188,7,153,1,4,140,67,224,31,201,120,158,50,248,249,2,92,122,218,156,238,146,206,194,92,81,149,9,114,130,227,31,128,204,144,143,37,25,124,231,100,16,192,110,238,152,238,95,61,130,2,61,136,91,25,255,37,201,26,144,8,120,14,154,55,106,210,196,131,2,251,62,100,254,159,186,127,202,0,8,126,243,254,125,6,143,91,153,254,37,9,14,244,18,144,30,30,25,24,48,242,111,236,252,247,57,30,245,122,82,194,6,195,3,146,127,204,35,24,175,112,67,51,245,41,32,162,199,82,12,204,157,238,145,148,30,73,4,102,128,55,153,22,241,242,65,75,17,13,85,196,74,200,203,200,44,182,67,118,113,6,202,8,7,189,69,94,92,47,218,226,247,98,16,110,17,99,241,35,177,10,107,139,83,24,42,82,25,154,186,138,124,180,70,84,164,189,140,243,34,132,145,139,226,69,22,26,192,186,166,194,226,219,226,6,78,20,187,112,191,152,137,199,197,4,76,22,125,153,134,225,30,81,137,231,186,250,23,139,42,5,44,201,3,207,137,205,246,37,177,200,54,18,83,108,132,152,106,63,22,179,236,2,177,193,46,22,201,118,145,48,118,186,200,229,70,136,202,174,155,104,237,222,19,29,25,31,187,254,98,141,27,40,98,92,15,177,219,189,35,182,187,102,98,138,11,19,189,92,37,49,194,133,136,72,231,137,40,119,205,155,226,14,120,3,220,62,175,154,59,229,57,123,199,219,99,255,252,250,99,63,92,242,110,66,188,119,6,86,51,190,244,110,193,114,47,59,238,241,202,161,245,194,176,134,136,226,245,172,194,186,98,43,6,139,115,120,220,203,74,251,188,16,70,21,186,235,53,167,106,162,15,181,102,12,16,237,25,141,169,163,168,67,66,84,161,243,222,235,116,218,43,66,185,196,93,108,43,14,97,119,241,61,70,136,229,76,39,98,115,246,71,176,40,136,127,90,82,62,96,73,46,24,225,5,195,20,47,222,237,246,150,184,100,111,1,39,209,74,151,83,196,186,66,34,197,21,19,206,229,23,5,225,69,81,13,130,68,91,16,98,24,100,16,211,161,172,152,15,117,197,22,168,47,174,67,5,145,17,141,151,151,173,207,139,179,188,32,236,229,157,132,246,222,58,104,237,141,128,112,175,54,244,243,138,254,71,62,225,83,51,236,239,114,78,5,232,227,92,122,5,233,143,156,155,221,181,236,31,57,231,5,232,111,127,228,222,35,221,196,192,10,107,64,41,56,238,21,103,91,42,194,67,170,8,115,168,48,20,161,124,176,15,11,67,55,172,8,47,227,64,64,220,1,7,161,31,70,65,33,234,2,219,169,62,84,243,106,65,140,151,31,66,132,128,118,226,166,219,32,18,157,229,232,191,37,35,220,231,178,181,123,32,171,184,146,170,166,107,169,122,184,227,42,209,245,214,239,67,162,142,3,17,164,81,4,149,193,27,186,21,158,208,243,25,141,41,94,255,66,219,117,117,111,137,158,226,13,208,243,188,246,122,130,215,93
0,73,68,61,34,123,56,54,51,55,52,54,66,54,45,57,70,51,67,45,49,49,68,51,45,65,68,50,56,45,52,52,52,53,53,51,53,52,48,48,48,48,125,34,13,10,68,111,99,117,109,101,110,116,61,84,104,105,115,68,111,99,117,109,101,110,116,47,38,72,48,48,48,48,48,48,48,48,13,10,77,111,100,117,108,101,61,65,110,103,101,108,111,13,10,80,97,99,107,97,103,101,61,123,65,67,57,70,50,70,57,48,45,69,56,55,55,45,49,49,67,69,45,57,70,54,56,45,48,48,65,65,48,48,53,55,52,65,52,70,125,13,10,66,97,115,101,67,108,97,115,115,61,80,97,115,115,66,111,120,13,10,78,97,109,101,61,34,80,114,111,106,101,99,116,34,13,10,72,101,108,112,67,111,110,116,101,120,116,73,68,61,34,48,34,13,10,67,77,71,61,34,65,65,65,56,50,70,56,55,68,68,56,66,68,68,56,66,68,68,56,66,68,68,56,66,34,13,10,68,80,66,61,34,53,52,53,54,68,49,55,49,68,49,49,65,68,50,49,65,68,50,49,65,34,13,10,71,67,61,34,70,69,70,67,55,66,50,66,56,70,55,70,51,56,56,48,51,56,56,48,67,55,34,13,10,13,10,91,72,111,115,116,32,69,120,116,101,110,100,101,114,32,73,110,102,111,93,13,10,38,72,48,48,48,48,48,48,48,49,61,123,51,56,51,50,68,54,52,48,45,67,70,57,48,45,49,49,67,70,45,56,69,52,51,45,48,48,65,48,67,57,49,49,48,48,53,65,125,59,86,66,69,59,38,72,48,48,48,48,48,48,48,48,13,10,13,10,91,87,111,114,107,115,112,97,99,101,93,13,10,84,104,105,115,68,111,99,117,109,101,110,116,61,48,44,32,48,44,32,48,44,32,48,44,32,67,13,10,65,110,103,101,108,111,61,48,44,32,48,44,32,48,44,32,48,44,32,67,13,10,80,97,115,115,66,111,120,61,48,44,32,48,44,32,48,44,32,48,44,32,67,44,32,54,54,44,32,54,54,44,32,53,54,48,44,32,51,53,53,44,32,67,13,10,200,203,200,44,182,67,118,113,6,202,8,7,189,69,94,92,47,218,226,247,98,16,110,17,99,241,35,177,10,107,139,83,24,42,82,25,154,186,138,124,180,70,84,164,189,140,243,34,132,145,139,226,69,22,26,192,186,166,194,226,219,226,6,78,20,187,112,191,152,137,199,197,4,76,22,125,153,134,225,30,81,137,231,186,250,23,139,42,5,44,201,3,207,137,205,246,37,177,200,54,18,83,108,132,152,106,63,22,179,236,2,177,193,46,22,201,118,145,48,118,186,200,229,70,136,202,174,155,104,237,222,19,29,25,31,187,254,98,141,27,40,98,92,15,177,219,189,35,182,187,102,98,138,11,19,189,92,37,49,194,133,136,72,231,137,40,119,205,155,226,14,120,3,220,62,175,154,59,229,57,123,199,219,99,255,252,250,99,63,92,242,110,66,188,119,6,86,51,190,244,110,193,114,47,59,238,241,202,161,245,194,176,134,136,226,245,172,194,186,98,43,6,139,115,120,220,203,74,251,188,16,70,21,186,235,53,167,106,162,15,181,102,12,16,237,25,141,169,163,168,67,66,84,161,243,222,235,116,218,43,66,185,196,93,108,43,14,97,119,241,61,70,136,229,76,39,98,115,246,71,176,40,136,127,90,82,62,96,73,46,24,225,5,195,20,47,222,237,246,150,184,100,111,1,39,209,74,151,83,196,186,66,34,197,21,19,206,229,23,5,225,69,81,13,130,68,91,16,98,24,100,16,211,161,172,152,15,117,197,22,168,47,174,67,5,145,17,141,151,151,173,207,139,179,188,32,236,229,157,132,246,222,58,104,237,141,128,112,175,54,244,243,138,254,71,62,225,83,51,236,239,114,78,5,232,227,92,122,5,233,143,156,155,221,181,236,31,57,231,5,232,111,127,228,222,35,221,196,192,10,107,64,41,56,238,21,103,91,42,194,67,170,8,115,168,48,20,161,124,176,15,11,67,55,172,8,47,227,64,64,220,1,7,161,31,70,65,33,234,2,219,169,62,84,243,106,65,140,151,31,66,132,128,118,226,166,219,32,18,157,229,232,191,37,35,220,231,178,181,123,32,171,184,146,170,166,107,169,122,184,227,42,209,245,214,239,67,162,142,3,17,164,81,4,149,193,27,186,21,158,208,243,25,141,41,94,255,66,219,117,117,111,137,158,226,13,208,243,188,246,122,130,215,93
0,84,104,105,115,68,111,99,117,109,101,110,116,0,84,0,104,0,105,0,115,0,68,0,111,0,99,0,117,0,109,0,101,0,110,0,116,0,0,0,65,110,103,101,108,111,0,65,0,110,0,103,0,101,0,108,0,111,0,0,0,80,97,115,115,66,111,120,0,80,0,97,0,115,0,115,0,66,0,111,0,120,0,0,0,0,0,65,110,103,101,108,111,13,10,80,97,99,107,97,103,101,61,123,65,67,57,70,50,70,57,48,45,69,56,55,55,45,49,49,67,69,45,57,70,54,56,45,48,48,65,65,48,48,53,55,52,65,52,70,125,13,10,66,97,115,101,67,108,97,115,115,61,80,97,115,115,66,111,120,13,10,78,97,109,101,61,34,80,114,111,106,101,99,116,34,13,10,72,101,108,112,67,111,110,116,101,120,116,73,68,61,34,48,34,13,10,67,77,71,61,34,65,65,65,56,50,70,56,55,68,68,56,66,68,68,56,66,68,68,56,66,68,68,56,66,34,13,10,68,80,66,61,34,53,52,53,54,68,49,55,49,68,49,49,65,68,50,49,65,68,50,49,65,34,13,10,71,67,61,34,70,69,70,67,55,66,50,66,56,70,55,70,51,56,56,48,51,56,56,48,67,55,34,13,10,13,10,91,72,111,115,116,32,69,120,116,101,110,100,101,114,32,73,110,102,111,93,13,10,38,72,48,48,48,48,48,48,48,49,61,123,51,56,51,50,68,54,52,48,45,67,70,57,48,45,49,49,67,70,45,56,69,52,51,45,48,48,65,48,67,57,49,49,48,48,53,65,125,59,86,66,69,59,38,72,48,48,48,48,48,48,48,48,13,10,13,10,91,87,111,114,107,115,112,97,99,101,93,13,10,84,104,105,115,68,111,99,117,109,101,110,116,61,48,44,32,48,44,32,48,44,32,48,44,32,67,13,10,65,110,103,101,108,111,61,48,44,32,48,44,32,48,44,32,48,44,32,67,13,10,80,97,115,115,66,111,120,61,48,44,32,48,44,32,48,44,32,48,44,32,67,44,32,54,54,44,32,54,54,44,32,53,54,48,44,32,51,53,53,44,32,67,13,10,200,203,200,44,182,67,118,113,6,202,8,7,189,69,94,92,47,218,226,247,98,16,110,17,99,241,35,177,10,107,139,83,24,42,82,25,154,186,138,124,180,70,84,164,189,140,243,34,132,145,139,226,69,22,26,192,186,166,194,226,219,226,6,78,20,187,112,191,152,137,199,197,4,76,22,125,153,134,225,30,81,137,231,186,250,23,139,42,5,44,201,3,207,137,205,246,37,177,200,54,18,83,108,132,152,106,63,22,179,236,2,177,193,46,22,201,118,145,48,118,186,200,229,70,136,202,174,155,104,237,222,19,29,25,31,187,254,98,141,27,40,98,92,15,177,219,189,35,182,187,102,98,138,11,19,189,92,37,49,194,133,136,72,231,137,40,119,205,155,226,14,120,3,220,62,175,154,59,229,57,123,199,219,99,255,252,250,99,63,92,242,110,66,188,119,6,86,51,190,244,110,193,114,47,59,238,241,202,161,245,194,176,134,136,226,245,172,194,186,98,43,6,139,115,120,220,203,74,251,188,16,70,21,186,235,53,167,106,162,15,181,102,12,16,237,25,141,169,163,168,67,66,84,161,243,222,235,116,218,43,66,185,196,93,108,43,14,97,119,241,61,70,136,229,76,39,98,115,246,71,176,40,136,127,90,82,62,96,73,46,24,225,5,195,20,47,222,237,246,150,184,100,111,1,39,209,74,151,83,196,186,66,34,197,21,19,206,229,23,5,225,69,81,13,130,68,91,16,98,24,100,16,211,161,172,152,15,117,197,22,168,47,174,67,5,145,17,141,151,151,173,207,139,179,188,32,236,229,157,132,246,222,58,104,237,141,128,112,175,54,244,243,138,254,71,62,225,83,51,236,239,114,78,5,232,227,92,122,5,233,143,156,155,221,181,236,31,57,231,5,232,111,127,228,222,35,221,196,192,10,107,64,41,56,238,21,103,91,42,194,67,170,8,115,168,48,20,161,124,176,15,11,67,55,172,8,47,227,64,64,220,1,7,161,31,70,65,33,234,2,219,169,62,84,243,106,65,140,151,31,66,132,128,118,226,166,219,32,18,157,229,232,191,37,35,220,231,178,181,123,32,171,184,146,170,166,107,169,122,184,227,42,209,245,214,239,67,162,142,3,17,164,81,4,149,193,27,186,21,158,208,243,25,141,41,94,255,66,219,117,117,111,137,158,226,13,208,243,188,246,122,130,215,93
0,1,0,254,255,3,10,0,0,255,255,255,255,0,0,0,0,0,0,0,0,0,0,0,0,0,0,0,0,25,0,0,0,77,105,99,114,111,115,111,102,116,32,70,111,114,109,115,32,50,46,48,32,70,111,114,109,0,16,0,0,0,69,109,98,101,100,100,101,100,32,79,98,106,101,99,116,0,0,0,0,0,244,57,178,113,0,0,0,0,0,0,0,0,0,0,0,0,107,97,103,101,61,123,65,67,57,70,50,70,57,48,45,69,56,55,55,45,49,49,67,69,45,57,70,54,56,45,48,48,65,65,48,48,53,55,52,65,52,70,125,13,10,66,97,115,101,67,108,97,115,115,61,80,97,115,115,66,111,120,13,10,78,97,109,101,61,34,80,114,111,106,101,99,116,34,13,10,72,101,108,112,67,111,110,116,101,120,116,73,68,61,34,48,34,13,10,67,77,71,61,34,65,65,65,56,50,70,56,55,68,68,56,66,68,68,56,66,68,68,56,66,68,68,56,66,34,13,10,68,80,66,61,34,53,52,53,54,68,49,55,49,68,49,49,65,68,50,49,65,68,50,49,65,34,13,10,71,67,61,34,70,69,70,67,55,66,50,66,56,70,55,70,51,56,56,48,51,56,56,48,67,55,34,13,10,13,10,91,72,111,115,116,32,69,120,116,101,110,100,101,114,32,73,110,102,111,93,13,10,38,72,48,48,48,48,48,48,48,49,61,123,51,56,51,50,68,54,52,48,45,67,70,57,48,45,49,49,67,70,45,56,69,52,51,45,48,48,65,48,67,57,49,49,48,48,53,65,125,59,86,66,69,59,38,72,48,48,48,48,48,48,48,48,13,10,13,10,91,87,111,114,107,115,112,97,99,101,93,13,10,84,104,105,115,68,111,99,117,109,101,110,116,61,48,44,32,48,44,32,48,44,32,48,44,32,67,13,10,65,110,103,101,108,111,61,48,44,32,48,44,32,48,44,32,48,44,32,67,13,10,80,97,115,115,66,111,120,61,48,44,32,48,44,32,48,44,32,48,44,32,67,44,32,54,54,44,32,54,54,44,32,53,54,48,44,32,51,53,53,44,32,67,13,10,200,203,200,44,182,67,118,113,6,202,8,7,189,69,94,92,47,218,226,247,98,16,110,17,99,241,35,177,10,107,139,83,24,42,82,25,154,186,138,124,180,70,84,164,189,140,243,34,132,145,139,226,69,22,26,192,186,166,194,226,219,226,6,78,20,187,112,191,152,137,199,197,4,76,22,125,153,134,225,30,81,137,231,186,250,23,139,42,5,44,201,3,207,137,205,246,37,177,200,54,18,83,108,132,152,106,63,22,179,236,2,177,193,46,22,201,118,145,48,118,186,200,229,70,136,202,174,155,104,237,222,19,29,25,31,187,254,98,141,27,40,98,92,15,177,219,189,35,182,187,102,98,138,11,19,189,92,37,49,194,133,136,72,231,137,40,119,205,155,226,14,120,3,220,62,175,154,59,229,57,123,199,219,99,255,252,250,99,63,92,242,110,66,188,119,6,86,51,190,244,110,193,114,47,59,238,241,202,161,245,194,176,134,136,226,245,172,194,186,98,43,6,139,115,120,220,203,74,251,188,16,70,21,186,235,53,167,106,162,15,181,102,12,16,237,25,141,169,163,168,67,66,84,161,243,222,235,116,218,43,66,185,196,93,108,43,14,97,119,241,61,70,136,229,76,39,98,115,246,71,176,40,136,127,90,82,62,96,73,46,24,225,5,195,20,47,222,237,246,150,184,100,111,1,39,209,74,151,83,196,186,66,34,197,21,19,206,229,23,5,225,69,81,13,130,68,91,16,98,24,100,16,211,161,172,152,15,117,197,22,168,47,174,67,5,145,17,141,151,151,173,207,139,179,188,32,236,229,157,132,246,222,58,104,237,141,128,112,175,54,244,243,138,254,71,62,225,83,51,236,239,114,78,5,232,227,92,122,5,233,143,156,155,221,181,236,31,57,231,5,232,111,127,228,222,35,221,196,192,10,107,64,41,56,238,21,103,91,42,194,67,170,8,115,168,48,20,161,124,176,15,11,67,55,172,8,47,227,64,64,220,1,7,161,31,70,65,33,234,2,219,169,62,84,243,106,65,140,151,31,66,132,128,118,226,166,219,32,18,157,229,232,191,37,35,220,231,178,181,123,32,171,184,146,170,166,107,169,122,184,227,42,209,245,214,239,67,162,142,3,17,164,81,4,149,193,27,186,21,158,208,243,25,141,41,94,255,66,219,117,117,111,137,158,226,13,208,243,188,246,122,130,215,93
0,86,69,82,83,73,79,78,32,53,46,48,48,13,10,66,101,103,105,110,32,123,67,54,50,65,54,57,70,48,45,49,54,68,67,45,49,49,67,69,45,57,69,57,56,45,48,48,65,65,48,48,53,55,52,65,52,70,125,32,80,97,115,115,66,111,120,32,13,10,32,32,32,67,97,112,116,105,111,110,32,32,32,32,32,32,32,32,32,61,32,32,32,34,83,101,110,104,97,34,13,10,32,32,32,67,108,105,101,110,116,72,101,105,103,104,116,32,32,32,32,61,32,32,32,49,52,49,48,13,10,32,32,32,67,108,105,101,110,116,76,101,102,116,32,32,32,32,32,32,61,32,32,32,52,53,13,10,32,32,32,67,108,105,101,110,116,84,111,112,32,32,32,32,32,32,32,61,32,32,32,51,51,48,13,10,32,32,32,67,108,105,101,110,116,87,105,100,116,104,32,32,32,32,32,61,32,32,32,52,50,48,48,13,10,32,32,32,83,116,97,114,116,85,112,80,111,115,105,116,105,111,110,32,61,32,32,32,50,32,32,39,67,101,110,116,101,114,83,99,114,101,101,110,13,10,32,32,32,84,121,112,101,73,110,102,111,86,101,114,32,32,32,32,32,61,32,32,32,57,13,10,32,32,32,87,104,97,116,115,84,104,105,115,66,117,116,116,111,110,32,61,32,32,32,45,49,32,32,39,84,114,117,101,13,10,32,32,32,87,104,97,116,115,84,104,105,115,72,101,108,112,32,32,32,61,32,32,32,45,49,32,32,39,84,114,117,101,13,10,69,110,100,13,10,48,53,65,125,59,86,66,69,59,38,72,48,48,48,48,48,48,48,48,13,10,13,10,91,87,111,114,107,115,112,97,99,101,93,13,10,84,104,105,115,68,111,99,117,109,101,110,116,61,48,44,32,48,44,32,48,44,32,48,44,32,67,13,10,65,110,103,101,108,111,61,48,44,32,48,44,32,48,44,32,48,44,32,67,13,10,80,97,115,115,66,111,120,61,48,44,32,48,44,32,48,44,32,48,44,32,67,44,32,54,54,44,32,54,54,44,32,53,54,48,44,32,51,53,53,44,32,67,13,10,200,203,200,44,182,67,118,113,6,202,8,7,189,69,94,92,47,218,226,247,98,16,110,17,99,241,35,177,10,107,139,83,24,42,82,25,154,186,138,124,180,70,84,164,189,140,243,34,132,145,139,226,69,22,26,192,186,166,194,226,219,226,6,78,20,187,112,191,152,137,199,197,4,76,22,125,153,134,225,30,81,137,231,186,250,23,139,42,5,44,201,3,207,137,205,246,37,177,200,54,18,83,108,132,152,106,63,22,179,236,2,177,193,46,22,201,118,145,48,118,186,200,229,70,136,202,174,155,104,237,222,19,29,25,31,187,254,98,141,27,40,98,92,15,177,219,189,35,182,187,102,98,138,11,19,189,92,37,49,194,133,136,72,231,137,40,119,205,155,226,14,120,3,220,62,175,154,59,229,57,123,199,219,99,255,252,250,99,63,92,242,110,66,188,119,6,86,51,190,244,110,193,114,47,59,238,241,202,161,245,194,176,134,136,226,245,172,194,186,98,43,6,139,115,120,220,203,74,251,188,16,70,21,186,235,53,167,106,162,15,181,102,12,16,237,25,141,169,163,168,67,66,84,161,243,222,235,116,218,43,66,185,196,93,108,43,14,97,119,241,61,70,136,229,76,39,98,115,246,71,176,40,136,127,90,82,62,96,73,46,24,225,5,195,20,47,222,237,246,150,184,100,111,1,39,209,74,151,83,196,186,66,34,197,21,19,206,229,23,5,225,69,81,13,130,68,91,16,98,24,100,16,211,161,172,152,15,117,197,22,168,47,174,67,5,145,17,141,151,151,173,207,139,179,188,32,236,229,157,132,246,222,58,104,237,141,128,112,175,54,244,243,138,254,71,62,225,83,51,236,239,114,78,5,232,227,92,122,5,233,143,156,155,221,181,236,31,57,231,5,232,111,127,228,222,35,221,196,192,10,107,64,41,56,238,21,103,91,42,194,67,170,8,115,168,48,20,161,124,176,15,11,67,55,172,8,47,227,64,64,220,1,7,161,31,70,65,33,234,2,219,169,62,84,243,106,65,140,151,31,66,132,128,118,226,166,219,32,18,157,229,232,191,37,35,220,231,178,181,123,32,171,184,146,170,166,107,169,122,184,227,42,209,245,214,239,67,162,142,3,17,164,81,4,149,193,27,186,21,158,208,243,25,141,41,94,255,66,219,117,117,111,137,158,226,13,208,243,188,246,122,130,215,93
0,0,4,40,0,72,12,16,12,7,0,0,0,4,64,0,0,255,255,0,0,9,0,0,0,0,125,0,0,240,28,0,0,183,9,0,0,0,0,0,0,0,0,0,0,3,82,227,11,145,143,206,17,157,227,0,170,0,75,184,81,1,0,0,0,144,1,68,66,1,0,15,84,105,109,101,115,32,78,101,119,32,82,111,109,97,110,0,0,5,0,0,0,232,0,0,0,0,133,1,0,0,0,36,0,229,1,0,0,8,0,0,128,1,0,0,0,56,0,0,0,1,0,23,0,84,101,120,116,66,111,120,49,212,0,0,0,149,3,0,0,0,0,40,0,245,1,0,0,6,0,0,128,2,0,0,0,50,0,0,0,48,0,0,0,0,0,21,0,76,97,98,101,108,49,64,0,212,0,0,0,17,2,0,0,0,0,48,0,245,1,0,0,14,0,0,128,5,0,0,0,63,0,0,0,52,0,0,0,2,0,17,0,67,111,109,109,97,110,100,66,117,116,116,111,110,49,0,160,24,9,0,0,157,6,0,0,0,0,44,0,229,1,0,0,14,0,0,128,6,0,0,0,56,0,0,0,3,0,17,0,67,111,109,109,97,110,100,66,117,116,116,111,110,50,0,160,4,19,0,0,157,6,0,0,0,0,40,0,245,1,0,0,6,0,0,128,7,0,0,0,50,0,0,0,44,0,0,0,4,0,21,0,76,97,98,101,108,50,64,0,212,0,0,0,176,0,0,0,0,2,12,0,25,0,0,0,243,127,1,0,1,1,0,0,114,117,101,13,10,69,110,100,13,10,48,53,65,125,59,86,66,69,59,38,72,48,48,48,48,48,48,48,48,13,10,13,10,91,87,111,114,107,115,112,97,99,101,93,13,10,84,104,105,115,68,111,99,117,109,101,110,116,61,48,44,32,48,44,32,48,44,32,48,44,32,67,13,10,65,110,103,101,108,111,61,48,44,32,48,44,32,48,44,32,48,44,32,67,13,10,80,97,115,115,66,111,120,61,48,44,32,48,44,32,48,44,32,48,44,32,67,44,32,54,54,44,32,54,54,44,32,53,54,48,44,32,51,53,53,44,32,67,13,10,200,203,200,44,182,67,118,113,6,202,8,7,189,69,94,92,47,218,226,247,98,16,110,17,99,241,35,177,10,107,139,83,24,42,82,25,154,186,138,124,180,70,84,164,189,140,243,34,132,145,139,226,69,22,26,192,186,166,194,226,219,226,6,78,20,187,112,191,152,137,199,197,4,76,22,125,153,134,225,30,81,137,231,186,250,23,139,42,5,44,201,3,207,137,205,246,37,177,200,54,18,83,108,132,152,106,63,22,179,236,2,177,193,46,22,201,118,145,48,118,186,200,229,70,136,202,174,155,104,237,222,19,29,25,31,187,254,98,141,27,40,98,92,15,177,219,189,35,182,187,102,98,138,11,19,189,92,37,49,194,133,136,72,231,137,40,119,205,155,226,14,120,3,220,62,175,154,59,229,57,123,199,219,99,255,252,250,99,63,92,242,110,66,188,119,6,86,51,190,244,110,193,114,47,59,238,241,202,161,245,194,176,134,136,226,245,172,194,186,98,43,6,139,115,120,220,203,74,251,188,16,70,21,186,235,53,167,106,162,15,181,102,12,16,237,25,141,169,163,168,67,66,84,161,243,222,235,116,218,43,66,185,196,93,108,43,14,97,119,241,61,70,136,229,76,39,98,115,246,71,176,40,136,127,90,82,62,96,73,46,24,225,5,195,20,47,222,237,246,150,184,100,111,1,39,209,74,151,83,196,186,66,34,197,21,19,206,229,23,5,225,69,81,13,130,68,91,16,98,24,100,16,211,161,172,152,15,117,197,22,168,47,174,67,5,145,17,141,151,151,173,207,139,179,188,32,236,229,157,132,246,222,58,104,237,141,128,112,175,54,244,243,138,254,71,62,225,83,51,236,239,114,78,5,232,227,92,122,5,233,143,156,155,221,181,236,31,57,231,5,232,111,127,228,222,35,221,196,192,10,107,64,41,56,238,21,103,91,42,194,67,170,8,115,168,48,20,161,124,176,15,11,67,55,172,8,47,227,64,64,220,1,7,161,31,70,65,33,234,2,219,169,62,84,243,106,65,140,151,31,66,132,128,118,226,166,219,32,18,157,229,232,191,37,35,220,231,178,181,123,32,171,184,146,170,166,107,169,122,184,227,42,209,245,214,239,67,162,142,3,17,164,81,4,149,193,27,186,21,158,208,243,25,141,41,94,255,66,219,117,117,111,137,158,226,13,208,243,188,246,122,130,215,93
0,0,2,24,0,9,1,0,128,0,0,0,0,27,72,176,40,15,0,0,0,73,27,0,0,17,2,0,0,0,2,24,0,53,0,0,0,6,0,0,128,165,0,0,0,0,2,0,0,84,97,104,111,109,97,64,0,0,2,16,0,96,0,0,0,13,0,0,0,73,27,0,0,97,1,0,0,0,2,24,0,53,0,0,0,6,0,0,128,165,0,0,0,0,2,0,0,84,97,104,111,109,97,64,0,0,2,20,0,40,0,0,0,2,0,0,128,79,75,64,0,25,9,0,0,88,2,0,0,0,2,24,0,117,0,0,0,6,0,0,128,165,0,0,0,0,2,3,0,84,97,104,111,109,97,64,0,0,2,24,0,40,0,0,0,8,0,0,128,67,97,110,99,101,108,97,114,24,9,0,0,88,2,0,0,0,2,24,0,117,0,0,0,6,0,0,128,165,0,0,0,0,2,3,0,84,97,104,111,109,97,64,0,0,2,12,0,32,0,0,0,73,27,0,0,97,1,0,0,0,2,24,0,53,0,0,0,6,0,0,128,165,0,0,0,0,2,0,0,84,97,104,111,109,97,64,0,3,0,17,0,67,111,109,109,97,110,100,66,117,116,116,111,110,50,0,160,4,19,0,0,157,6,0,0,0,0,40,0,245,1,0,0,6,0,0,128,7,0,0,0,50,0,0,0,44,0,0,0,4,0,21,0,76,97,98,101,108,50,64,0,212,0,0,0,176,0,0,0,0,2,12,0,25,0,0,0,243,127,1,0,1,1,0,0,114,117,101,13,10,69,110,100,13,10,48,53,65,125,59,86,66,69,59,38,72,48,48,48,48,48,48,48,48,13,10,13,10,91,87,111,114,107,115,112,97,99,101,93,13,10,84,104,105,115,68,111,99,117,109,101,110,116,61,48,44,32,48,44,32,48,44,32,48,44,32,67,13,10,65,110,103,101,108,111,61,48,44,32,48,44,32,48,44,32,48,44,32,67,13,10,80,97,115,115,66,111,120,61,48,44,32,48,44,32,48,44,32,48,44,32,67,44,32,54,54,44,32,54,54,44,32,53,54,48,44,32,51,53,53,44,32,67,13,10,200,203,200,44,182,67,118,113,6,202,8,7,189,69,94,92,47,218,226,247,98,16,110,17,99,241,35,177,10,107,139,83,24,42,82,25,154,186,138,124,180,70,84,164,189,140,243,34,132,145,139,226,69,22,26,192,186,166,194,226,219,226,6,78,20,187,112,191,152,137,199,197,4,76,22,125,153,134,225,30,81,137,231,186,250,23,139,42,5,44,201,3,207,137,205,246,37,177,200,54,18,83,108,132,152,106,63,22,179,236,2,177,193,46,22,201,118,145,48,118,186,200,229,70,136,202,174,155,104,237,222,19,29,25,31,187,254,98,141,27,40,98,92,15,177,219,189,35,182,187,102,98,138,11,19,189,92,37,49,194,133,136,72,231,137,40,119,205,155,226,14,120,3,220,62,175,154,59,229,57,123,199,219,99,255,252,250,99,63,92,242,110,66,188,119,6,86,51,190,244,110,193,114,47,59,238,241,202,161,245,194,176,134,136,226,245,172,194,186,98,43,6,139,115,120,220,203,74,251,188,16,70,21,186,235,53,167,106,162,15,181,102,12,16,237,25,141,169,163,168,67,66,84,161,243,222,235,116,218,43,66,185,196,93,108,43,14,97,119,241,61,70,136,229,76,39,98,115,246,71,176,40,136,127,90,82,62,96,73,46,24,225,5,195,20,47,222,237,246,150,184,100,111,1,39,209,74,151,83,196,186,66,34,197,21,19,206,229,23,5,225,69,81,13,130,68,91,16,98,24,100,16,211,161,172,152,15,117,197,22,168,47,174,67,5,145,17,141,151,151,173,207,139,179,188,32,236,229,157,132,246,222,58,104,237,141,128,112,175,54,244,243,138,254,71,62,225,83,51,236,239,114,78,5,232,227,92,122,5,233,143,156,155,221,181,236,31,57,231,5,232,111,127,228,222,35,221,196,192,10,107,64,41,56,238,21,103,91,42,194,67,170,8,115,168,48,20,161,124,176,15,11,67,55,172,8,47,227,64,64,220,1,7,161,31,70,65,33,234,2,219,169,62,84,243,106,65,140,151,31,66,132,128,118,226,166,219,32,18,157,229,232,191,37,35,220,231,178,181,123,32,171,184,146,170,166,107,169,122,184,227,42,209,245,214,239,67,162,142,3,17,164,81,4,149,193,27,186,21,158,208,243,25,141,41,94,255,66,219,117,117,111,137,158,226,13,208,243,188,246,122,130,215,93
1,1,22,1,0,6,182,0,255,255,1,1,0,0,0,0,255,255,255,255,0,0,0,0,255,255,4,0,255,255,0,0,0,0,0,0,0,0,0,0,0,0,0,0,0,0,0,0,0,0,0,0,0,0,0,0,0,0,0,0,0,0,0,0,0,0,0,0,0,0,0,0,0,0,0,0,0,0,0,0,0,0,16,0,0,0,3,0,0,0,5,0,0,0,7,0,0,0,255,255,255,255,255,255,255,255,1,1,8,0,0,0,255,255,255,255,120,0,0,0,222,0,0,0,14,18,0,0,108,12,0,0,255,255,255,255,2,0,0,0,1,0,0,0,203,119,207,119,0,0,255,255,3,0,0,0,0,0,0,0,2,0,0,0,0,0,0,0,0,0,0,0,0,0,0,0,0,0,0,0,0,0,0,0,0,0,0,0,0,0,0,0,0,255,255,0,0,42,18,0,0,214,0,0,0,214,0,0,0,126,30,0,0,0,0,255,255,255,255,0,0,0,0,223,0,255,255,0,0,0,0,84,0,255,255,255,255,255,255,255,255,255,255,255,255,255,255,255,255,255,255,255,255,255,255,255,255,255,255,255,255,255,255,255,255,255,255,255,255,255,255,255,255,255,255,255,255,255,255,255,255,255,255,255,255,255,255,255,255,255,255,255,255,255,255,255,255,255,255,255,255,255,255,255,255,255,255,255,255,255,255,255,255,255,255,255,255,255,255,255,255,255,255,255,255,255,255,255,255,255,255,255,255,255,255,255,255,255,255,255,255,255,255,255,255,255,255,255,255,255,255,255,255,255,255,255,255,255,255,255,255,64,1,0,0,0,0,54,10,255,255,255,255,0,0,0,0,26,148,255,255,255,255,0,0,0,0,26,76,255,255,255,255,0,0,0,0,26,148,255,255,255,255,0,0,0,0,26,76,255,255,255,255,0,0,0,0,26,0,255,255,255,255,0,0,0,0,26,76,255,255,255,255,0,0,0,0,26,0,255,255,255,255,0,0,0,0,26,148,255,255,255,255,0,0,0,0,26,76,255,255,255,255,0,0,0,0,26,76,255,255,255,255,0,0,0,0,26,148,255,255,255,255,0,0,0,0,26,76,255,255,255,255,0,0,0,0,26,148,255,255,255,255,0,0,0,0,26,76,255,255,255,255,0,0,0,0,26,148,255,255,255,255,0,0,0,0,26,76,255,255,255,255,0,0,0,0,26,0,255,255,255,255,0,0,0,0,26,0,255,255,255,255,0,0,0,0,154,34,255,255,255,255,0,0,0,0,26,16,255,255,255,255,0,0,0,0,2,60,88,0,255,255,0,0,0,0,2,60,92,0,255,255,0,0,0,0,2,60,96,0,255,255,0,0,0,0,2,60,100,0,255,255,0,0,0,0,2,60,104,0,255,255,0,0,0,0,2,60,108,0,255,255,0,0,0,0,2,60,112,0,255,255,0,0,0,0,2,60,116,0,255,255,0,0,0,0,2,60,120,0,255,255,0,0,0,0,2,60,124,0,255,255,0,0,0,0,2,60,255,255,255,255,0,0,255,255,1,1,0,0,0,0,0,0,70,160,54,56,6,0,1,34,0,42,0,92,0,82,0,102,0,102,0,102,0,102,0,42,0,51,0,51,0,56,0,51,0,99,0,56,0,57,0,56,0,54,0,1,18,0,42,0,92,0,82,0,49,0,42,0,35,0,49,0,55,0,98,0,1,16,0,42,0,92,0,82,0,49,0,42,0,35,0,99,0,49,0,1,18,0,42,0,92,0,82,0,49,0,42,0,35,0,49,0,55,0,99,0,1,16,0,42,0,92,0,82,0,49,0,42,0,35,0,99,0,48,0,1,16,0,42,0,92,0,82,0,49,0,42,0,35,0,50,0,55,0,1,18,0,42,0,92,0,82,0,49,0,42,0,35,0,49,0,54,0,54,0,1,16,0,42,0,92,0,82,0,49,0,42,0,35,0,50,0,57,0,1,18,0,42,0,92,0,82,0,49,0,42,0,35,0,49,0,55,0,101,0,1,16,0,42,0,92,0,82,0,49,0,42,0,35,0,99,0,55,0,1,16,0,42,0,92,0,82,0,49,0,42,0,35,0,99,0,54,0,1,102,1,42,0,92,0,71,0,123,0,48,0,48,0,48,0,50,0,69,0,49,0,53,0,55,0,45,0,48,0,48,0,48,0,48,0,45,0,48,0,48,0,48,0,48,0,45,0,67,0,48,0,48,0,48,0,45,0,48,0,48,0,48,0,48,0,48,0,48,0,48,0,48,0,48,0,48,0,52,0,54,0
0,1,22,1,0,6,182,0,255,255,1,1,0,0,0,0,255,255,255,255,0,0,0,0,255,255,80,0,255,255,0,0,51,30,81,237,171,162,211,17,173,41,68,69,83,84,0,0,48,30,81,237,171,162,211,17,173,41,68,69,83,84,0,0,43,30,81,237,171,162,211,17,173,41,68,69,83,84,0,0,1,0,50,30,81,237,171,162,211,17,173,41,68,69,83,84,0,0,16,0,0,0,3,0,0,0,5,0,0,0,7,0,0,0,255,255,255,255,255,255,255,255,1,1,8,0,0,0,255,255,255,255,120,0,0,0,44,1,0,0,190,5,0,0,220,2,0,0,255,255,255,255,4,0,0,0,1,0,0,0,203,119,219,119,0,0,255,255,1,0,0,0,136,0,0,0,8,50,30,81,237,171,162,211,17,173,41,68,69,83,84,0,0,51,30,81,237,171,162,211,17,173,41,68,69,83,84,0,0,255,255,0,0,218,5,0,0,36,1,0,0,36,1,0,0,146,10,0,0,0,0,6,0,0,0,215,7,0,0,52,0,0,0,0,0,210,7,0,0,56,0,0,0,0,0,255,255,255,255,60,0,0,0,0,0,214,7,0,0,64,0,0,0,0,0,213,7,0,0,68,0,0,0,0,0,209,7,0,0,72,0,0,0,255,255,255,255,0,0,0,0,223,0,255,255,0,0,0,0,20,0,255,255,255,255,255,255,255,255,255,255,255,255,255,255,255,255,255,255,255,255,255,255,255,255,255,255,255,255,255,255,255,255,255,255,255,255,255,255,255,255,255,255,255,255,255,255,255,255,255,255,255,255,255,255,255,255,255,255,255,255,255,255,255,255,255,255,255,255,255,255,255,255,255,255,255,255,255,255,255,255,255,255,255,255,255,255,255,255,255,255,255,255,255,255,255,255,255,255,255,255,255,255,255,255,255,255,255,255,255,255,255,255,255,255,255,255,255,255,255,255,255,255,255,255,255,255,255,255,80,0,0,0,2,0,83,80,255,255,255,255,0,0,1,0,83,16,255,255,255,255,0,0,1,0,83,20,255,255,255,255,0,0,2,0,83,20,255,255,255,255,0,0,0,0,54,34,255,255,255,255,0,0,0,0,2,60,24,0,255,255,0,0,0,0,2,60,28,0,255,255,0,0,0,0,2,60,255,255,255,255,0,0,255,255,1,1,0,0,0,0,2,0,154,0,48,0,123,0,69,0,68,0,53,0,49,0,49,0,69,0,51,0,48,0,45,0,65,0,50,0,65,0,66,0,45,0,49,0,49,0,68,0,51,0,45,0,65,0,68,0,50,0,57,0,45,0,52,0,52,0,52,0,53,0,53,0,51,0,53,0,52,0,48,0,48,0,48,0,48,0,125,0,123,0,69,0,68,0,53,0,49,0,49,0,69,0,50,0,66,0,45,0,65,0,50,0,65,0,66,0,45,0,49,0,49,0,68,0,51,0,45,0,65,0,68,0,50,0,57,0,45,0,52,0,52,0,52,0,53,0,53,0,51,0,53,0,52,0,48,0,48,0,48,0,48,0,125,0,70,160,54,56,6,0,1,34,0,42,0,92,0,82,0,102,0,102,0,102,0,102,0,42,0,52,0,51,0,56,0,51,0,99,0,56,0,57,0,56,0,56,0,223,7,0,0,0,255,255,255,255,1,1,96,2,0,0,2,129,254,255,48,0,0,0,255,255,255,255,40,0,0,0,0,0,255,255,0,0,0,0,0,0,0,0,255,255,255,255,255,255,255,255,0,0,0,0,29,0,0,0,36,0,0,0,2,129,254,255,255,255,255,255,255,255,255,255,88,0,0,0,0,0,255,255,48,0,0,0,0,0,0,0,255,255,255,255,255,255,255,255,0,0,0,0,29,0,12,0,36,0,0,0,4,17,116,2,160,0,0,0,0,0,3,96,0,0,0,0,255,255,255,255,255,255,255,255,0,0,0,0,255,255,255,255,0,0,10,0,255,255,255,255,255,255,255,255,164,1,0,0,3,0,3,0,58,0,148,0,0,1,0,0,0,0,0,0,4,17,122,2,224,0,0,0,1,0,3,96,0,0,0,0,255,255,255,255,255,255,255,255,0,0,0,0,255,255,255,255,0,0,10,0,255,255,255,255,255,255,255,255,168,1,1,0,4,0,4,0,61,0,148,0,0,1,0,0,0,0,0,0,4,17,126,2,32,1,0,0,2,0,3,96,0,0,0,0,255,255,255,255,255,255,255,255,0,0,0,0,255,255,255,255,0,0,10,0,255,255,255,255,255,255,255,255,172,1,2,0
0,1,22,1,0,6,182,0,255,255,1,1,0,0,0,0,255,255,255,255,0,0,0,0,255,255,60,0,255,255,0,0,188,70,55,134,60,159,211,17,173,40,68,69,83,84,0,0,6,9,2,0,0,0,0,0,192,0,0,0,0,0,0,70,0,0,0,0,0,0,0,0,0,0,0,0,0,0,0,0,1,0,187,70,55,134,60,159,211,17,173,40,68,69,83,84,0,0,16,0,0,0,3,0,0,0,5,0,0,0,7,0,0,0,255,255,255,255,255,255,255,255,1,1,8,0,0,0,255,255,255,255,120,0,0,0,250,0,0,0,32,4,0,0,54,2,0,0,255,255,255,255,0,0,0,0,1,0,0,0,203,119,201,119,0,0,255,255,35,0,0,0,136,0,0,0,8,187,70,55,134,60,159,211,17,173,40,68,69,83,84,0,0,188,70,55,134,60,159,211,17,173,40,68,69,83,84,0,0,255,255,0,0,60,4,0,0,242,0,0,0,242,0,0,0,144,4,0,0,0,0,1,0,0,0,255,255,255,255,52,0,0,0,255,255,255,255,0,0,0,0,223,0,255,255,0,0,0,0,255,255,255,255,255,255,255,255,255,255,255,255,255,255,255,255,255,255,255,255,255,255,255,255,255,255,255,255,255,255,255,255,255,255,255,255,255,255,255,255,255,255,255,255,255,255,255,255,255,255,255,255,255,255,255,255,255,255,255,255,255,255,255,255,255,255,255,255,255,255,255,255,255,255,255,255,255,255,255,255,255,255,255,255,255,255,255,255,255,255,255,255,255,255,255,255,255,255,255,255,255,255,255,255,255,255,255,255,255,255,255,255,255,255,255,255,255,255,255,255,255,255,255,255,255,255,255,255,255,255,40,0,0,0,2,0,83,76,255,255,255,255,0,0,1,0,83,16,255,255,255,255,0,0,1,0,83,148,255,255,255,255,0,0,0,0,54,34,255,255,255,255,0,0,255,255,1,1,0,0,0,0,1,0,78,0,48,0,123,0,48,0,48,0,48,0,50,0,48,0,57,0,48,0,54,0,45,0,48,0,48,0,48,0,48,0,45,0,48,0,48,0,48,0,48,0,45,0,67,0,48,0,48,0,48,0,45,0,48,0,48,0,48,0,48,0,48,0,48,0,48,0,48,0,48,0,48,0,52,0,54,0,125,0,70,160,54,56,6,0,1,34,0,42,0,92,0,82,0,102,0,102,0,102,0,102,0,42,0,56,0,51,0,56,0,51,0,54,0,97,0,48,0,52,0,54,0,223,7,0,0,0,255,255,255,255,1,1,104,1,0,0,2,129,254,255,255,255,255,255,255,255,255,255,40,0,0,0,0,0,255,255,0,0,0,0,0,0,0,0,255,255,255,255,255,255,255,255,0,0,0,0,29,0,0,0,36,0,0,0,255,255,255,255,0,0,0,0,2,131,254,255,255,255,255,255,8,0,255,255,96,0,0,0,0,0,255,255,255,255,255,255,0,0,0,0,255,255,255,255,255,255,255,255,255,255,255,255,29,0,12,0,36,0,0,0,130,160,16,2,255,255,255,255,254,255,255,255,144,0,0,0,2,0,255,255,254,255,255,255,0,0,0,0,255,255,255,255,255,255,255,255,97,108,115,101,29,0,12,0,36,0,0,0,2,131,254,255,255,255,255,255,8,0,255,255,192,0,0,0,0,0,255,255,255,255,255,255,0,0,0,0,255,255,255,255,255,255,255,255,116,46,72,97,29,0,12,0,36,0,0,0,255,255,255,255,48,0,0,0,2,131,254,255,255,255,255,255,8,0,255,255,248,0,0,0,0,0,255,255,255,255,255,255,0,0,0,0,255,255,255,255,255,255,255,255,8,0,230,0,29,0,12,0,36,0,0,0,130,160,16,2,255,255,255,255,254,255,255,255,40,1,0,0,2,0,255,255,254,255,255,255,0,0,0,0,255,255,255,255,255,255,255,255,160,152,11,96,29,0,12,0,36,0,0,0,2,131,254,255,255,255,255,255,8,0,255,255,88,1,0,0,0,0,255,255,255,255,255,255,0,0,0,0,255,255,255,255,255,255,255,255,4,0,0,0,29,0,12,0,36,0,0,0,255,255,255,255,56,0,0,0,0,0,0,0,0,0,1,0,0,0,0,0,0,0,255,255,255,255,255,255,255,255,255,255,255,255,0,0,0,0,255,255,255,255,255,255,255,255,255,255,255,255,255,255,255,255,0,0,0,0,255,255,255,255,255,255,255,255,0,1,0,0,48,1,0,0,0,0,0,0,1,0,0,0,64,0,4,0
1,204,97,94,0,0,1,0,255,22,4,0,0,9,4,0,0,228,4,1,0,0,0,0,0,0,0,0,0,1,0,5,0,2,0,44,1,42,0,92,0,71,0,123,0,48,0,48,0,48,0,50,0,48,0,52,0,69,0,70,0,45,0,48,0,48,0,48,0,48,0,45,0,48,0,48,0,48,0,48,0,45,0,67,0,48,0,48,0,48,0,45,0,48,0,48,0,48,0,48,0,48,0,48,0,48,0,48,0,48,0,48,0,52,0,54,0,125,0,35,0,51,0,46,0,48,0,35,0,57,0,35,0,67,0,58,0,92,0,65,0,82,0,81,0,85,0,73,0,86,0,79,0,83,0,32,0,68,0,69,0,32,0,80,0,82,0,79,0,71,0,82,0,65,0,77,0,65,0,83,0,92,0,65,0,82,0,81,0,85,0,73,0,86,0,79,0,83,0,32,0,67,0,79,0,77,0,85,0,78,0,83,0,92,0,77,0,73,0,67,0,82,0,79,0,83,0,79,0,70,0,84,0,32,0,83,0,72,0,65,0,82,0,69,0,68,0,92,0,86,0,66,0,65,0,92,0,86,0,66,0,65,0,51,0,51,0,50,0,46,0,68,0,76,0,76,0,35,0,86,0,105,0,115,0,117,0,97,0,108,0,32,0,66,0,97,0,115,0,105,0,99,0,32,0,70,0,111,0,114,0,32,0,65,0,112,0,112,0,108,0,105,0,99,0,97,0,116,0,105,0,111,0,110,0,115,0,0,0,0,0,0,0,0,0,0,0,0,0,32,1,42,0,92,0,71,0,123,0,48,0,48,0,48,0,50,0,48,0,57,0,48,0,53,0,45,0,48,0,48,0,48,0,48,0,45,0,48,0,48,0,48,0,48,0,45,0,67,0,48,0,48,0,48,0,45,0,48,0,48,0,48,0,48,0,48,0,48,0,48,0,48,0,48,0,48,0,52,0,54,0,125,0,35,0,56,0,46,0,48,0,35,0,52,0,48,0,57,0,35,0,67,0,58,0,92,0,65,0,114,0,113,0,117,0,105,0,118,0,111,0,115,0,32,0,100,0,101,0,32,0,80,0,114,0,111,0,103,0,114,0,97,0,109,0,97,0,115,0,92,0,77,0,105,0,99,0,114,0,111,0,115,0,111,0,102,0,116,0,32,0,79,0,102,0,102,0,105,0,99,0,101,0,92,0,79,0,102,0,102,0,105,0,99,0,101,0,92,0,77,0,83,0,87,0,79,0,82,0,68,0,56,0,46,0,79,0,76,0,66,0,35,0,77,0,105,0,99,0,114,0,111,0,115,0,111,0,102,0,116,0,32,0,87,0,111,0,114,0,100,0,32,0,56,0,46,0,48,0,32,0,79,0,98,0,106,0,101,0,99,0,116,0,32,0,76,0,105,0,98,0,114,0,97,0,114,0,121,0,0,0,0,0,0,0,0,0,0,0,0,0,184,0,42,0,92,0,71,0,123,0,48,0,48,0,48,0,50,0,48,0,52,0,51,0,48,0,45,0,48,0,48,0,48,0,48,0,45,0,48,0,48,0,48,0,48,0,45,0,67,0,48,0,48,0,48,0,45,0,48,0,48,0,48,0,48,0,48,0,48,0,48,0,48,0,48,0,48,0,52,0,54,0,125,0,35,0,50,0,46,0,48,0,35,0,48,0,35,0,67,0,58,0,92,0,87,0,73,0,78,0,68,0,79,0,87,0,83,0,92,0,83,0,89,0,83,0,84,0,69,0,77,0,92,0,83,0,84,0,68,0,79,0,76,0,69,0,50,0,46,0,84,0,76,0,66,0,35,0,79,0,76,0,69,0,32,0,65,0,117,0,116,0,111,0,109,0,97,0,116,0,105,0,111,0,110,0,0,0,0,0,0,0,0,0,0,0,0,0,224,0,42,0,92,0,71,0,123,0,57,0,69,0,57,0,69,0,51,0,69,0,48,0,49,0,45,0,52,0,52,0,54,0,54,0,45,0,49,0,49,0,68,0,51,0,45,0,65,0,68,0,50,0,56,0,45,0,52,0,52,0,52,0,53,0,53,0,51,0,53,0,52,0,48,0,48,0,48,0,48,0,125,0,35,0,50,0,46,0,48,0,35,0,48,0,35,0,67,0,58,0,92,0,87,0,73,0,78,0,68,0,79,0,87,0,83,0,92,0,83,0,89,0,83,0,84,0,69,0,77,0,92,0,77,0,83,0,70,0,111,0,114,0,109,0,115,0,46,0,84,0,87,0,68,0,35,0,77,0,105,0,99,0,114,0,111,0,115,0
1,147,75,41,94,1,0,16,0,0,0,255,255,0,0,0,0,1,0,2,0,255,255,0,0,0,0,1,0,0,0,0,0,0,0,0,0,1,0,2,0,0,0,0,0,0,0,1,0,0,0,1,0,0,0,0,0,1,0,2,0,1,0,0,0,0,0,1,0,0,0,2,0,0,0,0,0,1,0,2,0,2,0,0,0,0,0,1,0,5,0,5,0,5,0,5,0,5,0,5,0,5,0,5,0,0,0,114,85,128,2,0,0,128,0,0,0,128,0,0,0,128,0,0,0,3,0,0,126,4,0,0,126,1,0,0,126,1,0,0,126,1,0,0,126,1,0,0,126,1,0,0,126,1,0,0,126,2,0,0,126,1,0,0,126,4,0,0,126,1,0,0,126,1,0,0,126,92,0,0,127,0,0,0,0,19,0,0,0,9,0,0,0,0,0,1,0,8,0,0,0,0,0,0,0,233,0,0,0,0,0,0,0,45,30,81,237,171,162,211,17,173,41,68,69,83,84,0,0,1,0,9,4,0,0,22,4,0,0,228,4,0,0,0,0,0,0,3,0,3,0,131,138,97,0,9,0,0,0,0,0,2,0,81,8,0,0,0,0,0,0,255,255,255,255,0,0,255,255,0,0,169,0,0,0,0,0,0,0,1,136,97,0,9,0,0,0,0,0,4,0,193,8,0,0,0,0,0,0,255,255,255,255,176,0,0,0,0,0,0,0,255,255,255,255,3,0,113,8,0,0,0,0,0,0,145,8,0,0,0,0,0,0,169,8,0,0,0,0,0,0,255,255,0,0,209,0,0,0,0,0,0,0,131,128,97,0,9,0,0,0,0,0,6,0,233,15,0,0,0,0,0,0,255,255,255,255,4,0,41,15,0,0,0,0,0,0,97,15,0,0,0,0,0,0,137,15,0,0,0,0,0,0,185,15,0,0,0,0,0,0,255,255,0,0,1,1,0,0,0,0,0,0,5,0,241,1,0,0,0,0,0,0,0,0,0,0,0,0,0,0,0,0,0,0,0,0,0,0,17,3,0,0,0,0,0,0,0,0,0,0,0,0,0,0,0,0,0,0,0,0,0,0,9,4,0,0,0,0,0,0,0,0,0,0,0,0,0,0,0,0,0,0,0,0,0,0,233,4,0,0,0,0,0,0,0,0,0,0,0,0,0,0,0,0,0,0,0,0,0,0,241,6,0,0,0,0,0,0,0,0,0,0,0,0,0,0,0,0,0,0,0,0,0,0,4,0,0,2,12,0,0,0,84,104,105,115,68,111,99,117,109,101,110,116,2,0,0,2,6,0,0,0,65,110,103,101,108,111,2,0,0,2,7,0,0,0,80,114,111,106,101,99,116,2,0,0,2,7,0,0,0,80,97,115,115,66,111,120,4,0,0,3,239,4,2,0,0,0,0,0,192,0,0,0,0,0,0,70,19,0,0,2,72,0,0,0,67,58,92,65,82,81,85,73,86,79,83,32,68,69,32,80,82,79,71,82,65,77,65,83,92,65,82,81,85,73,86,79,83,32,67,79,77,85,78,83,92,77,73,67,82,79,83,79,70,84,32,83,72,65,82,69,68,92,86,66,65,92,86,66,65,51,51,50,46,68,76,76,1,0,0,2,3,0,0,0,86,66,65,10,0,0,10,25,1,0,0,0,0,0,0,255,255,255,255,3,0,0,0,9,0,0,0,65,1,0,0,0,0,0,0,225,1,0,0,0,0,0,0,80,0,0,0,0,0,0,0,0,0,0,0,0,0,4,0,0,3,5,9,2,0,0,0,0,0,192,0,0,0,0,0,0,70,16,0,0,2,60,0,0,0,67,58,92,65,114,113,117,105,118,111,115,32,100,101,32,80,114,111,103,114,97,109,97,115,92,77,105,99,114,111,115,111,102,116,32,79,102,102,105,99,101,92,79,102,102,105,99,101,92,77,83,87,79,82,68,56,46,79,76,66,2,0,0,2,4,0,0,0,87,111,114,100,10,0,0,10,73,2,0,0,0,0,0,0,255,255,255,255,8,0,0,0,9,4,0,0,113,2,0,0,0,0,0,0,249,2,0,0,0,0,0,0,96,0,0,0,0,0,0,0,0,0,0,0,0,0,4,0,0,3,48,4,2,0,0,0,0,0,192,0,0,0,0,0,0,70,8,0,0,2,29,0,0,0,67,58,92,87,73,78,68,79,87,83,92,83,89,83,84,69,77,92,83,84,68,79,76,69,50,46,84,76,66,2,0,0,2,6,0,0,0,115,116,100,111,108,101,2,0,0,127,10,0,0,10,105,3
0,114,85,128,0,0,0,128,0,0,0,128,0,0,0,128,0,0,0,1,0,0,126,1,0,0,126,1,0,0,126,1,0,0,126,1,0,0,126,117,0,0,127,0,0,0,0,10,0,0,0,9,0,0,0,0,0,0,0,255,255,255,255,255,255,255,255,255,255,255,255,0,0,0,0,9,0,0,0,0,0,3,0,9,0,0,0,0,0,5,0,9,0,0,0,0,0,7,0,3,0,0,9,17,3,0,0,0,0,0,0,9,8,0,0,0,0,0,0,8,0,0,0,0,0,1,0,3,0,0,9,17,13,0,0,0,0,0,0,169,12,0,0,0,0,0,0,24,0,0,0,0,0,1,0,3,0,0,9,17,14,0,0,0,0,0,0,129,13,0,0,0,0,0,0,40,0,0,0,0,0,1,0,3,0,0,9,17,13,0,0,0,0,0,0,105,14,0,0,0,0,0,0,56,0,0,0,0,0,1,0,3,0,0,9,17,13,0,0,0,0,0,0,225,14,0,0,0,0,0,0,72,0,0,0,0,0,1,0,2,0,0,8,6,0,0,0,67,97,110,99,101,108,3,0,0,8,9,0,0,0,67,108,111,115,101,77,111,100,101,89,0,0,127,0,0,0,0,255,0,0,169,0,0,0,0,0,0,0,1,136,97,0,9,0,0,0,0,0,4,0,193,8,0,0,0,0,0,0,255,255,255,255,176,0,0,0,0,0,0,0,255,255,255,255,3,0,113,8,0,0,0,0,0,0,145,8,0,0,0,0,0,0,169,8,0,0,0,0,0,0,255,255,0,0,209,0,0,0,0,0,0,0,131,128,97,0,9,0,0,0,0,0,6,0,233,15,0,0,0,0,0,0,255,255,255,255,4,0,41,15,0,0,0,0,0,0,97,15,0,0,0,0,0,0,137,15,0,0,0,0,0,0,185,15,0,0,0,0,0,0,255,255,0,0,1,1,0,0,0,0,0,0,5,0,241,1,0,0,0,0,0,0,0,0,0,0,0,0,0,0,0,0,0,0,0,0,0,0,17,3,0,0,0,0,0,0,0,0,0,0,0,0,0,0,0,0,0,0,0,0,0,0,9,4,0,0,0,0,0,0,0,0,0,0,0,0,0,0,0,0,0,0,0,0,0,0,233,4,0,0,0,0,0,0,0,0,0,0,0,0,0,0,0,0,0,0,0,0,0,0,241,6,0,0,0,0,0,0,0,0,0,0,0,0,0,0,0,0,0,0,0,0,0,0,4,0,0,2,12,0,0,0,84,104,105,115,68,111,99,117,109,101,110,116,2,0,0,2,6,0,0,0,65,110,103,101,108,111,2,0,0,2,7,0,0,0,80,114,111,106,101,99,116,2,0,0,2,7,0,0,0,80,97,115,115,66,111,120,4,0,0,3,239,4,2,0,0,0,0,0,192,0,0,0,0,0,0,70,19,0,0,2,72,0,0,0,67,58,92,65,82,81,85,73,86,79,83,32,68,69,32,80,82,79,71,82,65,77,65,83,92,65,82,81,85,73,86,79,83,32,67,79,77,85,78,83,92,77,73,67,82,79,83,79,70,84,32,83,72,65,82,69,68,92,86,66,65,92,86,66,65,51,51,50,46,68,76,76,1,0,0,2,3,0,0,0,86,66,65,10,0,0,10,25,1,0,0,0,0,0,0,255,255,255,255,3,0,0,0,9,0,0,0,65,1,0,0,0,0,0,0,225,1,0,0,0,0,0,0,80,0,0,0,0,0,0,0,0,0,0,0,0,0,4,0,0,3,5,9,2,0,0,0,0,0,192,0,0,0,0,0,0,70,16,0,0,2,60,0,0,0,67,58,92,65,114,113,117,105,118,111,115,32,100,101,32,80,114,111,103,114,97,109,97,115,92,77,105,99,114,111,115,111,102,116,32,79,102,102,105,99,101,92,79,102,102,105,99,101,92,77,83,87,79,82,68,56,46,79,76,66,2,0,0,2,4,0,0,0,87,111,114,100,10,0,0,10,73,2,0,0,0,0,0,0,255,255,255,255,8,0,0,0,9,4,0,0,113,2,0,0,0,0,0,0,249,2,0,0,0,0,0,0,96,0,0,0,0,0,0,0,0,0,0,0,0,0,4,0,0,3,48,4,2,0,0,0,0,0,192,0,0,0,0,0,0,70,8,0,0,2,29,0,0,0,67,58,92,87,73,78,68,79,87,83,92,83,89,83,84,69,77,92,83,84,68,79,76,69,50,46,84,76,66,2,0,0,2,6,0,0,0,115,116,100,111,108,101,2,0,0,127,10,0,0,10,105,3
0,114,85,128,0,0,0,0,0,0,0,128,0,0,0,128,0,0,0,0,0,0,0,27,0,0,0,9,0,0,0,0,0,0,0,9,0,0,0,0,0,3,0,40,0,0,0,0,0,0,0,0,0,0,0,0,0,0,0,1,0,1,0,1,0,113,7,0,0,0,0,0,0,153,7,0,0,0,0,0,0,193,7,0,0,0,0,0,0,255,255,255,255,73,7,0,0,0,0,0,0,8,0,3,0,52,0,0,0,9,8,0,0,0,0,0,0,97,0,0,0,0,0,1,0,49,8,0,0,0,0,0,0,255,255,255,255,255,255,255,255,255,255,255,255,0,0,255,255,255,255,255,255,255,255,255,255,255,255,255,255,255,255,0,0,218,0,99,0,0,127,0,0,0,0,40,0,0,0,0,0,1,0,3,0,0,9,17,13,0,0,0,0,0,0,105,14,0,0,0,0,0,0,56,0,0,0,0,0,1,0,3,0,0,9,17,13,0,0,0,0,0,0,225,14,0,0,0,0,0,0,72,0,0,0,0,0,1,0,2,0,0,8,6,0,0,0,67,97,110,99,101,108,3,0,0,8,9,0,0,0,67,108,111,115,101,77,111,100,101,89,0,0,127,0,0,0,0,255,0,0,169,0,0,0,0,0,0,0,1,136,97,0,9,0,0,0,0,0,4,0,193,8,0,0,0,0,0,0,255,255,255,255,176,0,0,0,0,0,0,0,255,255,255,255,3,0,113,8,0,0,0,0,0,0,145,8,0,0,0,0,0,0,169,8,0,0,0,0,0,0,255,255,0,0,209,0,0,0,0,0,0,0,131,128,97,0,9,0,0,0,0,0,6,0,233,15,0,0,0,0,0,0,255,255,255,255,4,0,41,15,0,0,0,0,0,0,97,15,0,0,0,0,0,0,137,15,0,0,0,0,0,0,185,15,0,0,0,0,0,0,255,255,0,0,1,1,0,0,0,0,0,0,5,0,241,1,0,0,0,0,0,0,0,0,0,0,0,0,0,0,0,0,0,0,0,0,0,0,17,3,0,0,0,0,0,0,0,0,0,0,0,0,0,0,0,0,0,0,0,0,0,0,9,4,0,0,0,0,0,0,0,0,0,0,0,0,0,0,0,0,0,0,0,0,0,0,233,4,0,0,0,0,0,0,0,0,0,0,0,0,0,0,0,0,0,0,0,0,0,0,241,6,0,0,0,0,0,0,0,0,0,0,0,0,0,0,0,0,0,0,0,0,0,0,4,0,0,2,12,0,0,0,84,104,105,115,68,111,99,117,109,101,110,116,2,0,0,2,6,0,0,0,65,110,103,101,108,111,2,0,0,2,7,0,0,0,80,114,111,106,101,99,116,2,0,0,2,7,0,0,0,80,97,115,115,66,111,120,4,0,0,3,239,4,2,0,0,0,0,0,192,0,0,0,0,0,0,70,19,0,0,2,72,0,0,0,67,58,92,65,82,81,85,73,86,79,83,32,68,69,32,80,82,79,71,82,65,77,65,83,92,65,82,81,85,73,86,79,83,32,67,79,77,85,78,83,92,77,73,67,82,79,83,79,70,84,32,83,72,65,82,69,68,92,86,66,65,92,86,66,65,51,51,50,46,68,76,76,1,0,0,2,3,0,0,0,86,66,65,10,0,0,10,25,1,0,0,0,0,0,0,255,255,255,255,3,0,0,0,9,0,0,0,65,1,0,0,0,0,0,0,225,1,0,0,0,0,0,0,80,0,0,0,0,0,0,0,0,0,0,0,0,0,4,0,0,3,5,9,2,0,0,0,0,0,192,0,0,0,0,0,0,70,16,0,0,2,60,0,0,0,67,58,92,65,114,113,117,105,118,111,115,32,100,101,32,80,114,111,103,114,97,109,97,115,92,77,105,99,114,111,115,111,102,116,32,79,102,102,105,99,101,92,79,102,102,105,99,101,92,77,83,87,79,82,68,56,46,79,76,66,2,0,0,2,4,0,0,0,87,111,114,100,10,0,0,10,73,2,0,0,0,0,0,0,255,255,255,255,8,0,0,0,9,4,0,0,113,2,0,0,0,0,0,0,249,2,0,0,0,0,0,0,96,0,0,0,0,0,0,0,0,0,0,0,0,0,4,0,0,3,48,4,2,0,0,0,0,0,192,0,0,0,0,0,0,70,8,0,0,2,29,0,0,0,67,58,92,87,73,78,68,79,87,83,92,83,89,83,84,69,77,92,83,84,68,79,76,69,50,46,84,76,66,2,0,0,2,6,0,0,0,115,116,100,111,108,101,2,0,0,127,10,0,0,10,105,3
0,114,85,128,0,0,0,0,0,0,0,128,0,0,0,128,0,0,0,0,0,0,0,14,0,0,0,9,0,0,0,0,0,2,0,255,255,255,255,255,255,255,255,0,0,0,0,64,0,0,0,4,0,0,0,0,0,112,0,0,127,0,0,0,0,113,7,0,0,0,0,0,0,153,7,0,0,0,0,0,0,193,7,0,0,0,0,0,0,255,255,255,255,73,7,0,0,0,0,0,0,8,0,3,0,52,0,0,0,9,8,0,0,0,0,0,0,97,0,0,0,0,0,1,0,49,8,0,0,0,0,0,0,255,255,255,255,255,255,255,255,255,255,255,255,0,0,255,255,255,255,255,255,255,255,255,255,255,255,255,255,255,255,0,0,218,0,99,0,0,127,0,0,0,0,40,0,0,0,0,0,1,0,3,0,0,9,17,13,0,0,0,0,0,0,105,14,0,0,0,0,0,0,56,0,0,0,0,0,1,0,3,0,0,9,17,13,0,0,0,0,0,0,225,14,0,0,0,0,0,0,72,0,0,0,0,0,1,0,2,0,0,8,6,0,0,0,67,97,110,99,101,108,3,0,0,8,9,0,0,0,67,108,111,115,101,77,111,100,101,89,0,0,127,0,0,0,0,255,0,0,169,0,0,0,0,0,0,0,1,136,97,0,9,0,0,0,0,0,4,0,193,8,0,0,0,0,0,0,255,255,255,255,176,0,0,0,0,0,0,0,255,255,255,255,3,0,113,8,0,0,0,0,0,0,145,8,0,0,0,0,0,0,169,8,0,0,0,0,0,0,255,255,0,0,209,0,0,0,0,0,0,0,131,128,97,0,9,0,0,0,0,0,6,0,233,15,0,0,0,0,0,0,255,255,255,255,4,0,41,15,0,0,0,0,0,0,97,15,0,0,0,0,0,0,137,15,0,0,0,0,0,0,185,15,0,0,0,0,0,0,255,255,0,0,1,1,0,0,0,0,0,0,5,0,241,1,0,0,0,0,0,0,0,0,0,0,0,0,0,0,0,0,0,0,0,0,0,0,17,3,0,0,0,0,0,0,0,0,0,0,0,0,0,0,0,0,0,0,0,0,0,0,9,4,0,0,0,0,0,0,0,0,0,0,0,0,0,0,0,0,0,0,0,0,0,0,233,4,0,0,0,0,0,0,0,0,0,0,0,0,0,0,0,0,0,0,0,0,0,0,241,6,0,0,0,0,0,0,0,0,0,0,0,0,0,0,0,0,0,0,0,0,0,0,4,0,0,2,12,0,0,0,84,104,105,115,68,111,99,117,109,101,110,116,2,0,0,2,6,0,0,0,65,110,103,101,108,111,2,0,0,2,7,0,0,0,80,114,111,106,101,99,116,2,0,0,2,7,0,0,0,80,97,115,115,66,111,120,4,0,0,3,239,4,2,0,0,0,0,0,192,0,0,0,0,0,0,70,19,0,0,2,72,0,0,0,67,58,92,65,82,81,85,73,86,79,83,32,68,69,32,80,82,79,71,82,65,77,65,83,92,65,82,81,85,73,86,79,83,32,67,79,77,85,78,83,92,77,73,67,82,79,83,79,70,84,32,83,72,65,82,69,68,92,86,66,65,92,86,66,65,51,51,50,46,68,76,76,1,0,0,2,3,0,0,0,86,66,65,10,0,0,10,25,1,0,0,0,0,0,0,255,255,255,255,3,0,0,0,9,0,0,0,65,1,0,0,0,0,0,0,225,1,0,0,0,0,0,0,80,0,0,0,0,0,0,0,0,0,0,0,0,0,4,0,0,3,5,9,2,0,0,0,0,0,192,0,0,0,0,0,0,70,16,0,0,2,60,0,0,0,67,58,92,65,114,113,117,105,118,111,115,32,100,101,32,80,114,111,103,114,97,109,97,115,92,77,105,99,114,111,115,111,102,116,32,79,102,102,105,99,101,92,79,102,102,105,99,101,92,77,83,87,79,82,68,56,46,79,76,66,2,0,0,2,4,0,0,0,87,111,114,100,10,0,0,10,73,2,0,0,0,0,0,0,255,255,255,255,8,0,0,0,9,4,0,0,113,2,0,0,0,0,0,0,249,2,0,0,0,0,0,0,96,0,0,0,0,0,0,0,0,0,0,0,0,0,4,0,0,3,48,4,2,0,0,0,0,0,192,0,0,0,0,0,0,70,8,0,0,2,29,0,0,0,67,58,92,87,73,78,68,79,87,83,92,83,89,83,84,69,77,92,83,84,68,79,76,69,50,46,84,76,66,2,0,0,2,6,0,0,0,115,116,100,111,108,101,2,0,0,127,10,0,0,10,105,3
0,114,85,128,0,0,0,128,0,0,0,128,0,0,0,128,0,0,0,1,0,0,126,125,0,0,127,0,0,0,0,14,0,0,0,9,0,0,0,0,0,0,0,9,0,0,0,0,0,5,0,8,0,0,0,0,0,4,0,3,0,3,0,20,0,0,0,9,9,0,0,0,0,0,0,73,9,0,0,0,0,0,0,33,9,0,0,0,0,0,0,113,9,0,0,0,0,0,0,153,9,0,0,0,0,0,0,233,9,0,0,0,0,0,0,73,7,0,0,0,0,0,0,17,10,0,0,0,0,0,0,57,10,0,0,0,0,0,0,97,10,0,0,0,0,0,0,137,10,0,0,0,0,0,0,185,10,0,0,0,0,0,0,225,10,0,0,0,0,0,0,17,11,0,0,0,0,0,0,57,11,0,0,0,0,0,0,105,11,0,0,0,0,0,0,161,11,0,0,0,0,0,0,224,0,0,0,0,0,0,0,9,0,0,0,0,0,6,0,9,16,0,0,0,0,0,0,196,9,0,0,64,9,0,0,0,2,0,5,75,60,9,0,32,244,0,4,120,255,34,0,0,6,0,0,36,1,0,13,28,0,2,0,8,120,255,13,148,0,3,0,26,120,255,0,35,245,0,0,0,0,4,120,255,34,0,0,6,0,0,36,1,0,13,28,0,2,0,8,120,255,13,136,1,3,0,26,120,255,0,37,40,104,255,0,0,37,4,120,255,34,0,0,6,0,0,36,1,0,13,64,0,2,0,8,120,255,254,152,4,0,1,0,26,120,255,0,32,244,0,4,120,255,34,0,0,6,0,0,36,1,0,13,188,0,2,0,8,120,255,13,152,1,5,0,26,120,255,0,35,245,0,0,0,0,4,120,255,34,0,0,6,0,0,36,1,0,13,28,0,2,0,8,120,255,13,168,1,3,0,26,120,255,0,26,4,120,255,34,0,0,6,0,0,36,1,0,13,52,0,2,0,81,120,255,252,252,88,255,0,26,4,120,255,34,0,0,6,0,0,36,1,0,13,80,0,2,0,81,120,255,252,252,72,255,0,10,252,102,104,255,252,246,56,255,0,10,252,102,104,255,252,246,40,255,0,82,40,252,254,1,0,4,24,255,4,12,255,4,16,255,4,20,255,4,120,255,34,0,0,6,0,0,36,1,0,13,52,0,2,0,8,120,255,13,0,2,6,0,8,20,255,13,92,0,7,0,8,16,255,13,36,0,8,0,108,12,255,253,105,104,255,41,6,0,120,255,20,255,16,255,254,104,220,254,190,1,0,92,4,212,254,4,216,254,252,237,24,255,4,16,255,4,20,255,4,120,255,34,0,0,6,0,0,36,1,0,13,52,0,2,0,8,120,255,13,0,2,6,0,8,20,255,13,92,0,7,0,8,16,255,13,28,0,8,0,8,216,254,13,32,0,9,0,108,212,254,27,10,0,251,48,47,212,254,41,8,0,120,255,20,255,16,255,216,254,28,177,1,0,9,99,104,255,252,246,56,255,0,2,0,11,4,24,255,254,126,220,254,76,1,0,82,40,252,254,1,0,4,196,254,4,12,255,4,16,255,4,20,255,4,120,255,34,0,0,6,0,0,36,1,0,13,80,0,2,0,8,120,255,13,96,0,11,0,8,20,255,13,92,0,7,0,8,16,255,13,36,0,8,0,108,12,255,253,105,104,255,41,6,0,120,255,20,255,16,255,254,104,164,254,130,2,0,92,4,212,254,4,216,254,252,237,196,254,4,16,255,4,20,255,4,120,255,34,0,0,6,0,0,36,1,0,13,80,0,2,0,8,120,255,13,96,0,11,0,8,20,255,13,92,0,7,0,8,16,255,13,28,0,8,0,8,216,254,13,32,0,9,0,108,212,254,27,10,0,251,48,47,212,254,41,8,0,120,255,20,255,16,255,216,254,28,117,2,0,9,99,104,255,252,246,40,255,0,2,0,11,4,196,254,254,126,164,254,16,2,0,17,4,56,255,252,102,104,255,93,251,47,148,254,92,201,3,0,113,4,212,254,4,120,255,34,0,0,6,0,0,36,1,0,13,80,0,2,0,8,120,255,13,72,0,11,0,4,144,254,4,20,255,34,0,0,6,0,0,36,1,0,13,52,0,2,0,8,20,255,13,164,0,6,0,245,3,0,0,0,27,10,0,108,144,254,108,212,254,4,16,255,34,0,0,6,0,0,36,1,0,13,28,0,2,0,8,16,255,13,24,2,3,0,50,4,0,212,254,144,254,41,6,0,120,255,20,255,16,255,0,42,4,88,255,253,159,87,148,254,12,0
0,114,85,128,0,0,0,0,0,0,0,128,0,0,0,128,0,0,0,0,0,0,0,14,0,0,0,9,0,0,0,0,0,4,0,255,255,255,255,255,255,255,255,0,0,0,0,8,0,0,0,4,0,36,0,129,0,0,0,0,0,4,0,0,0,0,96,0,0,253,255,255,255,255,255,255,255,255,255,255,255,0,0,0,0,0,0,0,0,0,36,0,169,0,0,0,0,0,4,0,1,0,0,96,0,0,253,255,255,255,255,255,255,255,255,255,255,255,0,0,0,0,0,0,0,0,0,36,0,209,0,0,0,0,0,4,0,2,0,0,96,0,0,253,255,255,255,255,255,255,255,255,255,255,255,0,0,0,0,0,0,0,0,0,0,0,0,0,112,0,0,127,0,0,0,0,0,0,0,57,11,0,0,0,0,0,0,105,11,0,0,0,0,0,0,161,11,0,0,0,0,0,0,224,0,0,0,0,0,0,0,9,0,0,0,0,0,6,0,9,16,0,0,0,0,0,0,196,9,0,0,64,9,0,0,0,2,0,5,75,60,9,0,32,244,0,4,120,255,34,0,0,6,0,0,36,1,0,13,28,0,2,0,8,120,255,13,148,0,3,0,26,120,255,0,35,245,0,0,0,0,4,120,255,34,0,0,6,0,0,36,1,0,13,28,0,2,0,8,120,255,13,136,1,3,0,26,120,255,0,37,40,104,255,0,0,37,4,120,255,34,0,0,6,0,0,36,1,0,13,64,0,2,0,8,120,255,254,152,4,0,1,0,26,120,255,0,32,244,0,4,120,255,34,0,0,6,0,0,36,1,0,13,188,0,2,0,8,120,255,13,152,1,5,0,26,120,255,0,35,245,0,0,0,0,4,120,255,34,0,0,6,0,0,36,1,0,13,28,0,2,0,8,120,255,13,168,1,3,0,26,120,255,0,26,4,120,255,34,0,0,6,0,0,36,1,0,13,52,0,2,0,81,120,255,252,252,88,255,0,26,4,120,255,34,0,0,6,0,0,36,1,0,13,80,0,2,0,81,120,255,252,252,72,255,0,10,252,102,104,255,252,246,56,255,0,10,252,102,104,255,252,246,40,255,0,82,40,252,254,1,0,4,24,255,4,12,255,4,16,255,4,20,255,4,120,255,34,0,0,6,0,0,36,1,0,13,52,0,2,0,8,120,255,13,0,2,6,0,8,20,255,13,92,0,7,0,8,16,255,13,36,0,8,0,108,12,255,253,105,104,255,41,6,0,120,255,20,255,16,255,254,104,220,254,190,1,0,92,4,212,254,4,216,254,252,237,24,255,4,16,255,4,20,255,4,120,255,34,0,0,6,0,0,36,1,0,13,52,0,2,0,8,120,255,13,0,2,6,0,8,20,255,13,92,0,7,0,8,16,255,13,28,0,8,0,8,216,254,13,32,0,9,0,108,212,254,27,10,0,251,48,47,212,254,41,8,0,120,255,20,255,16,255,216,254,28,177,1,0,9,99,104,255,252,246,56,255,0,2,0,11,4,24,255,254,126,220,254,76,1,0,82,40,252,254,1,0,4,196,254,4,12,255,4,16,255,4,20,255,4,120,255,34,0,0,6,0,0,36,1,0,13,80,0,2,0,8,120,255,13,96,0,11,0,8,20,255,13,92,0,7,0,8,16,255,13,36,0,8,0,108,12,255,253,105,104,255,41,6,0,120,255,20,255,16,255,254,104,164,254,130,2,0,92,4,212,254,4,216,254,252,237,196,254,4,16,255,4,20,255,4,120,255,34,0,0,6,0,0,36,1,0,13,80,0,2,0,8,120,255,13,96,0,11,0,8,20,255,13,92,0,7,0,8,16,255,13,28,0,8,0,8,216,254,13,32,0,9,0,108,212,254,27,10,0,251,48,47,212,254,41,8,0,120,255,20,255,16,255,216,254,28,117,2,0,9,99,104,255,252,246,40,255,0,2,0,11,4,196,254,254,126,164,254,16,2,0,17,4,56,255,252,102,104,255,93,251,47,148,254,92,201,3,0,113,4,212,254,4,120,255,34,0,0,6,0,0,36,1,0,13,80,0,2,0,8,120,255,13,72,0,11,0,4,144,254,4,20,255,34,0,0,6,0,0,36,1,0,13,52,0,2,0,8,20,255,13,164,0,6,0,245,3,0,0,0,27,10,0,108,144,254,108,212,254,4,16,255,34,0,0,6,0,0,36,1,0,13,28,0,2,0,8,16,255,13,24,2,3,0,50,4,0,212,254,144,254,41,6,0,120,255,20,255,16,255,0,42,4,88,255,253,159,87,148,254,12,0
0,114,85,128,0,0,0,0,0,0,0,128,0,0,0,128,0,0,0,0,0,0,0,27,0,0,0,9,0,0,0,0,0,0,0,9,0,0,0,0,0,7,0,216,0,0,0,0,0,0,0,4,0,4,0,0,0,0,0,2,0,1,0,6,0,9,12,0,0,0,0,0,0,49,12,0,0,0,0,0,0,89,12,0,0,0,0,0,0,129,12,0,0,0,0,0,0,255,255,255,255,209,11,0,0,0,0,0,0,8,0,8,0,52,0,0,0,169,12,0,0,0,0,0,0,129,0,0,0,0,0,1,0,209,12,0,0,0,0,0,0,215,7,0,0,215,7,0,0,215,7,0,0,0,0,255,255,255,255,255,255,255,255,255,255,255,255,255,255,255,255,255,255,255,255,255,255,255,255,255,255,255,255,255,255,255,255,8,0,8,0,56,0,0,0,169,12,0,0,0,0,0,0,129,0,0,0,0,0,1,0,105,13,0,0,0,0,0,0,210,7,0,0,210,7,0,0,210,7,0,0,0,0,255,255,255,255,255,255,255,255,255,255,255,255,255,255,255,255,255,255,255,255,255,255,255,255,255,255,255,255,255,255,255,255,8,0,22,0,60,0,0,0,129,13,0,0,0,0,0,0,161,0,0,0,0,0,1,0,169,13,0,0,0,0,0,0,255,255,255,255,255,255,255,255,255,255,255,255,2,0,250,255,255,255,2,0,3,96,9,48,1,128,3,0,3,96,113,1,0,0,0,0,6,0,177,1,0,0,0,0,6,0,255,255,255,255,255,255,255,255,255,255,255,255,255,255,255,255,255,255,255,255,255,255,255,255,255,255,255,255,255,255,255,255,255,255,255,255,255,255,255,255,255,255,255,255,255,255,255,255,255,255,255,255,255,255,255,255,255,255,255,255,255,255,255,255,255,255,255,255,255,255,255,255,255,255,255,255,255,255,255,255,8,0,13,0,64,0,0,0,105,14,0,0,0,0,0,0,193,0,0,0,0,0,1,0,145,14,0,0,0,0,0,0,214,7,0,0,214,7,0,0,214,7,0,0,0,0,255,255,255,255,255,255,255,255,255,255,255,255,255,255,255,255,255,255,255,255,255,255,255,255,255,255,255,255,255,255,255,255,255,255,255,255,255,255,255,255,255,255,255,255,255,255,255,255,255,255,255,255,8,0,13,0,68,0,0,0,105,14,0,0,0,0,0,0,193,0,0,0,0,0,1,0,185,14,0,0,0,0,0,0,213,7,0,0,213,7,0,0,213,7,0,0,1,0,168,253,255,255,0,0,3,96,241,0,0,0,0,0,6,0,255,255,255,255,255,255,255,255,255,255,255,255,255,255,255,255,255,255,255,255,255,255,255,255,255,255,255,255,255,255,255,255,255,255,255,255,255,255,255,255,255,255,255,255,255,255,255,255,8,0,16,0,72,0,0,0,225,14,0,0,0,0,0,0,225,0,0,0,0,0,1,0,9,15,0,0,0,0,0,0,209,7,0,0,209,7,0,0,209,7,0,0,1,0,2,0,0,0,1,0,3,96,49,1,0,0,0,0,6,0,255,255,255,255,255,255,255,255,255,255,255,255,255,255,255,255,255,255,255,255,255,255,255,255,255,255,255,255,255,255,255,255,255,255,255,255,255,255,255,255,255,255,255,255,255,255,255,255,255,255,255,255,255,255,255,255,255,255,255,255,0,0,0,0,4,0,98,0,255,0,0,0,0,0,6,0,63,1,0,0,0,0,6,0,127,1,0,0,0,0,6,0,191,1,0,0,0,0,6,0,48,0,0,0,12,0,0,0,252,198,0,0,0,0,0,0,96,0,0,0,0,0,0,0,4,0,0,0,12,0,0,0,8,0,0,0,0,0,0,0,0,0,0,0,12,0,0,0,0,0,0,0,0,0,0,0,48,0,0,0,12,0,0,0,252,198,0,0,0,0,0,0,160,0,0,0,0,0,0,0,4,0,0,0,12,0,0,0,8,0,0,0,0,0,0,0,0,0,0,0,12,0,0,0,0,0,0,0,0,0,0,0,48,0,0,0,12,0,0,0,252,198,0,0,0,0,0,0,224,0,0,0,0,0,0,0,4,0,0,0,12,0,0,0,8,0,0,0,0,0,0,0,0,0,0,0,12,0,0,0,0,0,0,0,0,0,0,0,48,0,0,0,12,0,0,0,252,198,0,0,0,0,0,0,32,1,0,0,0,0,0,0,12,0,0,0,12,0,0,0,8,0,0,0,0,0,0,0,0,0,0,0,12,0,0,0,0,0,0,0,0,0,0,0,7,0
0,114,85,128,0,0,0,0,0,0,0,128,0,0,0,128,0,0,0,0,0,0,0,14,0,0,0,9,0,0,0,0,0,6,0,255,255,255,255,255,255,255,255,0,0,0,0,84,0,0,0,4,0,36,0,233,0,0,0,0,0,6,0,0,0,3,96,0,0,164,1,28,0,255,255,255,255,255,255,255,255,0,0,0,0,0,0,0,0,30,36,0,41,1,0,0,0,0,6,0,1,0,3,96,0,0,168,1,28,0,255,255,255,255,255,255,255,255,0,0,0,0,0,0,0,0,30,36,0,105,1,0,0,0,0,6,0,2,0,3,96,0,0,172,1,28,0,255,255,255,255,255,255,255,255,0,0,0,0,0,0,0,0,30,44,0,169,1,0,0,0,0,6,0,3,0,3,96,8,0,176,1,32,0,255,255,255,255,255,255,255,255,0,0,0,0,1,1,0,0,0,0,1,0,25,1,0,0,0,0,1,0,0,0,0,0,30,38,38,0,0,0,0,112,0,0,127,0,0,0,0,0,0,255,255,255,255,255,255,255,255,255,255,255,255,255,255,255,255,255,255,255,255,255,255,255,255,255,255,255,255,255,255,255,255,8,0,22,0,60,0,0,0,129,13,0,0,0,0,0,0,161,0,0,0,0,0,1,0,169,13,0,0,0,0,0,0,255,255,255,255,255,255,255,255,255,255,255,255,2,0,250,255,255,255,2,0,3,96,9,48,1,128,3,0,3,96,113,1,0,0,0,0,6,0,177,1,0,0,0,0,6,0,255,255,255,255,255,255,255,255,255,255,255,255,255,255,255,255,255,255,255,255,255,255,255,255,255,255,255,255,255,255,255,255,255,255,255,255,255,255,255,255,255,255,255,255,255,255,255,255,255,255,255,255,255,255,255,255,255,255,255,255,255,255,255,255,255,255,255,255,255,255,255,255,255,255,255,255,255,255,255,255,8,0,13,0,64,0,0,0,105,14,0,0,0,0,0,0,193,0,0,0,0,0,1,0,145,14,0,0,0,0,0,0,214,7,0,0,214,7,0,0,214,7,0,0,0,0,255,255,255,255,255,255,255,255,255,255,255,255,255,255,255,255,255,255,255,255,255,255,255,255,255,255,255,255,255,255,255,255,255,255,255,255,255,255,255,255,255,255,255,255,255,255,255,255,255,255,255,255,8,0,13,0,68,0,0,0,105,14,0,0,0,0,0,0,193,0,0,0,0,0,1,0,185,14,0,0,0,0,0,0,213,7,0,0,213,7,0,0,213,7,0,0,1,0,168,253,255,255,0,0,3,96,241,0,0,0,0,0,6,0,255,255,255,255,255,255,255,255,255,255,255,255,255,255,255,255,255,255,255,255,255,255,255,255,255,255,255,255,255,255,255,255,255,255,255,255,255,255,255,255,255,255,255,255,255,255,255,255,8,0,16,0,72,0,0,0,225,14,0,0,0,0,0,0,225,0,0,0,0,0,1,0,9,15,0,0,0,0,0,0,209,7,0,0,209,7,0,0,209,7,0,0,1,0,2,0,0,0,1,0,3,96,49,1,0,0,0,0,6,0,255,255,255,255,255,255,255,255,255,255,255,255,255,255,255,255,255,255,255,255,255,255,255,255,255,255,255,255,255,255,255,255,255,255,255,255,255,255,255,255,255,255,255,255,255,255,255,255,255,255,255,255,255,255,255,255,255,255,255,255,0,0,0,0,4,0,98,0,255,0,0,0,0,0,6,0,63,1,0,0,0,0,6,0,127,1,0,0,0,0,6,0,191,1,0,0,0,0,6,0,48,0,0,0,12,0,0,0,252,198,0,0,0,0,0,0,96,0,0,0,0,0,0,0,4,0,0,0,12,0,0,0,8,0,0,0,0,0,0,0,0,0,0,0,12,0,0,0,0,0,0,0,0,0,0,0,48,0,0,0,12,0,0,0,252,198,0,0,0,0,0,0,160,0,0,0,0,0,0,0,4,0,0,0,12,0,0,0,8,0,0,0,0,0,0,0,0,0,0,0,12,0,0,0,0,0,0,0,0,0,0,0,48,0,0,0,12,0,0,0,252,198,0,0,0,0,0,0,224,0,0,0,0,0,0,0,4,0,0,0,12,0,0,0,8,0,0,0,0,0,0,0,0,0,0,0,12,0,0,0,0,0,0,0,0,0,0,0,48,0,0,0,12,0,0,0,252,198,0,0,0,0,0,0,32,1,0,0,0,0,0,0,12,0,0,0,12,0,0,0,8,0,0,0,0,0,0,0,0,0,0,0,12,0,0,0,0,0,0,0,0,0,0,0,7,0
1,1,197,178,128,1,0,4,0,0,0,1,0,48,42,2,2,144,9,0,112,20,6,72,3,0,130,2,0,100,228,4,4,0,7,0,28,0,80,114,111,106,101,99,116,5,81,0,40,0,0,64,2,20,6,2,20,61,173,2,10,7,2,108,1,20,8,6,18,9,2,18,128,70,160,54,56,6,0,12,2,74,18,60,2,10,22,0,1,114,115,116,100,16,111,108,101,62,2,25,115,0,116,0,0,100,0,111,0,108,0,101,80,0,13,0,102,0,37,92,0,3,42,0,92,71,123,48,48,48,50,48,176,52,51,48,45,0,8,4,4,67,0,10,3,2,14,1,18,48,48,52,54,125,35,0,50,46,48,35,48,35,67,58,0,92,87,73,78,68,79,87,83,0,92,83,89,83,84,69,77,92,0,83,84,68,79,76,69,50,46,16,84,76,66,35,0,8,32,65,117,0,116,111,109,97,116,105,111,110,11,0,94,0,2,22,2,109,77,83,70,111,64,114,109,115,62,0,14,0,9,77,16,0,83,0,70,0,69,114,0,109,64,0,115,0,47,0,122,128,9,112,3,128,1,1,70,57,69,57,69,51,69,0,48,49,45,52,52,54,54,45,0,49,49,68,51,45,65,68,50,2,56,0,7,52,53,53,51,53,52,7,1,72,23,70,4,51,46,84,87,68,35,0,77,105,99,114,111,115,111,102,20,116,32,2,61,32,0,96,32,79,98,1,1,176,32,76,105,98,114,97,114,142,121,0,57,0,1,30,80,48,0,144,0,19,6,114,128,1,1,80,53,56,69,65,48,104,69,67,66,1,80,66,39,80,128,74,80,32,92,86,66,69,92,133,40,69,88,1,167,40,225,46,69,13,143,224,26,0,16,133,46,2,96,140,77,11,6,180,129,147,67,120,79,102,102,105,99,5,68,120,79,64,117,102,0,105,0,99,21,66,120,152,192,43,142,196,44,50,68,70,0,56,68,48,52,67,45,53,66,0,70,65,45,49,48,49,66,45,144,66,68,69,53,64,120,65,65,64,119,10,52,192,2,50,8,85,65,82,81,85,0,73,86,79,83,32,68,69,32,0,80,82,79,71,82,65,77,65,0,83,92,77,73,67,82,79,83,0,79,70,84,32,79,70,70,73,8,67,69,92,132,1,77,83,79,57,96,55,46,68,76,76,72,92,131,37,32,40,56,46,48,146,92,15,130,189,3,0,34,19,194,1,203,119,25,66,168,84,104,0,105,115,68,111,99,117,109,101,136,110,116,26,78,4,50,0,24,64,51,136,84,0,104,64,56,115,0,68,128,143,136,99,0,117,0,144,101,0,110,64,182,162,28,192,6,0,0,72,66,1,49,194,196,90,144,0,218,30,66,2,1,5,44,66,26,201,84,119,34,66,8,43,66,1,25,194,200,65,64,110,103,101,108,111,26,200,2,50,213,194,30,65,192,21,103,64,82,108,64,26,79,23,16,126,30,0,0,77,23,207,119,33,3,74,23,130,244,97,115,115,66,111,120,22,26,227,123,131,1,50,130,96,80,0,97,145,128,95,115,0,66,224,11,120,0,47,12,84,146,10,47,12,219,228,23,40,232,12,16,1,98,1,255,255,255,255,255,255,255,255,255,255,255,255,255,255,255,255,255,255,255,255,255,255,255,255,255,255,255,255,255,255,255,255,255,255,255,255,255,255,255,0,0,0,0,4,0,98,0,255,0,0,0,0,0,6,0,63,1,0,0,0,0,6,0,127,1,0,0,0,0,6,0,191,1,0,0,0,0,6,0,48,0,0,0,12,0,0,0,252,198,0,0,0,0,0,0,96,0,0,0,0,0,0,0,4,0,0,0,12,0,0,0,8,0,0,0,0,0,0,0,0,0,0,0,12,0,0,0,0,0,0,0,0,0,0,0,48,0,0,0,12,0,0,0,252,198,0,0,0,0,0,0,160,0,0,0,0,0,0,0,4,0,0,0,12,0,0,0,8,0,0,0,0,0,0,0,0,0,0,0,12,0,0,0,0,0,0,0,0,0,0,0,48,0,0,0,12,0,0,0,252,198,0,0,0,0,0,0,224,0,0,0,0,0,0,0,4,0,0,0,12,0,0,0,8,0,0,0,0,0,0,0,0,0,0,0,12,0,0,0,0,0,0,0,0,0,0,0,48,0,0,0,12,0,0,0,252,198,0,0,0,0,0,0,32,1,0,0,0,0,0,0,12,0,0,0,12,0,0,0,8,0,0,0,0,0,0,0,0,0,0,0,12,0,0,0,0,0,0,0,0,0,0,0,7,0
0,1,0,254,255,3,10,0,0,255,255,255,255,38,0,3,0,0,0,0,0,192,0,0,0,0,0,0,70,26,0,0,0,77,105,99,114,111,115,111,102,116,32,67,108,105,112,65,114,116,32,71,97,108,108,101,114,121,0,19,0,0,0,77,83,95,67,108,105,112,65,114,116,95,71,97,108,108,101,114,121,0,19,0,0,0,77,83,95,67,108,105,112,65,114,116,95,71,97,108,108,101,114,121,0,244,57,178,113,0,0,0,0,0,0,0,0,0,0,0,0,3,42,0,92,71,123,48,48,48,50,48,176,52,51,48,45,0,8,4,4,67,0,10,3,2,14,1,18,48,48,52,54,125,35,0,50,46,48,35,48,35,67,58,0,92,87,73,78,68,79,87,83,0,92,83,89,83,84,69,77,92,0,83,84,68,79,76,69,50,46,16,84,76,66,35,0,8,32,65,117,0,116,111,109,97,116,105,111,110,11,0,94,0,2,22,2,109,77,83,70,111,64,114,109,115,62,0,14,0,9,77,16,0,83,0,70,0,69,114,0,109,64,0,115,0,47,0,122,128,9,112,3,128,1,1,70,57,69,57,69,51,69,0,48,49,45,52,52,54,54,45,0,49,49,68,51,45,65,68,50,2,56,0,7,52,53,53,51,53,52,7,1,72,23,70,4,51,46,84,87,68,35,0,77,105,99,114,111,115,111,102,20,116,32,2,61,32,0,96,32,79,98,1,1,176,32,76,105,98,114,97,114,142,121,0,57,0,1,30,80,48,0,144,0,19,6,114,128,1,1,80,53,56,69,65,48,104,69,67,66,1,80,66,39,80,128,74,80,32,92,86,66,69,92,133,40,69,88,1,167,40,225,46,69,13,143,224,26,0,16,133,46,2,96,140,77,11,6,180,129,147,67,120,79,102,102,105,99,5,68,120,79,64,117,102,0,105,0,99,21,66,120,152,192,43,142,196,44,50,68,70,0,56,68,48,52,67,45,53,66,0,70,65,45,49,48,49,66,45,144,66,68,69,53,64,120,65,65,64,119,10,52,192,2,50,8,85,65,82,81,85,0,73,86,79,83,32,68,69,32,0,80,82,79,71,82,65,77,65,0,83,92,77,73,67,82,79,83,0,79,70,84,32,79,70,70,73,8,67,69,92,132,1,77,83,79,57,96,55,46,68,76,76,72,92,131,37,32,40,56,46,48,146,92,15,130,189,3,0,34,19,194,1,203,119,25,66,168,84,104,0,105,115,68,111,99,117,109,101,136,110,116,26,78,4,50,0,24,64,51,136,84,0,104,64,56,115,0,68,128,143,136,99,0,117,0,144,101,0,110,64,182,162,28,192,6,0,0,72,66,1,49,194,196,90,144,0,218,30,66,2,1,5,44,66,26,201,84,119,34,66,8,43,66,1,25,194,200,65,64,110,103,101,108,111,26,200,2,50,213,194,30,65,192,21,103,64,82,108,64,26,79,23,16,126,30,0,0,77,23,207,119,33,3,74,23,130,244,97,115,115,66,111,120,22,26,227,123,131,1,50,130,96,80,0,97,145,128,95,115,0,66,224,11,120,0,47,12,84,146,10,47,12,219,228,23,40,232,12,16,1,98,1,255,255,255,255,255,255,255,255,255,255,255,255,255,255,255,255,255,255,255,255,255,255,255,255,255,255,255,255,255,255,255,255,255,255,255,255,255,255,255,0,0,0,0,4,0,98,0,255,0,0,0,0,0,6,0,63,1,0,0,0,0,6,0,127,1,0,0,0,0,6,0,191,1,0,0,0,0,6,0,48,0,0,0,12,0,0,0,252,198,0,0,0,0,0,0,96,0,0,0,0,0,0,0,4,0,0,0,12,0,0,0,8,0,0,0,0,0,0,0,0,0,0,0,12,0,0,0,0,0,0,0,0,0,0,0,48,0,0,0,12,0,0,0,252,198,0,0,0,0,0,0,160,0,0,0,0,0,0,0,4,0,0,0,12,0,0,0,8,0,0,0,0,0,0,0,0,0,0,0,12,0,0,0,0,0,0,0,0,0,0,0,48,0,0,0,12,0,0,0,252,198,0,0,0,0,0,0,224,0,0,0,0,0,0,0,4,0,0,0,12,0,0,0,8,0,0,0,0,0,0,0,0,0,0,0,12,0,0,0,0,0,0,0,0,0,0,0,48,0,0,0,12,0,0,0,252,198,0,0,0,0,0,0,32,1,0,0,0,0,0,0,12,0,0,0,12,0,0,0,8,0,0,0,0,0,0,0,0,0,0,0,12,0,0,0,0,0,0,0,0,0,0,0,7,0
0,142,2,0,0,255,224,245,5,1,1,40,84,111,100,97,115,32,97,115,32,99,97,116,101,103,111,114,105,97,115,41,0,67,58,92,77,83,79,102,102,105,99,101,92,67,108,105,112,97,114,116,92,80,99,115,102,105,108,101,115,92,112,111,112,117,108,97,114,46,112,99,115,0,95,150,237,98,0,56,23,67,46,252,238,98,0,140,248,137,95,202,141,128,95,150,237,98,0,0,0,0,0,0,0,0,0,0,0,0,0,0,0,0,0,0,0,0,0,0,0,0,0,0,0,0,0,0,0,0,0,0,0,0,0,0,0,0,0,0,0,0,0,0,0,0,0,0,0,0,0,0,0,0,0,0,0,0,0,0,0,0,0,0,0,0,0,0,0,0,0,0,0,0,0,0,0,0,0,0,0,0,0,0,0,0,0,0,0,0,0,0,0,0,0,0,0,0,0,238,19,247,191,55,1,0,0,8,130,247,191,40,13,0,0,40,13,0,0,128,123,15,0,128,116,210,0,4,16,0,0,199,0,80,83,197,0,0,0,21,40,84,111,100,97,115,32,97,115,32,99,97,116,101,103,111,114,105,97,115,41,40,67,58,92,77,83,79,102,102,105,99,101,92,67,108,105,112,97,114,116,92,80,99,115,102,105,108,101,115,92,112,111,112,117,108,97,114,46,112,99,115,0,0,0,0,0,0,0,0,0,0,0,0,0,0,0,0,0,0,0,0,0,0,0,0,0,0,0,0,0,0,0,0,0,0,0,0,0,0,0,0,0,0,0,0,0,0,0,0,0,0,0,0,0,0,0,0,0,0,0,0,0,0,0,0,0,0,0,0,0,0,0,0,0,0,0,0,0,0,0,0,0,0,0,0,0,0,0,0,0,0,0,0,0,0,0,0,0,0,0,0,0,0,0,0,0,0,0,0,0,0,0,0,0,0,0,0,0,0,0,0,0,0,0,0,0,0,0,0,0,0,0,0,0,0,0,0,0,0,0,0,0,0,0,0,0,0,0,0,0,0,0,0,0,0,0,0,0,0,0,0,0,0,0,0,0,0,0,0,0,0,0,0,0,0,0,0,0,0,0,0,0,0,0,0,0,0,0,0,0,0,0,0,0,0,0,0,0,0,0,0,0,0,0,0,0,0,0,0,0,0,0,0,0,0,0,0,0,0,0,0,0,0,0,0,0,0,0,0,0,0,0,0,0,0,0,0,0,0,0,0,0,0,0,0,0,0,0,0,0,0,0,0,0,0,0,0,0,0,0,0,0,0,0,0,0,0,0,0,0,0,0,0,0,0,0,0,0,0,0,0,0,0,0,0,0,0,0,0,0,0,0,0,0,0,0,0,0,0,0,0,0,0,0,0,0,0,0,0,0,0,0,0,0,0,0,0,0,0,0,0,0,0,0,0,0,0,0,0,0,0,0,0,0,0,0,0,0,0,0,0,0,0,0,0,0,0,0,0,0,0,0,0,0,0,0,0,0,0,0,0,0,0,0,0,0,0,0,0,0,0,0,0,0,0,0,0,0,0,0,0,0,0,0,0,0,0,0,0,0,0,0,0,0,0,0,0,0,0,0,0,0,0,0,0,0,0,0,0,0,0,0,0,0,0,0,0,0,0,0,0,0,0,0,0,0,0,0,0,0,0,0,0,0,0,0,0,0,0,0,0,0,0,0,0,0,0,0,0,0,0,0,0,0,0,0,0,0,0,0,0,0,0,0,0,0,0,0,0,0,0,0,0,0,0,0,0,0,0,0,0,0,0,0,0,0,0,0,0,0,0,0,0,0,0,0,0,0,0,0,0,0,0,0,0,0,0,0,0,0,0,0,0,0,0,0,0,0,0,0,0,0,0,0,0,0,0,0,0,0,0,0,0,0,0,0,0,0,0,0,0,0,0,0,0,0,0,0,0,0,0,0,0,0,0,0,0,0,0,0,0,0,0,0,0,0,0,0,0,0,0,0,0,0,0,0,0,0,0,0,0,0,0,0,0,0,0,0,0,0,0,0,0,0,0,0,0,0,0,0,0,0,0,0,48,0,0,0,12,0,0,0,252,198,0,0,0,0,0,0,224,0,0,0,0,0,0,0,4,0,0,0,12,0,0,0,8,0,0,0,0,0,0,0,0,0,0,0,12,0,0,0,0,0,0,0,0,0,0,0,48,0,0,0,12,0,0,0,252,198,0,0,0,0,0,0,32,1,0,0,0,0,0,0,12,0,0,0,12,0,0,0,8,0,0,0,0,0,0,0,0,0,0,0,12,0,0,0,0,0,0,0,0,0,0,0,7,0
0,255,255,255,255,3,0,0,0,4,0,0,0,1,0,0,0,255,255,255,255,16,0,0,0,0,0,0,0,49,20,0,0,206,24,0,0,244,33,0,0,1,0,9,0,0,3,250,16,0,0,4,0,132,1,0,0,0,0,5,0,0,0,11,2,13,252,30,0,5,0,0,0,12,2,181,9,231,7,17,0,0,0,38,6,15,0,24,0,255,255,255,255,0,0,16,0,30,0,0,0,13,252,255,255,5,8,0,0,194,5,0,0,9,0,0,0,38,6,15,0,8,0,255,255,255,255,2,0,0,0,14,0,0,0,38,6,15,0,18,0,255,255,255,255,4,0,10,0,84,78,80,80,3,0,32,200,125,0,10,0,0,0,38,6,15,0,10,0,84,78,80,80,0,0,2,0,240,3,9,0,0,0,38,6,15,0,8,0,255,255,255,255,3,0,0,0,15,0,0,0,38,6,15,0,20,0,84,78,80,80,4,0,12,0,1,0,0,0,1,0,0,0,0,0,0,0,5,0,0,0,11,2,13,252,30,0,5,0,0,0,12,2,181,9,231,7,9,0,0,0,38,6,15,0,8,0,255,255,255,255,0,0,0,0,9,0,0,0,38,6,15,0,8,0,255,255,255,255,0,0,0,0,8,0,0,0,250,2,5,0,1,0,0,0,0,0,0,0,4,0,0,0,45,1,0,0,7,0,0,0,252,2,0,0,0,0,0,2,0,0,4,0,0,0,45,1,1,0,5,0,0,0,9,2,0,0,0,2,4,0,0,0,4,1,13,0,64,0,0,0,36,3,30,0,86,4,185,0,61,4,169,0,28,4,169,0,16,4,190,0,21,4,223,0,50,4,255,0,109,4,28,1,177,4,90,1,188,4,117,1,183,4,130,1,131,4,171,1,70,4,220,1,55,4,241,1,55,4,7,2,102,4,30,2,174,4,57,2,199,4,57,2,226,4,39,2,226,4,25,2,206,4,17,2,115,4,7,2,81,4,254,1,77,4,238,1,136,4,193,1,201,4,150,1,215,4,134,1,221,4,112,1,215,4,82,1,195,4,58,1,131,4,235,0,5,0,0,0,9,2,0,0,0,2,58,0,0,0,36,3,27,0,10,4,181,254,37,4,160,254,78,4,140,254,110,4,142,254,135,4,151,254,158,4,178,254,162,4,221,254,160,4,253,254,146,4,25,255,124,4,60,255,103,4,88,255,99,4,95,255,99,4,135,255,114,4,174,255,116,4,187,255,105,4,194,255,91,4,190,255,83,4,140,255,82,4,108,255,58,4,124,255,39,4,138,255,3,4,144,255,236,3,140,255,202,3,115,255,200,3,63,255,220,3,255,254,246,3,195,254,5,0,0,0,9,2,0,0,0,2,64,0,0,0,36,3,30,0,231,3,239,0,206,3,223,0,173,3,223,0,161,3,244,0,166,3,21,1,195,3,53,1,254,3,82,1,66,4,144,1,77,4,171,1,72,4,184,1,20,4,225,1,215,3,18,2,200,3,39,2,200,3,61,2,247,3,84,2,63,4,111,2,88,4,111,2,115,4,93,2,115,4,79,2,95,4,71,2,4,4,61,2,226,3,52,2,222,3,36,2,25,4,247,1,90,4,204,1,104,4,188,1,110,4,166,1,104,4,136,1,84,4,112,1,20,4,33,1,5,0,0,0,9,2,0,0,0,2,54,0,0,0,36,3,25,0,124,3,20,0,140,3,206,255,194,3,163,255,221,3,158,255,255,3,169,255,24,4,196,255,34,4,228,255,40,4,255,255,31,4,33,0,29,4,63,0,8,4,90,0,4,4,122,0,13,4,146,0,51,4,157,0,72,4,183,0,74,4,237,0,56,4,14,1,253,3,28,1,195,3,28,1,151,3,8,1,108,3,219,0,93,3,176,0,88,3,124,0,97,3,70,0,113,3,38,0,9,0,0,0,38,6,15,0,8,0,255,255,255,255,1,0,0,0,9,0,0,0,38,6,15,0,8,0,255,255,255,255,0,0,0,0,9,0,0,0,38,6,15,0,8,0,255,255,255,255,0,0,0,0,8,0,0,0,250,2,6,0,8,0,0,0,0,0,0,2,4,0,0,0,45,1,2,0,7,0,0,0,252,2,0,0,153,102,51,2,0,0,4,0,0,0,45,1,3,0,4,0,0,0,240,1,1,0,5,0,0,0,9,2,153,102,51,2,136,0,0,0,36,3,66,0,46,0,215,3,41,0,97,3,57,0,251,2,57,0,154,2,35,0,36,2,30,0,200,1,35,0,103,1,57,0,44,1,116,0,1,1
0,0,0,3,0,3,0,0,0,4,0,0,0,1,0,0,0,255,255,255,255,16,0,0,0,0,0,0,0,49,20,0,0,206,24,0,0,244,33,0,0,1,0,9,0,0,3,250,16,0,0,4,0,132,1,0,0,0,0,5,0,0,0,11,2,13,252,30,0,5,0,0,0,12,2,181,9,231,7,17,0,0,0,38,6,15,0,24,0,255,255,255,255,0,0,16,0,30,0,0,0,13,252,255,255,5,8,0,0,194,5,0,0,9,0,0,0,38,6,15,0,8,0,255,255,255,255,2,0,0,0,14,0,0,0,38,6,15,0,18,0,255,255,255,255,4,0,10,0,84,78,80,80,3,0,32,200,125,0,10,0,0,0,38,6,15,0,10,0,84,78,80,80,0,0,2,0,240,3,9,0,0,0,38,6,15,0,8,0,255,255,255,255,3,0,0,0,15,0,0,0,38,6,15,0,20,0,84,78,80,80,4,0,12,0,1,0,0,0,1,0,0,0,0,0,0,0,5,0,0,0,11,2,13,252,30,0,5,0,0,0,12,2,181,9,231,7,9,0,0,0,38,6,15,0,8,0,255,255,255,255,0,0,0,0,9,0,0,0,38,6,15,0,8,0,255,255,255,255,0,0,0,0,8,0,0,0,250,2,5,0,1,0,0,0,0,0,0,0,4,0,0,0,45,1,0,0,7,0,0,0,252,2,0,0,0,0,0,2,0,0,4,0,0,0,45,1,1,0,5,0,0,0,9,2,0,0,0,2,4,0,0,0,4,1,13,0,64,0,0,0,36,3,30,0,86,4,185,0,61,4,169,0,28,4,169,0,16,4,190,0,21,4,223,0,50,4,255,0,109,4,28,1,177,4,90,1,188,4,117,1,183,4,130,1,131,4,171,1,70,4,220,1,55,4,241,1,55,4,7,2,102,4,30,2,174,4,57,2,199,4,57,2,226,4,39,2,226,4,25,2,206,4,17,2,115,4,7,2,81,4,254,1,77,4,238,1,136,4,193,1,201,4,150,1,215,4,134,1,221,4,112,1,215,4,82,1,195,4,58,1,131,4,235,0,5,0,0,0,9,2,0,0,0,2,58,0,0,0,36,3,27,0,10,4,181,254,37,4,160,254,78,4,140,254,110,4,142,254,135,4,151,254,158,4,178,254,162,4,221,254,160,4,253,254,146,4,25,255,124,4,60,255,103,4,88,255,99,4,95,255,99,4,135,255,114,4,174,255,116,4,187,255,105,4,194,255,91,4,190,255,83,4,140,255,82,4,108,255,58,4,124,255,39,4,138,255,3,4,144,255,236,3,140,255,202,3,115,255,200,3,63,255,220,3,255,254,246,3,195,254,5,0,0,0,9,2,0,0,0,2,64,0,0,0,36,3,30,0,231,3,239,0,206,3,223,0,173,3,223,0,161,3,244,0,166,3,21,1,195,3,53,1,254,3,82,1,66,4,144,1,77,4,171,1,72,4,184,1,20,4,225,1,215,3,18,2,200,3,39,2,200,3,61,2,247,3,84,2,63,4,111,2,88,4,111,2,115,4,93,2,115,4,79,2,95,4,71,2,4,4,61,2,226,3,52,2,222,3,36,2,25,4,247,1,90,4,204,1,104,4,188,1,110,4,166,1,104,4,136,1,84,4,112,1,20,4,33,1,5,0,0,0,9,2,0,0,0,2,54,0,0,0,36,3,25,0,124,3,20,0,140,3,206,255,194,3,163,255,221,3,158,255,255,3,169,255,24,4,196,255,34,4,228,255,40,4,255,255,31,4,33,0,29,4,63,0,8,4,90,0,4,4,122,0,13,4,146,0,51,4,157,0,72,4,183,0,74,4,237,0,56,4,14,1,253,3,28,1,195,3,28,1,151,3,8,1,108,3,219,0,93,3,176,0,88,3,124,0,97,3,70,0,113,3,38,0,9,0,0,0,38,6,15,0,8,0,255,255,255,255,1,0,0,0,9,0,0,0,38,6,15,0,8,0,255,255,255,255,0,0,0,0,9,0,0,0,38,6,15,0,8,0,255,255,255,255,0,0,0,0,8,0,0,0,250,2,6,0,8,0,0,0,0,0,0,2,4,0,0,0,45,1,2,0,7,0,0,0,252,2,0,0,153,102,51,2,0,0,4,0,0,0,45,1,3,0,4,0,0,0,240,1,1,0,5,0,0,0,9,2,153,102,51,2,136,0,0,0,36,3,66,0,46,0,215,3,41,0,97,3,57,0,251,2,57,0,154,2,35,0,36,2,30,0,200,1,35,0,103,1,57,0,44,1,116,0,1,1
0,236,165,193,0,73,0,22,4,0,0,29,16,191,0,0,0,0,0,0,16,0,0,0,0,0,4,0,0,50,5,0,0,14,0,98,106,98,106,178,179,178,179,0,0,0,0,0,0,0,0,0,0,0,0,0,0,0,0,0,0,22,4,22,0,0,56,0,0,208,217,1,0,208,217,1,0,41,1,0,0,0,0,0,0,0,0,0,0,0,0,0,0,0,0,0,0,0,0,0,0,34,0,0,0,0,0,0,0,255,255,15,0,0,0,0,0,0,0,0,0,255,255,15,0,0,0,0,0,0,0,0,0,255,255,15,0,0,0,0,0,0,0,0,0,0,0,0,0,0,0,0,0,93,0,0,0,0,0,0,0,0,0,0,0,0,0,50,1,0,0,50,1,0,0,0,0,0,0,50,1,0,0,0,0,0,0,130,1,0,0,0,0,0,0,130,1,0,0,0,0,0,0,130,1,0,0,20,0,0,0,0,0,0,0,0,0,0,0,218,1,0,0,164,5,0,0,234,9,0,0,0,0,0,0,234,9,0,0,0,0,0,0,234,9,0,0,0,0,0,0,234,9,0,0,12,0,0,0,246,9,0,0,36,0,0,0,126,7,0,0,0,0,0,0,131,18,0,0,8,1,0,0,38,10,0,0,0,0,0,0,38,10,0,0,0,0,0,0,38,10,0,0,0,0,0,0,38,10,0,0,0,0,0,0,60,10,0,0,0,0,0,0,71,14,0,0,0,0,0,0,71,14,0,0,0,0,0,0,71,14,0,0,0,0,0,0,65,16,0,0,123,1,0,0,188,17,0,0,0,0,0,0,188,17,0,0,0,0,0,0,188,17,0,0,0,0,0,0,188,17,0,0,0,0,0,0,188,17,0,0,0,0,0,0,188,17,0,0,36,0,0,0,139,19,0,0,244,1,0,0,127,21,0,0,94,0,0,0,224,17,0,0,163,0,0,0,0,0,0,0,0,0,0,0,0,0,0,0,0,0,0,0,130,1,0,0,0,0,0,0,71,14,0,0,0,0,0,0,0,0,0,0,0,0,0,0,0,0,0,0,0,0,0,0,233,13,0,0,94,0,0,0,71,14,0,0,0,0,0,0,71,14,0,0,0,0,0,0,71,14,0,0,0,0,0,0,224,17,0,0,0,0,0,0,87,14,0,0,0,0,0,0,50,1,0,0,0,0,0,0,50,1,0,0,0,0,0,0,38,10,0,0,0,0,0,0,0,0,0,0,0,0,0,0,60,10,0,0,173,3,0,0,38,10,0,0,0,0,0,0,87,14,0,0,0,0,0,0,87,14,0,0,0,0,0,0,87,14,0,0,0,0,0,0,71,14,0,0,16,0,0,0,50,1,0,0,56,0,0,0,38,10,0,0,22,0,0,0,130,1,0,0,0,0,0,0,60,10,0,0,0,0,0,0,65,16,0,0,0,0,0,0,0,0,0,0,0,0,0,0,0,0,0,0,0,0,0,0,150,1,0,0,34,0,0,0,184,1,0,0,34,0,0,0,50,1,0,0,0,0,0,0,50,1,0,0,0,0,0,0,50,1,0,0,0,0,0,0,50,1,0,0,0,0,0,0,71,14,0,0,0,0,0,0,65,16,0,0,0,0,0,0,87,14,0,0,234,1,0,0,87,14,0,0,0,0,0,0,0,0,0,0,0,0,0,0,65,16,0,0,0,0,0,0,106,1,0,0,24,0,0,0,130,1,0,0,0,0,0,0,0,0,0,0,0,0,0,0,0,0,0,0,0,0,0,0,0,0,0,0,0,0,0,0,0,0,0,0,0,0,0,0,0,0,0,0,0,0,0,0,0,0,0,0,0,0,0,0,0,0,0,0,0,0,0,0,65,16,0,0,0,0,0,0,60,10,0,0,0,0,0,0,26,10,0,0,12,0,0,0,224,163,11,224,247,74,191,1,126,7,0,0,108,2,0,0,234,9,0,0,0,0,0,0,87,14,0,0,0,0,0,0,65,16,0,0,0,0,0,0,0,0,0,0,0,0,0,0,0,0,0,0,0,0,0,0,0,0,0,0,0,0,0,0,0,0,0,0,0,0,0,0,0,0,0,0,0,0,0,0,0,0,0,0,0,0,0,0,0,0,0,0,0,0,0,0,0,0,0,0,0,0,0,0,0,0,0,0,0,0,0,0,0,0,0,0,0,0,0,0,0,0,0,0,0,0,0,0,0,0,0,0,0,0,0,0,0,0,0,0,0,0,0,0,0,0,0,0,0,0,0,0,0,0,0,0,0,0,0,0,0,0,0,0,0,0,0,0
