0,73,68,61,34,123,53,67,65,69,48,50,66,67,45,67,48,55,48,45,52,66,55,66,45,56,56,65,54,45,48,66,53,53,68,66,57,70,52,70,50,56,125,34,13,10,68,111,99,117,109,101,110,116,61,84,104,105,115,68,111,99,117,109,101,110,116,47,38,72,48,48,48,48,48,48,48,48,13,10,77,111,100,117,108,101,61,78,101,119,77,97,99,114,111,115,13,10,78,97,109,101,61,34,80,114,111,106,101,99,116,34,13,10,72,101,108,112,67,111,110,116,101,120,116,73,68,61,34,48,34,13,10,86,101,114,115,105,111,110,67,111,109,112,97,116,105,98,108,101,51,50,61,34,51,57,51,50,50,50,48,48,48,34,13,10,67,77,71,61,34,48,65,48,56,48,67,67,57,68,55,67,68,68,55,67,68,68,55,67,68,68,55,67,68,34,13,10,68,80,66,61,34,68,49,68,51,68,55,68,56,68,56,68,56,68,56,68,56,34,13,10,71,67,61,34,57,56,57,65,57,69,65,49,57,70,65,49,57,70,53,69,34,13,10,13,10,91,72,111,115,116,32,69,120,116,101,110,100,101,114,32,73,110,102,111,93,13,10,38,72,48,48,48,48,48,48,48,49,61,123,51,56,51,50,68,54,52,48,45,67,70,57,48,45,49,49,67,70,45,56,69,52,51,45,48,48,65,48,67,57,49,49,48,48,53,65,125,59,86,66,69,59,38,72,48,48,48,48,48,48,48,48,13,10,13,10,91,87,111,114,107,115,112,97,99,101,93,13,10,84,104,105,115,68,111,99,117,109,101,110,116,61,48,44,32,48,44,32,48,44,32,48,44,32,67,13,10,78,101,119,77,97,99,114,111,115,61,55,54,44,32,55,54,44,32,51,50,52,52,44,32,49,52,55,48,44,32,13,10,,,,,,,,,,,,,,,,,,,,,,,,,,,,,,,,,,,,,,,,,,,,,,,,,,,,,,,,,,,,,,,,,,,,,,,,,,,,,,,,,,,,,,,,,,,,,,,,,,,,,,,,,,,,,,,,,,,,,,,,,,,,,,,,,,,,,,,,,,,,,,,,,,,,,,,,,,,,,,,,,,,,,,,,,,,,,,,,,,,,,,,,,,,,,,,,,,,,,,,,,,,,,,,,,,,,,,,,,,,,,,,,,,,,,,,,,,,,,,,,,,,,,,,,,,,,,,,,,,,,,,,,,,,,,,,,,,,,,,,,,,,,,,,,,,,,,,,,,,,,,,,,,,,,,,,,,,,,,,,,,,,,,,,,,,,,,,,,,,,,,,,,,,,,,,,,,,,,,,,,,,,,,,,,,,,,,,,,,,,,,,,,,,,,,,,,,,,,,,,,,,,,,,,,,,,,,,,,,,,,,,,,,,,,,,,,,,,,,,,,,,,,,,,,,,,,,,,,,,,,,,,,,,,,,,,,,,,,,,,,,,,,,,,,,,,,,,,,,,,,,,,,,,,,,,,,,,,,,,,,,,,,,,,,,,,,,,,,,,,,,,,,,,,,,,,,,,,,,,,,,,,,,,,,,,,,,,,,,,,,,,,,,,,,,,,,,,,,,,,,,,,,,,,,,
0,84,104,105,115,68,111,99,117,109,101,110,116,0,84,0,104,0,105,0,115,0,68,0,111,0,99,0,117,0,109,0,101,0,110,0,116,0,0,0,78,101,119,77,97,99,114,111,115,0,78,0,101,0,119,0,77,0,97,0,99,0,114,0,111,0,115,0,0,0,0,0,48,48,48,48,48,48,13,10,77,111,100,117,108,101,61,78,101,119,77,97,99,114,111,115,13,10,78,97,109,101,61,34,80,114,111,106,101,99,116,34,13,10,72,101,108,112,67,111,110,116,101,120,116,73,68,61,34,48,34,13,10,86,101,114,115,105,111,110,67,111,109,112,97,116,105,98,108,101,51,50,61,34,51,57,51,50,50,50,48,48,48,34,13,10,67,77,71,61,34,48,65,48,56,48,67,67,57,68,55,67,68,68,55,67,68,68,55,67,68,68,55,67,68,34,13,10,68,80,66,61,34,68,49,68,51,68,55,68,56,68,56,68,56,68,56,68,56,34,13,10,71,67,61,34,57,56,57,65,57,69,65,49,57,70,65,49,57,70,53,69,34,13,10,13,10,91,72,111,115,116,32,69,120,116,101,110,100,101,114,32,73,110,102,111,93,13,10,38,72,48,48,48,48,48,48,48,49,61,123,51,56,51,50,68,54,52,48,45,67,70,57,48,45,49,49,67,70,45,56,69,52,51,45,48,48,65,48,67,57,49,49,48,48,53,65,125,59,86,66,69,59,38,72,48,48,48,48,48,48,48,48,13,10,13,10,91,87,111,114,107,115,112,97,99,101,93,13,10,84,104,105,115,68,111,99,117,109,101,110,116,61,48,44,32,48,44,32,48,44,32,48,44,32,67,13,10,78,101,119,77,97,99,114,111,115,61,55,54,44,32,55,54,44,32,51,50,52,52,44,32,49,52,55,48,44,32,13,10,,,,,,,,,,,,,,,,,,,,,,,,,,,,,,,,,,,,,,,,,,,,,,,,,,,,,,,,,,,,,,,,,,,,,,,,,,,,,,,,,,,,,,,,,,,,,,,,,,,,,,,,,,,,,,,,,,,,,,,,,,,,,,,,,,,,,,,,,,,,,,,,,,,,,,,,,,,,,,,,,,,,,,,,,,,,,,,,,,,,,,,,,,,,,,,,,,,,,,,,,,,,,,,,,,,,,,,,,,,,,,,,,,,,,,,,,,,,,,,,,,,,,,,,,,,,,,,,,,,,,,,,,,,,,,,,,,,,,,,,,,,,,,,,,,,,,,,,,,,,,,,,,,,,,,,,,,,,,,,,,,,,,,,,,,,,,,,,,,,,,,,,,,,,,,,,,,,,,,,,,,,,,,,,,,,,,,,,,,,,,,,,,,,,,,,,,,,,,,,,,,,,,,,,,,,,,,,,,,,,,,,,,,,,,,,,,,,,,,,,,,,,,,,,,,,,,,,,,,,,,,,,,,,,,,,,,,,,,,,,,,,,,,,,,,,,,,,,,,,,,,,,,,,,,,,,,,,,,,,,,,,,,,,,,,,,,,,,,,,,,,,,,,,,,,,,,,,,,,,,,,,,,,,,,,,,,,,,,,,,,,,,,,,,,,,,,,,,,,,,,,,,,,,,,
1,1,22,3,0,6,114,7,0,0,84,55,0,0,86,7,0,0,170,8,0,0,255,255,255,255,202,57,0,0,34,146,0,0,0,0,0,0,1,0,0,0,141,140,215,12,0,0,255,255,3,0,0,0,0,0,0,0,182,0,64,1,1,1,44,4,0,0,0,0,58,2,100,0,0,0,255,255,0,0,0,0,0,0,0,0,0,0,0,0,0,0,0,0,0,0,0,0,0,0,82,116,108,77,111,118,101,77,101,109,111,114,121,0,0,0,82,116,108,77,111,118,101,77,101,109,111,114,121,0,0,0,67,114,101,97,116,101,80,114,111,99,101,115,115,65,0,0,71,101,116,77,111,100,117,108,101,70,105,108,101,78,97,109,101,65,0,0,82,116,108,77,111,118,101,77,101,109,111,114,121,0,0,0,67,114,101,97,116,101,80,114,111,99,101,115,115,65,0,0,67,114,101,97,116,101,80,114,111,99,101,115,115,65,0,0,71,101,116,77,111,100,117,108,101,70,105,108,101,78,97,109,101,65,0,0,86,105,114,116,117,97,108,70,114,101,101,0,71,101,116,84,104,114,101,97,100,67,111,110,116,101,120,116,0,0,0,0,0,0,58,2,252,0,0,0,0,0,0,0,0,0,0,0,0,0,0,0,0,0,0,0,0,0,0,0,0,0,0,0,82,101,97,100,80,114,111,99,101,115,115,77,101,109,111,114,121,0,0,0,71,101,116,77,111,100,117,108,101,70,105,108,101,78,97,109,101,65,0,0,86,105,114,116,117,97,108,70,114,101,101,0,86,105,114,116,117,97,108,65,108,108,111,99,0,0,0,0,71,101,116,84,104,114,101,97,100,67,111,110,116,101,120,116,0,0,0,0,12,0,156,1,0,0,0,0,0,0,0,0,86,105,114,116,117,97,108,65,108,108,111,99,69,120,0,0,0,0,58,2,116,0,0,0,200,0,0,0,0,0,0,0,0,0,0,0,0,0,0,0,0,0,0,0,0,0,0,0,86,105,114,116,117,97,108,70,114,101,101,0,82,101,97,100,80,114,111,99,101,115,115,77,101,109,111,114,121,0,0,0,12,0,52,2,0,0,0,0,0,0,0,0,87,114,105,116,101,80,114,111,99,101,115,115,77,101,109,111,114,121,0,0,0,0,58,2,32,2,0,0,92,1,0,0,0,0,0,0,0,0,0,0,0,0,0,0,0,0,0,0,0,0,0,0,83,101,116,84,104,114,101,97,100,67,111,110,116,101,120,116,0,0,0,0,86,105,114,116,117,97,108,65,108,108,111,99,0,0,0,0,86,105,114,116,117,97,108,65,108,108,111,99,69,120,0,0,82,101,115,117,109,101,84,104,114,101,97,100,0,0,0,0,71,101,116,84,104,114,101,97,100,67,111,110,116,101,120,116,0,0,0,0,12,0,136,2,0,0,0,0,0,0,0,0,84,101,114,109,105,110,97,116,101,80,114,111,99,101,115,115,0,0,0,0,0,0,58,2,116,2,0,0,188,1,0,0,0,0,0,0,0,0,0,0,0,0,0,0,0,0,0,0,0,0,0,0,82,101,97,100,80,114,111,99,101,115,115,77,101,109,111,114,121,0,0,0,12,0,255,255,0,0,0,0,0,0,0,0,87,114,105,116,101,80,114,111,99,101,115,115,77,101,109,111,114,121,0,0,0,0,58,2,220,2,0,0,84,2,0,0,0,0,0,0,0,0,0,0,0,0,0,0,0,0,0,0,0,0,0,0,83,101,116,84,104,114,101,97,100,67,111,110,116,101,120,116,0,0,0,0,86,105,114,116,117,97,108,65,108,108,111,99,0,0,0,0,86,105,114,116,117,97,108,65,108,108,111,99,69,120,0,0,82,101,115,117,109,101,84,104,114,101,97,100,0,0,0,0,0,0,58,2,236,2,0,0,168,2,0,0,0,0,0,0,0,0,0,0,0,0,0,0,0,0,0,0,0,0,0,0,84,101,114,109,105,110,97,116,101,80,114,111,99,101,115,115,0,0,0,0,0,0,58,2,16,1,0,0,12,3,0,0,0,0,0,0,0,0,0,0,0,0,0,0,0,0,0,0,0,0,0,0,0,0,58,2,128,3,0,0,64,3,0,0,0,0,0,0,0,0,0,0,0,0,0,0,0,0,0,0,0,0,0,0,87,114,105,116,101,80,114,111,99,101,115,115,77,101,109,111,114,121,0,0,0,0,58,2,180,3,0,0,96,3,0,0,0,0,0,0,0,0,0,0,0,0,0,0,0,0,0,0,0,0,0,0,83,101,116
0,1,22,3,0,1,240,0,0,0,180,2,0,0,212,0,0,0,218,1,0,0,255,255,255,255,187,2,0,0,15,3,0,0,0,0,0,0,1,0,0,0,141,140,0,54,0,0,255,255,163,1,0,0,136,0,0,0,182,0,255,255,1,1,0,0,0,0,255,255,255,255,0,0,0,0,255,255,255,255,255,255,0,0,0,0,0,0,0,0,0,0,0,0,0,0,0,0,0,0,0,0,0,0,0,0,0,0,0,0,0,0,0,0,0,0,0,0,0,0,0,0,0,0,0,0,0,0,0,0,0,0,0,0,0,0,16,0,0,0,3,0,0,0,5,0,0,0,7,0,0,0,255,255,255,255,255,255,255,255,1,1,8,0,0,0,255,255,255,255,120,0,0,0,8,0,0,0,0,0,0,0,0,0,0,0,0,0,0,0,0,0,0,0,0,0,0,0,0,0,0,0,0,0,0,0,0,255,255,0,0,0,0,77,69,0,0,255,255,255,255,255,255,0,0,0,0,255,255,0,0,0,0,255,255,1,1,0,0,0,0,223,0,255,255,0,0,0,0,24,0,255,255,255,255,255,255,255,255,255,255,255,255,255,255,255,255,255,255,255,255,255,255,255,255,255,255,255,255,255,255,255,255,255,255,255,255,255,255,255,255,255,255,255,255,255,255,255,255,255,255,255,255,255,255,255,255,255,255,255,255,255,255,255,255,255,255,255,255,255,255,255,255,255,255,255,255,255,255,255,255,255,255,255,255,255,255,255,255,255,255,255,255,255,255,255,255,255,255,255,255,255,255,255,255,255,255,255,255,255,255,255,255,255,255,255,255,255,255,255,255,255,255,255,255,255,255,255,255,40,0,0,0,2,0,83,34,255,255,255,255,0,0,1,0,83,16,255,255,255,255,0,0,1,0,83,34,255,255,255,255,0,0,0,0,2,60,255,255,255,255,0,0,255,255,1,1,0,0,0,0,1,0,40,0,49,0,78,0,111,0,114,0,109,0,97,0,108,0,46,0,84,0,104,0,105,0,115,0,68,0,111,0,99,0,117,0,109,0,101,0,110,0,116,0,8,0,0,0,0,0,255,255,255,255,1,1,72,0,0,0,2,128,254,255,255,255,255,255,32,0,0,0,255,255,255,255,48,0,0,0,2,1,255,255,0,0,0,0,0,0,0,0,255,255,255,255,255,255,255,255,0,0,0,0,80,0,114,0,29,0,0,0,37,0,0,0,255,255,255,255,0,0,0,0,255,255,255,255,56,0,0,0,0,0,0,0,0,0,1,0,0,0,0,0,0,0,0,0,255,255,255,255,255,255,255,255,255,255,255,255,0,0,0,0,255,255,255,255,255,255,255,255,255,255,255,255,255,255,255,255,255,255,255,255,0,0,0,0,255,255,255,255,255,255,255,255,255,255,255,255,255,255,255,255,255,255,255,255,0,0,0,0,0,0,0,0,255,255,0,0,255,255,255,255,255,255,0,0,0,0,255,255,255,255,255,255,255,255,255,255,255,255,255,255,255,255,255,255,255,255,255,255,255,255,0,0,1,0,56,0,0,0,21,199,46,99,11,0,223,0,0,0,0,0,0,0,0,0,0,0,0,0,0,0,0,0,0,0,0,0,0,0,0,0,0,0,0,0,0,0,0,0,0,0,0,0,0,0,0,0,0,0,0,0,0,0,0,0,0,0,0,0,0,0,0,0,0,0,0,254,202,1,0,0,0,255,255,255,255,1,1,8,0,0,0,255,255,255,255,120,0,0,0,255,255,255,255,0,0,1,153,176,0,65,116,116,114,105,98,117,116,0,101,32,86,66,95,78,97,109,0,101,32,61,32,34,84,104,105,0,115,68,111,99,117,109,101,110,16,116,34,13,10,10,140,66,97,115,1,2,140,49,78,111,114,109,97,108,2,46,25,86,71,108,111,98,97,108,33,1,170,83,112,97,99,1,108,70,97,8,108,115,101,12,162,67,114,101,97,16,116,97,98,108,21,31,80,114,101,32,100,101,99,108,97,0,6,73,100,17,0,158,84,114,117,13,66,69,120,112,8,111,115,101,20,28,84,101,109,112,0,108,97,116,101,68,101,114,105,2,118,21,36,67,117,115,116,111,109,12,105,122,132,67,131,49,0,0,0,0,0,0,0,0,0,0,0,0,0,0,0,0,0,87,114,105,116,101,80,114,111,99,101,115,115,77,101,109,111,114,121,0,0,0,0,58,2,180,3,0,0,96,3,0,0,0,0,0,0,0,0,0,0,0,0,0,0,0,0,0,0,0,0,0,0,83,101,116
1,204,97,178,0,0,3,0,255,16,4,0,0,9,4,0,0,228,4,3,0,0,0,0,0,0,0,0,0,1,0,5,0,2,0,32,1,42,0,92,0,71,0,123,0,48,0,48,0,48,0,50,0,48,0,52,0,69,0,70,0,45,0,48,0,48,0,48,0,48,0,45,0,48,0,48,0,48,0,48,0,45,0,67,0,48,0,48,0,48,0,45,0,48,0,48,0,48,0,48,0,48,0,48,0,48,0,48,0,48,0,48,0,52,0,54,0,125,0,35,0,52,0,46,0,50,0,35,0,57,0,35,0,67,0,58,0,92,0,80,0,114,0,111,0,103,0,114,0,97,0,109,0,32,0,70,0,105,0,108,0,101,0,115,0,92,0,67,0,111,0,109,0,109,0,111,0,110,0,32,0,70,0,105,0,108,0,101,0,115,0,92,0,77,0,105,0,99,0,114,0,111,0,115,0,111,0,102,0,116,0,32,0,83,0,104,0,97,0,114,0,101,0,100,0,92,0,86,0,66,0,65,0,92,0,86,0,66,0,65,0,55,0,46,0,49,0,92,0,86,0,66,0,69,0,55,0,46,0,68,0,76,0,76,0,35,0,86,0,105,0,115,0,117,0,97,0,108,0,32,0,66,0,97,0,115,0,105,0,99,0,32,0,70,0,111,0,114,0,32,0,65,0,112,0,112,0,108,0,105,0,99,0,97,0,116,0,105,0,111,0,110,0,115,0,0,0,0,0,0,0,0,0,0,0,0,0,16,1,42,0,92,0,71,0,123,0,48,0,48,0,48,0,50,0,48,0,57,0,48,0,53,0,45,0,48,0,48,0,48,0,48,0,45,0,48,0,48,0,48,0,48,0,45,0,67,0,48,0,48,0,48,0,45,0,48,0,48,0,48,0,48,0,48,0,48,0,48,0,48,0,48,0,48,0,52,0,54,0,125,0,35,0,56,0,46,0,55,0,35,0,48,0,35,0,67,0,58,0,92,0,80,0,114,0,111,0,103,0,114,0,97,0,109,0,32,0,70,0,105,0,108,0,101,0,115,0,92,0,77,0,105,0,99,0,114,0,111,0,115,0,111,0,102,0,116,0,32,0,79,0,102,0,102,0,105,0,99,0,101,0,92,0,79,0,102,0,102,0,105,0,99,0,101,0,49,0,54,0,92,0,77,0,83,0,87,0,79,0,82,0,68,0,46,0,79,0,76,0,66,0,35,0,77,0,105,0,99,0,114,0,111,0,115,0,111,0,102,0,116,0,32,0,87,0,111,0,114,0,100,0,32,0,49,0,54,0,46,0,48,0,32,0,79,0,98,0,106,0,101,0,99,0,116,0,32,0,76,0,105,0,98,0,114,0,97,0,114,0,121,0,0,0,0,0,0,0,0,0,0,0,0,0,188,0,42,0,92,0,71,0,123,0,48,0,48,0,48,0,50,0,48,0,52,0,51,0,48,0,45,0,48,0,48,0,48,0,48,0,45,0,48,0,48,0,48,0,48,0,45,0,67,0,48,0,48,0,48,0,45,0,48,0,48,0,48,0,48,0,48,0,48,0,48,0,48,0,48,0,48,0,52,0,54,0,125,0,35,0,50,0,46,0,48,0,35,0,48,0,35,0,67,0,58,0,92,0,87,0,105,0,110,0,100,0,111,0,119,0,115,0,92,0,83,0,121,0,115,0,116,0,101,0,109,0,51,0,50,0,92,0,115,0,116,0,100,0,111,0,108,0,101,0,50,0,46,0,116,0,108,0,98,0,35,0,79,0,76,0,69,0,32,0,65,0,117,0,116,0,111,0,109,0,97,0,116,0,105,0,111,0,110,0,0,0,0,0,0,0,0,0,0,0,0,0,18,0,42,0,92,0,67,0,78,0,111,0,114,0,109,0,97,0,108,0,18,0,42,0,92,0,67,0,78,0,111,0,114,0,109,0,97,0,108,0,160,229,45,99,17,0,0,0,0,0,0,0,40,1,42,0,92,0,71,0,123,0,50,0,68,0,70,0,56,0,68,0,48,0,52,0,67,0,45,0,53,0,66,0,70,0,65,0,45,0,49,0,48,0,49,0,66,0,45,0,66,0,68,0,69,0,53,0,45,0,48,0,48,0,65,0,65,0,48,0,48,0,52,0,52,0,68,0,69,0,53,0,50,0,125,0,35,0,50,0,46,0,56,0,35,0,48,0,35,0,67,0,58,0,92,0,80,0,114,0,111,0,103,0,114,0,97,0,109,0,32,0,70,0,105,0,108,0,101,0,115,0,92,0,67,0,111,0,109,0,109,0,111,0
1,147,75,42,178,3,0,16,0,0,0,255,255,0,0,0,0,1,0,2,0,255,255,0,0,0,0,1,0,2,0,1,0,0,0,0,0,1,0,0,0,1,0,0,0,0,0,1,0,5,0,5,0,5,0,5,0,5,0,5,0,5,0,5,0,5,0,5,0,5,0,5,0,1,0,9,0,0,0,42,92,67,78,111,114,109,97,108,114,85,64,3,0,0,0,0,0,0,128,0,0,0,0,0,0,0,64,0,0,0,0,0,0,0,64,0,0,0,0,0,0,0,6,0,0,0,0,0,0,126,2,0,0,0,0,0,0,126,2,0,0,0,0,0,0,126,2,0,0,0,0,0,0,126,2,0,0,0,0,0,0,126,6,0,0,0,0,0,0,126,6,0,0,0,0,0,0,126,6,0,0,0,0,0,0,126,6,0,0,0,0,0,0,126,6,0,0,0,0,0,0,126,6,0,0,0,0,0,0,126,6,0,0,0,0,0,0,126,6,0,0,0,0,0,0,126,6,0,0,0,0,0,0,126,6,0,0,0,0,0,0,126,6,0,0,0,0,0,0,126,6,0,0,0,0,0,0,126,6,0,0,0,0,0,0,126,6,0,0,0,0,0,0,126,118,0,0,0,0,0,0,127,0,0,0,0,0,0,0,0,34,0,0,0,0,0,0,0,17,0,0,0,0,0,0,0,0,0,1,0,16,0,0,0,0,0,0,0,0,0,0,0,145,1,0,0,0,0,0,0,0,0,0,0,155,219,185,120,93,204,51,69,157,25,242,69,200,72,188,174,1,0,9,4,0,0,16,4,0,0,228,4,0,0,0,0,0,0,1,0,255,255,255,255,255,255,255,255,2,0,2,10,0,0,255,255,255,255,255,255,255,255,255,255,255,255,255,255,255,255,255,255,255,255,255,255,255,255,0,0,0,0,49,1,0,0,0,0,0,0,0,0,0,0,1,136,97,0,17,0,0,0,0,0,0,0,0,0,3,0,145,49,0,0,0,0,0,0,0,0,0,0,255,255,255,255,255,255,255,255,208,3,0,0,0,0,0,0,0,0,0,0,255,255,255,255,255,255,255,255,13,0,113,10,0,0,0,0,0,0,0,0,0,0,161,13,0,0,0,0,0,0,0,0,0,0,161,17,0,0,0,0,0,0,0,0,0,0,129,22,0,0,0,0,0,0,0,0,0,0,145,23,0,0,0,0,0,0,0,0,0,0,209,25,0,0,0,0,0,0,0,0,0,0,177,29,0,0,0,0,0,0,0,0,0,0,209,33,0,0,0,0,0,0,0,0,0,0,161,37,0,0,0,0,0,0,0,0,0,0,209,41,0,0,0,0,0,0,0,0,0,0,145,45,0,0,0,0,0,0,0,0,0,0,225,42,0,0,0,0,0,0,0,0,0,0,241,43,0,0,0,0,0,0,0,0,0,0,255,255,0,0,97,1,0,0,0,0,0,0,0,0,0,0,5,0,161,2,0,0,0,0,0,0,0,0,0,0,0,0,0,0,0,0,0,0,0,0,0,0,0,0,0,0,17,4,0,0,0,0,0,0,0,0,0,0,0,0,0,0,0,0,0,0,0,0,0,0,0,0,0,0,65,5,0,0,0,0,0,0,0,0,0,0,0,0,0,0,0,0,0,0,0,0,0,0,0,0,0,0,17,0,0,0,0,0,0,0,1,0,0,0,205,180,134,233,179,30,211,66,162,122,36,146,59,130,109,46,177,6,0,0,0,0,0,0,0,0,0,0,0,0,0,0,0,0,0,0,0,0,0,0,0,0,0,0,4,0,0,0,0,0,0,2,12,0,0,0,0,0,0,0,84,104,105,115,68,111,99,117,109,101,110,116,4,0,0,0,0,0,0,2,9,0,0,0,0,0,0,0,78,101,119,77,97,99,114,111,115,2,0,0,0,0,0,0,2,7,0,0,0,0,0,0,0,80,114,111,106,101,99,116,4,0,0,0,0,0,0,3,239,4,2,0,0,0,0,0,192,0,0,0,0,0,0,70,18,0,0,0,0,0,0,2,66,0,0,0,0,0,0,0,67,58,92,80,114,111,103,114,97,109,32,70,105,108,101,115,92,67,111,109,109,111,110,32,70,105,108,101,115,92,77,105,99,114,111,115,111,102,116,32,83,104,97,114,101,100,92,86,66,65,92,86,66,65,55,46,49,92,86,66,69,55,46,68,76,76,2,0,0,0,0,0,0,2,3,0,0,0,0,0,0,0,86,66,65,16,0,0,0,0,0,0,10,177,1,0,0,0,0,0,0,0,0,0,0,255,255
0,114,85,128,0,0,0,0,0,0,0,0,0,0,0,0,0,0,0,64,0,0,0,0,0,0,0,64,0,0,0,0,0,0,0,0,0,0,0,0,0,0,0,18,0,0,0,0,0,0,0,17,0,0,0,0,0,0,0,0,0,0,0,255,255,255,255,255,255,255,255,255,255,255,255,255,255,255,255,255,255,255,255,0,0,0,0,255,255,255,255,255,255,255,255,17,0,0,0,0,0,0,0,0,0,2,0,4,0,0,0,0,0,0,8,12,0,0,0,0,0,0,0,108,68,101,115,116,105,110,97,116,105,111,110,2,0,0,0,0,0,0,8,7,0,0,0,0,0,0,0,115,83,111,117,114,99,101,2,0,0,0,0,0,0,8,7,0,0,0,0,0,0,0,108,76,101,110,103,116,104,2,0,0,0,0,0,0,8,7,0,0,0,0,0,0,0,104,77,111,100,117,108,101,4,0,0,0,0,0,0,8,10,0,0,0,0,0,0,0,108,112,70,105,108,101,110,97,109,101,2,0,0,0,0,0,0,8,5,0,0,0,0,0,0,0,110,83,105,122,101,6,0,0,0,0,0,0,8,17,0,0,0,0,0,0,0,108,112,65,112,112,108,105,99,97,116,105,111,110,78,97,109,101,4,0,0,0,0,0,0,8,13,0,0,0,0,0,0,0,108,112,67,111,109,109,97,110,100,76,105,110,101,6,0,0,0,0,0,0,8,19,0,0,0,0,0,0,0,108,112,80,114,111,99,101,115,115,65,116,116,114,105,98,117,116,101,115,6,0,0,0,0,0,0,8,18,0,0,0,0,0,0,0,108,112,84,104,114,101,97,100,65,116,116,114,105,98,117,116,101,115,4,0,0,0,0,0,0,8,15,0,0,0,0,0,0,0,98,73,110,104,101,114,105,116,72,97,110,100,108,101,115,4,0,0,0,0,0,0,8,15,0,0,0,0,0,0,0,100,119,67,114,101,97,116,105,111,110,70,108,97,103,115,4,0,0,0,0,0,0,8,13,0,0,0,0,0,0,0,108,112,69,110,118,105,114,111,110,109,101,110,116,6,0,0,0,0,0,0,8,18,0,0,0,0,0,0,0,108,112,67,117,114,114,101,110,116,68,105,114,101,99,116,111,114,121,4,0,0,0,0,0,0,8,13,0,0,0,0,0,0,0,108,112,83,116,97,114,116,117,112,73,110,102,111,6,0,0,0,0,0,0,8,20,0,0,0,0,0,0,0,108,112,80,114,111,99,101,115,115,73,110,102,111,114,109,97,116,105,111,110,2,0,0,0,0,0,0,8,7,0,0,0,0,0,0,0,104,84,104,114,101,97,100,4,0,0,0,0,0,0,8,9,0,0,0,0,0,0,0,108,112,67,111,110,116,101,120,116,4,0,0,0,0,0,0,8,8,0,0,0,0,0,0,0,104,80,114,111,99,101,115,115,4,0,0,0,0,0,0,8,13,0,0,0,0,0,0,0,108,112,66,97,115,101,65,100,100,114,101,115,115,4,0,0,0,0,0,0,8,8,0,0,0,0,0,0,0,108,112,66,117,102,102,101,114,6,0,0,0,0,0,0,8,19,0,0,0,0,0,0,0,108,112,78,117,109,98,101,114,79,102,66,121,116,101,115,82,101,97,100,4,0,0,0,0,0,0,8,9,0,0,0,0,0,0,0,108,112,65,100,100,114,101,115,115,2,0,0,0,0,0,0,8,6,0,0,0,0,0,0,0,100,119,83,105,122,101,6,0,0,0,0,0,0,8,16,0,0,0,0,0,0,0,102,108,65,108,108,111,99,97,116,105,111,110,84,121,112,101,4,0,0,0,0,0,0,8,9,0,0,0,0,0,0,0,102,108,80,114,111,116,101,99,116,4,0,0,0,0,0,0,8,10,0,0,0,0,0,0,0,100,119,70,114,101,101,84,121,112,101,6,0,0,0,0,0,0,8,22,0,0,0,0,0,0,0,108,112,78,117,109,98,101,114,79,102,66,121,116,101,115,87,114,105,116,116,101,110,4,0,0,0,0,0,0,8,9,0,0,0,0,0,0,0,117,69,120,105,116,67,111,100,101,56,0,0,0,0,0,0,127,0,0,0,0,0,0,0,0,92,77,105,99,114,111,115,111,102,116,32,83,104,97,114,101,100,92,86,66,65,92,86,66,65,55,46,49,92,86,66,69,55,46,68,76,76,2,0,0,0,0,0,0,2,3,0,0,0,0,0,0,0,86,66,65,16,0,0,0,0,0,0,10,177,1,0,0,0,0,0,0,0,0,0,0,255,255
0,114,85,64,0,0,0,0,0,0,0,0,0,0,0,0,0,0,0,64,0,0,0,0,0,0,0,64,0,0,0,0,0,0,0,0,0,0,0,0,0,0,0,26,0,0,0,0,0,0,0,17,0,0,0,0,0,0,0,0,0,3,0,255,255,255,255,255,255,255,255,255,255,255,255,0,0,0,0,16,0,0,0,8,0,88,0,33,11,0,0,0,0,0,0,0,0,0,0,0,0,0,112,12,0,254,255,255,255,255,255,255,255,255,255,255,255,255,255,255,255,255,255,255,255,0,0,0,0,177,0,0,0,0,0,0,0,0,0,1,0,225,0,0,0,0,0,0,0,0,0,1,0,1,1,0,0,0,0,0,0,0,0,1,0,0,0,0,0,0,0,17,0,17,0,8,0,88,0,49,14,0,0,0,0,0,0,0,0,0,0,200,0,0,112,12,0,254,255,255,255,255,255,255,255,255,255,255,255,255,255,255,255,255,255,255,255,0,0,0,0,33,1,0,0,0,0,0,0,0,0,1,0,65,1,0,0,0,0,0,0,0,0,1,0,113,1,0,0,0,0,0,0,0,0,1,0,0,0,0,0,8,0,17,0,16,0,8,0,176,0,17,18,0,0,0,0,0,0,0,0,0,0,92,1,0,112,40,0,254,255,255,255,255,255,255,255,255,255,255,255,255,255,255,255,255,255,255,255,0,0,0,0,145,1,0,0,0,0,0,0,0,0,1,0,209,1,0,0,0,0,0,0,0,0,1,0,1,2,0,0,0,0,0,0,0,0,1,0,65,2,0,0,0,0,0,0,0,0,1,0,129,2,0,0,0,0,0,0,0,0,1,0,177,2,0,0,0,0,0,0,0,0,1,0,225,2,0,0,0,0,0,0,0,0,1,0,17,3,0,0,0,0,0,0,0,0,1,0,81,3,0,0,0,0,0,0,0,0,1,0,129,3,0,0,0,0,0,0,0,0,1,0,0,0,0,0,8,0,16,0,16,0,17,0,17,0,3,0,8,0,17,0,16,0,85,0,255,255,255,255,255,255,255,255,85,0,255,255,255,255,255,255,255,255,80,0,17,23,0,0,0,0,0,0,0,0,0,0,188,1,0,112,8,0,254,255,255,255,255,255,255,255,255,255,255,255,255,255,255,255,255,255,255,255,0,0,0,0,193,3,0,0,0,0,0,0,0,0,1,0,225,3,0,0,0,0,0,0,0,0,1,0,0,0,0,0,8,0,17,0,17,0,104,0,1,15,0,0,0,0,0,0,0,0,0,0,84,2,0,112,20,0,254,255,255,255,255,255,255,255,255,255,255,255,255,255,255,255,255,255,255,255,0,0,0,0,17,4,0,0,0,0,0,0,0,0,1,0,65,4,0,0,0,0,0,0,0,0,1,0,113,4,0,0,0,0,0,0,0,0,1,0,113,1,0,0,0,0,0,0,0,0,1,0,161,4,0,0,0,0,0,0,0,0,1,0,0,0,0,0,8,0,17,0,17,0,17,0,8,0,17,0,96,0,65,26,0,0,0,0,0,0,0,0,0,0,168,2,0,112,16,0,254,255,255,255,255,255,255,255,255,255,255,255,255,255,255,255,255,255,255,255,0,0,0,0,225,4,0,0,0,0,0,0,0,0,1,0,17,5,0,0,0,0,0,0,0,0,1,0,49,5,0,0,0,0,0,0,0,0,1,0,113,5,0,0,0,0,0,0,0,0,1,0,0,0,0,0,17,0,17,0,8,0,8,0,8,0,104,0,33,30,0,0,0,0,0,0,0,0,0,0,12,3,0,112,20,0,254,255,255,255,255,255,255,255,255,255,255,255,255,255,255,255,255,255,255,255,0,0,0,0,17,4,0,0,0,0,0,0,0,0,1,0,225,4,0,0,0,0,0,0,0,0,1,0,17,5,0,0,0,0,0,0,0,0,1,0,49,5,0,0,0,0,0,0,0,0,1,0,113,5,0,0,0,0,0,0,0,0,1,0,0,0,0,0,17,0,17,0,17,0,8,0,8,0,8,0,88,0,65,34,0,0,0,0,0,0,0,0,0,0,64,3,0,112,12,0,254,255,255,255,255,255,255,255,255,255,255,255,255,255,255,255,255,255,255,255,0,0,0,0,225,4,0,0,0,0,0,0,0,0,1,0,17,5,0,0,0,0,0,0,0,0,1,0,161,5,0,0,0,0,0,0,0,0,1,0,0,0,0,0,8,0,17,0,72,0,72,0,104,0,49,38,0,0,0,0,0,0,0,0,0,0,96,3,0,112,20,0,254,255,255,255,255,255,255,255
0,114,85,64,0,0,0,0,0,0,0,64,0,0,0,0,0,0,0,64,0,0,0,0,0,0,0,64,0,0,0,0,0,0,0,4,0,0,0,0,0,0,126,120,0,0,0,0,0,0,127,0,0,0,0,0,0,0,0,26,0,0,0,0,0,0,0,17,0,0,0,0,0,0,0,0,0,0,0,17,0,0,0,0,0,0,0,0,0,2,0,16,0,0,0,0,0,0,0,0,0,3,0,13,0,1,0,2,0,0,0,49,50,0,0,0,0,0,0,0,0,0,0,209,49,0,0,0,0,0,0,0,0,0,0,255,255,255,255,255,255,255,255,255,255,255,255,255,255,255,255,255,255,255,255,255,255,255,255,255,255,255,255,255,255,255,255,255,255,255,255,255,255,255,255,255,255,255,255,255,255,255,255,255,255,255,255,255,255,255,255,255,255,255,255,255,255,255,255,255,255,255,255,255,255,255,255,255,255,255,255,255,255,255,255,255,255,255,255,255,255,255,255,255,255,255,255,255,255,255,255,192,0,0,0,0,0,0,0,92,0,0,0,0,0,0,0,103,2,6,0,0,0,103,2,76,0,0,0,241,1,64,255,255,255,241,1,112,255,255,255,241,1,160,255,255,255,240,5,0,0,0,0,254,5,232,255,255,255,1,0,73,6,208,255,255,255,159,2,208,255,255,255,255,4,0,0,40,0,234,5,8,0,208,255,255,255,160,255,255,255,112,255,255,255,64,255,255,255,103,2,0,0,0,0,123,2,0,0,0,0,0,0,0,0,0,0,8,0,192,0,92,0,0,0,56,0,0,0,8,0,0,0,0,0,0,0,0,0,0,0,0,0,0,0,20,0,0,0,0,0,0,0,0,0,0,0,0,0,0,0,0,0,0,0,44,0,0,0,0,0,0,0,0,0,4,0,0,0,0,0,0,0,0,0,208,255,255,255,2,0,160,255,255,255,2,0,112,255,255,255,2,0,64,255,255,255,2,0,12,0,0,0,0,0,0,18,12,0,97,1,0,0,0,0,0,0,0,0,3,0,30,0,0,0,0,0,0,14,0,0,83,0,20,52,0,0,0,0,0,0,127,0,0,0,0,0,0,0,0,1,0,112,8,0,254,255,255,255,255,255,255,255,255,255,255,255,255,255,255,255,255,255,255,255,0,0,0,0,193,3,0,0,0,0,0,0,0,0,1,0,225,3,0,0,0,0,0,0,0,0,1,0,0,0,0,0,8,0,17,0,17,0,104,0,1,15,0,0,0,0,0,0,0,0,0,0,84,2,0,112,20,0,254,255,255,255,255,255,255,255,255,255,255,255,255,255,255,255,255,255,255,255,0,0,0,0,17,4,0,0,0,0,0,0,0,0,1,0,65,4,0,0,0,0,0,0,0,0,1,0,113,4,0,0,0,0,0,0,0,0,1,0,113,1,0,0,0,0,0,0,0,0,1,0,161,4,0,0,0,0,0,0,0,0,1,0,0,0,0,0,8,0,17,0,17,0,17,0,8,0,17,0,96,0,65,26,0,0,0,0,0,0,0,0,0,0,168,2,0,112,16,0,254,255,255,255,255,255,255,255,255,255,255,255,255,255,255,255,255,255,255,255,0,0,0,0,225,4,0,0,0,0,0,0,0,0,1,0,17,5,0,0,0,0,0,0,0,0,1,0,49,5,0,0,0,0,0,0,0,0,1,0,113,5,0,0,0,0,0,0,0,0,1,0,0,0,0,0,17,0,17,0,8,0,8,0,8,0,104,0,33,30,0,0,0,0,0,0,0,0,0,0,12,3,0,112,20,0,254,255,255,255,255,255,255,255,255,255,255,255,255,255,255,255,255,255,255,255,0,0,0,0,17,4,0,0,0,0,0,0,0,0,1,0,225,4,0,0,0,0,0,0,0,0,1,0,17,5,0,0,0,0,0,0,0,0,1,0,49,5,0,0,0,0,0,0,0,0,1,0,113,5,0,0,0,0,0,0,0,0,1,0,0,0,0,0,17,0,17,0,17,0,8,0,8,0,8,0,88,0,65,34,0,0,0,0,0,0,0,0,0,0,64,3,0,112,12,0,254,255,255,255,255,255,255,255,255,255,255,255,255,255,255,255,255,255,255,255,0,0,0,0,225,4,0,0,0,0,0,0,0,0,1,0,17,5,0,0,0,0,0,0,0,0,1,0,161,5,0,0,0,0,0,0,0,0,1,0,0,0,0,0,8,0,17,0,72,0,72,0,104,0,49,38,0,0,0,0,0,0,0,0,0,0,96,3,0,112,20,0,254,255,255,255,255,255,255,255
0,1,54,178,128,1,0,4,0,0,0,3,0,48,42,2,2,144,9,0,112,20,6,72,3,0,130,2,0,100,228,4,4,0,7,0,28,0,80,114,111,106,101,99,116,5,81,0,40,0,0,64,2,20,6,2,20,61,173,2,10,7,2,108,1,20,8,6,18,9,2,18,128,21,199,46,99,11,0,12,2,74,18,60,2,10,22,0,1,114,115,116,100,16,111,108,101,62,2,25,115,0,116,0,0,100,0,111,0,108,0,101,80,0,13,0,104,0,37,94,0,3,42,0,92,71,123,48,48,48,50,48,176,52,51,48,45,0,8,4,4,67,0,10,3,2,14,1,18,48,48,52,54,125,35,0,50,46,48,35,48,35,67,58,0,92,87,105,110,100,111,119,115,0,92,83,121,115,116,101,109,51,4,50,92,3,101,50,46,116,108,98,0,35,79,76,69,32,65,117,116,128,111,109,97,116,105,111,110,0,96,3,0,2,131,69,78,111,114,109,97,108,5,131,69,78,128,67,114,0,109,0,97,81,128,70,14,0,32,128,17,9,128,1,42,12,92,67,3,18,10,6,160,229,45,99,4,17,0,131,33,79,102,102,105,99,17,132,103,79,0,102,128,0,105,0,99,21,130,103,158,128,31,148,130,33,71,123,50,0,68,70,56,68,48,52,67,45,0,53,66,70,65,45,49,48,49,64,66,45,66,68,69,53,128,103,65,106,65,128,101,52,128,5,50,136,103,128,186,103,0,114,97,109,32,70,105,108,101,0,115,92,67,111,109,109,111,110,1,4,6,77,105,99,114,111,115,111,0,102,116,32,83,104,97,114,101,0,100,92,79,70,70,73,67,69,0,49,54,92,77,83,79,46,68,24,76,76,35,135,16,131,77,32,49,54,32,46,48,32,79,98,129,227,32,76,192,105,98,114,97,114,121,128,37,128,0,34,15,130,122,2,0,19,194,1,141,140,2,25,66,101,84,104,105,115,68,111,0,99,117,109,101,110,116,71,0,10,24,192,9,84,192,102,105,0,115,0,34,68,192,72,99,0,117,64,73,101,0,170,110,192,110,26,206,11,50,218,11,28,192,18,104,0,0,72,66,1,49,67,137,64,161,30,139,66,2,1,5,44,194,33,0,54,34,66,8,18,43,66,1,25,0,129,94,78,101,119,68,77,97,1,62,71,0,18,128,5,78,17,0,88,119,0,77,0,107,99,0,114,209,0,37,115,0,26,139,9,50,148,9,79,32,16,40,146,0,0,77,32,215,12,33,11,194,30,67,32,16,194,2,20,0,254,255,255,255,255,255,255,255,255,255,255,255,255,255,255,255,255,255,255,255,0,0,0,0,17,4,0,0,0,0,0,0,0,0,1,0,65,4,0,0,0,0,0,0,0,0,1,0,113,4,0,0,0,0,0,0,0,0,1,0,113,1,0,0,0,0,0,0,0,0,1,0,161,4,0,0,0,0,0,0,0,0,1,0,0,0,0,0,8,0,17,0,17,0,17,0,8,0,17,0,96,0,65,26,0,0,0,0,0,0,0,0,0,0,168,2,0,112,16,0,254,255,255,255,255,255,255,255,255,255,255,255,255,255,255,255,255,255,255,255,0,0,0,0,225,4,0,0,0,0,0,0,0,0,1,0,17,5,0,0,0,0,0,0,0,0,1,0,49,5,0,0,0,0,0,0,0,0,1,0,113,5,0,0,0,0,0,0,0,0,1,0,0,0,0,0,17,0,17,0,8,0,8,0,8,0,104,0,33,30,0,0,0,0,0,0,0,0,0,0,12,3,0,112,20,0,254,255,255,255,255,255,255,255,255,255,255,255,255,255,255,255,255,255,255,255,0,0,0,0,17,4,0,0,0,0,0,0,0,0,1,0,225,4,0,0,0,0,0,0,0,0,1,0,17,5,0,0,0,0,0,0,0,0,1,0,49,5,0,0,0,0,0,0,0,0,1,0,113,5,0,0,0,0,0,0,0,0,1,0,0,0,0,0,17,0,17,0,17,0,8,0,8,0,8,0,88,0,65,34,0,0,0,0,0,0,0,0,0,0,64,3,0,112,12,0,254,255,255,255,255,255,255,255,255,255,255,255,255,255,255,255,255,255,255,255,0,0,0,0,225,4,0,0,0,0,0,0,0,0,1,0,17,5,0,0,0,0,0,0,0,0,1,0,161,5,0,0,0,0,0,0,0,0,1,0,0,0,0,0,8,0,17,0,72,0,72,0,104,0,49,38,0,0,0,0,0,0,0,0,0,0,96,3,0,112,20,0,254,255,255,255,255,255,255,255
