0,1,0,254,255,3,10,0,0,255,255,255,255,6,9,2,0,0,0,0,0,192,0,0,0,0,0,0,70,25,0,0,0,68,111,99,117,109,101,110,116,111,32,77,105,99,114,111,115,111,102,116,32,87,111,114,100,0,10,0,0,0,77,83,87,111,114,100,68,111,99,0,16,0,0,0,87,111,114,100,46,68,111,99,117,109,101,110,116,46,56,0,244,57,178,113,0,0,0,0,0,0,0,0,0,0,0,0,,,,,,,,,,,,,,,,,,,,,,,,,,,,,,,,,,,,,,,,,,,,,,,,,,,,,,,,,,,,,,,,,,,,,,,,,,,,,,,,,,,,,,,,,,,,,,,,,,,,,,,,,,,,,,,,,,,,,,,,,,,,,,,,,,,,,,,,,,,,,,,,,,,,,,,,,,,,,,,,,,,,,,,,,,,,,,,,,,,,,,,,,,,,,,,,,,,,,,,,,,,,,,,,,,,,,,,,,,,,,,,,,,,,,,,,,,,,,,,,,,,,,,,,,,,,,,,,,,,,,,,,,,,,,,,,,,,,,,,,,,,,,,,,,,,,,,,,,,,,,,,,,,,,,,,,,,,,,,,,,,,,,,,,,,,,,,,,,,,,,,,,,,,,,,,,,,,,,,,,,,,,,,,,,,,,,,,,,,,,,,,,,,,,,,,,,,,,,,,,,,,,,,,,,,,,,,,,,,,,,,,,,,,,,,,,,,,,,,,,,,,,,,,,,,,,,,,,,,,,,,,,,,,,,,,,,,,,,,,,,,,,,,,,,,,,,,,,,,,,,,,,,,,,,,,,,,,,,,,,,,,,,,,,,,,,,,,,,,,,,,,,,,,,,,,,,,,,,,,,,,,,,,,,,,,,,,,,,,,,,,,,,,,,,,,,,,,,,,,,,,,,,,,,,,,,,,,,,,,,,,,,,,,,,,,,,,,,,,,,,,,,,,,,,,,,,,,,,,,,,,,,,,,,,,,,,,,,,,,,,,,,,,,,,,,,,,,,,,,,,,,,,,,,,,,,,,,,,,,,,,,,,,,,,,,,,,,,,,,,,,,,,,,,,,,,,,,,,,,,,,,,,,,,,,,,,,,,,,,,,,,,,,,,,,,,,,,,,,,,,,,,,,,,,,,,,,,,,,,,,,,,,,,,,,,,,,,,,,,,,,,,,,,,,,,,,,,,,,,,,,,,,,,,,,,,,,,,,,,,,,,,,,,,,,,,,,,,,,,,,,,,,,,,,,,
0,254,255,0,0,4,10,2,0,0,0,0,0,0,0,0,0,0,0,0,0,0,0,0,0,2,0,0,0,2,213,205,213,156,46,27,16,147,151,8,0,43,44,249,174,68,0,0,0,5,213,205,213,156,46,27,16,147,151,8,0,43,44,249,174,112,1,0,0,44,1,0,0,13,0,0,0,1,0,0,0,112,0,0,0,15,0,0,0,120,0,0,0,4,0,0,0,136,0,0,0,5,0,0,0,144,0,0,0,6,0,0,0,152,0,0,0,17,0,0,0,160,0,0,0,23,0,0,0,168,0,0,0,11,0,0,0,176,0,0,0,16,0,0,0,184,0,0,0,19,0,0,0,192,0,0,0,22,0,0,0,200,0,0,0,13,0,0,0,208,0,0,0,12,0,0,0,246,0,0,0,2,0,0,0,228,4,0,0,30,0,0,0,7,0,0,0,83,67,85,79,76,65,0,0,3,0,0,0,0,130,0,0,3,0,0,0,7,0,0,0,3,0,0,0,1,0,0,0,3,0,0,0,82,4,0,0,3,0,0,0,106,16,8,0,11,0,0,0,0,0,0,0,11,0,0,0,0,0,0,0,11,0,0,0,0,0,0,0,11,0,0,0,0,0,0,0,30,16,0,0,2,0,0,0,11,0,0,0,65,76,76,69,71,65,84,79,32,49,0,11,0,0,0,65,76,76,69,71,65,84,79,32,49,0,12,16,0,0,4,0,0,0,30,0,0,0,6,0,0,0,84,105,116,108,101,0,3,0,0,0,1,0,0,0,30,0,0,0,7,0,0,0,84,105,116,111,108,111,0,3,0,0,0,1,0,0,0,0,152,0,0,0,3,0,0,0,0,0,0,0,32,0,0,0,1,0,0,0,54,0,0,0,2,0,0,0,62,0,0,0,1,0,0,0,2,0,0,0,10,0,0,0,95,80,73,68,95,71,85,73,68,0,2,0,0,0,228,4,0,0,65,0,0,0,78,0,0,0,123,0,50,0,53,0,56,0,67,0,56,0,70,0,67,0,48,0,45,0,55,0,67,0,67,0,53,0,45,0,49,0,49,0,68,0,56,0,45,0,66,0,57,0,53,0,70,0,45,0,48,0,48,0,53,0,48,0,70,0,67,0,69,0,53,0,51,0,55,0,69,0,69,0,125,0,0,0,0,0,0,0,0,0,0,0,0,0,0,0,0,0,0,0,0,0,0,0,0,0,0,0,0,0,0,0,0,0,0,0,0,0,0,0,0,0,0,0,0,0,0,0,0,0,0,0,0,0,0,0,0,0,0,0,0,0,0,0,0,0,0,0,0,0,0,0,0,0,0,0,0,0,0,0,0,0,0,0,0,0,0,0,0,0,0,0,0,0,0,0,0,0,0,0,0,0,0,0,0,0,0,0,0,0,0,0,0,0,0,0,0,0,0,0,0,0,0,0,0,0,0,0,0,0,0,0,0,0,0,0,0,0,0,0,0,0,0,0,0,0,0,0,0,0,0,0,0,0,0,0,0,0,0,0,0,0,0,0,0,0,0,0,0,0,0,0,0,0,0,0,0,0,0,0,0,0,0,0,0,0,0,0,0,0,0,0,0,0,0,0,0,0,0,0,0,0,0,0,0,0,0,0,0,0,0,0,0,0,0,0,0,0,0,0,0,0,0,0,0,0,0,0,0,0,0,0,0,0,0,0,0,0,0,0,0,0,0,0,0,0,0,0,0,0,0,0,0,0,0,0,0,0,0,0,0,0,0,0,0,0,0,0,0,0,0,0,0,0,0,0,0,0,0,0,0,0,0,0,0,0,0,0,0,0,0,0,0,0,0,0,0,0,0,0,0,0,0,0,0,0,0,0,0,0,0,0,0,0,0,0,0,0,0,0,0,0,0,0,0,0,0,0,0,0,0,0,0,0,0,0,0,0,0,0,0,0,0,0,0,0,0,0,0,0,0,0,0,0,0,0,0,0,0,0,0,0,0,0,0,0,0,0,0,0,0,0,0,0,0,0,0,0,0,0,0,0,0,0,0,0,0,0,0,0,0,0,0,0,0,0,0,0,0,0,0,0,0,0,0,0,0,0,0,0,0,0,0,0,0,0,0,0,0,0,0,0,0,0,0,0,0,0,0,0,0,0,0,0,0,0,0,0,0,0,0,0,0,0,0,0,0,0,0,0,0,0,0,0,0,0,0,0,0,0,0,0,0,0,0,0,0,0,0,0,0,0,0,0,0,0,0,0,0,0,0,0,0,0,0,0,0,0,0,0,0,0,0,0,0,0,0,0,0,0,0,0,0,0,0,0
0,254,255,0,0,4,10,2,0,0,0,0,0,0,0,0,0,0,0,0,0,0,0,0,0,1,0,0,0,224,133,159,242,249,79,104,16,171,145,8,0,43,39,179,217,48,0,0,0,140,1,0,0,18,0,0,0,1,0,0,0,152,0,0,0,2,0,0,0,160,0,0,0,3,0,0,0,180,0,0,0,4,0,0,0,192,0,0,0,5,0,0,0,212,0,0,0,6,0,0,0,224,0,0,0,7,0,0,0,236,0,0,0,8,0,0,0,252,0,0,0,9,0,0,0,20,1,0,0,18,0,0,0,32,1,0,0,10,0,0,0,60,1,0,0,11,0,0,0,72,1,0,0,12,0,0,0,84,1,0,0,13,0,0,0,96,1,0,0,14,0,0,0,108,1,0,0,15,0,0,0,116,1,0,0,16,0,0,0,124,1,0,0,19,0,0,0,132,1,0,0,2,0,0,0,228,4,0,0,30,0,0,0,11,0,0,0,65,76,76,69,71,65,84,79,32,49,0,0,30,0,0,0,1,0,0,0,0,76,76,69,30,0,0,0,12,0,0,0,73,80,83,67,84,32,70,65,76,67,75,0,30,0,0,0,1,0,0,0,0,80,83,67,30,0,0,0,1,0,0,0,0,80,83,67,30,0,0,0,7,0,0,0,78,111,114,109,97,108,0,65,30,0,0,0,16,0,0,0,83,105,108,118,105,97,32,77,97,103,110,97,103,104,105,0,30,0,0,0,2,0,0,0,51,0,108,118,30,0,0,0,19,0,0,0,77,105,99,114,111,115,111,102,116,32,87,111,114,100,32,56,46,48,0,0,64,0,0,0,0,234,86,250,0,0,0,0,64,0,0,0,0,90,218,193,201,16,196,1,64,0,0,0,0,156,163,247,0,32,196,1,64,0,0,0,0,254,109,152,202,16,196,1,3,0,0,0,1,0,0,0,3,0,0,0,158,0,0,0,3,0,0,0,133,3,0,0,3,0,0,0,0,0,0,0,0,0,0,0,0,0,0,0,0,0,0,0,0,0,0,0,0,0,0,0,0,0,0,0,0,0,0,0,0,0,0,0,0,0,0,0,0,0,0,0,0,0,0,0,0,0,0,0,0,0,0,0,0,0,0,0,0,0,0,0,0,0,0,0,0,0,0,0,0,0,0,0,0,0,0,0,0,0,0,0,0,0,0,0,0,0,0,0,0,0,0,0,0,0,0,0,0,0,0,0,0,0,0,0,0,0,0,0,0,0,0,0,0,0,0,0,0,0,0,0,0,0,0,0,0,0,0,0,0,0,0,0,0,0,0,0,0,0,0,0,0,0,0,0,0,0,0,0,0,0,0,0,0,0,0,0,0,0,0,0,0,0,0,0,0,0,0,0,0,0,0,0,0,0,0,0,0,0,0,0,0,0,0,0,0,0,0,0,0,0,0,0,0,0,0,0,0,0,0,0,0,0,0,0,0,0,0,0,0,0,0,0,0,0,0,0,0,0,0,0,0,0,0,0,0,0,0,0,0,0,0,0,0,0,0,0,0,0,0,0,0,0,0,0,0,0,0,0,0,0,0,0,0,0,0,0,0,0,0,0,0,0,0,0,0,0,0,0,0,0,0,0,0,0,0,0,0,0,0,0,0,0,0,0,0,0,0,0,0,0,0,0,0,0,0,0,0,0,0,0,0,0,0,0,0,0,0,0,0,0,0,0,0,0,0,0,0,0,0,0,0,0,0,0,0,0,0,0,0,0,0,0,0,0,0,0,0,0,0,0,0,0,0,0,0,0,0,0,0,0,0,0,0,0,0,0,0,0,0,0,0,0,0,0,0,0,0,0,0,0,0,0,0,0,0,0,0,0,0,0,0,0,0,0,0,0,0,0,0,0,0,0,0,0,0,0,0,0,0,0,0,0,0,0,0,0,0,0,0,0,0,0,0,0,0,0,0,0,0,0,0,0,0,0,0,0,0,0,0,0,0,0,0,0,0,0,0,0,0,0,0,0,0,0,0,0,0,0,0,0,0,0,0,0,0,0,0,0,0,0,0,0,0,0,0,0,0,0,0,0,0,0,0,0,0,0,0,0,0,0,0,0,0,0,0,0,0,0,0,0,0,0,0,0,0,0,0,0,0,0,0,0,0,0,0,0,0,0,0,0,0,0,0,0,0,0,0,0,0,0,0,0,0,0,0,0,0,0,0,0,0,0,0,0,0,0,0,0,0,0,0,0,0,0,0,0,0,0,0,0,0,0,0,0,0,0,0,0,0,0,0,0,0,0,0,0,0,0,0,0,0,0,0,0
1,18,0,15,0,10,0,1,0,91,0,15,0,2,0,3,0,0,0,3,0,50,0,0,64,241,255,2,0,50,0,12,0,7,0,78,0,111,0,114,0,109,0,97,0,108,0,101,0,0,0,2,0,0,0,16,0,95,72,1,4,109,72,9,4,115,72,9,4,116,72,16,4,0,0,0,0,0,0,0,0,0,0,0,0,0,0,0,0,0,0,78,0,65,64,242,255,161,0,78,0,12,0,31,0,67,0,97,0,114,0,97,0,116,0,116,0,101,0,114,0,101,0,32,0,112,0,114,0,101,0,100,0,101,0,102,0,105,0,110,0,105,0,116,0,111,0,32,0,112,0,97,0,114,0,97,0,103,0,114,0,97,0,102,0,111,0,0,0,0,0,0,0,0,0,0,0,0,0,0,0,0,0,69,4,0,0,4,0,0,42,0,0,0,0,255,255,255,255,1,0,0,0,4,32,255,255,1,0,0,0,0,0,0,0,0,0,69,4,0,0,0,0,0,0,0,0,0,4,0,0,69,8,0,0,7,0,0,0,0,4,0,0,102,6,0,0,115,6,0,0,159,6,0,0,187,6,0,0,215,6,0,0,243,6,0,0,15,7,0,0,43,7,0,0,179,7,0,0,69,8,0,0,8,0,0,0,10,0,0,0,11,0,0,0,12,0,0,0,13,0,0,0,15,0,0,0,16,0,0,0,17,0,0,0,19,0,0,0,20,0,0,0,0,4,0,0,200,6,0,0,43,7,0,0,69,8,0,0,9,0,0,0,14,0,0,0,18,0,0,0,0,0,0,0,136,0,0,0,142,0,0,0,144,0,0,0,150,0,0,0,154,0,0,0,155,0,0,0,156,0,0,0,161,0,0,0,162,0,0,0,173,0,0,0,174,0,0,0,181,0,0,0,186,0,0,0,189,0,0,0,190,0,0,0,194,0,0,0,203,0,0,0,209,0,0,0,219,0,0,0,222,0,0,0,223,0,0,0,229,0,0,0,230,0,0,0,239,0,0,0,9,1,0,0,15,1,0,0,16,1,0,0,17,1,0,0,18,1,0,0,24,1,0,0,25,1,0,0,32,1,0,0,33,1,0,0,37,1,0,0,38,1,0,0,46,1,0,0,47,1,0,0,61,1,0,0,63,1,0,0,66,1,0,0,72,1,0,0,82,1,0,0,83,1,0,0,85,1,0,0,86,1,0,0,93,1,0,0,94,1,0,0,103,1,0,0,112,1,0,0,118,1,0,0,127,1,0,0,140,1,0,0,142,1,0,0,152,1,0,0,153,1,0,0,164,1,0,0,165,1,0,0,168,1,0,0,169,1,0,0,178,1,0,0,181,1,0,0,191,1,0,0,192,1,0,0,205,1,0,0,206,1,0,0,209,1,0,0,210,1,0,0,219,1,0,0,221,1,0,0,230,1,0,0,231,1,0,0,237,1,0,0,239,1,0,0,249,1,0,0,253,1,0,0,6,2,0,0,7,2,0,0,11,2,0,0,12,2,0,0,20,2,0,0,22,2,0,0,34,2,0,0,35,2,0,0,41,2,0,0,44,2,0,0,54,2,0,0,55,2,0,0,58,2,0,0,66,2,0,0,74,2,0,0,77,2,0,0,84,2,0,0,86,2,0,0,92,2,0,0,93,2,0,0,98,2,0,0,71,3,0,0,80,3,0,0,84,3,0,0,95,3,0,0,96,3,0,0,104,3,0,0,108,3,0,0,115,3,0,0,116,3,0,0,130,3,0,0,135,3,0,0,144,3,0,0,145,3,0,0,151,3,0,0,152,3,0,0,157,3,0,0,164,3,0,0,169,3,0,0,170,3,0,0,172,3,0,0,183,3,0,0,191,3,0,0,200,3,0,0,205,3,0,0,206,3,0,0,214,3,0,0,215,3,0,0,224,3,0,0,225,3,0,0,235,3,0,0,236,3,0,0,245,3,0,0,246,3,0,0,251,3,0,0,252,3,0,0,2,4,0,0,3,4,0,0,7,4,0,0,8,4,0,0,10,4,0,0,11,4,0,0,17,4,0,0,26,4,0,0,31,4,0,0,32,4,0,0,40,4,0,0,44,4,0,0,51,4,0,0,52,4,0,0,57,4,0,0,58,4,0,0,65,4,0,0,71,4,0,0,7,0,28,0,7,0,28,0,7,0,28,0,7,0,28,0,7,0,28,0,7,0,28,0,7,0,28,0,7,0,28,0,7,0,28,0,7,0,28,0,7,0,28,0,7,0,28,0,7,0,28,0,7,0,28,0,7,0,28,0,7,0,28,0,7,0,28,0
0,187,2,22,36,1,23,36,1,2,150,71,0,7,148,44,1,5,214,24,6,1,0,0,6,1,0,0,6,1,0,0,6,1,0,0,6,1,0,0,6,1,0,0,8,214,86,2,27,185,255,194,3,79,8,73,12,92,15,194,16,40,18,142,19,244,20,90,22,192,23,38,25,140,26,242,27,88,29,190,30,36,32,138,33,240,34,86,36,188,37,34,39,136,40,238,41,49,43,246,45,237,47,72,49,0,6,9,4,255,255,255,255,0,0,0,0,0,0,0,0,0,0,0,0,0,6,141,4,255,255,255,255,0,0,0,0,0,0,0,0,0,0,0,0,0,6,250,3,255,255,255,255,0,0,0,0,0,0,0,0,0,0,0,0,0,6,19,3,255,255,255,255,0,0,0,0,0,0,0,0,0,0,0,0,0,6,102,1,0,0,0,0,0,0,0,0,0,0,0,0,0,0,0,0,0,6,102,1,0,0,0,0,0,0,0,0,0,0,0,0,0,0,0,0,0,6,102,1,0,0,0,0,0,0,0,0,0,0,0,0,0,0,0,0,0,6,102,1,0,0,0,0,0,0,0,0,0,0,0,0,0,0,0,0,0,6,102,1,0,0,0,0,0,0,0,0,0,0,0,0,0,0,0,0,0,6,102,1,0,0,0,0,0,0,0,0,0,0,0,0,0,0,0,0,0,6,102,1,0,0,0,0,0,0,0,0,0,0,0,0,0,0,0,0,0,6,102,1,0,0,0,0,0,0,0,0,0,0,0,0,0,0,0,0,0,6,102,1,0,0,0,0,0,0,0,0,0,0,0,0,0,0,0,0,0,6,102,1,0,0,0,0,0,0,0,0,0,0,0,0,0,0,0,0,0,6,102,1,0,0,0,0,0,0,0,0,0,0,0,0,0,0,0,0,0,6,102,1,0,0,0,0,0,0,0,0,0,0,0,0,0,0,0,0,0,6,102,1,0,0,0,0,0,0,0,0,0,0,0,0,0,0,0,0,0,6,102,1,0,0,0,0,0,0,0,0,0,0,0,0,0,0,0,0,0,6,102,1,0,0,0,0,0,0,0,0,0,0,0,0,0,0,0,0,0,6,102,1,0,0,0,0,0,0,0,0,0,0,0,0,0,0,0,0,0,6,102,1,0,0,0,0,0,0,0,0,0,0,0,0,0,0,0,0,0,6,102,1,0,0,0,0,0,0,0,0,0,0,0,0,0,0,0,0,0,6,102,1,0,0,0,0,0,0,0,0,0,0,0,0,0,0,0,0,0,6,67,1,0,0,0,0,0,0,0,0,0,0,0,0,0,0,0,0,0,6,197,2,255,255,255,255,0,0,0,0,0,0,0,0,0,0,0,0,0,6,247,1,255,255,255,255,0,0,0,0,0,0,0,0,0,0,0,0,0,6,91,1,255,255,255,255,0,0,0,0,0,0,0,0,0,0,0,0,9,214,54,0,8,0,8,0,8,0,8,0,0,0,0,0,0,0,0,0,0,0,0,0,0,0,0,0,0,0,0,0,0,0,0,0,0,0,0,0,0,0,0,0,0,0,0,0,0,0,0,0,8,0,8,0,8,130,2,22,36,1,23,36,1,2,150,71,0,7,148,244,1,5,214,24,6,1,0,0,6,1,0,0,6,1,0,0,6,1,0,0,6,1,0,0,6,1,0,0,8,214,86,2,27,185,255,194,3,79,8,73,12,92,15,194,16,40,18,142,19,244,20,90,22,192,23,38,25,140,26,242,27,88,29,190,30,36,32,138,33,240,34,86,36,188,37,34,39,136,40,238,41,49,43,246,45,237,47,72,49,0,6,9,4,0,0,0,0,0,0,0,0,0,0,0,0,0,0,0,0,0,6,141,4,0,0,0,0,0,0,0,0,0,0,0,0,0,0,0,0,0,6,250,3,0,0,0,0,0,0,0,0,0,0,0,0,0,0,0,0,0,6,19,3,0,0,0,0,0,0,0,0,0,0,0,0,0,0,0,0,0,6,102,1,0,0,0,0,0,0,0,0,0,0,0,0,0,0,0,0,0,6,102,1,0,0,0,0,0,0,0,0,0,0,0,0,0,0,0,0,0,6,102,1,0,0,0,0,0,0,0,0,0,0,0,0,0,0,0,0,0,6,102,1,0,0,0,0,0,0,0,0,0,0,0,0,0,0,0,0,0,6,102,1,0,0,0,0,0,0,0,0,0,0,0,0,0,0,0,0,0,6,102,1,0,0,0,0,0,0,0,0,0,0,0,0,0,0,0,0,0,6,102,1,0,0,0,0,0,0,0,0,0
0,73,68,61,34,123,50,53,56,67,56,70,67,53,45,55,67,67,53,45,49,49,68,56,45,66,57,53,70,45,48,48,53,48,70,67,69,53,51,55,69,69,125,34,13,10,68,111,99,117,109,101,110,116,61,84,104,105,115,68,111,99,117,109,101,110,116,47,38,72,48,48,48,48,48,48,48,48,13,10,78,97,109,101,61,34,80,114,111,106,101,99,116,34,13,10,72,101,108,112,67,111,110,116,101,120,116,73,68,61,34,48,34,13,10,67,77,71,61,34,51,48,51,50,51,54,51,67,51,65,51,67,51,65,51,67,51,65,51,67,51,65,34,13,10,68,80,66,61,34,54,50,54,48,54,52,53,52,57,55,53,53,57,55,53,53,57,55,34,13,10,71,67,61,34,57,52,57,54,57,50,65,69,70,54,69,49,70,55,69,49,70,55,49,69,34,13,10,13,10,91,72,111,115,116,32,69,120,116,101,110,100,101,114,32,73,110,102,111,93,13,10,38,72,48,48,48,48,48,48,48,49,61,123,51,56,51,50,68,54,52,48,45,67,70,57,48,45,49,49,67,70,45,56,69,52,51,45,48,48,65,48,67,57,49,49,48,48,53,65,125,59,86,66,69,59,38,72,48,48,48,48,48,48,48,48,13,10,13,10,91,87,111,114,107,115,112,97,99,101,93,13,10,84,104,105,115,68,111,99,117,109,101,110,116,61,48,44,32,48,44,32,48,44,32,48,44,32,67,13,10,0,0,0,0,0,0,0,0,0,0,0,0,0,0,0,6,102,1,0,0,0,0,0,0,0,0,0,0,0,0,0,0,0,0,0,6,102,1,0,0,0,0,0,0,0,0,0,0,0,0,0,0,0,0,0,6,102,1,0,0,0,0,0,0,0,0,0,0,0,0,0,0,0,0,0,6,102,1,0,0,0,0,0,0,0,0,0,0,0,0,0,0,0,0,0,6,102,1,0,0,0,0,0,0,0,0,0,0,0,0,0,0,0,0,0,6,102,1,0,0,0,0,0,0,0,0,0,0,0,0,0,0,0,0,0,6,102,1,0,0,0,0,0,0,0,0,0,0,0,0,0,0,0,0,0,6,102,1,0,0,0,0,0,0,0,0,0,0,0,0,0,0,0,0,0,6,102,1,0,0,0,0,0,0,0,0,0,0,0,0,0,0,0,0,0,6,102,1,0,0,0,0,0,0,0,0,0,0,0,0,0,0,0,0,0,6,102,1,0,0,0,0,0,0,0,0,0,0,0,0,0,0,0,0,0,6,67,1,0,0,0,0,0,0,0,0,0,0,0,0,0,0,0,0,0,6,197,2,255,255,255,255,0,0,0,0,0,0,0,0,0,0,0,0,0,6,247,1,255,255,255,255,0,0,0,0,0,0,0,0,0,0,0,0,0,6,91,1,255,255,255,255,0,0,0,0,0,0,0,0,0,0,0,0,9,214,54,0,8,0,8,0,8,0,8,0,0,0,0,0,0,0,0,0,0,0,0,0,0,0,0,0,0,0,0,0,0,0,0,0,0,0,0,0,0,0,0,0,0,0,0,0,0,0,0,0,8,0,8,0,8,130,2,22,36,1,23,36,1,2,150,71,0,7,148,244,1,5,214,24,6,1,0,0,6,1,0,0,6,1,0,0,6,1,0,0,6,1,0,0,6,1,0,0,8,214,86,2,27,185,255,194,3,79,8,73,12,92,15,194,16,40,18,142,19,244,20,90,22,192,23,38,25,140,26,242,27,88,29,190,30,36,32,138,33,240,34,86,36,188,37,34,39,136,40,238,41,49,43,246,45,237,47,72,49,0,6,9,4,0,0,0,0,0,0,0,0,0,0,0,0,0,0,0,0,0,6,141,4,0,0,0,0,0,0,0,0,0,0,0,0,0,0,0,0,0,6,250,3,0,0,0,0,0,0,0,0,0,0,0,0,0,0,0,0,0,6,19,3,0,0,0,0,0,0,0,0,0,0,0,0,0,0,0,0,0,6,102,1,0,0,0,0,0,0,0,0,0,0,0,0,0,0,0,0,0,6,102,1,0,0,0,0,0,0,0,0,0,0,0,0,0,0,0,0,0,6,102,1,0,0,0,0,0,0,0,0,0,0,0,0,0,0,0,0,0,6,102,1,0,0,0,0,0,0,0,0,0,0,0,0,0,0,0,0,0,6,102,1,0,0,0,0,0,0,0,0,0,0,0,0,0,0,0,0,0,6,102,1,0,0,0,0,0,0,0,0,0,0,0,0,0,0,0,0,0,6,102,1,0,0,0,0,0,0,0,0,0
0,84,104,105,115,68,111,99,117,109,101,110,116,0,84,0,104,0,105,0,115,0,68,0,111,0,99,0,117,0,109,0,101,0,110,0,116,0,0,0,0,0,125,34,13,10,68,111,99,117,109,101,110,116,61,84,104,105,115,68,111,99,117,109,101,110,116,47,38,72,48,48,48,48,48,48,48,48,13,10,78,97,109,101,61,34,80,114,111,106,101,99,116,34,13,10,72,101,108,112,67,111,110,116,101,120,116,73,68,61,34,48,34,13,10,67,77,71,61,34,51,48,51,50,51,54,51,67,51,65,51,67,51,65,51,67,51,65,51,67,51,65,34,13,10,68,80,66,61,34,54,50,54,48,54,52,53,52,57,55,53,53,57,55,53,53,57,55,34,13,10,71,67,61,34,57,52,57,54,57,50,65,69,70,54,69,49,70,55,69,49,70,55,49,69,34,13,10,13,10,91,72,111,115,116,32,69,120,116,101,110,100,101,114,32,73,110,102,111,93,13,10,38,72,48,48,48,48,48,48,48,49,61,123,51,56,51,50,68,54,52,48,45,67,70,57,48,45,49,49,67,70,45,56,69,52,51,45,48,48,65,48,67,57,49,49,48,48,53,65,125,59,86,66,69,59,38,72,48,48,48,48,48,48,48,48,13,10,13,10,91,87,111,114,107,115,112,97,99,101,93,13,10,84,104,105,115,68,111,99,117,109,101,110,116,61,48,44,32,48,44,32,48,44,32,48,44,32,67,13,10,0,0,0,0,0,0,0,0,0,0,0,0,0,0,0,6,102,1,0,0,0,0,0,0,0,0,0,0,0,0,0,0,0,0,0,6,102,1,0,0,0,0,0,0,0,0,0,0,0,0,0,0,0,0,0,6,102,1,0,0,0,0,0,0,0,0,0,0,0,0,0,0,0,0,0,6,102,1,0,0,0,0,0,0,0,0,0,0,0,0,0,0,0,0,0,6,102,1,0,0,0,0,0,0,0,0,0,0,0,0,0,0,0,0,0,6,102,1,0,0,0,0,0,0,0,0,0,0,0,0,0,0,0,0,0,6,102,1,0,0,0,0,0,0,0,0,0,0,0,0,0,0,0,0,0,6,102,1,0,0,0,0,0,0,0,0,0,0,0,0,0,0,0,0,0,6,102,1,0,0,0,0,0,0,0,0,0,0,0,0,0,0,0,0,0,6,102,1,0,0,0,0,0,0,0,0,0,0,0,0,0,0,0,0,0,6,102,1,0,0,0,0,0,0,0,0,0,0,0,0,0,0,0,0,0,6,67,1,0,0,0,0,0,0,0,0,0,0,0,0,0,0,0,0,0,6,197,2,255,255,255,255,0,0,0,0,0,0,0,0,0,0,0,0,0,6,247,1,255,255,255,255,0,0,0,0,0,0,0,0,0,0,0,0,0,6,91,1,255,255,255,255,0,0,0,0,0,0,0,0,0,0,0,0,9,214,54,0,8,0,8,0,8,0,8,0,0,0,0,0,0,0,0,0,0,0,0,0,0,0,0,0,0,0,0,0,0,0,0,0,0,0,0,0,0,0,0,0,0,0,0,0,0,0,0,0,8,0,8,0,8,130,2,22,36,1,23,36,1,2,150,71,0,7,148,244,1,5,214,24,6,1,0,0,6,1,0,0,6,1,0,0,6,1,0,0,6,1,0,0,6,1,0,0,8,214,86,2,27,185,255,194,3,79,8,73,12,92,15,194,16,40,18,142,19,244,20,90,22,192,23,38,25,140,26,242,27,88,29,190,30,36,32,138,33,240,34,86,36,188,37,34,39,136,40,238,41,49,43,246,45,237,47,72,49,0,6,9,4,0,0,0,0,0,0,0,0,0,0,0,0,0,0,0,0,0,6,141,4,0,0,0,0,0,0,0,0,0,0,0,0,0,0,0,0,0,6,250,3,0,0,0,0,0,0,0,0,0,0,0,0,0,0,0,0,0,6,19,3,0,0,0,0,0,0,0,0,0,0,0,0,0,0,0,0,0,6,102,1,0,0,0,0,0,0,0,0,0,0,0,0,0,0,0,0,0,6,102,1,0,0,0,0,0,0,0,0,0,0,0,0,0,0,0,0,0,6,102,1,0,0,0,0,0,0,0,0,0,0,0,0,0,0,0,0,0,6,102,1,0,0,0,0,0,0,0,0,0,0,0,0,0,0,0,0,0,6,102,1,0,0,0,0,0,0,0,0,0,0,0,0,0,0,0,0,0,6,102,1,0,0,0,0,0,0,0,0,0,0,0,0,0,0,0,0,0,6,102,1,0,0,0,0,0,0,0,0,0
1,1,22,1,0,0,182,0,255,255,1,1,0,0,0,0,255,255,255,255,0,0,0,0,255,255,255,255,255,255,0,0,0,0,0,0,0,0,0,0,0,0,0,0,0,0,0,0,0,0,0,0,0,0,0,0,0,0,0,0,0,0,0,0,0,0,0,0,0,0,0,0,0,0,0,0,0,0,0,0,0,0,16,0,0,0,3,0,0,0,5,0,0,0,7,0,0,0,255,255,255,255,255,255,255,255,1,1,8,0,0,0,255,255,255,255,120,0,0,0,222,0,0,0,73,3,0,0,207,1,0,0,255,255,255,255,0,0,0,0,1,0,0,0,34,195,32,195,0,0,255,255,163,0,0,0,136,0,0,0,8,0,0,0,0,0,0,0,0,0,0,0,0,0,0,0,0,0,0,0,0,0,0,0,0,0,0,0,0,0,0,0,0,255,255,0,0,101,3,0,0,214,0,0,0,214,0,0,0,193,74,0,0,0,0,255,255,255,255,0,0,0,0,223,0,255,255,0,0,0,0,12,0,255,255,255,255,255,255,255,255,255,255,255,255,255,255,255,255,255,255,255,255,255,255,255,255,255,255,255,255,255,255,255,255,255,255,255,255,255,255,255,255,255,255,255,255,255,255,255,255,255,255,255,255,255,255,255,255,255,255,255,255,255,255,255,255,255,255,255,255,255,255,255,255,255,255,255,255,255,255,255,255,255,255,255,255,255,255,255,255,255,255,255,255,255,255,255,255,255,255,255,255,255,255,255,255,255,255,255,255,255,255,255,255,255,255,255,255,255,255,255,255,255,255,255,255,255,255,255,255,40,0,0,0,2,0,83,34,255,255,255,255,0,0,1,0,83,16,255,255,255,255,0,0,1,0,83,34,255,255,255,255,0,0,0,0,2,60,255,255,255,255,0,0,255,255,1,1,0,0,0,0,1,0,40,0,49,0,78,0,111,0,114,0,109,0,97,0,108,0,46,0,84,0,104,0,105,0,115,0,68,0,111,0,99,0,117,0,109,0,101,0,110,0,116,0,0,0,0,0,0,0,223,0,0,0,0,255,255,255,255,1,1,248,0,0,0,2,129,254,255,255,255,255,255,255,255,255,255,40,0,0,0,0,0,255,255,0,0,0,0,0,0,0,0,255,255,255,255,255,255,255,255,0,0,0,0,29,0,0,0,36,0,0,0,4,17,28,2,112,0,0,0,255,255,255,255,0,0,0,0,255,255,255,255,255,255,255,255,0,0,0,0,255,255,255,255,0,0,0,0,255,255,255,255,255,255,255,255,255,255,255,255,25,0,0,0,0,0,148,0,0,0,0,0,0,0,0,0,4,17,70,2,176,0,0,0,255,255,255,255,0,0,0,0,255,255,255,255,255,255,255,255,0,0,0,0,255,255,255,255,0,0,0,0,255,255,255,255,255,255,255,255,255,255,255,255,3,0,0,0,0,0,148,0,0,0,0,0,0,0,0,0,4,17,72,2,255,255,255,255,255,255,255,255,0,0,0,0,255,255,255,255,255,255,255,255,0,0,0,0,255,255,255,255,0,0,0,0,255,255,255,255,255,255,255,255,255,255,255,255,198,0,0,0,0,0,148,0,0,0,0,0,0,0,0,0,255,255,255,255,8,0,0,0,3,0,255,255,0,0,1,0,0,0,0,0,0,0,48,0,0,0,255,255,255,255,255,255,255,255,0,0,0,0,255,255,255,255,176,0,0,0,255,255,255,255,255,255,255,255,0,0,0,0,255,255,255,255,255,255,255,255,255,255,255,255,255,255,255,255,0,0,0,0,0,0,0,0,255,255,255,255,255,255,255,255,0,0,0,0,255,255,255,255,255,255,255,255,255,255,255,255,255,255,255,255,255,255,255,255,255,255,255,255,255,255,255,255,255,255,77,69,0,0,255,255,255,255,255,255,0,0,0,0,255,255,0,0,0,0,255,255,1,1,0,0,0,0,0,0,0,0,0,0,0,0,0,0,0,0,0,0,0,0,0,0,0,0,0,0,0,0,0,0,0,0,0,0,0,0,0,0,0,0,0,0,0,0,0,0,0,0,0,0,0,0,0,0,0,0,0,0,0,0,0,0,0,0,254,202,1,0,226,0,34,129,8,0,6,0,0,0,0,0,0,0,0,128,9,0,16,0,0,0,8,0,0,0,0,128,9,0,18,0,0,0,24,0,0,0,0,128,9,0,56,0,0,0,48,0,0,0,0,129,8,4,10,0,0,0,104,0,0,0,0,129,8,4,10,0,0,0,120,0,0,0,0,129,8,4,4,0,0,0,136,0,0
1,204,97,94,0,0,1,0,255,16,4,0,0,9,4,0,0,228,4,1,0,0,0,0,0,0,0,0,0,1,0,6,0,2,0,12,1,42,0,92,0,71,0,123,0,48,0,48,0,48,0,50,0,48,0,52,0,69,0,70,0,45,0,48,0,48,0,48,0,48,0,45,0,48,0,48,0,48,0,48,0,45,0,67,0,48,0,48,0,48,0,45,0,48,0,48,0,48,0,48,0,48,0,48,0,48,0,48,0,48,0,48,0,52,0,54,0,125,0,35,0,51,0,46,0,48,0,35,0,57,0,35,0,67,0,58,0,92,0,80,0,82,0,79,0,71,0,82,0,65,0,77,0,77,0,73,0,92,0,70,0,73,0,76,0,69,0,32,0,67,0,79,0,77,0,85,0,78,0,73,0,92,0,77,0,73,0,67,0,82,0,79,0,83,0,79,0,70,0,84,0,32,0,83,0,72,0,65,0,82,0,69,0,68,0,92,0,86,0,66,0,65,0,92,0,86,0,66,0,65,0,51,0,51,0,50,0,46,0,68,0,76,0,76,0,35,0,86,0,105,0,115,0,117,0,97,0,108,0,32,0,66,0,97,0,115,0,105,0,99,0,32,0,70,0,111,0,114,0,32,0,65,0,112,0,112,0,108,0,105,0,99,0,97,0,116,0,105,0,111,0,110,0,115,0,0,0,0,0,0,0,0,0,0,0,0,0,8,1,42,0,92,0,71,0,123,0,48,0,48,0,48,0,50,0,48,0,57,0,48,0,53,0,45,0,48,0,48,0,48,0,48,0,45,0,48,0,48,0,48,0,48,0,45,0,67,0,48,0,48,0,48,0,45,0,48,0,48,0,48,0,48,0,48,0,48,0,48,0,48,0,48,0,48,0,52,0,54,0,125,0,35,0,56,0,46,0,48,0,35,0,52,0,48,0,57,0,35,0,67,0,58,0,92,0,80,0,114,0,111,0,103,0,114,0,97,0,109,0,109,0,105,0,92,0,77,0,105,0,99,0,114,0,111,0,115,0,111,0,102,0,116,0,32,0,79,0,102,0,102,0,105,0,99,0,101,0,92,0,79,0,102,0,102,0,105,0,99,0,101,0,92,0,77,0,83,0,87,0,79,0,82,0,68,0,56,0,46,0,79,0,76,0,66,0,35,0,77,0,105,0,99,0,114,0,111,0,115,0,111,0,102,0,116,0,32,0,87,0,111,0,114,0,100,0,32,0,56,0,46,0,48,0,32,0,79,0,98,0,106,0,101,0,99,0,116,0,32,0,76,0,105,0,98,0,114,0,97,0,114,0,121,0,0,0,0,0,0,0,0,0,0,0,0,0,184,0,42,0,92,0,71,0,123,0,48,0,48,0,48,0,50,0,48,0,52,0,51,0,48,0,45,0,48,0,48,0,48,0,48,0,45,0,48,0,48,0,48,0,48,0,45,0,67,0,48,0,48,0,48,0,45,0,48,0,48,0,48,0,48,0,48,0,48,0,48,0,48,0,48,0,48,0,52,0,54,0,125,0,35,0,50,0,46,0,48,0,35,0,48,0,35,0,67,0,58,0,92,0,87,0,73,0,78,0,68,0,79,0,87,0,83,0,92,0,83,0,89,0,83,0,84,0,69,0,77,0,92,0,83,0,84,0,68,0,79,0,76,0,69,0,50,0,46,0,84,0,76,0,66,0,35,0,79,0,76,0,69,0,32,0,65,0,117,0,116,0,111,0,109,0,97,0,116,0,105,0,111,0,110,0,0,0,0,0,0,0,0,0,0,0,0,0,224,0,42,0,92,0,71,0,123,0,55,0,51,0,57,0,53,0,48,0,54,0,65,0,52,0,45,0,48,0,54,0,67,0,53,0,45,0,49,0,49,0,68,0,56,0,45,0,66,0,57,0,53,0,69,0,45,0,48,0,48,0,53,0,48,0,70,0,67,0,69,0,53,0,51,0,55,0,69,0,69,0,125,0,35,0,50,0,46,0,48,0,35,0,48,0,35,0,67,0,58,0,92,0,87,0,73,0,78,0,68,0,79,0,87,0,83,0,92,0,83,0,89,0,83,0,84,0,69,0,77,0,92,0,77,0,83,0,70,0,111,0,114,0,109,0,115,0,46,0,84,0,87,0,68,0,35,0,77,0,105,0,99,0,114,0,111,0,115,0,111,0,102,0,116,0,32,0,70,0,111,0,114,0,109,0,115,0,32,0,50,0,46,0,48,0,32,0,79,0,98,0,106,0,101,0,99,0,116,0,32,0,76,0,105,0,98,0,114,0,97,0,114,0,121,0
1,1,130,178,128,1,0,4,0,0,0,1,0,48,42,2,2,144,9,0,112,20,6,72,3,0,130,2,0,100,228,4,4,0,7,0,28,0,80,114,111,106,101,99,116,5,81,0,40,0,0,64,2,20,6,2,20,61,173,2,10,7,2,108,1,20,8,6,18,9,2,18,128,165,30,96,64,3,0,12,2,74,18,60,2,10,22,0,1,114,115,116,100,16,111,108,101,62,2,25,115,0,116,0,0,100,0,111,0,108,0,101,80,0,13,0,102,0,37,92,0,3,42,0,92,71,123,48,48,48,50,48,176,52,51,48,45,0,8,4,4,67,0,10,3,2,14,1,18,48,48,52,54,125,35,0,50,46,48,35,48,35,67,58,0,92,87,73,78,68,79,87,83,0,92,83,89,83,84,69,77,92,0,83,84,68,79,76,69,50,46,16,84,76,66,35,0,8,32,65,117,0,116,111,109,97,116,105,111,110,11,0,94,0,2,22,2,109,77,83,70,111,64,114,109,115,62,0,14,0,9,77,16,0,83,0,70,0,69,114,0,109,64,0,115,0,47,0,122,128,9,112,3,128,1,1,70,55,51,57,53,48,54,0,65,52,45,48,54,67,53,45,0,49,49,68,56,45,66,57,53,2,69,0,70,53,48,70,67,69,53,48,51,55,69,69,23,70,4,51,46,84,0,87,68,35,77,105,99,114,111,160,115,111,102,116,32,2,61,32,0,96,8,32,79,98,1,176,32,76,105,98,112,114,97,114,121,0,57,0,1,30,80,48,180,0,144,0,19,114,128,1,8,80,53,44,80,129,128,74,80,92,86,66,69,92,133,40,4,69,88,167,40,225,46,69,13,143,0,224,26,16,133,46,2,96,140,88,77,11,180,129,147,67,120,78,64,85,97,42,108,67,120,78,132,84,97,192,120,14,0,106,32,192,43,9,194,44,67,3,9,10,3,106,12,34,95,64,140,195,16,79,102,102,105,10,99,68,137,79,64,134,102,0,105,0,42,99,66,137,140,192,15,130,194,16,71,123,0,50,68,70,56,68,48,52,67,0,45,53,66,70,65,45,49,48,64,49,66,45,66,68,69,128,65,48,84,65,65,64,136,52,192,2,50,8,102,80,0,82,79,71,82,65,77,77,73,0,92,77,73,67,82,79,83,79,0,70,84,32,79,70,70,73,67,4,69,92,132,1,77,83,79,57,55,48,46,68,76,76,72,106,131,34,32,56,20,46,48,146,106,15,130,203,1,0,19,17,194,1,34,195,25,66,182,84,104,105,0,115,68,111,99,117,109,101,110,68,116,26,78,4,50,0,24,64,48,84,68,0,104,64,53,115,0,68,192,72,99,68,0,117,0,158,101,0,110,64,196,28,81,192,6,0,0,72,66,1,49,194,210,193,176,74,0,0,30,66,2,1,5,44,66,26,168,32,195,34,66,8,43,66,1,16,66,1,0,48,0,48,0,45,0,48,0,48,0,48,0,48,0,48,0,48,0,48,0,48,0,48,0,48,0,52,0,54,0,125,0,35,0,50,0,46,0,48,0,35,0,48,0,35,0,67,0,58,0,92,0,87,0,73,0,78,0,68,0,79,0,87,0,83,0,92,0,83,0,89,0,83,0,84,0,69,0,77,0,92,0,83,0,84,0,68,0,79,0,76,0,69,0,50,0,46,0,84,0,76,0,66,0,35,0,79,0,76,0,69,0,32,0,65,0,117,0,116,0,111,0,109,0,97,0,116,0,105,0,111,0,110,0,0,0,0,0,0,0,0,0,0,0,0,0,224,0,42,0,92,0,71,0,123,0,55,0,51,0,57,0,53,0,48,0,54,0,65,0,52,0,45,0,48,0,54,0,67,0,53,0,45,0,49,0,49,0,68,0,56,0,45,0,66,0,57,0,53,0,69,0,45,0,48,0,48,0,53,0,48,0,70,0,67,0,69,0,53,0,51,0,55,0,69,0,69,0,125,0,35,0,50,0,46,0,48,0,35,0,48,0,35,0,67,0,58,0,92,0,87,0,73,0,78,0,68,0,79,0,87,0,83,0,92,0,83,0,89,0,83,0,84,0,69,0,77,0,92,0,77,0,83,0,70,0,111,0,114,0,109,0,115,0,46,0,84,0,87,0,68,0,35,0,77,0,105,0,99,0,114,0,111,0,115,0,111,0,102,0,116,0,32,0,70,0,111,0,114,0,109,0,115,0,32,0,50,0,46,0,48,0,32,0,79,0,98,0,106,0,101,0,99,0,116,0,32,0,76,0,105,0,98,0,114,0,97,0,114,0,121,0
0,236,165,193,0,89,0,16,4,0,0,0,18,191,0,0,0,0,0,0,16,0,0,0,0,0,4,0,0,69,8,0,0,14,0,98,106,98,106,243,87,243,87,0,0,0,0,0,0,0,0,0,0,0,0,0,0,0,0,0,0,16,4,22,0,37,42,0,0,145,61,1,0,145,61,1,0,69,4,0,0,0,0,0,0,0,0,0,0,0,0,0,0,0,0,0,0,0,0,0,0,0,0,0,0,0,0,0,0,255,255,15,0,0,0,0,0,0,0,0,0,255,255,15,0,0,0,0,0,0,0,0,0,255,255,15,0,0,0,0,0,0,0,0,0,0,0,0,0,0,0,0,0,93,0,0,0,0,0,178,0,0,0,0,0,0,0,178,0,0,0,178,0,0,0,0,0,0,0,178,0,0,0,0,0,0,0,178,0,0,0,0,0,0,0,178,0,0,0,0,0,0,0,178,0,0,0,20,0,0,0,0,0,0,0,0,0,0,0,226,0,0,0,0,0,0,0,226,0,0,0,0,0,0,0,226,0,0,0,0,0,0,0,226,0,0,0,0,0,0,0,226,0,0,0,12,0,0,0,238,0,0,0,84,0,0,0,226,0,0,0,0,0,0,0,179,19,0,0,250,0,0,0,94,1,0,0,0,0,0,0,94,1,0,0,0,0,0,0,94,1,0,0,0,0,0,0,94,1,0,0,0,0,0,0,94,1,0,0,0,0,0,0,94,1,0,0,0,0,0,0,94,1,0,0,0,0,0,0,94,1,0,0,0,0,0,0,34,11,0,0,2,0,0,0,36,11,0,0,0,0,0,0,36,11,0,0,0,0,0,0,36,11,0,0,86,0,0,0,122,11,0,0,0,4,0,0,122,15,0,0,0,4,0,0,122,19,0,0,36,0,0,0,173,20,0,0,244,1,0,0,161,22,0,0,114,0,0,0,158,19,0,0,21,0,0,0,0,0,0,0,0,0,0,0,0,0,0,0,0,0,0,0,178,0,0,0,0,0,0,0,94,1,0,0,0,0,0,0,0,0,0,0,0,0,0,0,0,0,0,0,0,0,0,0,94,1,0,0,0,0,0,0,94,1,0,0,0,0,0,0,94,1,0,0,0,0,0,0,94,1,0,0,0,0,0,0,158,19,0,0,0,0,0,0,224,4,0,0,0,0,0,0,178,0,0,0,0,0,0,0,178,0,0,0,0,0,0,0,94,1,0,0,0,0,0,0,0,0,0,0,0,0,0,0,94,1,0,0,0,0,0,0,94,1,0,0,0,0,0,0,224,4,0,0,0,0,0,0,224,4,0,0,0,0,0,0,224,4,0,0,0,0,0,0,94,1,0,0,130,3,0,0,178,0,0,0,0,0,0,0,94,1,0,0,0,0,0,0,178,0,0,0,0,0,0,0,94,1,0,0,0,0,0,0,34,11,0,0,0,0,0,0,0,0,0,0,0,0,0,0,0,0,0,0,0,0,0,0,198,0,0,0,14,0,0,0,212,0,0,0,14,0,0,0,178,0,0,0,0,0,0,0,178,0,0,0,0,0,0,0,178,0,0,0,0,0,0,0,178,0,0,0,0,0,0,0,94,1,0,0,0,0,0,0,34,11,0,0,0,0,0,0,224,4,0,0,52,5,0,0,224,4,0,0,0,0,0,0,20,10,0,0,58,0,0,0,169,10,0,0,111,0,0,0,178,0,0,0,0,0,0,0,178,0,0,0,0,0,0,0,0,0,0,0,0,0,0,0,0,0,0,0,0,0,0,0,0,0,0,0,0,0,0,0,0,0,0,0,0,0,0,0,0,0,0,0,0,0,0,0,0,0,0,0,0,0,0,0,0,0,0,0,0,0,0,0,34,11,0,0,0,0,0,0,94,1,0,0,0,0,0,0,66,1,0,0,28,0,0,0,128,46,224,182,202,16,196,1,226,0,0,0,0,0,0,0,226,0,0,0,0,0,0,0,224,4,0,0,0,0,0,0,24,11,0,0,10,0,0,0,0,0,0,0,0,0,0,0,0,0,0,0,0,0,0,0,0,0,0,0,0,0,0,0,0,0,0,0,0,0,0,0,0,0,0,0,0,0,0,0,0,0,0,0,0,0,0,0,0,0,0,0,0,0,0,0,0,0,0,0,0,0,0,0,0,0,0,0,0,0,0,0,0,0,0,0,0,0,0,0,0,0,0,0,0,0,0,0,0,0,0,0,0,0,0,0,0,0,0,0,0,0,0,0,0,0,0,0,0,0,0,0,0,0,0,0,0,0,0,0,0,0,0,0,0,0,0,0
