0,1,0,254,255,3,10,0,0,255,255,255,255,32,8,2,0,0,0,0,0,192,0,0,0,0,0,0,70,26,0,0,0,203,232,241,242,32,77,105,99,114,111,115,111,102,116,32,69,120,99,101,108,32,50,48,48,51,0,6,0,0,0,66,105,102,102,56,0,14,0,0,0,69,120,99,101,108,46,83,104,101,101,116,46,56,0,244,57,178,113,0,0,0,0,0,0,0,0,0,0,0,0,,,,,,,,,,,,,,,,,,,,,,,,,,,,,,,,,,,,,,,,,,,,,,,,,,,,,,,,,,,,,,,,,,,,,,,,,,,,,,,,,,,,,,,,,,,,,,,,,,,,,,,,,,,,,,,,,,,,,,,,,,,,,,,,,,,,,,,,,,,,,,,,,,,,,,,,,,,,,,,,,,,,,,,,,,,,,,,,,,,,,,,,,,,,,,,,,,,,,,,,,,,,,,,,,,,,,,,,,,,,,,,,,,,,,,,,,,,,,,,,,,,,,,,,,,,,,,,,,,,,,,,,,,,,,,,,,,,,,,,,,,,,,,,,,,,,,,,,,,,,,,,,,,,,,,,,,,,,,,,,,,,,,,,,,,,,,,,,,,,,,,,,,,,,,,,,,,,,,,,,,,,,,,,,,,,,,,,,,,,,,,,,,,,,,,,,,,,,,,,,,,,,,,,,,,,,,,,,,,,,,,,,,,,,,,,,,,,,,,,,,,,,,,,,,,,,,,,,,,,,,,,,,,,,,,,,,,,,,,,,,,,,,,,,,,,,,,,,,,,,,,,,,,,,,,,,,,,,,,,,,,,,,,,,,,,,,,,,,,,,,,,,,,,,,,,,,,,,,,,,,,,,,,,,,,,,,,,,,,,,,,,,,,,,,,,,,,,,,,,,,,,,,,,,,,,,,,,,,,,,,,,,,,,,,,,,,,,,,,,,,,,,,,,,,,,,,,,,,,,,,,,,,,,,,,,,,,,,,,,,,,,,,,,,,,,,,,,,,,,,,,,,,,,,,,,,,,,,,,,,,,,,,,,,,,,,,,,,,,,,,,,,,,,,,,,,,,,,,,,,,,,,,,,,,,,,,,,,,,,,,,,,,,,,,,,,,,,,,,,,,,,,,,,,,,,,,,,,,,,,,,,,,,,,,,,,,,,,,,,,,,,,,,,,,,,,,,,,,,,,,,,,,,,,,,,,,,,,,,,,,,,,,,,,,,,,,,,,,,,,,,,,,,,,,,,,,,,,
0,254,255,0,0,6,2,2,0,0,0,0,0,0,0,0,0,0,0,0,0,0,0,0,0,1,0,0,0,2,213,205,213,156,46,27,16,147,151,8,0,43,44,249,174,48,0,0,0,236,0,0,0,8,0,0,0,1,0,0,0,72,0,0,0,23,0,0,0,80,0,0,0,11,0,0,0,88,0,0,0,16,0,0,0,96,0,0,0,19,0,0,0,104,0,0,0,22,0,0,0,112,0,0,0,13,0,0,0,120,0,0,0,12,0,0,0,169,0,0,0,2,0,0,0,227,4,0,0,3,0,0,0,0,0,14,0,11,0,0,0,0,0,0,0,11,0,0,0,0,0,0,0,11,0,0,0,0,0,0,0,11,0,0,0,0,0,0,0,30,16,0,0,4,0,0,0,10,0,0,0,68,111,99,117,83,105,103,110,174,0,5,0,0,0,68,111,99,49,0,5,0,0,0,68,111,99,50,0,5,0,0,0,68,111,99,51,0,12,16,0,0,4,0,0,0,30,0,0,0,6,0,0,0,203,232,241,242,251,0,3,0,0,0,3,0,0,0,30,0,0,0,18,0,0,0,204,224,234,240,238,241,251,32,69,120,99,101,108,32,52,46,48,0,3,0,0,0,1,0,0,0,0,0,0,,,,,,,,,,,,,,,,,,,,,,,,,,,,,,,,,,,,,,,,,,,,,,,,,,,,,,,,,,,,,,,,,,,,,,,,,,,,,,,,,,,,,,,,,,,,,,,,,,,,,,,,,,,,,,,,,,,,,,,,,,,,,,,,,,,,,,,,,,,,,,,,,,,,,,,,,,,,,,,,,,,,,,,,,,,,,,,,,,,,,,,,,,,,,,,,,,,,,,,,,,,,,,,,,,,,,,,,,,,,,,,,,,,,,,,,,,,,,,,,,,,,,,,,,,,,,,,,,,,,,,,,,,,,,,,,,,,,,,,,,,,,,,,,,,,,,,,,,,,,,,,,,,,,,,,,,,,,,,,,,,,,,,,,,,,,,,,,,,,,,,,,,,,,,,,,,,,,,,,,,,,,,,,,,,,,,,,,,,,,,,,,,,,,,,,,,,,,,,,,,,,,,,,,,,,,,,,,,,,,,,,,,,,,,,,,,,,,,,,,,,,,,,,,,,,,,,,,,,,,,,,,,,,,,,,,,,,,,,,,,,,,,,,,,,,,,,,,,,,,,,,,,,,,,,,,,,,,,,,,,,,,,,,,,,,,,,,,,,,,,,,,,,,,,,,,,,,,,,,,,,,,,,,,,,,,,,,,,,,,,,,,,,,,,,,,,,,,,,,,,,,,,,,,,,,,,,,,,,,,,,,,,,,,,,,,,,,,,,,,,,,,,,,,,,,,,,,,,,,,,,,,,,,,,,,,,,,,,,,,,,,,,,,,,,,,,,,,,,,,,,,,,,,,,,,,,,,,,,,,,,,,,,,,,,,,,,
0,254,255,0,0,6,2,2,0,0,0,0,0,0,0,0,0,0,0,0,0,0,0,0,0,1,0,0,0,224,133,159,242,249,79,104,16,171,145,8,0,43,39,179,217,48,0,0,0,152,0,0,0,7,0,0,0,1,0,0,0,64,0,0,0,4,0,0,0,72,0,0,0,8,0,0,0,84,0,0,0,18,0,0,0,96,0,0,0,12,0,0,0,120,0,0,0,13,0,0,0,132,0,0,0,19,0,0,0,144,0,0,0,2,0,0,0,227,4,0,0,30,0,0,0,4,0,0,0,0,0,0,0,30,0,0,0,4,0,0,0,0,0,0,0,30,0,0,0,16,0,0,0,77,105,99,114,111,115,111,102,116,32,69,120,99,101,108,0,64,0,0,0,0,192,124,13,35,217,198,1,64,0,0,0,0,204,25,92,199,155,214,1,3,0,0,0,0,0,0,0,0,0,0,68,111,99,50,0,5,0,0,0,68,111,99,51,0,12,16,0,0,4,0,0,0,30,0,0,0,6,0,0,0,203,232,241,242,251,0,3,0,0,0,3,0,0,0,30,0,0,0,18,0,0,0,204,224,234,240,238,241,251,32,69,120,99,101,108,32,52,46,48,0,3,0,0,0,1,0,0,0,0,0,0,,,,,,,,,,,,,,,,,,,,,,,,,,,,,,,,,,,,,,,,,,,,,,,,,,,,,,,,,,,,,,,,,,,,,,,,,,,,,,,,,,,,,,,,,,,,,,,,,,,,,,,,,,,,,,,,,,,,,,,,,,,,,,,,,,,,,,,,,,,,,,,,,,,,,,,,,,,,,,,,,,,,,,,,,,,,,,,,,,,,,,,,,,,,,,,,,,,,,,,,,,,,,,,,,,,,,,,,,,,,,,,,,,,,,,,,,,,,,,,,,,,,,,,,,,,,,,,,,,,,,,,,,,,,,,,,,,,,,,,,,,,,,,,,,,,,,,,,,,,,,,,,,,,,,,,,,,,,,,,,,,,,,,,,,,,,,,,,,,,,,,,,,,,,,,,,,,,,,,,,,,,,,,,,,,,,,,,,,,,,,,,,,,,,,,,,,,,,,,,,,,,,,,,,,,,,,,,,,,,,,,,,,,,,,,,,,,,,,,,,,,,,,,,,,,,,,,,,,,,,,,,,,,,,,,,,,,,,,,,,,,,,,,,,,,,,,,,,,,,,,,,,,,,,,,,,,,,,,,,,,,,,,,,,,,,,,,,,,,,,,,,,,,,,,,,,,,,,,,,,,,,,,,,,,,,,,,,,,,,,,,,,,,,,,,,,,,,,,,,,,,,,,,,,,,,,,,,,,,,,,,,,,,,,,,,,,,,,,,,,,,,,,,,,,,,,,,,,,,,,,,,,,,,,,,,,,,,,,,,,,,,,,,,,,,,,,,,,,,,,,,,,,,,,,,,,,,,,,,,,,,,,,,,,,,,,,,
0,9,8,16,0,0,6,5,0,102,50,205,7,201,132,1,0,6,6,0,0,225,0,2,0,176,4,193,0,2,0,0,0,226,0,0,0,92,0,112,0,2,0,0,32,32,32,32,32,32,32,32,32,32,32,32,32,32,32,32,32,32,32,32,32,32,32,32,32,32,32,32,32,32,32,32,32,32,32,32,32,32,32,32,32,32,32,32,32,32,32,32,32,32,32,32,32,32,32,32,32,32,32,32,32,32,32,32,32,32,32,32,32,32,32,32,32,32,32,32,32,32,32,32,32,32,32,32,32,32,32,32,32,32,32,32,32,32,32,32,32,32,32,32,32,32,32,32,32,32,32,32,32,66,0,2,0,176,4,97,1,2,0,0,0,192,1,0,0,61,1,8,0,20,0,33,0,34,0,19,0,211,0,0,0,186,1,19,0,8,0,1,45,4,66,4,48,4,26,4,61,4,56,4,51,4,48,4,156,0,2,0,17,0,25,0,2,0,0,0,18,0,2,0,0,0,19,0,2,0,0,0,175,1,2,0,0,0,188,1,2,0,0,0,61,0,18,0,240,0,105,0,213,57,74,31,56,0,0,0,0,0,1,0,88,2,64,0,2,0,0,0,141,0,2,0,0,0,34,0,2,0,0,0,14,0,2,0,1,0,183,1,2,0,0,0,218,0,2,0,0,0,49,0,30,0,220,0,0,0,8,0,144,1,0,0,0,2,0,2,7,1,67,0,97,0,108,0,105,0,98,0,114,0,105,0,49,0,30,0,220,0,0,0,8,0,144,1,0,0,0,2,204,2,7,1,67,0,97,0,108,0,105,0,98,0,114,0,105,0,49,0,30,0,220,0,0,0,8,0,144,1,0,0,0,2,204,2,7,1,67,0,97,0,108,0,105,0,98,0,114,0,105,0,49,0,30,0,220,0,0,0,8,0,144,1,0,0,0,2,204,2,7,1,67,0,97,0,108,0,105,0,98,0,114,0,105,0,49,0,26,0,200,0,0,0,255,127,144,1,0,0,0,2,0,2,5,1,65,0,114,0,105,0,97,0,108,0,49,0,30,0,220,0,0,0,8,0,144,1,0,0,0,2,0,2,7,1,67,0,97,0,108,0,105,0,98,0,114,0,105,0,49,0,30,0,220,0,0,0,8,0,144,1,0,0,0,2,204,2,7,1,67,0,97,0,108,0,105,0,98,0,114,0,105,0,49,0,30,0,220,0,0,0,9,0,144,1,0,0,0,2,204,2,7,1,67,0,97,0,108,0,105,0,98,0,114,0,105,0,49,0,30,0,220,0,0,0,62,0,144,1,0,0,0,2,204,2,7,1,67,0,97,0,108,0,105,0,98,0,114,0,105,0,49,0,30,0,220,0,1,0,63,0,188,2,0,0,0,2,204,2,7,1,67,0,97,0,108,0,105,0,98,0,114,0,105,0,49,0,30,0,220,0,1,0,52,0,188,2,0,0,0,2,204,2,7,1,67,0,97,0,108,0,105,0,98,0,114,0,105,0,49,0,30,0,220,0,4,0,12,0,144,1,0,0,1,2,0,2,7,1,67,0,97,0,108,0,105,0,98,0,114,0,105,0,49,0,30,0,44,1,1,0,56,0,188,2,0,0,0,2,204,2,7,1,67,0,97,0,108,0,105,0,98,0,114,0,105,0,49,0,30,0,4,1,1,0,56,0,188,2,0,0,0,2,204,2,7,1,67,0,97,0,108,0,105,0,98,0,114,0,105,0,49,0,30,0,220,0,1,0,56,0,188,2,0,0,0,2,204,2,7,1,67,0,97,0,108,0,105,0,98,0,114,0,105,0,49,0,30,0,220,0,1,0,8,0,188,2,0,0,0,2,204,2,7,1,67,0,97,0,108,0,105,0,98,0,114,0,105,0,49,0,30,0,220,0,1,0,9,0,188,2,0,0,0,2,204,2,7,1,67,0,97,0,108,0,105,0,98,0,114,0,105,0,49,0,30,0,104,1,1,0,56,0,188,2,0,0,0,2,204,2,7,1,67,0,97,0,109,0,98,0,114,0,105,0,97,0,49,0,30,0,220,0,0,0,60,0,144,1,0,0,0,2,204,2,7,1,67,0,97,0,108,0,105,0,98,0,114,0,105,0,49,0,30,0,220,0,4,0,20,0,144,1,0,0,1,2,0,2,7,1,67,0,97,0,108,0,105,0,98,0,114,0,105,0,49,0,30,0,220,0,0,0,20,0,144,1,0,0,0,2,204,2,7,1,67,0,97,0,108,0,105,0,98,0,114,0,105,0,49,0,30,0,220,0,2
0,73,68,61,34,123,70,53,70,69,55,52,65,66,45,65,49,69,56,45,52,54,68,50,45,57,68,65,65,45,51,65,70,53,66,69,55,57,67,65,54,68,125,34,13,10,68,111,99,117,109,101,110,116,61,221,242,224,202,237,232,227,224,47,38,72,48,48,48,48,48,48,48,48,13,10,68,111,99,117,109,101,110,116,61,203,232,241,242,49,47,38,72,48,48,48,48,48,48,48,48,13,10,80,97,99,107,97,103,101,61,123,65,67,57,70,50,70,57,48,45,69,56,55,55,45,49,49,67,69,45,57,70,54,56,45,48,48,65,65,48,48,53,55,52,65,52,70,125,13,10,66,97,115,101,67,108,97,115,115,61,85,115,101,114,70,111,114,109,49,13,10,66,97,115,101,67,108,97,115,115,61,85,115,101,114,70,111,114,109,50,13,10,66,97,115,101,67,108,97,115,115,61,85,115,101,114,70,111,114,109,51,13,10,77,111,100,117,108,101,61,77,111,100,117,108,101,49,13,10,77,111,100,117,108,101,61,77,111,100,117,108,101,50,13,10,77,111,100,117,108,101,61,77,111,100,117,108,101,51,13,10,67,108,97,115,115,61,67,108,97,115,115,49,13,10,67,108,97,115,115,61,67,108,97,115,115,50,13,10,67,108,97,115,115,61,67,108,97,115,115,51,13,10,78,97,109,101,61,34,86,66,65,80,114,111,106,101,99,116,34,13,10,72,101,108,112,67,111,110,116,101,120,116,73,68,61,34,48,34,13,10,86,101,114,115,105,111,110,67,111,109,112,97,116,105,98,108,101,51,50,61,34,51,57,51,50,50,50,48,48,48,34,13,10,67,77,71,61,34,52,51,52,49,49,49,67,54,54,50,67,65,54,50,67,65,54,50,67,65,54,50,67,65,34,13,10,68,80,66,61,34,57,56,57,65,67,65,69,68,67,66,69,68,67,66,69,68,34,13,10,71,67,61,34,69,68,69,70,66,70,49,52,52,49,54,56,52,50,54,56,52,50,57,55,34,13,10,13,10,91,72,111,115,116,32,69,120,116,101,110,100,101,114,32,73,110,102,111,93,13,10,38,72,48,48,48,48,48,48,48,49,61,123,51,56,51,50,68,54,52,48,45,67,70,57,48,45,49,49,67,70,45,56,69,52,51,45,48,48,65,48,67,57,49,49,48,48,53,65,125,59,86,66,69,59,38,72,48,48,48,48,48,48,48,48,13,10,13,10,91,87,111,114,107,115,112,97,99,101,93,13,10,221,242,224,202,237,232,227,224,61,48,44,32,48,44,32,48,44,32,48,44,32,67,13,10,203,232,241,242,49,61,48,44,32,48,44,32,48,44,32,48,44,32,67,13,10,85,115,101,114,70,111,114,109,49,61,48,44,32,48,44,32,48,44,32,48,44,32,67,44,32,48,44,32,48,44,32,54,56,54,44,32,52,51,53,44,32,13,10,85,115,101,114,70,111,114,109,50,61,48,44,32,48,44,32,48,44,32,48,44,32,67,44,32,50,54,44,32,50,54,44,32,55,49,50,44,32,52,54,49,44,32,13,10,85,115,101,114,70,111,114,109,51,61,48,44,32,48,44,32,48,44,32,48,44,32,67,44,32,53,50,44,32,53,50,44,32,55,51,56,44,32,52,56,55,44,32,13,10,77,111,100,117,108,101,49,61,55,56,44,32,55,56,44,32,55,54,52,44,32,53,49,51,44,32,13,10,77,111,100,117,108,101,50,61,49,48,52,44,32,49,48,52,44,32,55,57,48,44,32,53,51,57,44,32,13,10,77,111,100,117,108,101,51,61,49,51,48,44,32,49,51,48,44,32,56,49,54,44,32,53,54,53,44,32,13,10,67,108,97,115,115,49,61,49,53,54,44,32,49,53,54,44,32,56,52,50,44,32,53,57,49,44,32,13,10,67,108,97,115,115,50,61,49,56,50,44,32,49,56,50,44,32,56,54,56,44,32,54,49,55,44,32,13,10,67,108,97,115,115,51,61,48,44,32,48,44,32,54,56,54,44,32,52,51,53,44,32,90,13,10,0,220,0,0,0,60,0,144,1,0,0,0,2,204,2,7,1,67,0,97,0,108,0,105,0,98,0,114,0,105,0,49,0,30,0,220,0,4,0,20,0,144,1,0,0,1,2,0,2,7,1,67,0,97,0,108,0,105,0,98,0,114,0,105,0,49,0,30,0,220,0,0,0,20,0,144,1,0,0,0,2,204,2,7,1,67,0,97,0,108,0,105,0,98,0,114,0,105,0,49,0,30,0,220,0,2
0,221,242,224,202,237,232,227,224,0,45,4,66,4,48,4,26,4,61,4,56,4,51,4,48,4,0,0,203,232,241,242,49,0,27,4,56,4,65,4,66,4,49,0,0,0,85,115,101,114,70,111,114,109,49,0,85,0,115,0,101,0,114,0,70,0,111,0,114,0,109,0,49,0,0,0,85,115,101,114,70,111,114,109,50,0,85,0,115,0,101,0,114,0,70,0,111,0,114,0,109,0,50,0,0,0,85,115,101,114,70,111,114,109,51,0,85,0,115,0,101,0,114,0,70,0,111,0,114,0,109,0,51,0,0,0,77,111,100,117,108,101,49,0,77,0,111,0,100,0,117,0,108,0,101,0,49,0,0,0,77,111,100,117,108,101,50,0,77,0,111,0,100,0,117,0,108,0,101,0,50,0,0,0,77,111,100,117,108,101,51,0,77,0,111,0,100,0,117,0,108,0,101,0,51,0,0,0,67,108,97,115,115,49,0,67,0,108,0,97,0,115,0,115,0,49,0,0,0,67,108,97,115,115,50,0,67,0,108,0,97,0,115,0,115,0,50,0,0,0,67,108,97,115,115,51,0,67,0,108,0,97,0,115,0,115,0,51,0,0,0,0,0,49,13,10,67,108,97,115,115,61,67,108,97,115,115,50,13,10,67,108,97,115,115,61,67,108,97,115,115,51,13,10,78,97,109,101,61,34,86,66,65,80,114,111,106,101,99,116,34,13,10,72,101,108,112,67,111,110,116,101,120,116,73,68,61,34,48,34,13,10,86,101,114,115,105,111,110,67,111,109,112,97,116,105,98,108,101,51,50,61,34,51,57,51,50,50,50,48,48,48,34,13,10,67,77,71,61,34,52,51,52,49,49,49,67,54,54,50,67,65,54,50,67,65,54,50,67,65,54,50,67,65,34,13,10,68,80,66,61,34,57,56,57,65,67,65,69,68,67,66,69,68,67,66,69,68,34,13,10,71,67,61,34,69,68,69,70,66,70,49,52,52,49,54,56,52,50,54,56,52,50,57,55,34,13,10,13,10,91,72,111,115,116,32,69,120,116,101,110,100,101,114,32,73,110,102,111,93,13,10,38,72,48,48,48,48,48,48,48,49,61,123,51,56,51,50,68,54,52,48,45,67,70,57,48,45,49,49,67,70,45,56,69,52,51,45,48,48,65,48,67,57,49,49,48,48,53,65,125,59,86,66,69,59,38,72,48,48,48,48,48,48,48,48,13,10,13,10,91,87,111,114,107,115,112,97,99,101,93,13,10,221,242,224,202,237,232,227,224,61,48,44,32,48,44,32,48,44,32,48,44,32,67,13,10,203,232,241,242,49,61,48,44,32,48,44,32,48,44,32,48,44,32,67,13,10,85,115,101,114,70,111,114,109,49,61,48,44,32,48,44,32,48,44,32,48,44,32,67,44,32,48,44,32,48,44,32,54,56,54,44,32,52,51,53,44,32,13,10,85,115,101,114,70,111,114,109,50,61,48,44,32,48,44,32,48,44,32,48,44,32,67,44,32,50,54,44,32,50,54,44,32,55,49,50,44,32,52,54,49,44,32,13,10,85,115,101,114,70,111,114,109,51,61,48,44,32,48,44,32,48,44,32,48,44,32,67,44,32,53,50,44,32,53,50,44,32,55,51,56,44,32,52,56,55,44,32,13,10,77,111,100,117,108,101,49,61,55,56,44,32,55,56,44,32,55,54,52,44,32,53,49,51,44,32,13,10,77,111,100,117,108,101,50,61,49,48,52,44,32,49,48,52,44,32,55,57,48,44,32,53,51,57,44,32,13,10,77,111,100,117,108,101,51,61,49,51,48,44,32,49,51,48,44,32,56,49,54,44,32,53,54,53,44,32,13,10,67,108,97,115,115,49,61,49,53,54,44,32,49,53,54,44,32,56,52,50,44,32,53,57,49,44,32,13,10,67,108,97,115,115,50,61,49,56,50,44,32,49,56,50,44,32,56,54,56,44,32,54,49,55,44,32,13,10,67,108,97,115,115,51,61,48,44,32,48,44,32,54,56,54,44,32,52,51,53,44,32,90,13,10,0,220,0,0,0,60,0,144,1,0,0,0,2,204,2,7,1,67,0,97,0,108,0,105,0,98,0,114,0,105,0,49,0,30,0,220,0,4,0,20,0,144,1,0,0,1,2,0,2,7,1,67,0,97,0,108,0,105,0,98,0,114,0,105,0,49,0,30,0,220,0,0,0,20,0,144,1,0,0,0,2,204,2,7,1,67,0,97,0,108,0,105,0,98,0,114,0,105,0,49,0,30,0,220,0,2
0,1,0,254,255,3,10,0,0,255,255,255,255,0,0,0,0,0,0,0,0,0,0,0,0,0,0,0,0,25,0,0,0,77,105,99,114,111,115,111,102,116,32,70,111,114,109,115,32,50,46,48,32,70,111,114,109,0,16,0,0,0,69,109,98,101,100,100,101,100,32,79,98,106,101,99,116,0,0,0,0,0,244,57,178,113,0,0,0,0,0,0,0,0,0,0,0,0,114,0,109,0,50,0,0,0,85,115,101,114,70,111,114,109,51,0,85,0,115,0,101,0,114,0,70,0,111,0,114,0,109,0,51,0,0,0,77,111,100,117,108,101,49,0,77,0,111,0,100,0,117,0,108,0,101,0,49,0,0,0,77,111,100,117,108,101,50,0,77,0,111,0,100,0,117,0,108,0,101,0,50,0,0,0,77,111,100,117,108,101,51,0,77,0,111,0,100,0,117,0,108,0,101,0,51,0,0,0,67,108,97,115,115,49,0,67,0,108,0,97,0,115,0,115,0,49,0,0,0,67,108,97,115,115,50,0,67,0,108,0,97,0,115,0,115,0,50,0,0,0,67,108,97,115,115,51,0,67,0,108,0,97,0,115,0,115,0,51,0,0,0,0,0,49,13,10,67,108,97,115,115,61,67,108,97,115,115,50,13,10,67,108,97,115,115,61,67,108,97,115,115,51,13,10,78,97,109,101,61,34,86,66,65,80,114,111,106,101,99,116,34,13,10,72,101,108,112,67,111,110,116,101,120,116,73,68,61,34,48,34,13,10,86,101,114,115,105,111,110,67,111,109,112,97,116,105,98,108,101,51,50,61,34,51,57,51,50,50,50,48,48,48,34,13,10,67,77,71,61,34,52,51,52,49,49,49,67,54,54,50,67,65,54,50,67,65,54,50,67,65,54,50,67,65,34,13,10,68,80,66,61,34,57,56,57,65,67,65,69,68,67,66,69,68,67,66,69,68,34,13,10,71,67,61,34,69,68,69,70,66,70,49,52,52,49,54,56,52,50,54,56,52,50,57,55,34,13,10,13,10,91,72,111,115,116,32,69,120,116,101,110,100,101,114,32,73,110,102,111,93,13,10,38,72,48,48,48,48,48,48,48,49,61,123,51,56,51,50,68,54,52,48,45,67,70,57,48,45,49,49,67,70,45,56,69,52,51,45,48,48,65,48,67,57,49,49,48,48,53,65,125,59,86,66,69,59,38,72,48,48,48,48,48,48,48,48,13,10,13,10,91,87,111,114,107,115,112,97,99,101,93,13,10,221,242,224,202,237,232,227,224,61,48,44,32,48,44,32,48,44,32,48,44,32,67,13,10,203,232,241,242,49,61,48,44,32,48,44,32,48,44,32,48,44,32,67,13,10,85,115,101,114,70,111,114,109,49,61,48,44,32,48,44,32,48,44,32,48,44,32,67,44,32,48,44,32,48,44,32,54,56,54,44,32,52,51,53,44,32,13,10,85,115,101,114,70,111,114,109,50,61,48,44,32,48,44,32,48,44,32,48,44,32,67,44,32,50,54,44,32,50,54,44,32,55,49,50,44,32,52,54,49,44,32,13,10,85,115,101,114,70,111,114,109,51,61,48,44,32,48,44,32,48,44,32,48,44,32,67,44,32,53,50,44,32,53,50,44,32,55,51,56,44,32,52,56,55,44,32,13,10,77,111,100,117,108,101,49,61,55,56,44,32,55,56,44,32,55,54,52,44,32,53,49,51,44,32,13,10,77,111,100,117,108,101,50,61,49,48,52,44,32,49,48,52,44,32,55,57,48,44,32,53,51,57,44,32,13,10,77,111,100,117,108,101,51,61,49,51,48,44,32,49,51,48,44,32,56,49,54,44,32,53,54,53,44,32,13,10,67,108,97,115,115,49,61,49,53,54,44,32,49,53,54,44,32,56,52,50,44,32,53,57,49,44,32,13,10,67,108,97,115,115,50,61,49,56,50,44,32,49,56,50,44,32,56,54,56,44,32,54,49,55,44,32,13,10,67,108,97,115,115,51,61,48,44,32,48,44,32,54,56,54,44,32,52,51,53,44,32,90,13,10,0,220,0,0,0,60,0,144,1,0,0,0,2,204,2,7,1,67,0,97,0,108,0,105,0,98,0,114,0,105,0,49,0,30,0,220,0,4,0,20,0,144,1,0,0,1,2,0,2,7,1,67,0,97,0,108,0,105,0,98,0,114,0,105,0,49,0,30,0,220,0,0,0,20,0,144,1,0,0,0,2,204,2,7,1,67,0,97,0,108,0,105,0,98,0,114,0,105,0,49,0,30,0,220,0,2
0,86,69,82,83,73,79,78,32,53,46,48,48,13,10,66,101,103,105,110,32,123,67,54,50,65,54,57,70,48,45,49,54,68,67,45,49,49,67,69,45,57,69,57,56,45,48,48,65,65,48,48,53,55,52,65,52,70,125,32,85,115,101,114,70,111,114,109,49,32,13,10,32,32,32,67,97,112,116,105,111,110,32,32,32,32,32,32,32,32,32,61,32,32,32,34,85,115,101,114,70,111,114,109,49,34,13,10,32,32,32,67,108,105,101,110,116,72,101,105,103,104,116,32,32,32,32,61,32,32,32,51,49,54,53,13,10,32,32,32,67,108,105,101,110,116,76,101,102,116,32,32,32,32,32,32,61,32,32,32,52,53,13,10,32,32,32,67,108,105,101,110,116,84,111,112,32,32,32,32,32,32,32,61,32,32,32,51,57,48,13,10,32,32,32,67,108,105,101,110,116,87,105,100,116,104,32,32,32,32,32,61,32,32,32,52,55,49,48,13,10,32,32,32,83,116,97,114,116,85,112,80,111,115,105,116,105,111,110,32,61,32,32,32,49,32,32,39,67,101,110,116,101,114,79,119,110,101,114,13,10,69,110,100,13,10,0,51,0,0,0,0,0,49,13,10,67,108,97,115,115,61,67,108,97,115,115,50,13,10,67,108,97,115,115,61,67,108,97,115,115,51,13,10,78,97,109,101,61,34,86,66,65,80,114,111,106,101,99,116,34,13,10,72,101,108,112,67,111,110,116,101,120,116,73,68,61,34,48,34,13,10,86,101,114,115,105,111,110,67,111,109,112,97,116,105,98,108,101,51,50,61,34,51,57,51,50,50,50,48,48,48,34,13,10,67,77,71,61,34,52,51,52,49,49,49,67,54,54,50,67,65,54,50,67,65,54,50,67,65,54,50,67,65,34,13,10,68,80,66,61,34,57,56,57,65,67,65,69,68,67,66,69,68,67,66,69,68,34,13,10,71,67,61,34,69,68,69,70,66,70,49,52,52,49,54,56,52,50,54,56,52,50,57,55,34,13,10,13,10,91,72,111,115,116,32,69,120,116,101,110,100,101,114,32,73,110,102,111,93,13,10,38,72,48,48,48,48,48,48,48,49,61,123,51,56,51,50,68,54,52,48,45,67,70,57,48,45,49,49,67,70,45,56,69,52,51,45,48,48,65,48,67,57,49,49,48,48,53,65,125,59,86,66,69,59,38,72,48,48,48,48,48,48,48,48,13,10,13,10,91,87,111,114,107,115,112,97,99,101,93,13,10,221,242,224,202,237,232,227,224,61,48,44,32,48,44,32,48,44,32,48,44,32,67,13,10,203,232,241,242,49,61,48,44,32,48,44,32,48,44,32,48,44,32,67,13,10,85,115,101,114,70,111,114,109,49,61,48,44,32,48,44,32,48,44,32,48,44,32,67,44,32,48,44,32,48,44,32,54,56,54,44,32,52,51,53,44,32,13,10,85,115,101,114,70,111,114,109,50,61,48,44,32,48,44,32,48,44,32,48,44,32,67,44,32,50,54,44,32,50,54,44,32,55,49,50,44,32,52,54,49,44,32,13,10,85,115,101,114,70,111,114,109,51,61,48,44,32,48,44,32,48,44,32,48,44,32,67,44,32,53,50,44,32,53,50,44,32,55,51,56,44,32,52,56,55,44,32,13,10,77,111,100,117,108,101,49,61,55,56,44,32,55,56,44,32,55,54,52,44,32,53,49,51,44,32,13,10,77,111,100,117,108,101,50,61,49,48,52,44,32,49,48,52,44,32,55,57,48,44,32,53,51,57,44,32,13,10,77,111,100,117,108,101,51,61,49,51,48,44,32,49,51,48,44,32,56,49,54,44,32,53,54,53,44,32,13,10,67,108,97,115,115,49,61,49,53,54,44,32,49,53,54,44,32,56,52,50,44,32,53,57,49,44,32,13,10,67,108,97,115,115,50,61,49,56,50,44,32,49,56,50,44,32,56,54,56,44,32,54,49,55,44,32,13,10,67,108,97,115,115,51,61,48,44,32,48,44,32,54,56,54,44,32,52,51,53,44,32,90,13,10,0,220,0,0,0,60,0,144,1,0,0,0,2,204,2,7,1,67,0,97,0,108,0,105,0,98,0,114,0,105,0,49,0,30,0,220,0,4,0,20,0,144,1,0,0,1,2,0,2,7,1,67,0,97,0,108,0,105,0,98,0,114,0,105,0,49,0,30,0,220,0,0,0,20,0,144,1,0,0,0,2,204,2,7,1,67,0,97,0,108,0,105,0,98,0,114,0,105,0,49,0,30,0,220,0,2
0,0,4,24,0,0,12,0,8,0,125,0,0,116,32,0,0,207,21,0,0,0,0,0,0,0,0,0,0,0,0,0,0,0,0,0,0,0,0,69,45,57,69,57,56,45,48,48,65,65,48,48,53,55,52,65,52,70,125,32,85,115,101,114,70,111,114,109,49,32,13,10,32,32,32,67,97,112,116,105,111,110,32,32,32,32,32,32,32,32,32,61,32,32,32,34,85,115,101,114,70,111,114,109,49,34,13,10,32,32,32,67,108,105,101,110,116,72,101,105,103,104,116,32,32,32,32,61,32,32,32,51,49,54,53,13,10,32,32,32,67,108,105,101,110,116,76,101,102,116,32,32,32,32,32,32,61,32,32,32,52,53,13,10,32,32,32,67,108,105,101,110,116,84,111,112,32,32,32,32,32,32,32,61,32,32,32,51,57,48,13,10,32,32,32,67,108,105,101,110,116,87,105,100,116,104,32,32,32,32,32,61,32,32,32,52,55,49,48,13,10,32,32,32,83,116,97,114,116,85,112,80,111,115,105,116,105,111,110,32,61,32,32,32,49,32,32,39,67,101,110,116,101,114,79,119,110,101,114,13,10,69,110,100,13,10,0,51,0,0,0,0,0,49,13,10,67,108,97,115,115,61,67,108,97,115,115,50,13,10,67,108,97,115,115,61,67,108,97,115,115,51,13,10,78,97,109,101,61,34,86,66,65,80,114,111,106,101,99,116,34,13,10,72,101,108,112,67,111,110,116,101,120,116,73,68,61,34,48,34,13,10,86,101,114,115,105,111,110,67,111,109,112,97,116,105,98,108,101,51,50,61,34,51,57,51,50,50,50,48,48,48,34,13,10,67,77,71,61,34,52,51,52,49,49,49,67,54,54,50,67,65,54,50,67,65,54,50,67,65,54,50,67,65,34,13,10,68,80,66,61,34,57,56,57,65,67,65,69,68,67,66,69,68,67,66,69,68,34,13,10,71,67,61,34,69,68,69,70,66,70,49,52,52,49,54,56,52,50,54,56,52,50,57,55,34,13,10,13,10,91,72,111,115,116,32,69,120,116,101,110,100,101,114,32,73,110,102,111,93,13,10,38,72,48,48,48,48,48,48,48,49,61,123,51,56,51,50,68,54,52,48,45,67,70,57,48,45,49,49,67,70,45,56,69,52,51,45,48,48,65,48,67,57,49,49,48,48,53,65,125,59,86,66,69,59,38,72,48,48,48,48,48,48,48,48,13,10,13,10,91,87,111,114,107,115,112,97,99,101,93,13,10,221,242,224,202,237,232,227,224,61,48,44,32,48,44,32,48,44,32,48,44,32,67,13,10,203,232,241,242,49,61,48,44,32,48,44,32,48,44,32,48,44,32,67,13,10,85,115,101,114,70,111,114,109,49,61,48,44,32,48,44,32,48,44,32,48,44,32,67,44,32,48,44,32,48,44,32,54,56,54,44,32,52,51,53,44,32,13,10,85,115,101,114,70,111,114,109,50,61,48,44,32,48,44,32,48,44,32,48,44,32,67,44,32,50,54,44,32,50,54,44,32,55,49,50,44,32,52,54,49,44,32,13,10,85,115,101,114,70,111,114,109,51,61,48,44,32,48,44,32,48,44,32,48,44,32,67,44,32,53,50,44,32,53,50,44,32,55,51,56,44,32,52,56,55,44,32,13,10,77,111,100,117,108,101,49,61,55,56,44,32,55,56,44,32,55,54,52,44,32,53,49,51,44,32,13,10,77,111,100,117,108,101,50,61,49,48,52,44,32,49,48,52,44,32,55,57,48,44,32,53,51,57,44,32,13,10,77,111,100,117,108,101,51,61,49,51,48,44,32,49,51,48,44,32,56,49,54,44,32,53,54,53,44,32,13,10,67,108,97,115,115,49,61,49,53,54,44,32,49,53,54,44,32,56,52,50,44,32,53,57,49,44,32,13,10,67,108,97,115,115,50,61,49,56,50,44,32,49,56,50,44,32,56,54,56,44,32,54,49,55,44,32,13,10,67,108,97,115,115,51,61,48,44,32,48,44,32,54,56,54,44,32,52,51,53,44,32,90,13,10,0,220,0,0,0,60,0,144,1,0,0,0,2,204,2,7,1,67,0,97,0,108,0,105,0,98,0,114,0,105,0,49,0,30,0,220,0,4,0,20,0,144,1,0,0,1,2,0,2,7,1,67,0,97,0,108,0,105,0,98,0,114,0,105,0,49,0,30,0,220,0,0,0,20,0,144,1,0,0,0,2,204,2,7,1,67,0,97,0,108,0,105,0,98,0,114,0,105,0,49,0,30,0,220,0,2
0,0,4,24,0,0,12,0,8,0,125,0,0,116,32,0,0,207,21,0,0,0,0,0,0,0,0,0,0,0,0,0,0,0,0,0,0,0,0,69,45,57,69,57,56,45,48,48,65,65,48,48,53,55,52,65,52,70,125,32,85,115,101,114,70,111,114,109,49,32,13,10,32,32,32,67,97,112,116,105,111,110,32,32,32,32,32,32,32,32,32,61,32,32,32,34,85,115,101,114,70,111,114,109,49,34,13,10,32,32,32,67,108,105,101,110,116,72,101,105,103,104,116,32,32,32,32,61,32,32,32,51,49,54,53,13,10,32,32,32,67,108,105,101,110,116,76,101,102,116,32,32,32,32,32,32,61,32,32,32,52,53,13,10,32,32,32,67,108,105,101,110,116,84,111,112,32,32,32,32,32,32,32,61,32,32,32,51,57,48,13,10,32,32,32,67,108,105,101,110,116,87,105,100,116,104,32,32,32,32,32,61,32,32,32,52,55,49,48,13,10,32,32,32,83,116,97,114,116,85,112,80,111,115,105,116,105,111,110,32,61,32,32,32,49,32,32,39,67,101,110,116,101,114,79,119,110,101,114,13,10,69,110,100,13,10,0,51,0,0,0,0,0,49,13,10,67,108,97,115,115,61,67,108,97,115,115,50,13,10,67,108,97,115,115,61,67,108,97,115,115,51,13,10,78,97,109,101,61,34,86,66,65,80,114,111,106,101,99,116,34,13,10,72,101,108,112,67,111,110,116,101,120,116,73,68,61,34,48,34,13,10,86,101,114,115,105,111,110,67,111,109,112,97,116,105,98,108,101,51,50,61,34,51,57,51,50,50,50,48,48,48,34,13,10,67,77,71,61,34,52,51,52,49,49,49,67,54,54,50,67,65,54,50,67,65,54,50,67,65,54,50,67,65,34,13,10,68,80,66,61,34,57,56,57,65,67,65,69,68,67,66,69,68,67,66,69,68,34,13,10,71,67,61,34,69,68,69,70,66,70,49,52,52,49,54,56,52,50,54,56,52,50,57,55,34,13,10,13,10,91,72,111,115,116,32,69,120,116,101,110,100,101,114,32,73,110,102,111,93,13,10,38,72,48,48,48,48,48,48,48,49,61,123,51,56,51,50,68,54,52,48,45,67,70,57,48,45,49,49,67,70,45,56,69,52,51,45,48,48,65,48,67,57,49,49,48,48,53,65,125,59,86,66,69,59,38,72,48,48,48,48,48,48,48,48,13,10,13,10,91,87,111,114,107,115,112,97,99,101,93,13,10,221,242,224,202,237,232,227,224,61,48,44,32,48,44,32,48,44,32,48,44,32,67,13,10,203,232,241,242,49,61,48,44,32,48,44,32,48,44,32,48,44,32,67,13,10,85,115,101,114,70,111,114,109,49,61,48,44,32,48,44,32,48,44,32,48,44,32,67,44,32,48,44,32,48,44,32,54,56,54,44,32,52,51,53,44,32,13,10,85,115,101,114,70,111,114,109,50,61,48,44,32,48,44,32,48,44,32,48,44,32,67,44,32,50,54,44,32,50,54,44,32,55,49,50,44,32,52,54,49,44,32,13,10,85,115,101,114,70,111,114,109,51,61,48,44,32,48,44,32,48,44,32,48,44,32,67,44,32,53,50,44,32,53,50,44,32,55,51,56,44,32,52,56,55,44,32,13,10,77,111,100,117,108,101,49,61,55,56,44,32,55,56,44,32,55,54,52,44,32,53,49,51,44,32,13,10,77,111,100,117,108,101,50,61,49,48,52,44,32,49,48,52,44,32,55,57,48,44,32,53,51,57,44,32,13,10,77,111,100,117,108,101,51,61,49,51,48,44,32,49,51,48,44,32,56,49,54,44,32,53,54,53,44,32,13,10,67,108,97,115,115,49,61,49,53,54,44,32,49,53,54,44,32,56,52,50,44,32,53,57,49,44,32,13,10,67,108,97,115,115,50,61,49,56,50,44,32,49,56,50,44,32,56,54,56,44,32,54,49,55,44,32,13,10,67,108,97,115,115,51,61,48,44,32,48,44,32,54,56,54,44,32,52,51,53,44,32,90,13,10,0,220,0,0,0,60,0,144,1,0,0,0,2,204,2,7,1,67,0,97,0,108,0,105,0,98,0,114,0,105,0,49,0,30,0,220,0,4,0,20,0,144,1,0,0,1,2,0,2,7,1,67,0,97,0,108,0,105,0,98,0,114,0,105,0,49,0,30,0,220,0,0,0,20,0,144,1,0,0,0,2,204,2,7,1,67,0,97,0,108,0,105,0,98,0,114,0,105,0,49,0,30,0,220,0,2
0,1,0,254,255,3,10,0,0,255,255,255,255,0,0,0,0,0,0,0,0,0,0,0,0,0,0,0,0,25,0,0,0,77,105,99,114,111,115,111,102,116,32,70,111,114,109,115,32,50,46,48,32,70,111,114,109,0,16,0,0,0,69,109,98,101,100,100,101,100,32,79,98,106,101,99,116,0,0,0,0,0,244,57,178,113,0,0,0,0,0,0,0,0,0,0,0,0,101,114,70,111,114,109,49,34,13,10,32,32,32,67,108,105,101,110,116,72,101,105,103,104,116,32,32,32,32,61,32,32,32,51,49,54,53,13,10,32,32,32,67,108,105,101,110,116,76,101,102,116,32,32,32,32,32,32,61,32,32,32,52,53,13,10,32,32,32,67,108,105,101,110,116,84,111,112,32,32,32,32,32,32,32,61,32,32,32,51,57,48,13,10,32,32,32,67,108,105,101,110,116,87,105,100,116,104,32,32,32,32,32,61,32,32,32,52,55,49,48,13,10,32,32,32,83,116,97,114,116,85,112,80,111,115,105,116,105,111,110,32,61,32,32,32,49,32,32,39,67,101,110,116,101,114,79,119,110,101,114,13,10,69,110,100,13,10,0,51,0,0,0,0,0,49,13,10,67,108,97,115,115,61,67,108,97,115,115,50,13,10,67,108,97,115,115,61,67,108,97,115,115,51,13,10,78,97,109,101,61,34,86,66,65,80,114,111,106,101,99,116,34,13,10,72,101,108,112,67,111,110,116,101,120,116,73,68,61,34,48,34,13,10,86,101,114,115,105,111,110,67,111,109,112,97,116,105,98,108,101,51,50,61,34,51,57,51,50,50,50,48,48,48,34,13,10,67,77,71,61,34,52,51,52,49,49,49,67,54,54,50,67,65,54,50,67,65,54,50,67,65,54,50,67,65,34,13,10,68,80,66,61,34,57,56,57,65,67,65,69,68,67,66,69,68,67,66,69,68,34,13,10,71,67,61,34,69,68,69,70,66,70,49,52,52,49,54,56,52,50,54,56,52,50,57,55,34,13,10,13,10,91,72,111,115,116,32,69,120,116,101,110,100,101,114,32,73,110,102,111,93,13,10,38,72,48,48,48,48,48,48,48,49,61,123,51,56,51,50,68,54,52,48,45,67,70,57,48,45,49,49,67,70,45,56,69,52,51,45,48,48,65,48,67,57,49,49,48,48,53,65,125,59,86,66,69,59,38,72,48,48,48,48,48,48,48,48,13,10,13,10,91,87,111,114,107,115,112,97,99,101,93,13,10,221,242,224,202,237,232,227,224,61,48,44,32,48,44,32,48,44,32,48,44,32,67,13,10,203,232,241,242,49,61,48,44,32,48,44,32,48,44,32,48,44,32,67,13,10,85,115,101,114,70,111,114,109,49,61,48,44,32,48,44,32,48,44,32,48,44,32,67,44,32,48,44,32,48,44,32,54,56,54,44,32,52,51,53,44,32,13,10,85,115,101,114,70,111,114,109,50,61,48,44,32,48,44,32,48,44,32,48,44,32,67,44,32,50,54,44,32,50,54,44,32,55,49,50,44,32,52,54,49,44,32,13,10,85,115,101,114,70,111,114,109,51,61,48,44,32,48,44,32,48,44,32,48,44,32,67,44,32,53,50,44,32,53,50,44,32,55,51,56,44,32,52,56,55,44,32,13,10,77,111,100,117,108,101,49,61,55,56,44,32,55,56,44,32,55,54,52,44,32,53,49,51,44,32,13,10,77,111,100,117,108,101,50,61,49,48,52,44,32,49,48,52,44,32,55,57,48,44,32,53,51,57,44,32,13,10,77,111,100,117,108,101,51,61,49,51,48,44,32,49,51,48,44,32,56,49,54,44,32,53,54,53,44,32,13,10,67,108,97,115,115,49,61,49,53,54,44,32,49,53,54,44,32,56,52,50,44,32,53,57,49,44,32,13,10,67,108,97,115,115,50,61,49,56,50,44,32,49,56,50,44,32,56,54,56,44,32,54,49,55,44,32,13,10,67,108,97,115,115,51,61,48,44,32,48,44,32,54,56,54,44,32,52,51,53,44,32,90,13,10,0,220,0,0,0,60,0,144,1,0,0,0,2,204,2,7,1,67,0,97,0,108,0,105,0,98,0,114,0,105,0,49,0,30,0,220,0,4,0,20,0,144,1,0,0,1,2,0,2,7,1,67,0,97,0,108,0,105,0,98,0,114,0,105,0,49,0,30,0,220,0,0,0,20,0,144,1,0,0,0,2,204,2,7,1,67,0,97,0,108,0,105,0,98,0,114,0,105,0,49,0,30,0,220,0,2
0,86,69,82,83,73,79,78,32,53,46,48,48,13,10,66,101,103,105,110,32,123,67,54,50,65,54,57,70,48,45,49,54,68,67,45,49,49,67,69,45,57,69,57,56,45,48,48,65,65,48,48,53,55,52,65,52,70,125,32,85,115,101,114,70,111,114,109,50,32,13,10,32,32,32,67,97,112,116,105,111,110,32,32,32,32,32,32,32,32,32,61,32,32,32,34,85,115,101,114,70,111,114,109,50,34,13,10,32,32,32,67,108,105,101,110,116,72,101,105,103,104,116,32,32,32,32,61,32,32,32,51,49,54,53,13,10,32,32,32,67,108,105,101,110,116,76,101,102,116,32,32,32,32,32,32,61,32,32,32,52,53,13,10,32,32,32,67,108,105,101,110,116,84,111,112,32,32,32,32,32,32,32,61,32,32,32,51,57,48,13,10,32,32,32,67,108,105,101,110,116,87,105,100,116,104,32,32,32,32,32,61,32,32,32,52,55,49,48,13,10,32,32,32,83,116,97,114,116,85,112,80,111,115,105,116,105,111,110,32,61,32,32,32,49,32,32,39,67,101,110,116,101,114,79,119,110,101,114,13,10,69,110,100,13,10,0,51,0,0,0,0,0,49,13,10,67,108,97,115,115,61,67,108,97,115,115,50,13,10,67,108,97,115,115,61,67,108,97,115,115,51,13,10,78,97,109,101,61,34,86,66,65,80,114,111,106,101,99,116,34,13,10,72,101,108,112,67,111,110,116,101,120,116,73,68,61,34,48,34,13,10,86,101,114,115,105,111,110,67,111,109,112,97,116,105,98,108,101,51,50,61,34,51,57,51,50,50,50,48,48,48,34,13,10,67,77,71,61,34,52,51,52,49,49,49,67,54,54,50,67,65,54,50,67,65,54,50,67,65,54,50,67,65,34,13,10,68,80,66,61,34,57,56,57,65,67,65,69,68,67,66,69,68,67,66,69,68,34,13,10,71,67,61,34,69,68,69,70,66,70,49,52,52,49,54,56,52,50,54,56,52,50,57,55,34,13,10,13,10,91,72,111,115,116,32,69,120,116,101,110,100,101,114,32,73,110,102,111,93,13,10,38,72,48,48,48,48,48,48,48,49,61,123,51,56,51,50,68,54,52,48,45,67,70,57,48,45,49,49,67,70,45,56,69,52,51,45,48,48,65,48,67,57,49,49,48,48,53,65,125,59,86,66,69,59,38,72,48,48,48,48,48,48,48,48,13,10,13,10,91,87,111,114,107,115,112,97,99,101,93,13,10,221,242,224,202,237,232,227,224,61,48,44,32,48,44,32,48,44,32,48,44,32,67,13,10,203,232,241,242,49,61,48,44,32,48,44,32,48,44,32,48,44,32,67,13,10,85,115,101,114,70,111,114,109,49,61,48,44,32,48,44,32,48,44,32,48,44,32,67,44,32,48,44,32,48,44,32,54,56,54,44,32,52,51,53,44,32,13,10,85,115,101,114,70,111,114,109,50,61,48,44,32,48,44,32,48,44,32,48,44,32,67,44,32,50,54,44,32,50,54,44,32,55,49,50,44,32,52,54,49,44,32,13,10,85,115,101,114,70,111,114,109,51,61,48,44,32,48,44,32,48,44,32,48,44,32,67,44,32,53,50,44,32,53,50,44,32,55,51,56,44,32,52,56,55,44,32,13,10,77,111,100,117,108,101,49,61,55,56,44,32,55,56,44,32,55,54,52,44,32,53,49,51,44,32,13,10,77,111,100,117,108,101,50,61,49,48,52,44,32,49,48,52,44,32,55,57,48,44,32,53,51,57,44,32,13,10,77,111,100,117,108,101,51,61,49,51,48,44,32,49,51,48,44,32,56,49,54,44,32,53,54,53,44,32,13,10,67,108,97,115,115,49,61,49,53,54,44,32,49,53,54,44,32,56,52,50,44,32,53,57,49,44,32,13,10,67,108,97,115,115,50,61,49,56,50,44,32,49,56,50,44,32,56,54,56,44,32,54,49,55,44,32,13,10,67,108,97,115,115,51,61,48,44,32,48,44,32,54,56,54,44,32,52,51,53,44,32,90,13,10,0,220,0,0,0,60,0,144,1,0,0,0,2,204,2,7,1,67,0,97,0,108,0,105,0,98,0,114,0,105,0,49,0,30,0,220,0,4,0,20,0,144,1,0,0,1,2,0,2,7,1,67,0,97,0,108,0,105,0,98,0,114,0,105,0,49,0,30,0,220,0,0,0,20,0,144,1,0,0,0,2,204,2,7,1,67,0,97,0,108,0,105,0,98,0,114,0,105,0,49,0,30,0,220,0,2
0,0,4,24,0,0,12,0,8,0,125,0,0,116,32,0,0,207,21,0,0,0,0,0,0,0,0,0,0,0,0,0,0,0,0,0,0,0,0,69,45,57,69,57,56,45,48,48,65,65,48,48,53,55,52,65,52,70,125,32,85,115,101,114,70,111,114,109,50,32,13,10,32,32,32,67,97,112,116,105,111,110,32,32,32,32,32,32,32,32,32,61,32,32,32,34,85,115,101,114,70,111,114,109,50,34,13,10,32,32,32,67,108,105,101,110,116,72,101,105,103,104,116,32,32,32,32,61,32,32,32,51,49,54,53,13,10,32,32,32,67,108,105,101,110,116,76,101,102,116,32,32,32,32,32,32,61,32,32,32,52,53,13,10,32,32,32,67,108,105,101,110,116,84,111,112,32,32,32,32,32,32,32,61,32,32,32,51,57,48,13,10,32,32,32,67,108,105,101,110,116,87,105,100,116,104,32,32,32,32,32,61,32,32,32,52,55,49,48,13,10,32,32,32,83,116,97,114,116,85,112,80,111,115,105,116,105,111,110,32,61,32,32,32,49,32,32,39,67,101,110,116,101,114,79,119,110,101,114,13,10,69,110,100,13,10,0,51,0,0,0,0,0,49,13,10,67,108,97,115,115,61,67,108,97,115,115,50,13,10,67,108,97,115,115,61,67,108,97,115,115,51,13,10,78,97,109,101,61,34,86,66,65,80,114,111,106,101,99,116,34,13,10,72,101,108,112,67,111,110,116,101,120,116,73,68,61,34,48,34,13,10,86,101,114,115,105,111,110,67,111,109,112,97,116,105,98,108,101,51,50,61,34,51,57,51,50,50,50,48,48,48,34,13,10,67,77,71,61,34,52,51,52,49,49,49,67,54,54,50,67,65,54,50,67,65,54,50,67,65,54,50,67,65,34,13,10,68,80,66,61,34,57,56,57,65,67,65,69,68,67,66,69,68,67,66,69,68,34,13,10,71,67,61,34,69,68,69,70,66,70,49,52,52,49,54,56,52,50,54,56,52,50,57,55,34,13,10,13,10,91,72,111,115,116,32,69,120,116,101,110,100,101,114,32,73,110,102,111,93,13,10,38,72,48,48,48,48,48,48,48,49,61,123,51,56,51,50,68,54,52,48,45,67,70,57,48,45,49,49,67,70,45,56,69,52,51,45,48,48,65,48,67,57,49,49,48,48,53,65,125,59,86,66,69,59,38,72,48,48,48,48,48,48,48,48,13,10,13,10,91,87,111,114,107,115,112,97,99,101,93,13,10,221,242,224,202,237,232,227,224,61,48,44,32,48,44,32,48,44,32,48,44,32,67,13,10,203,232,241,242,49,61,48,44,32,48,44,32,48,44,32,48,44,32,67,13,10,85,115,101,114,70,111,114,109,49,61,48,44,32,48,44,32,48,44,32,48,44,32,67,44,32,48,44,32,48,44,32,54,56,54,44,32,52,51,53,44,32,13,10,85,115,101,114,70,111,114,109,50,61,48,44,32,48,44,32,48,44,32,48,44,32,67,44,32,50,54,44,32,50,54,44,32,55,49,50,44,32,52,54,49,44,32,13,10,85,115,101,114,70,111,114,109,51,61,48,44,32,48,44,32,48,44,32,48,44,32,67,44,32,53,50,44,32,53,50,44,32,55,51,56,44,32,52,56,55,44,32,13,10,77,111,100,117,108,101,49,61,55,56,44,32,55,56,44,32,55,54,52,44,32,53,49,51,44,32,13,10,77,111,100,117,108,101,50,61,49,48,52,44,32,49,48,52,44,32,55,57,48,44,32,53,51,57,44,32,13,10,77,111,100,117,108,101,51,61,49,51,48,44,32,49,51,48,44,32,56,49,54,44,32,53,54,53,44,32,13,10,67,108,97,115,115,49,61,49,53,54,44,32,49,53,54,44,32,56,52,50,44,32,53,57,49,44,32,13,10,67,108,97,115,115,50,61,49,56,50,44,32,49,56,50,44,32,56,54,56,44,32,54,49,55,44,32,13,10,67,108,97,115,115,51,61,48,44,32,48,44,32,54,56,54,44,32,52,51,53,44,32,90,13,10,0,220,0,0,0,60,0,144,1,0,0,0,2,204,2,7,1,67,0,97,0,108,0,105,0,98,0,114,0,105,0,49,0,30,0,220,0,4,0,20,0,144,1,0,0,1,2,0,2,7,1,67,0,97,0,108,0,105,0,98,0,114,0,105,0,49,0,30,0,220,0,0,0,20,0,144,1,0,0,0,2,204,2,7,1,67,0,97,0,108,0,105,0,98,0,114,0,105,0,49,0,30,0,220,0,2
0,0,4,24,0,0,12,0,8,0,125,0,0,116,32,0,0,207,21,0,0,0,0,0,0,0,0,0,0,0,0,0,0,0,0,0,0,0,0,69,45,57,69,57,56,45,48,48,65,65,48,48,53,55,52,65,52,70,125,32,85,115,101,114,70,111,114,109,50,32,13,10,32,32,32,67,97,112,116,105,111,110,32,32,32,32,32,32,32,32,32,61,32,32,32,34,85,115,101,114,70,111,114,109,50,34,13,10,32,32,32,67,108,105,101,110,116,72,101,105,103,104,116,32,32,32,32,61,32,32,32,51,49,54,53,13,10,32,32,32,67,108,105,101,110,116,76,101,102,116,32,32,32,32,32,32,61,32,32,32,52,53,13,10,32,32,32,67,108,105,101,110,116,84,111,112,32,32,32,32,32,32,32,61,32,32,32,51,57,48,13,10,32,32,32,67,108,105,101,110,116,87,105,100,116,104,32,32,32,32,32,61,32,32,32,52,55,49,48,13,10,32,32,32,83,116,97,114,116,85,112,80,111,115,105,116,105,111,110,32,61,32,32,32,49,32,32,39,67,101,110,116,101,114,79,119,110,101,114,13,10,69,110,100,13,10,0,51,0,0,0,0,0,49,13,10,67,108,97,115,115,61,67,108,97,115,115,50,13,10,67,108,97,115,115,61,67,108,97,115,115,51,13,10,78,97,109,101,61,34,86,66,65,80,114,111,106,101,99,116,34,13,10,72,101,108,112,67,111,110,116,101,120,116,73,68,61,34,48,34,13,10,86,101,114,115,105,111,110,67,111,109,112,97,116,105,98,108,101,51,50,61,34,51,57,51,50,50,50,48,48,48,34,13,10,67,77,71,61,34,52,51,52,49,49,49,67,54,54,50,67,65,54,50,67,65,54,50,67,65,54,50,67,65,34,13,10,68,80,66,61,34,57,56,57,65,67,65,69,68,67,66,69,68,67,66,69,68,34,13,10,71,67,61,34,69,68,69,70,66,70,49,52,52,49,54,56,52,50,54,56,52,50,57,55,34,13,10,13,10,91,72,111,115,116,32,69,120,116,101,110,100,101,114,32,73,110,102,111,93,13,10,38,72,48,48,48,48,48,48,48,49,61,123,51,56,51,50,68,54,52,48,45,67,70,57,48,45,49,49,67,70,45,56,69,52,51,45,48,48,65,48,67,57,49,49,48,48,53,65,125,59,86,66,69,59,38,72,48,48,48,48,48,48,48,48,13,10,13,10,91,87,111,114,107,115,112,97,99,101,93,13,10,221,242,224,202,237,232,227,224,61,48,44,32,48,44,32,48,44,32,48,44,32,67,13,10,203,232,241,242,49,61,48,44,32,48,44,32,48,44,32,48,44,32,67,13,10,85,115,101,114,70,111,114,109,49,61,48,44,32,48,44,32,48,44,32,48,44,32,67,44,32,48,44,32,48,44,32,54,56,54,44,32,52,51,53,44,32,13,10,85,115,101,114,70,111,114,109,50,61,48,44,32,48,44,32,48,44,32,48,44,32,67,44,32,50,54,44,32,50,54,44,32,55,49,50,44,32,52,54,49,44,32,13,10,85,115,101,114,70,111,114,109,51,61,48,44,32,48,44,32,48,44,32,48,44,32,67,44,32,53,50,44,32,53,50,44,32,55,51,56,44,32,52,56,55,44,32,13,10,77,111,100,117,108,101,49,61,55,56,44,32,55,56,44,32,55,54,52,44,32,53,49,51,44,32,13,10,77,111,100,117,108,101,50,61,49,48,52,44,32,49,48,52,44,32,55,57,48,44,32,53,51,57,44,32,13,10,77,111,100,117,108,101,51,61,49,51,48,44,32,49,51,48,44,32,56,49,54,44,32,53,54,53,44,32,13,10,67,108,97,115,115,49,61,49,53,54,44,32,49,53,54,44,32,56,52,50,44,32,53,57,49,44,32,13,10,67,108,97,115,115,50,61,49,56,50,44,32,49,56,50,44,32,56,54,56,44,32,54,49,55,44,32,13,10,67,108,97,115,115,51,61,48,44,32,48,44,32,54,56,54,44,32,52,51,53,44,32,90,13,10,0,220,0,0,0,60,0,144,1,0,0,0,2,204,2,7,1,67,0,97,0,108,0,105,0,98,0,114,0,105,0,49,0,30,0,220,0,4,0,20,0,144,1,0,0,1,2,0,2,7,1,67,0,97,0,108,0,105,0,98,0,114,0,105,0,49,0,30,0,220,0,0,0,20,0,144,1,0,0,0,2,204,2,7,1,67,0,97,0,108,0,105,0,98,0,114,0,105,0,49,0,30,0,220,0,2
0,1,0,254,255,3,10,0,0,255,255,255,255,0,0,0,0,0,0,0,0,0,0,0,0,0,0,0,0,25,0,0,0,77,105,99,114,111,115,111,102,116,32,70,111,114,109,115,32,50,46,48,32,70,111,114,109,0,16,0,0,0,69,109,98,101,100,100,101,100,32,79,98,106,101,99,116,0,0,0,0,0,244,57,178,113,0,0,0,0,0,0,0,0,0,0,0,0,101,114,70,111,114,109,50,34,13,10,32,32,32,67,108,105,101,110,116,72,101,105,103,104,116,32,32,32,32,61,32,32,32,51,49,54,53,13,10,32,32,32,67,108,105,101,110,116,76,101,102,116,32,32,32,32,32,32,61,32,32,32,52,53,13,10,32,32,32,67,108,105,101,110,116,84,111,112,32,32,32,32,32,32,32,61,32,32,32,51,57,48,13,10,32,32,32,67,108,105,101,110,116,87,105,100,116,104,32,32,32,32,32,61,32,32,32,52,55,49,48,13,10,32,32,32,83,116,97,114,116,85,112,80,111,115,105,116,105,111,110,32,61,32,32,32,49,32,32,39,67,101,110,116,101,114,79,119,110,101,114,13,10,69,110,100,13,10,0,51,0,0,0,0,0,49,13,10,67,108,97,115,115,61,67,108,97,115,115,50,13,10,67,108,97,115,115,61,67,108,97,115,115,51,13,10,78,97,109,101,61,34,86,66,65,80,114,111,106,101,99,116,34,13,10,72,101,108,112,67,111,110,116,101,120,116,73,68,61,34,48,34,13,10,86,101,114,115,105,111,110,67,111,109,112,97,116,105,98,108,101,51,50,61,34,51,57,51,50,50,50,48,48,48,34,13,10,67,77,71,61,34,52,51,52,49,49,49,67,54,54,50,67,65,54,50,67,65,54,50,67,65,54,50,67,65,34,13,10,68,80,66,61,34,57,56,57,65,67,65,69,68,67,66,69,68,67,66,69,68,34,13,10,71,67,61,34,69,68,69,70,66,70,49,52,52,49,54,56,52,50,54,56,52,50,57,55,34,13,10,13,10,91,72,111,115,116,32,69,120,116,101,110,100,101,114,32,73,110,102,111,93,13,10,38,72,48,48,48,48,48,48,48,49,61,123,51,56,51,50,68,54,52,48,45,67,70,57,48,45,49,49,67,70,45,56,69,52,51,45,48,48,65,48,67,57,49,49,48,48,53,65,125,59,86,66,69,59,38,72,48,48,48,48,48,48,48,48,13,10,13,10,91,87,111,114,107,115,112,97,99,101,93,13,10,221,242,224,202,237,232,227,224,61,48,44,32,48,44,32,48,44,32,48,44,32,67,13,10,203,232,241,242,49,61,48,44,32,48,44,32,48,44,32,48,44,32,67,13,10,85,115,101,114,70,111,114,109,49,61,48,44,32,48,44,32,48,44,32,48,44,32,67,44,32,48,44,32,48,44,32,54,56,54,44,32,52,51,53,44,32,13,10,85,115,101,114,70,111,114,109,50,61,48,44,32,48,44,32,48,44,32,48,44,32,67,44,32,50,54,44,32,50,54,44,32,55,49,50,44,32,52,54,49,44,32,13,10,85,115,101,114,70,111,114,109,51,61,48,44,32,48,44,32,48,44,32,48,44,32,67,44,32,53,50,44,32,53,50,44,32,55,51,56,44,32,52,56,55,44,32,13,10,77,111,100,117,108,101,49,61,55,56,44,32,55,56,44,32,55,54,52,44,32,53,49,51,44,32,13,10,77,111,100,117,108,101,50,61,49,48,52,44,32,49,48,52,44,32,55,57,48,44,32,53,51,57,44,32,13,10,77,111,100,117,108,101,51,61,49,51,48,44,32,49,51,48,44,32,56,49,54,44,32,53,54,53,44,32,13,10,67,108,97,115,115,49,61,49,53,54,44,32,49,53,54,44,32,56,52,50,44,32,53,57,49,44,32,13,10,67,108,97,115,115,50,61,49,56,50,44,32,49,56,50,44,32,56,54,56,44,32,54,49,55,44,32,13,10,67,108,97,115,115,51,61,48,44,32,48,44,32,54,56,54,44,32,52,51,53,44,32,90,13,10,0,220,0,0,0,60,0,144,1,0,0,0,2,204,2,7,1,67,0,97,0,108,0,105,0,98,0,114,0,105,0,49,0,30,0,220,0,4,0,20,0,144,1,0,0,1,2,0,2,7,1,67,0,97,0,108,0,105,0,98,0,114,0,105,0,49,0,30,0,220,0,0,0,20,0,144,1,0,0,0,2,204,2,7,1,67,0,97,0,108,0,105,0,98,0,114,0,105,0,49,0,30,0,220,0,2
0,86,69,82,83,73,79,78,32,53,46,48,48,13,10,66,101,103,105,110,32,123,67,54,50,65,54,57,70,48,45,49,54,68,67,45,49,49,67,69,45,57,69,57,56,45,48,48,65,65,48,48,53,55,52,65,52,70,125,32,85,115,101,114,70,111,114,109,51,32,13,10,32,32,32,67,97,112,116,105,111,110,32,32,32,32,32,32,32,32,32,61,32,32,32,34,85,115,101,114,70,111,114,109,51,34,13,10,32,32,32,67,108,105,101,110,116,72,101,105,103,104,116,32,32,32,32,61,32,32,32,51,49,54,53,13,10,32,32,32,67,108,105,101,110,116,76,101,102,116,32,32,32,32,32,32,61,32,32,32,52,53,13,10,32,32,32,67,108,105,101,110,116,84,111,112,32,32,32,32,32,32,32,61,32,32,32,51,57,48,13,10,32,32,32,67,108,105,101,110,116,87,105,100,116,104,32,32,32,32,32,61,32,32,32,52,55,49,48,13,10,32,32,32,83,116,97,114,116,85,112,80,111,115,105,116,105,111,110,32,61,32,32,32,49,32,32,39,67,101,110,116,101,114,79,119,110,101,114,13,10,69,110,100,13,10,0,51,0,0,0,0,0,49,13,10,67,108,97,115,115,61,67,108,97,115,115,50,13,10,67,108,97,115,115,61,67,108,97,115,115,51,13,10,78,97,109,101,61,34,86,66,65,80,114,111,106,101,99,116,34,13,10,72,101,108,112,67,111,110,116,101,120,116,73,68,61,34,48,34,13,10,86,101,114,115,105,111,110,67,111,109,112,97,116,105,98,108,101,51,50,61,34,51,57,51,50,50,50,48,48,48,34,13,10,67,77,71,61,34,52,51,52,49,49,49,67,54,54,50,67,65,54,50,67,65,54,50,67,65,54,50,67,65,34,13,10,68,80,66,61,34,57,56,57,65,67,65,69,68,67,66,69,68,67,66,69,68,34,13,10,71,67,61,34,69,68,69,70,66,70,49,52,52,49,54,56,52,50,54,56,52,50,57,55,34,13,10,13,10,91,72,111,115,116,32,69,120,116,101,110,100,101,114,32,73,110,102,111,93,13,10,38,72,48,48,48,48,48,48,48,49,61,123,51,56,51,50,68,54,52,48,45,67,70,57,48,45,49,49,67,70,45,56,69,52,51,45,48,48,65,48,67,57,49,49,48,48,53,65,125,59,86,66,69,59,38,72,48,48,48,48,48,48,48,48,13,10,13,10,91,87,111,114,107,115,112,97,99,101,93,13,10,221,242,224,202,237,232,227,224,61,48,44,32,48,44,32,48,44,32,48,44,32,67,13,10,203,232,241,242,49,61,48,44,32,48,44,32,48,44,32,48,44,32,67,13,10,85,115,101,114,70,111,114,109,49,61,48,44,32,48,44,32,48,44,32,48,44,32,67,44,32,48,44,32,48,44,32,54,56,54,44,32,52,51,53,44,32,13,10,85,115,101,114,70,111,114,109,50,61,48,44,32,48,44,32,48,44,32,48,44,32,67,44,32,50,54,44,32,50,54,44,32,55,49,50,44,32,52,54,49,44,32,13,10,85,115,101,114,70,111,114,109,51,61,48,44,32,48,44,32,48,44,32,48,44,32,67,44,32,53,50,44,32,53,50,44,32,55,51,56,44,32,52,56,55,44,32,13,10,77,111,100,117,108,101,49,61,55,56,44,32,55,56,44,32,55,54,52,44,32,53,49,51,44,32,13,10,77,111,100,117,108,101,50,61,49,48,52,44,32,49,48,52,44,32,55,57,48,44,32,53,51,57,44,32,13,10,77,111,100,117,108,101,51,61,49,51,48,44,32,49,51,48,44,32,56,49,54,44,32,53,54,53,44,32,13,10,67,108,97,115,115,49,61,49,53,54,44,32,49,53,54,44,32,56,52,50,44,32,53,57,49,44,32,13,10,67,108,97,115,115,50,61,49,56,50,44,32,49,56,50,44,32,56,54,56,44,32,54,49,55,44,32,13,10,67,108,97,115,115,51,61,48,44,32,48,44,32,54,56,54,44,32,52,51,53,44,32,90,13,10,0,220,0,0,0,60,0,144,1,0,0,0,2,204,2,7,1,67,0,97,0,108,0,105,0,98,0,114,0,105,0,49,0,30,0,220,0,4,0,20,0,144,1,0,0,1,2,0,2,7,1,67,0,97,0,108,0,105,0,98,0,114,0,105,0,49,0,30,0,220,0,0,0,20,0,144,1,0,0,0,2,204,2,7,1,67,0,97,0,108,0,105,0,98,0,114,0,105,0,49,0,30,0,220,0,2
0,0,4,24,0,0,12,0,8,0,125,0,0,116,32,0,0,207,21,0,0,0,0,0,0,0,0,0,0,0,0,0,0,0,0,0,0,0,0,69,45,57,69,57,56,45,48,48,65,65,48,48,53,55,52,65,52,70,125,32,85,115,101,114,70,111,114,109,51,32,13,10,32,32,32,67,97,112,116,105,111,110,32,32,32,32,32,32,32,32,32,61,32,32,32,34,85,115,101,114,70,111,114,109,51,34,13,10,32,32,32,67,108,105,101,110,116,72,101,105,103,104,116,32,32,32,32,61,32,32,32,51,49,54,53,13,10,32,32,32,67,108,105,101,110,116,76,101,102,116,32,32,32,32,32,32,61,32,32,32,52,53,13,10,32,32,32,67,108,105,101,110,116,84,111,112,32,32,32,32,32,32,32,61,32,32,32,51,57,48,13,10,32,32,32,67,108,105,101,110,116,87,105,100,116,104,32,32,32,32,32,61,32,32,32,52,55,49,48,13,10,32,32,32,83,116,97,114,116,85,112,80,111,115,105,116,105,111,110,32,61,32,32,32,49,32,32,39,67,101,110,116,101,114,79,119,110,101,114,13,10,69,110,100,13,10,0,51,0,0,0,0,0,49,13,10,67,108,97,115,115,61,67,108,97,115,115,50,13,10,67,108,97,115,115,61,67,108,97,115,115,51,13,10,78,97,109,101,61,34,86,66,65,80,114,111,106,101,99,116,34,13,10,72,101,108,112,67,111,110,116,101,120,116,73,68,61,34,48,34,13,10,86,101,114,115,105,111,110,67,111,109,112,97,116,105,98,108,101,51,50,61,34,51,57,51,50,50,50,48,48,48,34,13,10,67,77,71,61,34,52,51,52,49,49,49,67,54,54,50,67,65,54,50,67,65,54,50,67,65,54,50,67,65,34,13,10,68,80,66,61,34,57,56,57,65,67,65,69,68,67,66,69,68,67,66,69,68,34,13,10,71,67,61,34,69,68,69,70,66,70,49,52,52,49,54,56,52,50,54,56,52,50,57,55,34,13,10,13,10,91,72,111,115,116,32,69,120,116,101,110,100,101,114,32,73,110,102,111,93,13,10,38,72,48,48,48,48,48,48,48,49,61,123,51,56,51,50,68,54,52,48,45,67,70,57,48,45,49,49,67,70,45,56,69,52,51,45,48,48,65,48,67,57,49,49,48,48,53,65,125,59,86,66,69,59,38,72,48,48,48,48,48,48,48,48,13,10,13,10,91,87,111,114,107,115,112,97,99,101,93,13,10,221,242,224,202,237,232,227,224,61,48,44,32,48,44,32,48,44,32,48,44,32,67,13,10,203,232,241,242,49,61,48,44,32,48,44,32,48,44,32,48,44,32,67,13,10,85,115,101,114,70,111,114,109,49,61,48,44,32,48,44,32,48,44,32,48,44,32,67,44,32,48,44,32,48,44,32,54,56,54,44,32,52,51,53,44,32,13,10,85,115,101,114,70,111,114,109,50,61,48,44,32,48,44,32,48,44,32,48,44,32,67,44,32,50,54,44,32,50,54,44,32,55,49,50,44,32,52,54,49,44,32,13,10,85,115,101,114,70,111,114,109,51,61,48,44,32,48,44,32,48,44,32,48,44,32,67,44,32,53,50,44,32,53,50,44,32,55,51,56,44,32,52,56,55,44,32,13,10,77,111,100,117,108,101,49,61,55,56,44,32,55,56,44,32,55,54,52,44,32,53,49,51,44,32,13,10,77,111,100,117,108,101,50,61,49,48,52,44,32,49,48,52,44,32,55,57,48,44,32,53,51,57,44,32,13,10,77,111,100,117,108,101,51,61,49,51,48,44,32,49,51,48,44,32,56,49,54,44,32,53,54,53,44,32,13,10,67,108,97,115,115,49,61,49,53,54,44,32,49,53,54,44,32,56,52,50,44,32,53,57,49,44,32,13,10,67,108,97,115,115,50,61,49,56,50,44,32,49,56,50,44,32,56,54,56,44,32,54,49,55,44,32,13,10,67,108,97,115,115,51,61,48,44,32,48,44,32,54,56,54,44,32,52,51,53,44,32,90,13,10,0,220,0,0,0,60,0,144,1,0,0,0,2,204,2,7,1,67,0,97,0,108,0,105,0,98,0,114,0,105,0,49,0,30,0,220,0,4,0,20,0,144,1,0,0,1,2,0,2,7,1,67,0,97,0,108,0,105,0,98,0,114,0,105,0,49,0,30,0,220,0,0,0,20,0,144,1,0,0,0,2,204,2,7,1,67,0,97,0,108,0,105,0,98,0,114,0,105,0,49,0,30,0,220,0,2
0,0,4,24,0,0,12,0,8,0,125,0,0,116,32,0,0,207,21,0,0,0,0,0,0,0,0,0,0,0,0,0,0,0,0,0,0,0,0,69,45,57,69,57,56,45,48,48,65,65,48,48,53,55,52,65,52,70,125,32,85,115,101,114,70,111,114,109,51,32,13,10,32,32,32,67,97,112,116,105,111,110,32,32,32,32,32,32,32,32,32,61,32,32,32,34,85,115,101,114,70,111,114,109,51,34,13,10,32,32,32,67,108,105,101,110,116,72,101,105,103,104,116,32,32,32,32,61,32,32,32,51,49,54,53,13,10,32,32,32,67,108,105,101,110,116,76,101,102,116,32,32,32,32,32,32,61,32,32,32,52,53,13,10,32,32,32,67,108,105,101,110,116,84,111,112,32,32,32,32,32,32,32,61,32,32,32,51,57,48,13,10,32,32,32,67,108,105,101,110,116,87,105,100,116,104,32,32,32,32,32,61,32,32,32,52,55,49,48,13,10,32,32,32,83,116,97,114,116,85,112,80,111,115,105,116,105,111,110,32,61,32,32,32,49,32,32,39,67,101,110,116,101,114,79,119,110,101,114,13,10,69,110,100,13,10,0,51,0,0,0,0,0,49,13,10,67,108,97,115,115,61,67,108,97,115,115,50,13,10,67,108,97,115,115,61,67,108,97,115,115,51,13,10,78,97,109,101,61,34,86,66,65,80,114,111,106,101,99,116,34,13,10,72,101,108,112,67,111,110,116,101,120,116,73,68,61,34,48,34,13,10,86,101,114,115,105,111,110,67,111,109,112,97,116,105,98,108,101,51,50,61,34,51,57,51,50,50,50,48,48,48,34,13,10,67,77,71,61,34,52,51,52,49,49,49,67,54,54,50,67,65,54,50,67,65,54,50,67,65,54,50,67,65,34,13,10,68,80,66,61,34,57,56,57,65,67,65,69,68,67,66,69,68,67,66,69,68,34,13,10,71,67,61,34,69,68,69,70,66,70,49,52,52,49,54,56,52,50,54,56,52,50,57,55,34,13,10,13,10,91,72,111,115,116,32,69,120,116,101,110,100,101,114,32,73,110,102,111,93,13,10,38,72,48,48,48,48,48,48,48,49,61,123,51,56,51,50,68,54,52,48,45,67,70,57,48,45,49,49,67,70,45,56,69,52,51,45,48,48,65,48,67,57,49,49,48,48,53,65,125,59,86,66,69,59,38,72,48,48,48,48,48,48,48,48,13,10,13,10,91,87,111,114,107,115,112,97,99,101,93,13,10,221,242,224,202,237,232,227,224,61,48,44,32,48,44,32,48,44,32,48,44,32,67,13,10,203,232,241,242,49,61,48,44,32,48,44,32,48,44,32,48,44,32,67,13,10,85,115,101,114,70,111,114,109,49,61,48,44,32,48,44,32,48,44,32,48,44,32,67,44,32,48,44,32,48,44,32,54,56,54,44,32,52,51,53,44,32,13,10,85,115,101,114,70,111,114,109,50,61,48,44,32,48,44,32,48,44,32,48,44,32,67,44,32,50,54,44,32,50,54,44,32,55,49,50,44,32,52,54,49,44,32,13,10,85,115,101,114,70,111,114,109,51,61,48,44,32,48,44,32,48,44,32,48,44,32,67,44,32,53,50,44,32,53,50,44,32,55,51,56,44,32,52,56,55,44,32,13,10,77,111,100,117,108,101,49,61,55,56,44,32,55,56,44,32,55,54,52,44,32,53,49,51,44,32,13,10,77,111,100,117,108,101,50,61,49,48,52,44,32,49,48,52,44,32,55,57,48,44,32,53,51,57,44,32,13,10,77,111,100,117,108,101,51,61,49,51,48,44,32,49,51,48,44,32,56,49,54,44,32,53,54,53,44,32,13,10,67,108,97,115,115,49,61,49,53,54,44,32,49,53,54,44,32,56,52,50,44,32,53,57,49,44,32,13,10,67,108,97,115,115,50,61,49,56,50,44,32,49,56,50,44,32,56,54,56,44,32,54,49,55,44,32,13,10,67,108,97,115,115,51,61,48,44,32,48,44,32,54,56,54,44,32,52,51,53,44,32,90,13,10,0,220,0,0,0,60,0,144,1,0,0,0,2,204,2,7,1,67,0,97,0,108,0,105,0,98,0,114,0,105,0,49,0,30,0,220,0,4,0,20,0,144,1,0,0,1,2,0,2,7,1,67,0,97,0,108,0,105,0,98,0,114,0,105,0,49,0,30,0,220,0,0,0,20,0,144,1,0,0,0,2,204,2,7,1,67,0,97,0,108,0,105,0,98,0,114,0,105,0,49,0,30,0,220,0,2
0,1,22,1,0,0,240,0,0,0,196,2,0,0,212,0,0,0,0,2,0,0,255,255,255,255,203,2,0,0,31,3,0,0,0,0,0,0,1,0,0,0,137,140,104,52,0,0,255,255,1,0,0,0,128,0,0,0,182,0,255,255,1,1,0,0,0,0,255,255,255,255,0,0,0,0,255,255,255,255,255,255,0,0,0,0,0,0,0,0,0,0,0,0,0,0,0,0,0,0,0,0,0,0,0,0,0,0,0,0,0,0,0,0,0,0,0,0,0,0,0,0,0,0,0,0,0,0,0,0,0,0,0,0,0,0,16,0,0,0,3,0,0,0,5,0,0,0,7,0,0,0,255,255,255,255,255,255,255,255,1,1,8,0,0,0,255,255,255,255,120,0,0,0,8,0,0,0,0,0,0,0,0,0,0,0,0,0,0,0,0,0,0,0,0,0,0,0,0,0,0,0,0,0,0,0,0,255,255,0,0,0,0,77,69,0,0,255,255,255,255,255,255,0,0,0,0,255,255,0,0,0,0,255,255,1,1,0,0,0,0,223,0,255,255,0,0,0,0,12,0,255,255,255,255,255,255,255,255,255,255,255,255,255,255,255,255,255,255,255,255,255,255,255,255,255,255,255,255,255,255,255,255,255,255,255,255,255,255,255,255,255,255,255,255,255,255,255,255,255,255,255,255,255,255,255,255,255,255,255,255,255,255,255,255,255,255,255,255,255,255,255,255,255,255,255,255,255,255,255,255,255,255,255,255,255,255,255,255,255,255,255,255,255,255,255,255,255,255,255,255,255,255,255,255,255,255,255,255,255,255,255,255,255,255,255,255,255,255,255,255,255,255,255,255,255,255,255,255,40,0,0,0,2,0,83,16,255,255,255,255,0,0,1,0,83,12,255,255,255,255,0,0,1,0,83,148,255,255,255,255,0,0,0,0,2,60,255,255,255,255,0,0,255,255,1,1,0,0,0,0,1,0,78,0,48,0,123,0,70,0,67,0,70,0,66,0,51,0,68,0,50,0,65,0,45,0,65,0,48,0,70,0,65,0,45,0,49,0,48,0,54,0,56,0,45,0,65,0,55,0,51,0,56,0,45,0,48,0,56,0,48,0,48,0,50,0,66,0,51,0,51,0,55,0,49,0,66,0,53,0,125,0,0,0,0,0,255,255,255,255,1,1,56,0,0,0,2,128,254,255,255,255,255,255,16,0,255,255,40,0,0,0,2,1,255,255,0,0,0,0,0,0,0,0,255,255,255,255,255,255,255,255,0,0,0,0,29,0,0,0,37,0,0,0,255,255,255,255,72,0,0,0,0,0,255,255,0,0,1,0,0,0,0,0,0,0,0,0,255,255,255,255,255,255,255,255,255,255,255,255,0,0,0,0,255,255,255,255,255,255,255,255,255,255,255,255,255,255,255,255,255,255,255,255,0,0,0,0,255,255,255,255,255,255,255,255,255,255,255,255,255,255,255,255,255,255,255,255,0,0,0,0,0,0,0,0,255,255,255,255,255,255,255,255,0,0,0,0,255,255,255,255,255,255,255,255,255,255,255,255,255,255,255,255,255,255,255,255,255,255,255,255,255,255,255,255,255,255,0,0,0,0,0,0,223,0,0,0,0,0,0,0,0,0,0,0,0,0,0,0,0,0,0,0,0,0,0,0,0,0,0,0,0,0,0,0,0,0,0,0,0,0,0,0,0,0,0,0,0,0,0,0,0,0,0,0,0,0,0,0,0,0,0,0,0,254,202,1,0,0,0,255,255,255,255,1,1,8,0,0,0,255,255,255,255,120,0,0,0,255,255,255,255,0,0,1,176,176,0,65,116,116,114,105,98,117,116,0,101,32,86,66,95,78,97,109,0,101,32,61,32,34,67,108,97,64,115,115,49,34,13,10,10,232,66,4,97,115,2,116,48,123,70,67,70,0,66,51,68,50,65,45,65,48,0,70,65,45,49,48,54,56,45,0,65,55,51,56,45,48,56,48,0,48,50,66,51,51,55,49,66,4,53,125,13,124,71,108,111,98,97,66,108,1,196,83,112,97,99,1,146,70,16,97,108,115,101,12,100,67,114,101,32,97,116,97,98,108,21,31,80,114,64,101,100,101,99,108,97,0,6,73,6,100,0,171,17,67,69,120,112,111,115,2,101,21,29,84,101,109,112,108,97,128,116,101,68,101,114,105,118,22,37,0,67,117,115,116,111,109,105,122,1,11,69,20,0,144,1,0,0,0,2,204,2,7,1,67,0,97,0,108,0,105,0,98,0,114,0,105,0,49,0,30,0,220,0,2
0,1,22,1,0,0,240,0,0,0,196,2,0,0,212,0,0,0,0,2,0,0,255,255,255,255,203,2,0,0,31,3,0,0,0,0,0,0,1,0,0,0,137,140,184,58,0,0,255,255,1,0,0,0,128,0,0,0,182,0,255,255,1,1,0,0,0,0,255,255,255,255,0,0,0,0,255,255,255,255,255,255,0,0,0,0,0,0,0,0,0,0,0,0,0,0,0,0,0,0,0,0,0,0,0,0,0,0,0,0,0,0,0,0,0,0,0,0,0,0,0,0,0,0,0,0,0,0,0,0,0,0,0,0,0,0,16,0,0,0,3,0,0,0,5,0,0,0,7,0,0,0,255,255,255,255,255,255,255,255,1,1,8,0,0,0,255,255,255,255,120,0,0,0,8,0,0,0,0,0,0,0,0,0,0,0,0,0,0,0,0,0,0,0,0,0,0,0,0,0,0,0,0,0,0,0,0,255,255,0,0,0,0,77,69,0,0,255,255,255,255,255,255,0,0,0,0,255,255,0,0,0,0,255,255,1,1,0,0,0,0,223,0,255,255,0,0,0,0,12,0,255,255,255,255,255,255,255,255,255,255,255,255,255,255,255,255,255,255,255,255,255,255,255,255,255,255,255,255,255,255,255,255,255,255,255,255,255,255,255,255,255,255,255,255,255,255,255,255,255,255,255,255,255,255,255,255,255,255,255,255,255,255,255,255,255,255,255,255,255,255,255,255,255,255,255,255,255,255,255,255,255,255,255,255,255,255,255,255,255,255,255,255,255,255,255,255,255,255,255,255,255,255,255,255,255,255,255,255,255,255,255,255,255,255,255,255,255,255,255,255,255,255,255,255,255,255,255,255,40,0,0,0,2,0,83,16,255,255,255,255,0,0,1,0,83,12,255,255,255,255,0,0,1,0,83,148,255,255,255,255,0,0,0,0,2,60,255,255,255,255,0,0,255,255,1,1,0,0,0,0,1,0,78,0,48,0,123,0,70,0,67,0,70,0,66,0,51,0,68,0,50,0,65,0,45,0,65,0,48,0,70,0,65,0,45,0,49,0,48,0,54,0,56,0,45,0,65,0,55,0,51,0,56,0,45,0,48,0,56,0,48,0,48,0,50,0,66,0,51,0,51,0,55,0,49,0,66,0,53,0,125,0,0,0,0,0,255,255,255,255,1,1,56,0,0,0,2,128,254,255,255,255,255,255,16,0,255,255,40,0,0,0,2,1,255,255,0,0,0,0,0,0,0,0,255,255,255,255,255,255,255,255,0,0,0,0,29,0,0,0,37,0,0,0,255,255,255,255,72,0,0,0,0,0,255,255,0,0,1,0,0,0,0,0,0,0,0,0,255,255,255,255,255,255,255,255,255,255,255,255,0,0,0,0,255,255,255,255,255,255,255,255,255,255,255,255,255,255,255,255,255,255,255,255,0,0,0,0,255,255,255,255,255,255,255,255,255,255,255,255,255,255,255,255,255,255,255,255,0,0,0,0,1,0,0,0,255,255,255,255,255,255,255,255,0,0,0,0,255,255,255,255,255,255,255,255,255,255,255,255,255,255,255,255,255,255,255,255,255,255,255,255,255,255,255,255,255,255,0,0,0,0,0,0,223,0,0,0,0,0,0,0,0,0,0,0,0,0,0,0,0,0,0,0,0,0,0,0,0,0,0,0,0,0,0,0,0,0,0,0,0,0,0,0,0,0,0,0,0,0,0,0,0,0,0,0,0,0,0,0,0,0,0,0,0,254,202,1,0,0,0,255,255,255,255,1,1,8,0,0,0,255,255,255,255,120,0,0,0,255,255,255,255,0,0,1,176,176,0,65,116,116,114,105,98,117,116,0,101,32,86,66,95,78,97,109,0,101,32,61,32,34,67,108,97,64,115,115,50,34,13,10,10,232,66,4,97,115,2,116,48,123,70,67,70,0,66,51,68,50,65,45,65,48,0,70,65,45,49,48,54,56,45,0,65,55,51,56,45,48,56,48,0,48,50,66,51,51,55,49,66,4,53,125,13,124,71,108,111,98,97,66,108,1,196,83,112,97,99,1,146,70,16,97,108,115,101,12,100,67,114,101,32,97,116,97,98,108,21,31,80,114,64,101,100,101,99,108,97,0,6,73,6,100,0,171,17,67,69,120,112,111,115,2,101,21,29,84,101,109,112,108,97,128,116,101,68,101,114,105,118,22,37,0,67,117,115,116,111,109,105,122,1,11,69,20,0,144,1,0,0,0,2,204,2,7,1,67,0,97,0,108,0,105,0,98,0,114,0,105,0,49,0,30,0,220,0,2
0,1,22,1,0,0,240,0,0,0,196,2,0,0,212,0,0,0,0,2,0,0,255,255,255,255,203,2,0,0,31,3,0,0,0,0,0,0,1,0,0,0,137,140,242,182,0,0,255,255,1,0,0,0,128,0,0,0,182,0,255,255,1,1,0,0,0,0,255,255,255,255,0,0,0,0,255,255,255,255,255,255,0,0,0,0,0,0,0,0,0,0,0,0,0,0,0,0,0,0,0,0,0,0,0,0,0,0,0,0,0,0,0,0,0,0,0,0,0,0,0,0,0,0,0,0,0,0,0,0,0,0,0,0,0,0,16,0,0,0,3,0,0,0,5,0,0,0,7,0,0,0,255,255,255,255,255,255,255,255,1,1,8,0,0,0,255,255,255,255,120,0,0,0,8,0,0,0,0,0,0,0,0,0,0,0,0,0,0,0,0,0,0,0,0,0,0,0,0,0,0,0,0,0,0,0,0,255,255,0,0,0,0,77,69,0,0,255,255,255,255,255,255,0,0,0,0,255,255,0,0,0,0,255,255,1,1,0,0,0,0,223,0,255,255,0,0,0,0,12,0,255,255,255,255,255,255,255,255,255,255,255,255,255,255,255,255,255,255,255,255,255,255,255,255,255,255,255,255,255,255,255,255,255,255,255,255,255,255,255,255,255,255,255,255,255,255,255,255,255,255,255,255,255,255,255,255,255,255,255,255,255,255,255,255,255,255,255,255,255,255,255,255,255,255,255,255,255,255,255,255,255,255,255,255,255,255,255,255,255,255,255,255,255,255,255,255,255,255,255,255,255,255,255,255,255,255,255,255,255,255,255,255,255,255,255,255,255,255,255,255,255,255,255,255,255,255,255,255,40,0,0,0,2,0,83,16,255,255,255,255,0,0,1,0,83,12,255,255,255,255,0,0,1,0,83,148,255,255,255,255,0,0,0,0,2,60,255,255,255,255,0,0,255,255,1,1,0,0,0,0,1,0,78,0,48,0,123,0,70,0,67,0,70,0,66,0,51,0,68,0,50,0,65,0,45,0,65,0,48,0,70,0,65,0,45,0,49,0,48,0,54,0,56,0,45,0,65,0,55,0,51,0,56,0,45,0,48,0,56,0,48,0,48,0,50,0,66,0,51,0,51,0,55,0,49,0,66,0,53,0,125,0,0,0,0,0,255,255,255,255,1,1,56,0,0,0,2,128,254,255,255,255,255,255,16,0,255,255,40,0,0,0,2,1,255,255,0,0,0,0,0,0,0,0,255,255,255,255,255,255,255,255,0,0,0,0,29,0,0,0,37,0,0,0,255,255,255,255,72,0,0,0,0,0,255,255,0,0,1,0,0,0,0,0,0,0,0,0,255,255,255,255,255,255,255,255,255,255,255,255,0,0,0,0,255,255,255,255,255,255,255,255,255,255,255,255,255,255,255,255,255,255,255,255,0,0,0,0,255,255,255,255,255,255,255,255,255,255,255,255,255,255,255,255,255,255,255,255,0,0,0,0,1,0,0,0,255,255,255,255,255,255,255,255,0,0,0,0,255,255,255,255,255,255,255,255,255,255,255,255,255,255,255,255,255,255,255,255,255,255,255,255,255,255,255,255,255,255,0,0,0,0,0,0,223,0,0,0,0,0,0,0,0,0,0,0,0,0,0,0,0,0,0,0,0,0,0,0,0,0,0,0,0,0,0,0,0,0,0,0,0,0,0,0,0,0,0,0,0,0,0,0,0,0,0,0,0,0,0,0,0,0,0,0,0,254,202,1,0,0,0,255,255,255,255,1,1,8,0,0,0,255,255,255,255,120,0,0,0,255,255,255,255,0,0,1,176,176,0,65,116,116,114,105,98,117,116,0,101,32,86,66,95,78,97,109,0,101,32,61,32,34,67,108,97,64,115,115,51,34,13,10,10,232,66,4,97,115,2,116,48,123,70,67,70,0,66,51,68,50,65,45,65,48,0,70,65,45,49,48,54,56,45,0,65,55,51,56,45,48,56,48,0,48,50,66,51,51,55,49,66,4,53,125,13,124,71,108,111,98,97,66,108,1,196,83,112,97,99,1,146,70,16,97,108,115,101,12,100,67,114,101,32,97,116,97,98,108,21,31,80,114,64,101,100,101,99,108,97,0,6,73,6,100,0,171,17,67,69,120,112,111,115,2,101,21,29,84,101,109,112,108,97,128,116,101,68,101,114,105,118,22,37,0,67,117,115,116,111,109,105,122,1,11,69,20,0,144,1,0,0,0,2,204,2,7,1,67,0,97,0,108,0,105,0,98,0,114,0,105,0,49,0,30,0,220,0,2
0,1,22,1,0,1,240,0,0,0,36,2,0,0,212,0,0,0,136,1,0,0,255,255,255,255,43,2,0,0,127,2,0,0,0,0,0,0,1,0,0,0,137,140,251,134,0,0,255,255,3,0,0,0,0,0,0,0,182,0,255,255,1,1,0,0,0,0,255,255,255,255,0,0,0,0,255,255,255,255,255,255,0,0,0,0,0,0,0,0,0,0,0,0,0,0,0,0,0,0,0,0,0,0,0,0,0,0,0,0,0,0,0,0,0,0,0,0,0,0,0,0,0,0,0,0,0,0,0,0,0,0,0,0,0,0,16,0,0,0,3,0,0,0,5,0,0,0,7,0,0,0,255,255,255,255,255,255,255,255,1,1,8,0,0,0,255,255,255,255,120,0,0,0,2,0,0,0,0,0,0,0,0,0,0,0,0,0,0,0,0,0,0,0,0,0,0,0,0,0,0,0,0,0,0,0,0,255,255,0,0,0,0,77,69,0,0,255,255,255,255,255,255,0,0,0,0,255,255,0,0,0,0,255,255,1,1,0,0,0,0,223,0,255,255,0,0,0,0,255,255,255,255,255,255,255,255,255,255,255,255,255,255,255,255,255,255,255,255,255,255,255,255,255,255,255,255,255,255,255,255,255,255,255,255,255,255,255,255,255,255,255,255,255,255,255,255,255,255,255,255,255,255,255,255,255,255,255,255,255,255,255,255,255,255,255,255,255,255,255,255,255,255,255,255,255,255,255,255,255,255,255,255,255,255,255,255,255,255,255,255,255,255,255,255,255,255,255,255,255,255,255,255,255,255,255,255,255,255,255,255,255,255,255,255,255,255,255,255,255,255,255,255,255,255,255,255,255,255,0,0,0,0,255,255,1,1,0,0,0,0,0,0,0,0,0,0,255,255,255,255,1,1,16,0,0,0,255,255,255,255,120,0,0,0,255,255,255,255,0,0,0,0,0,0,0,0,0,0,0,0,0,0,0,0,0,0,0,0,255,255,255,255,255,255,255,255,255,255,255,255,255,255,255,255,255,255,255,255,255,255,255,255,255,255,255,255,255,255,255,255,255,255,255,255,255,255,255,255,255,255,255,255,255,255,255,255,255,255,255,255,255,255,255,255,255,255,255,255,0,0,0,0,1,0,0,0,255,255,255,255,255,255,255,255,0,0,0,0,255,255,255,255,255,255,255,255,255,255,255,255,255,255,255,255,255,255,255,255,255,255,255,255,1,0,8,0,0,0,67,167,101,97,6,0,223,0,0,0,0,0,0,0,0,0,0,0,0,0,0,0,0,0,0,0,0,0,0,0,0,0,0,0,0,0,0,0,0,0,0,0,0,0,0,0,0,0,0,0,0,0,0,0,0,0,0,0,0,0,0,0,0,0,0,0,0,254,202,1,0,0,0,255,255,255,255,1,1,8,0,0,0,255,255,255,255,120,0,0,0,255,255,255,255,0,0,1,34,176,0,65,116,116,114,105,98,117,116,0,101,32,86,66,95,78,97,109,0,101,32,61,32,34,77,111,100,0,117,108,101,49,34,13,10,255,255,255,255,255,255,255,255,255,255,255,255,255,255,255,255,255,255,255,255,255,255,255,255,255,0,0,0,0,0,0,223,0,0,0,0,0,0,0,0,0,0,0,0,0,0,0,0,0,0,0,0,0,0,0,0,0,0,0,0,0,0,0,0,0,0,0,0,0,0,0,0,0,0,0,0,0,0,0,0,0,0,0,0,0,0,0,0,0,0,0,0,254,202,1,0,0,0,255,255,255,255,1,1,8,0,0,0,255,255,255,255,120,0,0,0,255,255,255,255,0,0,1,176,176,0,65,116,116,114,105,98,117,116,0,101,32,86,66,95,78,97,109,0,101,32,61,32,34,67,108,97,64,115,115,51,34,13,10,10,232,66,4,97,115,2,116,48,123,70,67,70,0,66,51,68,50,65,45,65,48,0,70,65,45,49,48,54,56,45,0,65,55,51,56,45,48,56,48,0,48,50,66,51,51,55,49,66,4,53,125,13,124,71,108,111,98,97,66,108,1,196,83,112,97,99,1,146,70,16,97,108,115,101,12,100,67,114,101,32,97,116,97,98,108,21,31,80,114,64,101,100,101,99,108,97,0,6,73,6,100,0,171,17,67,69,120,112,111,115,2,101,21,29,84,101,109,112,108,97,128,116,101,68,101,114,105,118,22,37,0,67,117,115,116,111,109,105,122,1,11,69,20,0,144,1,0,0,0,2,204,2,7,1,67,0,97,0,108,0,105,0,98,0,114,0,105,0,49,0,30,0,220,0,2
0,1,22,1,0,1,240,0,0,0,36,2,0,0,212,0,0,0,136,1,0,0,255,255,255,255,43,2,0,0,127,2,0,0,0,0,0,0,1,0,0,0,137,140,51,166,0,0,255,255,3,0,0,0,0,0,0,0,182,0,255,255,1,1,0,0,0,0,255,255,255,255,0,0,0,0,255,255,255,255,255,255,0,0,0,0,0,0,0,0,0,0,0,0,0,0,0,0,0,0,0,0,0,0,0,0,0,0,0,0,0,0,0,0,0,0,0,0,0,0,0,0,0,0,0,0,0,0,0,0,0,0,0,0,0,0,16,0,0,0,3,0,0,0,5,0,0,0,7,0,0,0,255,255,255,255,255,255,255,255,1,1,8,0,0,0,255,255,255,255,120,0,0,0,2,0,0,0,0,0,0,0,0,0,0,0,0,0,0,0,0,0,0,0,0,0,0,0,0,0,0,0,0,0,0,0,0,255,255,0,0,0,0,77,69,0,0,255,255,255,255,255,255,0,0,0,0,255,255,0,0,0,0,255,255,1,1,0,0,0,0,223,0,255,255,0,0,0,0,255,255,255,255,255,255,255,255,255,255,255,255,255,255,255,255,255,255,255,255,255,255,255,255,255,255,255,255,255,255,255,255,255,255,255,255,255,255,255,255,255,255,255,255,255,255,255,255,255,255,255,255,255,255,255,255,255,255,255,255,255,255,255,255,255,255,255,255,255,255,255,255,255,255,255,255,255,255,255,255,255,255,255,255,255,255,255,255,255,255,255,255,255,255,255,255,255,255,255,255,255,255,255,255,255,255,255,255,255,255,255,255,255,255,255,255,255,255,255,255,255,255,255,255,255,255,255,255,255,255,0,0,0,0,255,255,1,1,0,0,0,0,0,0,0,0,0,0,255,255,255,255,1,1,16,0,0,0,255,255,255,255,120,0,0,0,255,255,255,255,0,0,0,0,0,0,0,0,0,0,0,0,0,0,0,0,0,0,0,0,255,255,255,255,255,255,255,255,255,255,255,255,255,255,255,255,255,255,255,255,255,255,255,255,255,255,255,255,255,255,255,255,255,255,255,255,255,255,255,255,255,255,255,255,255,255,255,255,255,255,255,255,255,255,255,255,255,255,255,255,0,0,0,0,1,0,0,0,255,255,255,255,255,255,255,255,0,0,0,0,255,255,255,255,255,255,255,255,255,255,255,255,255,255,255,255,255,255,255,255,255,255,255,255,1,0,8,0,0,0,67,167,101,97,6,0,223,0,0,0,0,0,0,0,0,0,0,0,0,0,0,0,0,0,0,0,0,0,0,0,0,0,0,0,0,0,0,0,0,0,0,0,0,0,0,0,0,0,0,0,0,0,0,0,0,0,0,0,0,0,0,0,0,0,0,0,0,254,202,1,0,0,0,255,255,255,255,1,1,8,0,0,0,255,255,255,255,120,0,0,0,255,255,255,255,0,0,1,34,176,0,65,116,116,114,105,98,117,116,0,101,32,86,66,95,78,97,109,0,101,32,61,32,34,77,111,100,0,117,108,101,50,34,13,10,255,255,255,255,255,255,255,255,255,255,255,255,255,255,255,255,255,255,255,255,255,255,255,255,255,0,0,0,0,0,0,223,0,0,0,0,0,0,0,0,0,0,0,0,0,0,0,0,0,0,0,0,0,0,0,0,0,0,0,0,0,0,0,0,0,0,0,0,0,0,0,0,0,0,0,0,0,0,0,0,0,0,0,0,0,0,0,0,0,0,0,0,254,202,1,0,0,0,255,255,255,255,1,1,8,0,0,0,255,255,255,255,120,0,0,0,255,255,255,255,0,0,1,176,176,0,65,116,116,114,105,98,117,116,0,101,32,86,66,95,78,97,109,0,101,32,61,32,34,67,108,97,64,115,115,51,34,13,10,10,232,66,4,97,115,2,116,48,123,70,67,70,0,66,51,68,50,65,45,65,48,0,70,65,45,49,48,54,56,45,0,65,55,51,56,45,48,56,48,0,48,50,66,51,51,55,49,66,4,53,125,13,124,71,108,111,98,97,66,108,1,196,83,112,97,99,1,146,70,16,97,108,115,101,12,100,67,114,101,32,97,116,97,98,108,21,31,80,114,64,101,100,101,99,108,97,0,6,73,6,100,0,171,17,67,69,120,112,111,115,2,101,21,29,84,101,109,112,108,97,128,116,101,68,101,114,105,118,22,37,0,67,117,115,116,111,109,105,122,1,11,69,20,0,144,1,0,0,0,2,204,2,7,1,67,0,97,0,108,0,105,0,98,0,114,0,105,0,49,0,30,0,220,0,2
0,1,22,1,0,1,240,0,0,0,36,2,0,0,212,0,0,0,136,1,0,0,255,255,255,255,43,2,0,0,127,2,0,0,0,0,0,0,1,0,0,0,137,140,142,139,0,0,255,255,3,0,0,0,0,0,0,0,182,0,255,255,1,1,0,0,0,0,255,255,255,255,0,0,0,0,255,255,255,255,255,255,0,0,0,0,0,0,0,0,0,0,0,0,0,0,0,0,0,0,0,0,0,0,0,0,0,0,0,0,0,0,0,0,0,0,0,0,0,0,0,0,0,0,0,0,0,0,0,0,0,0,0,0,0,0,16,0,0,0,3,0,0,0,5,0,0,0,7,0,0,0,255,255,255,255,255,255,255,255,1,1,8,0,0,0,255,255,255,255,120,0,0,0,2,0,0,0,0,0,0,0,0,0,0,0,0,0,0,0,0,0,0,0,0,0,0,0,0,0,0,0,0,0,0,0,0,255,255,0,0,0,0,77,69,0,0,255,255,255,255,255,255,0,0,0,0,255,255,0,0,0,0,255,255,1,1,0,0,0,0,223,0,255,255,0,0,0,0,255,255,255,255,255,255,255,255,255,255,255,255,255,255,255,255,255,255,255,255,255,255,255,255,255,255,255,255,255,255,255,255,255,255,255,255,255,255,255,255,255,255,255,255,255,255,255,255,255,255,255,255,255,255,255,255,255,255,255,255,255,255,255,255,255,255,255,255,255,255,255,255,255,255,255,255,255,255,255,255,255,255,255,255,255,255,255,255,255,255,255,255,255,255,255,255,255,255,255,255,255,255,255,255,255,255,255,255,255,255,255,255,255,255,255,255,255,255,255,255,255,255,255,255,255,255,255,255,255,255,0,0,0,0,255,255,1,1,0,0,0,0,0,0,0,0,0,0,255,255,255,255,1,1,16,0,0,0,255,255,255,255,120,0,0,0,255,255,255,255,0,0,0,0,0,0,0,0,0,0,0,0,0,0,0,0,0,0,0,0,255,255,255,255,255,255,255,255,255,255,255,255,255,255,255,255,255,255,255,255,255,255,255,255,255,255,255,255,255,255,255,255,255,255,255,255,255,255,255,255,255,255,255,255,255,255,255,255,255,255,255,255,255,255,255,255,255,255,255,255,0,0,0,0,1,0,0,0,255,255,255,255,255,255,255,255,0,0,0,0,255,255,255,255,255,255,255,255,255,255,255,255,255,255,255,255,255,255,255,255,255,255,255,255,1,0,8,0,0,0,67,167,101,97,6,0,223,0,0,0,0,0,0,0,0,0,0,0,0,0,0,0,0,0,0,0,0,0,0,0,0,0,0,0,0,0,0,0,0,0,0,0,0,0,0,0,0,0,0,0,0,0,0,0,0,0,0,0,0,0,0,0,0,0,0,0,0,254,202,1,0,0,0,255,255,255,255,1,1,8,0,0,0,255,255,255,255,120,0,0,0,255,255,255,255,0,0,1,34,176,0,65,116,116,114,105,98,117,116,0,101,32,86,66,95,78,97,109,0,101,32,61,32,34,77,111,100,0,117,108,101,51,34,13,10,255,255,255,255,255,255,255,255,255,255,255,255,255,255,255,255,255,255,255,255,255,255,255,255,255,0,0,0,0,0,0,223,0,0,0,0,0,0,0,0,0,0,0,0,0,0,0,0,0,0,0,0,0,0,0,0,0,0,0,0,0,0,0,0,0,0,0,0,0,0,0,0,0,0,0,0,0,0,0,0,0,0,0,0,0,0,0,0,0,0,0,0,254,202,1,0,0,0,255,255,255,255,1,1,8,0,0,0,255,255,255,255,120,0,0,0,255,255,255,255,0,0,1,176,176,0,65,116,116,114,105,98,117,116,0,101,32,86,66,95,78,97,109,0,101,32,61,32,34,67,108,97,64,115,115,51,34,13,10,10,232,66,4,97,115,2,116,48,123,70,67,70,0,66,51,68,50,65,45,65,48,0,70,65,45,49,48,54,56,45,0,65,55,51,56,45,48,56,48,0,48,50,66,51,51,55,49,66,4,53,125,13,124,71,108,111,98,97,66,108,1,196,83,112,97,99,1,146,70,16,97,108,115,101,12,100,67,114,101,32,97,116,97,98,108,21,31,80,114,64,101,100,101,99,108,97,0,6,73,6,100,0,171,17,67,69,120,112,111,115,2,101,21,29,84,101,109,112,108,97,128,116,101,68,101,114,105,118,22,37,0,67,117,115,116,111,109,105,122,1,11,69,20,0,144,1,0,0,0,2,204,2,7,1,67,0,97,0,108,0,105,0,98,0,114,0,105,0,49,0,30,0,220,0,2
0,1,22,1,0,0,240,0,0,0,64,3,0,0,212,0,0,0,76,2,0,0,255,255,255,255,71,3,0,0,155,3,0,0,0,0,0,0,1,0,0,0,137,140,51,6,0,0,255,255,1,0,0,0,136,0,0,0,182,0,255,255,1,1,0,0,0,0,255,255,255,255,0,0,0,0,255,255,255,255,255,255,0,0,0,0,0,0,0,0,0,0,0,0,0,0,0,0,0,0,0,0,0,0,0,0,0,0,0,0,0,0,0,0,0,0,0,0,0,0,0,0,0,0,0,0,0,0,0,0,0,0,0,0,0,0,16,0,0,0,3,0,0,0,5,0,0,0,7,0,0,0,255,255,255,255,255,255,255,255,1,1,8,0,0,0,255,255,255,255,120,0,0,0,8,0,0,0,0,0,0,0,0,0,0,0,0,0,0,0,0,0,0,0,0,0,0,0,0,0,0,0,0,0,0,0,0,255,255,0,0,0,0,77,69,0,0,255,255,255,255,255,255,0,0,0,0,255,255,0,0,0,0,255,255,1,1,0,0,0,0,223,0,255,255,0,0,0,0,255,255,255,255,255,255,255,255,255,255,255,255,255,255,255,255,255,255,255,255,255,255,255,255,255,255,255,255,255,255,255,255,255,255,255,255,255,255,255,255,255,255,255,255,255,255,255,255,255,255,255,255,255,255,255,255,255,255,255,255,255,255,255,255,255,255,255,255,255,255,255,255,255,255,255,255,255,255,255,255,255,255,255,255,255,255,255,255,255,255,255,255,255,255,255,255,255,255,255,255,255,255,255,255,255,255,255,255,255,255,255,255,255,255,255,255,255,255,255,255,255,255,255,255,255,255,255,255,255,255,40,0,0,0,2,0,83,80,255,255,255,255,0,0,1,0,83,16,255,255,255,255,0,0,1,0,83,20,255,255,255,255,0,0,2,0,83,20,255,255,255,255,0,0,255,255,1,1,0,0,0,0,2,0,154,0,48,0,123,0,53,0,70,0,56,0,66,0,54,0,50,0,57,0,57,0,45,0,70,0,57,0,65,0,70,0,45,0,52,0,50,0,66,0,55,0,45,0,56,0,67,0,55,0,56,0,45,0,70,0,50,0,49,0,68,0,52,0,48,0,66,0,55,0,68,0,54,0,50,0,68,0,125,0,123,0,54,0,54,0,66,0,51,0,50,0,65,0,50,0,51,0,45,0,50,0,54,0,54,0,57,0,45,0,52,0,55,0,53,0,56,0,45,0,57,0,56,0,68,0,52,0,45,0,68,0,48,0,56,0,48,0,68,0,52,0,70,0,56,0,48,0,70,0,51,0,69,0,125,0,0,0,0,0,255,255,255,255,1,1,104,0,0,0,2,128,254,255,48,0,0,0,16,0,255,255,40,0,0,0,2,1,255,255,0,0,0,0,0,0,0,0,255,255,255,255,255,255,255,255,0,0,0,0,29,0,0,0,37,0,0,0,2,129,254,255,255,255,255,255,255,255,255,255,88,0,0,0,2,1,255,255,48,0,0,0,0,0,0,0,255,255,255,255,255,255,255,255,0,0,0,0,29,0,12,0,37,0,0,0,255,255,255,255,24,0,0,0,0,0,255,255,0,0,2,0,0,0,0,0,0,0,0,0,255,255,255,255,255,255,255,255,255,255,255,255,0,0,0,0,255,255,255,255,255,255,255,255,255,255,255,255,255,255,255,255,255,255,255,255,48,0,0,0,255,255,255,255,255,255,255,255,255,255,255,255,255,255,255,255,255,255,255,255,0,0,0,0,0,0,0,0,255,255,255,255,255,255,255,255,0,0,0,0,255,255,255,255,255,255,255,255,255,255,255,255,255,255,255,255,255,255,255,255,255,255,255,255,255,255,255,255,255,255,0,0,0,0,0,0,223,0,0,0,0,0,0,0,0,0,0,0,0,0,0,0,0,0,0,0,0,0,0,0,0,0,0,0,0,0,0,0,0,0,0,0,0,0,0,0,0,0,0,0,0,0,0,0,0,0,0,0,0,0,0,0,0,0,0,0,0,254,202,1,0,0,0,255,255,255,255,1,1,8,0,0,0,255,255,255,255,120,0,0,0,255,255,255,255,0,0,1,227,176,0,65,116,116,114,105,98,117,116,0,101,32,86,66,95,78,97,109,0,101,32,61,32,34,85,115,101,0,114,70,111,114,109,49,34,13,34,10,10,128,66,97,115,2,128,48,123,0,53,70,56,66,54,50,57,57,0,45,70,57,65,70,45,52,50,0,66,55,45,56,67,55,56,45,0,70,50,49,68,52,48,66,55,0,68,54
0,1,22,1,0,0,240,0,0,0,64,3,0,0,212,0,0,0,76,2,0,0,255,255,255,255,71,3,0,0,155,3,0,0,0,0,0,0,1,0,0,0,137,140,245,240,0,0,255,255,1,0,0,0,136,0,0,0,182,0,255,255,1,1,0,0,0,0,255,255,255,255,0,0,0,0,255,255,255,255,255,255,0,0,0,0,0,0,0,0,0,0,0,0,0,0,0,0,0,0,0,0,0,0,0,0,0,0,0,0,0,0,0,0,0,0,0,0,0,0,0,0,0,0,0,0,0,0,0,0,0,0,0,0,0,0,16,0,0,0,3,0,0,0,5,0,0,0,7,0,0,0,255,255,255,255,255,255,255,255,1,1,8,0,0,0,255,255,255,255,120,0,0,0,8,0,0,0,0,0,0,0,0,0,0,0,0,0,0,0,0,0,0,0,0,0,0,0,0,0,0,0,0,0,0,0,0,255,255,0,0,0,0,77,69,0,0,255,255,255,255,255,255,0,0,0,0,255,255,0,0,0,0,255,255,1,1,0,0,0,0,223,0,255,255,0,0,0,0,255,255,255,255,255,255,255,255,255,255,255,255,255,255,255,255,255,255,255,255,255,255,255,255,255,255,255,255,255,255,255,255,255,255,255,255,255,255,255,255,255,255,255,255,255,255,255,255,255,255,255,255,255,255,255,255,255,255,255,255,255,255,255,255,255,255,255,255,255,255,255,255,255,255,255,255,255,255,255,255,255,255,255,255,255,255,255,255,255,255,255,255,255,255,255,255,255,255,255,255,255,255,255,255,255,255,255,255,255,255,255,255,255,255,255,255,255,255,255,255,255,255,255,255,255,255,255,255,255,255,40,0,0,0,2,0,83,80,255,255,255,255,0,0,1,0,83,16,255,255,255,255,0,0,1,0,83,20,255,255,255,255,0,0,2,0,83,20,255,255,255,255,0,0,255,255,1,1,0,0,0,0,2,0,154,0,48,0,123,0,55,0,56,0,66,0,52,0,52,0,54,0,54,0,51,0,45,0,54,0,48,0,48,0,51,0,45,0,52,0,69,0,55,0,52,0,45,0,56,0,66,0,50,0,68,0,45,0,53,0,52,0,53,0,67,0,57,0,53,0,48,0,49,0,54,0,66,0,57,0,67,0,125,0,123,0,49,0,50,0,68,0,49,0,52,0,66,0,67,0,51,0,45,0,51,0,68,0,70,0,68,0,45,0,52,0,55,0,55,0,67,0,45,0,56,0,53,0,48,0,54,0,45,0,50,0,56,0,53,0,67,0,66,0,48,0,56,0,67,0,69,0,50,0,57,0,52,0,125,0,0,0,0,0,255,255,255,255,1,1,104,0,0,0,2,128,254,255,48,0,0,0,16,0,255,255,40,0,0,0,2,1,255,255,0,0,0,0,0,0,0,0,255,255,255,255,255,255,255,255,0,0,0,0,29,0,0,0,37,0,0,0,2,129,254,255,255,255,255,255,255,255,255,255,88,0,0,0,2,1,255,255,48,0,0,0,0,0,0,0,255,255,255,255,255,255,255,255,0,0,0,0,29,0,12,0,37,0,0,0,255,255,255,255,24,0,0,0,0,0,255,255,0,0,2,0,0,0,0,0,0,0,0,0,255,255,255,255,255,255,255,255,255,255,255,255,0,0,0,0,255,255,255,255,255,255,255,255,255,255,255,255,255,255,255,255,255,255,255,255,48,0,0,0,255,255,255,255,255,255,255,255,255,255,255,255,255,255,255,255,255,255,255,255,0,0,0,0,1,0,0,0,255,255,255,255,255,255,255,255,0,0,0,0,255,255,255,255,255,255,255,255,255,255,255,255,255,255,255,255,255,255,255,255,255,255,255,255,255,255,255,255,255,255,0,0,0,0,0,0,223,0,0,0,0,0,0,0,0,0,0,0,0,0,0,0,0,0,0,0,0,0,0,0,0,0,0,0,0,0,0,0,0,0,0,0,0,0,0,0,0,0,0,0,0,0,0,0,0,0,0,0,0,0,0,0,0,0,0,0,0,254,202,1,0,0,0,255,255,255,255,1,1,8,0,0,0,255,255,255,255,120,0,0,0,255,255,255,255,0,0,1,227,176,0,65,116,116,114,105,98,117,116,0,101,32,86,66,95,78,97,109,0,101,32,61,32,34,85,115,101,0,114,70,111,114,109,50,34,13,34,10,10,128,66,97,115,2,128,48,123,0,55,56,66,52,52,54,54,51,0,45,54,48,48,51,45,52,69,0,55,52,45,56,66,50,68,45,0,53,52,53,67,57,53,48,49,0,54,66
0,1,22,1,0,0,240,0,0,0,64,3,0,0,212,0,0,0,76,2,0,0,255,255,255,255,71,3,0,0,155,3,0,0,0,0,0,0,1,0,0,0,137,140,154,195,0,0,255,255,1,0,0,0,136,0,0,0,182,0,255,255,1,1,0,0,0,0,255,255,255,255,0,0,0,0,255,255,255,255,255,255,0,0,0,0,0,0,0,0,0,0,0,0,0,0,0,0,0,0,0,0,0,0,0,0,0,0,0,0,0,0,0,0,0,0,0,0,0,0,0,0,0,0,0,0,0,0,0,0,0,0,0,0,0,0,16,0,0,0,3,0,0,0,5,0,0,0,7,0,0,0,255,255,255,255,255,255,255,255,1,1,8,0,0,0,255,255,255,255,120,0,0,0,8,0,0,0,0,0,0,0,0,0,0,0,0,0,0,0,0,0,0,0,0,0,0,0,0,0,0,0,0,0,0,0,0,255,255,0,0,0,0,77,69,0,0,255,255,255,255,255,255,0,0,0,0,255,255,0,0,0,0,255,255,1,1,0,0,0,0,223,0,255,255,0,0,0,0,255,255,255,255,255,255,255,255,255,255,255,255,255,255,255,255,255,255,255,255,255,255,255,255,255,255,255,255,255,255,255,255,255,255,255,255,255,255,255,255,255,255,255,255,255,255,255,255,255,255,255,255,255,255,255,255,255,255,255,255,255,255,255,255,255,255,255,255,255,255,255,255,255,255,255,255,255,255,255,255,255,255,255,255,255,255,255,255,255,255,255,255,255,255,255,255,255,255,255,255,255,255,255,255,255,255,255,255,255,255,255,255,255,255,255,255,255,255,255,255,255,255,255,255,255,255,255,255,255,255,40,0,0,0,2,0,83,80,255,255,255,255,0,0,1,0,83,16,255,255,255,255,0,0,1,0,83,20,255,255,255,255,0,0,2,0,83,20,255,255,255,255,0,0,255,255,1,1,0,0,0,0,2,0,154,0,48,0,123,0,57,0,65,0,68,0,68,0,54,0,55,0,51,0,53,0,45,0,55,0,70,0,57,0,49,0,45,0,52,0,52,0,67,0,65,0,45,0,56,0,69,0,52,0,57,0,45,0,51,0,57,0,49,0,50,0,68,0,65,0,53,0,50,0,67,0,57,0,54,0,52,0,125,0,123,0,66,0,55,0,52,0,55,0,67,0,50,0,51,0,53,0,45,0,48,0,49,0,55,0,57,0,45,0,52,0,50,0,67,0,53,0,45,0,57,0,52,0,69,0,48,0,45,0,56,0,50,0,66,0,54,0,48,0,57,0,65,0,48,0,69,0,57,0,65,0,50,0,125,0,0,0,0,0,255,255,255,255,1,1,104,0,0,0,2,128,254,255,48,0,0,0,16,0,255,255,40,0,0,0,2,1,255,255,0,0,0,0,0,0,0,0,255,255,255,255,255,255,255,255,0,0,0,0,29,0,0,0,37,0,0,0,2,129,254,255,255,255,255,255,255,255,255,255,88,0,0,0,2,1,255,255,48,0,0,0,0,0,0,0,255,255,255,255,255,255,255,255,0,0,0,0,29,0,12,0,37,0,0,0,255,255,255,255,24,0,0,0,0,0,255,255,0,0,2,0,0,0,0,0,0,0,0,0,255,255,255,255,255,255,255,255,255,255,255,255,0,0,0,0,255,255,255,255,255,255,255,255,255,255,255,255,255,255,255,255,255,255,255,255,48,0,0,0,255,255,255,255,255,255,255,255,255,255,255,255,255,255,255,255,255,255,255,255,0,0,0,0,0,0,0,0,255,255,255,255,255,255,255,255,0,0,0,0,255,255,255,255,255,255,255,255,255,255,255,255,255,255,255,255,255,255,255,255,255,255,255,255,255,255,255,255,255,255,0,0,0,0,0,0,223,0,0,0,0,0,0,0,0,0,0,0,0,0,0,0,0,0,0,0,0,0,0,0,0,0,0,0,0,0,0,0,0,0,0,0,0,0,0,0,0,0,0,0,0,0,0,0,0,0,0,0,0,0,0,0,0,0,0,0,0,254,202,1,0,0,0,255,255,255,255,1,1,8,0,0,0,255,255,255,255,120,0,0,0,255,255,255,255,0,0,1,226,176,0,65,116,116,114,105,98,117,116,0,101,32,86,66,95,78,97,109,0,101,32,61,32,34,85,115,101,0,114,70,111,114,109,51,34,13,34,10,10,128,66,97,115,2,128,48,123,0,57,65,68,68,54,55,51,53,0,45,55,70,57,49,45,52,52,0,67,65,45,56,69,52,57,45,0,51,57,49,50,68,65,53,50,0,67,57
1,204,97,151,0,0,1,0,255,25,4,0,0,9,4,0,0,227,4,1,0,0,0,0,0,0,0,0,0,1,0,5,0,2,0,250,0,42,0,92,0,71,0,123,0,48,0,48,0,48,0,50,0,48,0,52,0,69,0,70,0,45,0,48,0,48,0,48,0,48,0,45,0,48,0,48,0,48,0,48,0,45,0,67,0,48,0,48,0,48,0,45,0,48,0,48,0,48,0,48,0,48,0,48,0,48,0,48,0,48,0,48,0,52,0,54,0,125,0,35,0,52,0,46,0,49,0,35,0,57,0,35,0,67,0,58,0,92,0,80,0,82,0,79,0,71,0,82,0,65,0,126,0,50,0,92,0,67,0,79,0,77,0,77,0,79,0,78,0,126,0,49,0,92,0,77,0,73,0,67,0,82,0,79,0,83,0,126,0,49,0,92,0,86,0,66,0,65,0,92,0,86,0,66,0,65,0,55,0,92,0,86,0,66,0,69,0,55,0,46,0,68,0,76,0,76,0,35,0,86,0,105,0,115,0,117,0,97,0,108,0,32,0,66,0,97,0,115,0,105,0,99,0,32,0,70,0,111,0,114,0,32,0,65,0,112,0,112,0,108,0,105,0,99,0,97,0,116,0,105,0,111,0,110,0,115,0,0,0,0,0,0,0,0,0,0,0,0,0,28,1,42,0,92,0,71,0,123,0,48,0,48,0,48,0,50,0,48,0,56,0,49,0,51,0,45,0,48,0,48,0,48,0,48,0,45,0,48,0,48,0,48,0,48,0,45,0,67,0,48,0,48,0,48,0,45,0,48,0,48,0,48,0,48,0,48,0,48,0,48,0,48,0,48,0,48,0,52,0,54,0,125,0,35,0,49,0,46,0,55,0,35,0,48,0,35,0,67,0,58,0,92,0,80,0,114,0,111,0,103,0,114,0,97,0,109,0,32,0,70,0,105,0,108,0,101,0,115,0,32,0,40,0,120,0,56,0,54,0,41,0,92,0,77,0,105,0,99,0,114,0,111,0,115,0,111,0,102,0,116,0,32,0,79,0,102,0,102,0,105,0,99,0,101,0,92,0,79,0,102,0,102,0,105,0,99,0,101,0,49,0,52,0,92,0,69,0,88,0,67,0,69,0,76,0,46,0,69,0,88,0,69,0,35,0,77,0,105,0,99,0,114,0,111,0,115,0,111,0,102,0,116,0,32,0,69,0,120,0,99,0,101,0,108,0,32,0,49,0,52,0,46,0,48,0,32,0,79,0,98,0,106,0,101,0,99,0,116,0,32,0,76,0,105,0,98,0,114,0,97,0,114,0,121,0,0,0,0,0,0,0,0,0,0,0,0,0,188,0,42,0,92,0,71,0,123,0,48,0,48,0,48,0,50,0,48,0,52,0,51,0,48,0,45,0,48,0,48,0,48,0,48,0,45,0,48,0,48,0,48,0,48,0,45,0,67,0,48,0,48,0,48,0,45,0,48,0,48,0,48,0,48,0,48,0,48,0,48,0,48,0,48,0,48,0,52,0,54,0,125,0,35,0,50,0,46,0,48,0,35,0,48,0,35,0,67,0,58,0,92,0,87,0,105,0,110,0,100,0,111,0,119,0,115,0,92,0,83,0,121,0,115,0,87,0,79,0,87,0,54,0,52,0,92,0,115,0,116,0,100,0,111,0,108,0,101,0,50,0,46,0,116,0,108,0,98,0,35,0,79,0,76,0,69,0,32,0,65,0,117,0,116,0,111,0,109,0,97,0,116,0,105,0,111,0,110,0,0,0,0,0,0,0,0,0,0,0,0,0,52,1,42,0,92,0,71,0,123,0,50,0,68,0,70,0,56,0,68,0,48,0,52,0,67,0,45,0,53,0,66,0,70,0,65,0,45,0,49,0,48,0,49,0,66,0,45,0,66,0,68,0,69,0,53,0,45,0,48,0,48,0,65,0,65,0,48,0,48,0,52,0,52,0,68,0,69,0,53,0,50,0,125,0,35,0,50,0,46,0,53,0,35,0,48,0,35,0,67,0,58,0,92,0,80,0,114,0,111,0,103,0,114,0,97,0,109,0,32,0,70,0,105,0,108,0,101,0,115,0,32,0,40,0,120,0,56,0,54,0,41,0,92,0,67,0,111,0,109,0,109,0,111,0,110,0,32,0,70,0,105,0,108,0,101,0,115,0,92,0,77,0,105,0,99,0,114,0,111,0,115,0,111,0,102,0,116,0,32,0,83,0,104,0,97,0,114,0,101,0,100,0,92,0,79,0,70,0,70,0,73,0,67,0,69,0,49,0,52,0
0,1,14,180,128,1,0,4,0,0,0,1,0,48,42,2,2,144,9,0,112,20,6,72,3,0,130,2,0,100,227,4,4,0,10,0,28,0,86,66,65,80,114,111,106,101,136,99,116,5,0,52,0,0,64,2,20,106,6,2,10,61,2,10,7,2,114,1,20,8,5,6,18,9,2,18,67,167,101,97,6,148,0,12,2,74,60,2,10,22,0,1,114,128,115,116,100,111,108,101,62,2,25,0,115,0,116,0,100,0,111,0,128,108,0,101,0,13,0,104,0,37,2,94,0,3,42,92,71,123,48,48,128,48,50,48,52,51,48,45,0,8,29,4,4,67,0,10,2,14,1,18,48,48,52,0,54,125,35,50,46,48,35,48,0,35,67,58,92,87,105,110,100,0,111,119,115,92,83,121,115,87,32,79,87,54,52,92,3,101,50,46,0,116,108,98,35,79,76,69,32,0,65,117,116,111,109,97,116,105,28,111,110,0,96,0,1,131,69,79,102,102,68,105,99,132,69,79,0,102,128,0,105,212,0,99,130,69,164,128,17,154,128,1,129,69,0,50,68,70,56,68,48,52,67,0,45,53,66,70,65,45,49,48,128,49,66,45,66,68,69,53,128,69,212,65,65,128,67,52,128,5,50,136,69,128,152,0,103,114,97,109,32,70,105,108,0,101,115,32,40,120,56,54,41,128,92,67,111,109,109,111,110,3,9,0,92,77,105,99,114,111,115,111,0,102,116,32,83,104,97,114,101,0,100,92,79,70,70,73,67,69,0,49,52,92,77,83,79,46,68,24,76,76,35,135,16,131,80,32,49,52,32,46,48,32,79,98,129,196,32,76,192,105,98,114,97,114,121,0,78,0,1,8,22,0,7,128,2,77,83,70,111,64,114,109,115,62,0,14,1,6,0,8,83,0,70,0,170,114,0,109,0,72,115,0,51,128,4,0,0,2,169,68,0,52,53,50,69,69,49,45,69,136,48,56,70,129,49,65,45,56,0,4,0,45,48,50,54,48,56,67,52,32,68,48,66,66,52,137,84,73,78,16,68,79,87,83,135,84,70,77,50,54,48,76,39,66,29,32,64,97,204,38,47,0,250,59,0,34,49,192,0,2,30,3,108,201,114,65,4,65,200,114,48,48,125,35,48,194,114,35,71,192,12,128,0,158,53,48,0,162,128,9,132,3,192,0,65,24,51,53,53,68,66,54,0,53,69,45,50,66,57,66,45,0,52,50,67,49,45,66,69,50,0,50,45,53,53,69,68,69,68,64,49,55,68,69,65,67,136,54,85,0,115,101,114,115,92,65,100,109,0,105,110,92,65,112,112,68,97,0,116,97,92,76,111,99,97,108,0,92,84,101,109,112,92,86,66,134,69,64,98,194,54,46,101,120,100,72,99,7,213,59,128,33,128,0,225,46,69,13,143,0,224,26,16,133,46,2,96,140,40,77,11,180,193,216,15,194,211,11,0,130,19,194,1,137,140,25,0,8,64,10,0,221,242,224,202,237,232,227,224,8,71,0,16,64,3,45,4,66,4,0,48,4,26,4,61,4,56,4,86,51,65,2,202,8,50,210,8,28,192,13,0,20,0,72,66,1,49,194,219,37,3,0,44,0,30,66,2,1,5,44,194,27,123,29,74,34,66,8,43,66,1,25,0,65,241,203,160,232,241,242,49,71,194,123,27,0,14,162,65,128,15,49,0,26,71,3,50,76,3,51,63,13,33,134,47,246,43,13,33,125,67,108,160,97,115,115,50,71,34,125,67,96,124,98,97,192,81,115,0,50,128,13,167,3,50,167,174,3,255,13,225,13,184,58,227,13,40,234,27,85,230,10,51,173,14,51,169,14,51,173,14,51,166,0,191,14,161,14,242,182,177,14,9,96,16,55,65,74,161,67,32,43,18,193,1,64,29,101,0,206,114,230,112,33,44,202,4,50,0,211,4,239,16,242,161,240,58,51,6,253,16,192,46,17,12,129,47,53,233,16,50,243,16,50,240,33,241,16,245,240,255,253,16,0,49,241,16,193,49,233,16,32,50,211,4,255,33,25,225,50,154,195,241,16,34,163,111,100,117,172,108,101,160,50,35,163,111,192,205,117,64,81,236,101,0,33,50,8,4,50,68,167,9,4,111,15,70,133,128,13,109,108,251,134,33,0,62,0,254,0,101,108,135,10,96,48,173,14,225,47,8,4,175,14,243,49,47,177,14,51,166,181,14,32,46,173,14,161,45,31,167,14,176,22,15,2,191,14,95,7,0,0,142,254,139,91,7,246,54,0,22,145,126,87,62
0,1,22,1,0,0,240,0,0,0,196,2,0,0,212,0,0,0,0,2,0,0,255,255,255,255,203,2,0,0,31,3,0,0,0,0,0,0,1,0,0,0,137,140,47,246,0,0,255,255,35,1,0,0,136,0,0,0,182,0,255,255,1,1,0,0,0,0,255,255,255,255,0,0,0,0,255,255,255,255,255,255,0,0,0,0,0,0,0,0,0,0,0,0,0,0,0,0,0,0,0,0,0,0,0,0,0,0,0,0,0,0,0,0,0,0,0,0,0,0,0,0,0,0,0,0,0,0,0,0,0,0,0,0,0,0,16,0,0,0,3,0,0,0,5,0,0,0,7,0,0,0,255,255,255,255,255,255,255,255,1,1,8,0,0,0,255,255,255,255,120,0,0,0,8,0,0,0,0,0,0,0,0,0,0,0,0,0,0,0,0,0,0,0,0,0,0,0,0,0,0,0,0,0,0,0,0,255,255,0,0,0,0,77,69,0,0,255,255,255,255,255,255,0,0,0,0,255,255,0,0,0,0,255,255,1,1,0,0,0,0,223,0,255,255,0,0,0,0,12,0,255,255,255,255,255,255,255,255,255,255,255,255,255,255,255,255,255,255,255,255,255,255,255,255,255,255,255,255,255,255,255,255,255,255,255,255,255,255,255,255,255,255,255,255,255,255,255,255,255,255,255,255,255,255,255,255,255,255,255,255,255,255,255,255,255,255,255,255,255,255,255,255,255,255,255,255,255,255,255,255,255,255,255,255,255,255,255,255,255,255,255,255,255,255,255,255,255,255,255,255,255,255,255,255,255,255,255,255,255,255,255,255,255,255,255,255,255,255,255,255,255,255,255,255,255,255,255,255,40,0,0,0,2,0,83,76,255,255,255,255,0,0,1,0,83,16,255,255,255,255,0,0,1,0,83,148,255,255,255,255,0,0,0,0,2,60,255,255,255,255,0,0,255,255,1,1,0,0,0,0,1,0,78,0,48,0,123,0,48,0,48,0,48,0,50,0,48,0,56,0,50,0,48,0,45,0,48,0,48,0,48,0,48,0,45,0,48,0,48,0,48,0,48,0,45,0,67,0,48,0,48,0,48,0,45,0,48,0,48,0,48,0,48,0,48,0,48,0,48,0,48,0,48,0,48,0,52,0,54,0,125,0,0,0,0,0,255,255,255,255,1,1,56,0,0,0,2,128,254,255,255,255,255,255,16,0,255,255,40,0,0,0,2,1,255,255,0,0,0,0,0,0,0,0,255,255,255,255,255,255,255,255,0,0,0,0,29,0,0,0,37,0,0,0,255,255,255,255,72,0,0,0,0,0,255,255,0,0,1,0,0,0,0,0,0,0,0,0,255,255,255,255,255,255,255,255,255,255,255,255,0,0,0,0,255,255,255,255,255,255,255,255,255,255,255,255,255,255,255,255,255,255,255,255,0,0,0,0,255,255,255,255,255,255,255,255,255,255,255,255,255,255,255,255,255,255,255,255,0,0,0,0,0,0,0,0,255,255,255,255,255,255,255,255,0,0,0,0,255,255,255,255,255,255,255,255,255,255,255,255,255,255,255,255,255,255,255,255,255,255,255,255,255,255,255,255,255,255,0,0,0,0,0,0,223,0,0,0,0,0,0,0,0,0,0,0,0,0,0,0,0,0,0,0,0,0,0,0,0,0,0,0,0,0,0,0,0,0,0,0,0,0,0,0,0,0,0,0,0,0,0,0,0,0,0,0,0,0,0,0,0,0,0,0,0,254,202,1,0,0,0,255,255,255,255,1,1,8,0,0,0,255,255,255,255,120,0,0,0,255,255,255,255,0,0,1,167,176,0,65,116,116,114,105,98,117,116,0,101,32,86,66,95,78,97,109,0,101,32,61,32,34,203,232,241,32,242,49,34,13,10,10,224,66,97,2,115,2,112,48,123,48,48,48,50,96,48,56,50,48,45,0,32,4,16,67,7,0,20,2,28,1,36,48,48,52,54,125,129,13,124,71,108,111,98,97,108,1,194,16,83,112,97,99,1,146,70,97,108,4,115,101,12,200,67,114,101,97,116,8,97,98,108,21,31,80,114,101,100,144,101,99,108,97,0,6,73,100,0,170,8,84,114,117,13,66,69,120,112,111,4,115,101,20,28,84,101,109,112,108,0,97,116,101,68,101,114,105,118,3,2,36,146,66,117,115,116,111,109,105,6,122,4,68,3,50,14,243,49,47,177,14,51,166,181,14,32,46,173,14,161,45,31,167,14,176,22,15,2,191,14,95,7,0,0,142,254,139,91,7,246,54,0,22,145,126,87,62
0,1,22,1,0,0,240,0,0,0,196,2,0,0,212,0,0,0,0,2,0,0,255,255,255,255,203,2,0,0,31,3,0,0,0,0,0,0,1,0,0,0,137,140,123,29,0,0,255,255,35,1,0,0,136,0,0,0,182,0,255,255,1,1,0,0,0,0,255,255,255,255,0,0,0,0,255,255,255,255,255,255,0,0,0,0,0,0,0,0,0,0,0,0,0,0,0,0,0,0,0,0,0,0,0,0,0,0,0,0,0,0,0,0,0,0,0,0,0,0,0,0,0,0,0,0,0,0,0,0,0,0,0,0,0,0,16,0,0,0,3,0,0,0,5,0,0,0,7,0,0,0,255,255,255,255,255,255,255,255,1,1,8,0,0,0,255,255,255,255,120,0,0,0,8,0,0,0,0,0,0,0,0,0,0,0,0,0,0,0,0,0,0,0,0,0,0,0,0,0,0,0,0,0,0,0,0,255,255,0,0,0,0,77,69,0,0,255,255,255,255,255,255,0,0,0,0,255,255,0,0,0,0,255,255,1,1,0,0,0,0,223,0,255,255,0,0,0,0,12,0,255,255,255,255,255,255,255,255,255,255,255,255,255,255,255,255,255,255,255,255,255,255,255,255,255,255,255,255,255,255,255,255,255,255,255,255,255,255,255,255,255,255,255,255,255,255,255,255,255,255,255,255,255,255,255,255,255,255,255,255,255,255,255,255,255,255,255,255,255,255,255,255,255,255,255,255,255,255,255,255,255,255,255,255,255,255,255,255,255,255,255,255,255,255,255,255,255,255,255,255,255,255,255,255,255,255,255,255,255,255,255,255,255,255,255,255,255,255,255,255,255,255,255,255,255,255,255,255,40,0,0,0,2,0,83,76,255,255,255,255,0,0,1,0,83,16,255,255,255,255,0,0,1,0,83,148,255,255,255,255,0,0,0,0,2,60,255,255,255,255,0,0,255,255,1,1,0,0,0,0,1,0,78,0,48,0,123,0,48,0,48,0,48,0,50,0,48,0,56,0,49,0,57,0,45,0,48,0,48,0,48,0,48,0,45,0,48,0,48,0,48,0,48,0,45,0,67,0,48,0,48,0,48,0,45,0,48,0,48,0,48,0,48,0,48,0,48,0,48,0,48,0,48,0,48,0,52,0,54,0,125,0,0,0,0,0,255,255,255,255,1,1,56,0,0,0,2,128,254,255,255,255,255,255,16,0,255,255,40,0,0,0,2,1,255,255,0,0,0,0,0,0,0,0,255,255,255,255,255,255,255,255,0,0,0,0,29,0,0,0,37,0,0,0,255,255,255,255,72,0,0,0,0,0,255,255,0,0,1,0,0,0,0,0,0,0,0,0,255,255,255,255,255,255,255,255,255,255,255,255,0,0,0,0,255,255,255,255,255,255,255,255,255,255,255,255,255,255,255,255,255,255,255,255,0,0,0,0,255,255,255,255,255,255,255,255,255,255,255,255,255,255,255,255,255,255,255,255,0,0,0,0,0,0,0,0,255,255,255,255,255,255,255,255,0,0,0,0,255,255,255,255,255,255,255,255,255,255,255,255,255,255,255,255,255,255,255,255,255,255,255,255,255,255,255,255,255,255,0,0,0,0,0,0,223,0,0,0,0,0,0,0,0,0,0,0,0,0,0,0,0,0,0,0,0,0,0,0,0,0,0,0,0,0,0,0,0,0,0,0,0,0,0,0,0,0,0,0,0,0,0,0,0,0,0,0,0,0,0,0,0,0,0,0,0,254,202,1,0,0,0,255,255,255,255,1,1,8,0,0,0,255,255,255,255,120,0,0,0,255,255,255,255,0,0,1,171,176,0,65,116,116,114,105,98,117,116,0,101,32,86,66,95,78,97,109,0,101,32,61,32,34,221,242,224,0,202,237,232,227,224,34,13,10,17,10,248,66,97,115,2,124,48,123,48,0,48,48,50,48,56,49,57,45,117,0,32,48,3,8,67,0,20,2,18,1,36,48,16,48,52,54,125,13,124,71,108,111,8,98,97,108,1,200,83,112,97,99,65,1,146,70,97,108,115,101,12,100,67,128,114,101,97,116,97,98,108,21,31,0,80,114,101,100,101,99,108,97,137,0,6,73,100,0,173,84,114,117,13,66,64,69,120,112,111,115,101,20,28,84,0,101,109,112,108,97,116,101,68,48,101,114,105,118,2,36,146,66,117,115,96,116,111,109,105,122,4,68,3,50,177,14,51,166,181,14,32,46,173,14,161,45,31,167,14,176,22,15,2,191,14,95,7,0,0,142,254,139,91,7,246,54,0,22,145,126,87,62
