0,73,68,61,34,123,66,48,54,65,53,51,69,51,45,57,53,70,52,45,52,56,57,57,45,57,56,66,56,45,50,68,57,65,53,49,54,67,65,50,48,65,125,34,13,10,68,111,99,117,109,101,110,116,61,65,117,116,111,73,110,115,116,97,108,108,97,116,105,111,110,47,38,72,48,48,48,48,48,48,48,48,13,10,68,111,99,117,109,101,110,116,61,66,121,116,101,83,104,101,101,116,47,38,72,48,48,48,48,48,48,48,48,13,10,77,111,100,117,108,101,61,77,111,100,117,108,101,49,13,10,78,97,109,101,61,34,86,66,65,80,114,111,106,101,99,116,34,13,10,72,101,108,112,67,111,110,116,101,120,116,73,68,61,34,48,34,13,10,86,101,114,115,105,111,110,67,111,109,112,97,116,105,98,108,101,51,50,61,34,51,57,51,50,50,50,48,48,48,34,13,10,67,77,71,61,34,53,55,53,53,56,69,51,57,66,50,52,55,67,68,52,66,67,68,52,66,67,68,52,66,67,68,52,66,34,13,10,68,80,66,61,34,54,69,54,67,66,55,53,50,68,57,55,69,70,49,55,70,70,49,55,70,70,49,34,13,10,71,67,61,34,56,53,56,55,53,67,55,55,54,52,56,70,54,53,56,70,54,53,55,48,34,13,10,13,10,91,72,111,115,116,32,69,120,116,101,110,100,101,114,32,73,110,102,111,93,13,10,38,72,48,48,48,48,48,48,48,49,61,123,51,56,51,50,68,54,52,48,45,67,70,57,48,45,49,49,67,70,45,56,69,52,51,45,48,48,65,48,67,57,49,49,48,48,53,65,125,59,86,66,69,59,38,72,48,48,48,48,48,48,48,48,13,10,13,10,91,87,111,114,107,115,112,97,99,101,93,13,10,65,117,116,111,73,110,115,116,97,108,108,97,116,105,111,110,61,49,53,48,44,32,49,53,48,44,32,49,49,52,51,44,32,53,50,49,44,32,13,10,66,121,116,101,83,104,101,101,116,61,55,53,44,32,55,53,44,32,49,48,54,56,44,32,52,52,54,44,32,13,10,77,111,100,117,108,101,49,61,55,56,44,32,55,56,44,32,49,50,48,49,44,32,53,53,51,44,32,90,13,10,,,,,,,,,,,,,,,,,,,,,,,,,,,,,,,,,,,,,,,,,,,,,,,,,,,,,,,,,,,,,,,,,,,,,,,,,,,,,,,,,,,,,,,,,,,,,,,,,,,,,,,,,,,,,,,,,,,,,,,,,,,,,,,,,,,,,,,,,,,,,,,,,,,,,,,,,,,,,,,,,,,,,,,,,,,,,,,,,,,,,,,,,,,,,,,,,,,,,,,,,,,,,,,,,,,,,,,,,,,,,,,,,,,,,,,,,,,,,,,,,,,,,,,,,,,,,,,,,,,,,,,,,,,,,,,,,,,,,,,,,,,,,,,,,,,,,,,,,,,,,,,,,,,,,,,,,,,,,,,,,,,,,,,,,,,,,,,,,,,,,,,,,,,,,,,,,,,,,,,,,,,,,,,,,,,,,,,,,,,,,,,,,,,,,,,,,,,,,,,,,,,,,,,,,,,,,,,,,,,,,,,,,,,,,,,,,,,,,,,,,,,,,,,,,,,,,,,,,,,,,,,,,,,,,,,,,,,,,,,,,,,,,,,,,,,,,,,,,,,,,,,,,,,,,,,,,,,,,,
0,65,117,116,111,73,110,115,116,97,108,108,97,116,105,111,110,0,65,0,117,0,116,0,111,0,73,0,110,0,115,0,116,0,97,0,108,0,108,0,97,0,116,0,105,0,111,0,110,0,0,0,66,121,116,101,83,104,101,101,116,0,66,0,121,0,116,0,101,0,83,0,104,0,101,0,101,0,116,0,0,0,77,111,100,117,108,101,49,0,77,0,111,0,100,0,117,0,108,0,101,0,49,0,0,0,0,0,48,48,48,48,48,13,10,77,111,100,117,108,101,61,77,111,100,117,108,101,49,13,10,78,97,109,101,61,34,86,66,65,80,114,111,106,101,99,116,34,13,10,72,101,108,112,67,111,110,116,101,120,116,73,68,61,34,48,34,13,10,86,101,114,115,105,111,110,67,111,109,112,97,116,105,98,108,101,51,50,61,34,51,57,51,50,50,50,48,48,48,34,13,10,67,77,71,61,34,53,55,53,53,56,69,51,57,66,50,52,55,67,68,52,66,67,68,52,66,67,68,52,66,67,68,52,66,34,13,10,68,80,66,61,34,54,69,54,67,66,55,53,50,68,57,55,69,70,49,55,70,70,49,55,70,70,49,34,13,10,71,67,61,34,56,53,56,55,53,67,55,55,54,52,56,70,54,53,56,70,54,53,55,48,34,13,10,13,10,91,72,111,115,116,32,69,120,116,101,110,100,101,114,32,73,110,102,111,93,13,10,38,72,48,48,48,48,48,48,48,49,61,123,51,56,51,50,68,54,52,48,45,67,70,57,48,45,49,49,67,70,45,56,69,52,51,45,48,48,65,48,67,57,49,49,48,48,53,65,125,59,86,66,69,59,38,72,48,48,48,48,48,48,48,48,13,10,13,10,91,87,111,114,107,115,112,97,99,101,93,13,10,65,117,116,111,73,110,115,116,97,108,108,97,116,105,111,110,61,49,53,48,44,32,49,53,48,44,32,49,49,52,51,44,32,53,50,49,44,32,13,10,66,121,116,101,83,104,101,101,116,61,55,53,44,32,55,53,44,32,49,48,54,56,44,32,52,52,54,44,32,13,10,77,111,100,117,108,101,49,61,55,56,44,32,55,56,44,32,49,50,48,49,44,32,53,53,51,44,32,90,13,10,,,,,,,,,,,,,,,,,,,,,,,,,,,,,,,,,,,,,,,,,,,,,,,,,,,,,,,,,,,,,,,,,,,,,,,,,,,,,,,,,,,,,,,,,,,,,,,,,,,,,,,,,,,,,,,,,,,,,,,,,,,,,,,,,,,,,,,,,,,,,,,,,,,,,,,,,,,,,,,,,,,,,,,,,,,,,,,,,,,,,,,,,,,,,,,,,,,,,,,,,,,,,,,,,,,,,,,,,,,,,,,,,,,,,,,,,,,,,,,,,,,,,,,,,,,,,,,,,,,,,,,,,,,,,,,,,,,,,,,,,,,,,,,,,,,,,,,,,,,,,,,,,,,,,,,,,,,,,,,,,,,,,,,,,,,,,,,,,,,,,,,,,,,,,,,,,,,,,,,,,,,,,,,,,,,,,,,,,,,,,,,,,,,,,,,,,,,,,,,,,,,,,,,,,,,,,,,,,,,,,,,,,,,,,,,,,,,,,,,,,,,,,,,,,,,,,,,,,,,,,,,,,,,,,,,,,,,,,,,,,,,,,,,,,,,,,,,,,,,,,,,,,,,,,,,,,,,,,,
0,1,22,3,0,6,0,1,0,0,130,8,0,0,228,0,0,0,40,3,0,0,250,9,0,0,8,10,0,0,108,19,0,0,0,0,0,0,1,0,0,0,215,154,39,159,0,0,255,255,35,0,0,0,136,0,0,0,182,0,255,255,1,1,0,0,0,0,255,255,255,255,0,0,0,0,255,255,112,0,255,255,0,0,110,15,243,19,201,104,27,64,174,130,15,18,156,23,17,152,25,8,2,0,0,0,0,0,192,0,0,0,0,0,0,70,0,0,0,0,0,0,0,0,0,0,0,0,0,0,0,0,1,0,0,0,76,71,182,45,157,87,122,77,172,247,65,31,166,77,253,98,16,0,0,0,3,0,0,0,5,0,0,0,7,0,0,0,255,255,255,255,255,255,255,255,1,1,8,0,0,0,255,255,255,255,120,0,0,0,8,76,71,182,45,157,87,122,77,172,247,65,31,166,77,253,98,110,15,243,19,201,104,27,64,174,130,15,18,156,23,17,152,255,255,0,0,0,0,77,69,0,0,255,255,255,255,255,255,0,0,0,0,255,255,0,0,0,0,255,255,1,1,0,0,0,0,223,0,255,255,0,0,0,0,160,0,255,255,255,255,255,255,255,255,255,255,24,0,255,255,255,255,255,255,255,255,255,255,255,255,255,255,255,255,255,255,255,255,255,255,255,255,255,255,255,255,255,255,255,255,255,255,255,255,255,255,255,255,255,255,255,255,255,255,255,255,255,255,255,255,255,255,255,255,255,255,255,255,255,255,255,255,255,255,255,255,255,255,255,255,255,255,255,255,255,255,255,255,255,255,255,255,255,255,255,255,255,255,255,255,255,255,255,255,255,255,255,255,255,255,255,255,255,255,255,255,255,255,255,255,255,255,255,255,64,1,0,0,2,0,91,76,255,255,255,255,0,0,1,0,83,16,255,255,255,255,0,0,1,0,83,148,255,255,255,255,0,0,2,0,40,16,255,255,44,2,0,0,0,0,54,34,255,255,255,255,0,0,0,0,26,76,255,255,255,255,0,0,0,0,26,148,255,255,255,255,0,0,0,0,26,8,255,255,255,255,0,0,0,0,26,8,255,255,255,255,0,0,0,0,26,16,255,255,255,255,0,0,0,0,154,34,255,255,255,255,0,0,0,0,26,0,255,255,255,255,0,0,0,0,26,8,255,255,255,255,0,0,0,0,26,76,255,255,255,255,0,0,0,0,26,76,255,255,255,255,0,0,0,0,26,8,255,255,255,255,0,0,0,0,26,0,255,255,255,255,0,0,0,0,26,8,255,255,255,255,0,0,0,0,26,76,255,255,255,255,0,0,0,0,26,148,255,255,255,255,0,0,0,0,2,60,168,0,255,255,0,0,0,0,2,60,176,0,255,255,0,0,0,0,2,60,184,0,255,255,0,0,0,0,2,60,192,0,255,255,0,0,0,0,2,60,200,0,255,255,0,0,0,0,2,60,208,0,255,255,0,0,0,0,2,60,216,0,255,255,0,0,0,0,2,60,224,0,255,255,0,0,0,0,2,60,232,0,255,255,0,0,0,0,2,60,240,0,255,255,0,0,0,0,2,60,248,0,255,255,0,0,0,0,2,60,255,255,255,255,0,0,255,255,1,1,0,0,0,0,1,0,78,0,48,0,123,0,48,0,48,0,48,0,50,0,48,0,56,0,49,0,57,0,45,0,48,0,48,0,48,0,48,0,45,0,48,0,48,0,48,0,48,0,45,0,67,0,48,0,48,0,48,0,45,0,48,0,48,0,48,0,48,0,48,0,48,0,48,0,48,0,48,0,48,0,52,0,54,0,125,0,7,0,0,0,0,0,255,255,255,255,1,1,200,4,0,0,12,17,40,2,255,255,255,255,0,0,3,96,0,0,0,0,255,255,255,255,255,255,255,255,0,0,0,0,0,0,0,0,0,0,0,0,0,0,0,0,184,0,0,0,168,254,255,255,107,0,0,0,0,0,0,0,255,255,255,255,255,255,255,255,112,8,0,0,51,0,51,0,3,0,0,0,0,0,0,0,148,0,0,1,0,0,0,0,32,132,42,2,255,255,255,255,248,255,255,255,255,255,255,255,112,0,0,0,0,0,0,0,29,0,24,0,37,0,0,0,32,132,46,2,255,255,255,255,240,255,255,255,255,255,255,255,144,0,0,0,0,0,0,0,29,0,24,0,37,0,0,0,96,132,48,2,120,0,0,0,232,255,255,255,255,255,255,255,8,0,255,255,0,0,0,0,0,0,0,0,255,255,255,255,255,255,255,255,255,255,255,255,255,255
1,1,22,3,0,6,0,1,0,0,178,22,0,0,228,0,0,0,56,2,0,0,48,23,0,0,62,23,0,0,86,91,0,0,7,0,0,0,1,0,0,0,215,154,52,255,0,0,255,255,35,0,0,0,136,0,0,0,182,0,255,255,1,1,0,0,0,0,255,255,255,255,0,0,0,0,255,255,112,0,255,255,0,0,232,28,89,233,253,222,171,73,159,61,8,123,11,24,103,126,32,8,2,0,0,0,0,0,192,0,0,0,0,0,0,70,0,0,0,0,0,0,0,0,0,0,0,0,0,0,0,0,1,0,0,0,132,202,239,97,209,27,18,68,189,54,124,166,18,136,65,100,16,0,0,0,3,0,0,0,5,0,0,0,7,0,0,0,255,255,255,255,255,255,255,255,1,1,8,0,0,0,255,255,255,255,120,0,0,0,8,132,202,239,97,209,27,18,68,189,54,124,166,18,136,65,100,232,28,89,233,253,222,171,73,159,61,8,123,11,24,103,126,255,255,0,0,0,0,77,69,0,0,255,255,255,255,255,255,0,0,0,0,255,255,0,0,0,0,255,255,1,1,0,0,0,0,223,0,255,255,0,0,0,0,255,255,255,255,255,255,255,255,255,255,255,255,255,255,255,255,255,255,255,255,255,255,255,255,255,255,255,255,255,255,255,255,255,255,255,255,255,255,255,255,24,0,255,255,255,255,255,255,255,255,255,255,255,255,255,255,255,255,255,255,255,255,255,255,255,255,255,255,255,255,255,255,255,255,255,255,255,255,255,255,255,255,255,255,255,255,255,255,255,255,255,255,255,255,255,255,255,255,255,255,255,255,255,255,255,255,255,255,255,255,255,255,255,255,255,255,255,255,255,255,255,255,255,255,255,255,255,255,255,255,80,0,0,0,2,0,91,76,255,255,255,255,0,0,1,0,83,16,255,255,255,255,0,0,1,0,83,148,255,255,255,255,0,0,9,0,40,16,255,255,154,2,0,0,0,0,62,34,255,255,255,255,0,0,0,0,26,8,255,255,255,255,0,0,0,0,26,8,255,255,255,255,0,0,0,0,26,16,255,255,255,255,0,0,255,255,1,1,0,0,0,0,1,0,78,0,48,0,123,0,48,0,48,0,48,0,50,0,48,0,56,0,50,0,48,0,45,0,48,0,48,0,48,0,48,0,45,0,48,0,48,0,48,0,48,0,45,0,67,0,48,0,48,0,48,0,45,0,48,0,48,0,48,0,48,0,48,0,48,0,48,0,48,0,48,0,48,0,52,0,54,0,125,0,7,0,0,0,0,0,255,255,255,255,1,1,232,19,0,0,12,17,148,2,80,1,0,0,0,0,3,96,0,0,0,0,255,255,255,255,255,255,255,255,0,0,0,0,0,0,0,0,0,0,0,0,0,0,0,0,255,255,255,255,0,0,0,0,10,0,0,0,0,0,0,0,255,255,255,255,255,255,255,255,192,4,0,0,31,0,31,0,1,0,0,0,0,0,0,0,148,0,0,3,0,0,0,0,64,132,150,2,255,255,255,255,255,255,255,255,255,255,255,255,12,0,255,255,0,0,0,0,32,132,152,2,255,255,255,255,255,255,255,255,255,255,255,255,136,0,0,0,0,0,0,0,29,0,24,0,37,0,0,0,96,132,156,2,255,255,255,255,255,255,255,255,255,255,255,255,3,0,255,255,0,0,0,0,96,132,158,2,255,255,255,255,255,255,255,255,255,255,255,255,8,0,255,255,0,0,0,0,96,132,24,0,255,255,255,255,255,255,255,255,255,255,255,255,5,0,255,255,0,0,0,0,96,132,160,2,255,255,255,255,255,255,255,255,255,255,255,255,5,0,255,255,0,0,0,0,96,132,162,2,255,255,255,255,255,255,255,255,255,255,255,255,8,0,255,255,0,0,0,0,96,132,164,2,255,255,255,255,255,255,255,255,255,255,255,255,3,0,255,255,0,0,0,0,96,132,166,2,255,255,255,255,255,255,255,255,255,255,255,255,8,0,255,255,0,0,0,0,96,132,168,2,255,255,255,255,255,255,255,255,255,255,255,255,3,0,255,255,0,0,0,0,44,17,86,2,88,4,0,0,1,0,3,96,0,0,0,0,255,255,255,255,255,255,255,255,0,0,0,0,0,0,0,0,0,0,0,0,0,0,0,0,255,255,255,255,0,0,0,0,14,0,0,0,0,0,0,0,168,1,0,0,3,0,255,255,200,4,1,0,99,0,99,0,32,0,0,0,0,0,0,0,188,9,0,3,0,0,0,0,105,131,184,2,255,255,255,255,255,255
1,1,22,3,0,6,240,0,0,0,58,7,0,0,212,0,0,0,40,2,0,0,255,255,255,255,81,8,0,0,13,19,0,0,0,0,0,0,1,0,0,0,215,154,125,200,0,0,255,255,3,0,0,0,0,0,0,0,182,0,255,255,1,1,0,0,0,0,255,255,255,255,0,0,0,0,255,255,8,0,255,255,0,0,0,0,0,0,0,0,0,0,0,0,0,0,0,0,0,0,0,0,0,0,0,0,0,0,0,0,0,0,0,0,0,0,0,0,0,0,0,0,0,0,0,0,0,0,0,0,0,0,0,0,0,0,16,0,0,0,3,0,0,0,5,0,0,0,7,0,0,0,255,255,255,255,255,255,255,255,1,1,8,0,0,0,255,255,255,255,120,0,0,0,2,0,0,0,0,0,0,0,0,0,0,0,0,0,0,0,0,0,0,0,0,0,0,0,0,0,0,0,0,0,0,0,0,255,255,0,0,0,0,77,69,0,0,255,255,255,255,255,255,0,0,0,0,255,255,0,0,0,0,255,255,1,1,0,0,0,0,223,0,255,255,0,0,0,0,96,0,255,255,255,255,255,255,255,255,255,255,255,255,255,255,255,255,255,255,255,255,255,255,255,255,255,255,255,255,255,255,255,255,255,255,255,255,255,255,255,255,255,255,255,255,255,255,255,255,255,255,255,255,255,255,255,255,255,255,255,255,255,255,255,255,255,255,255,255,255,255,255,255,255,255,255,255,255,255,255,255,255,255,255,255,255,255,255,255,255,255,255,255,255,255,255,255,255,255,255,255,255,255,255,255,255,255,255,255,255,255,255,255,255,255,255,255,255,255,255,255,255,255,255,255,255,255,255,255,160,0,0,0,0,0,54,10,255,255,255,255,0,0,0,0,26,8,255,255,255,255,0,0,0,0,26,148,255,255,255,255,0,0,0,0,26,76,255,255,255,255,0,0,0,0,26,76,255,255,255,255,0,0,0,0,26,8,255,255,255,255,0,0,0,0,154,34,255,255,255,255,0,0,0,0,26,8,255,255,255,255,0,0,0,0,26,0,255,255,255,255,0,0,0,0,26,8,255,255,255,255,0,0,0,0,26,8,255,255,255,255,0,0,0,0,26,76,255,255,255,255,0,0,0,0,2,60,104,0,255,255,0,0,0,0,2,60,112,0,255,255,0,0,0,0,2,60,120,0,255,255,0,0,0,0,2,60,255,255,255,255,0,0,255,255,1,1,0,0,0,0,0,0,1,0,0,0,0,0,255,255,255,255,1,1,128,4,0,0,11,18,106,2,255,255,255,255,0,0,0,96,0,0,0,0,255,255,255,255,255,255,255,255,0,0,0,0,0,0,0,0,0,0,0,0,0,0,0,0,32,1,0,0,144,253,255,255,107,0,0,0,0,0,0,0,255,255,255,255,255,255,255,255,255,255,0,0,47,0,47,0,3,0,0,0,0,0,0,0,132,0,0,3,0,0,0,0,96,132,108,2,255,255,255,255,248,255,255,255,255,255,255,255,9,0,255,255,0,0,0,0,96,132,112,2,255,255,255,255,216,255,255,255,255,255,255,255,9,0,255,255,0,0,0,0,64,132,114,2,255,255,255,255,192,255,255,255,255,255,255,255,12,0,255,255,0,0,0,0,64,132,116,2,255,255,255,255,168,255,255,255,255,255,255,255,12,0,255,255,0,0,0,0,64,132,118,2,255,255,255,255,144,255,255,255,255,255,255,255,12,0,255,255,0,0,0,0,0,0,0,0,255,255,255,255,2,131,38,3,255,255,255,255,0,0,0,0,255,255,255,255,8,1,0,0,0,0,255,255,255,255,255,255,0,0,0,0,255,255,255,255,255,255,255,255,0,0,0,0,248,0,0,0,29,0,0,0,37,0,0,0,255,255,255,255,232,0,0,0,0,0,0,0,255,255,255,255,255,255,255,255,136,0,0,0,255,255,255,255,255,255,255,255,255,255,255,255,255,255,255,255,184,0,0,0,255,255,255,255,255,255,255,255,255,255,255,255,112,0,0,0,160,0,0,0,88,0,0,0,255,255,255,255,255,255,255,255,255,255,255,255,255,255,255,255,8,2,0,0,240,1,0,0,216,1,0,0,255,255,255,255,104,2,0,0,184,3,0,0,56,2,0,0,255,255,255,255,255,255,255,255,255,255,255,255,255,255,255,255,255,255,255,255,255,255,255,255,255,255,255,255,255,255,255,255,255,255,255,255,255,255,255,255,255,255,255,255,255,255,255,255,255,255,255,255,255,255,255,255,24,4,0,0,255,255,255,255,255,255
1,204,97,166,0,0,3,0,255,25,4,0,0,9,4,0,0,227,4,3,0,0,0,0,0,0,0,0,0,1,0,4,0,2,0,254,0,42,0,92,0,71,0,123,0,48,0,48,0,48,0,50,0,48,0,52,0,69,0,70,0,45,0,48,0,48,0,48,0,48,0,45,0,48,0,48,0,48,0,48,0,45,0,67,0,48,0,48,0,48,0,45,0,48,0,48,0,48,0,48,0,48,0,48,0,48,0,48,0,48,0,48,0,52,0,54,0,125,0,35,0,52,0,46,0,50,0,35,0,57,0,35,0,67,0,58,0,92,0,80,0,82,0,79,0,71,0,82,0,65,0,126,0,49,0,92,0,67,0,79,0,77,0,77,0,79,0,78,0,126,0,49,0,92,0,77,0,73,0,67,0,82,0,79,0,83,0,126,0,49,0,92,0,86,0,66,0,65,0,92,0,86,0,66,0,65,0,55,0,46,0,49,0,92,0,86,0,66,0,69,0,55,0,46,0,68,0,76,0,76,0,35,0,86,0,105,0,115,0,117,0,97,0,108,0,32,0,66,0,97,0,115,0,105,0,99,0,32,0,70,0,111,0,114,0,32,0,65,0,112,0,112,0,108,0,105,0,99,0,97,0,116,0,105,0,111,0,110,0,115,0,0,0,0,0,0,0,0,0,0,0,0,0,16,1,42,0,92,0,71,0,123,0,48,0,48,0,48,0,50,0,48,0,56,0,49,0,51,0,45,0,48,0,48,0,48,0,48,0,45,0,48,0,48,0,48,0,48,0,45,0,67,0,48,0,48,0,48,0,45,0,48,0,48,0,48,0,48,0,48,0,48,0,48,0,48,0,48,0,48,0,52,0,54,0,125,0,35,0,49,0,46,0,56,0,35,0,48,0,35,0,67,0,58,0,92,0,80,0,114,0,111,0,103,0,114,0,97,0,109,0,32,0,70,0,105,0,108,0,101,0,115,0,92,0,77,0,105,0,99,0,114,0,111,0,115,0,111,0,102,0,116,0,32,0,79,0,102,0,102,0,105,0,99,0,101,0,92,0,79,0,102,0,102,0,105,0,99,0,101,0,49,0,53,0,92,0,69,0,88,0,67,0,69,0,76,0,46,0,69,0,88,0,69,0,35,0,77,0,105,0,99,0,114,0,111,0,115,0,111,0,102,0,116,0,32,0,69,0,120,0,99,0,101,0,108,0,32,0,49,0,53,0,46,0,48,0,32,0,79,0,98,0,106,0,101,0,99,0,116,0,32,0,76,0,105,0,98,0,114,0,97,0,114,0,121,0,0,0,0,0,0,0,0,0,0,0,0,0,188,0,42,0,92,0,71,0,123,0,48,0,48,0,48,0,50,0,48,0,52,0,51,0,48,0,45,0,48,0,48,0,48,0,48,0,45,0,48,0,48,0,48,0,48,0,45,0,67,0,48,0,48,0,48,0,45,0,48,0,48,0,48,0,48,0,48,0,48,0,48,0,48,0,48,0,48,0,52,0,54,0,125,0,35,0,50,0,46,0,48,0,35,0,48,0,35,0,67,0,58,0,92,0,87,0,105,0,110,0,100,0,111,0,119,0,115,0,92,0,83,0,121,0,115,0,116,0,101,0,109,0,51,0,50,0,92,0,115,0,116,0,100,0,111,0,108,0,101,0,50,0,46,0,116,0,108,0,98,0,35,0,79,0,76,0,69,0,32,0,65,0,117,0,116,0,111,0,109,0,97,0,116,0,105,0,111,0,110,0,0,0,0,0,0,0,0,0,0,0,0,0,40,1,42,0,92,0,71,0,123,0,50,0,68,0,70,0,56,0,68,0,48,0,52,0,67,0,45,0,53,0,66,0,70,0,65,0,45,0,49,0,48,0,49,0,66,0,45,0,66,0,68,0,69,0,53,0,45,0,48,0,48,0,65,0,65,0,48,0,48,0,52,0,52,0,68,0,69,0,53,0,50,0,125,0,35,0,50,0,46,0,55,0,35,0,48,0,35,0,67,0,58,0,92,0,80,0,114,0,111,0,103,0,114,0,97,0,109,0,32,0,70,0,105,0,108,0,101,0,115,0,92,0,67,0,111,0,109,0,109,0,111,0,110,0,32,0,70,0,105,0,108,0,101,0,115,0,92,0,77,0,105,0,99,0,114,0,111,0,115,0,111,0,102,0,116,0,32,0,83,0,104,0,97,0,114,0,101,0,100,0,92,0,79,0,70,0,70,0,73,0,67,0,69,0,49,0,53,0,92,0,77,0,83,0,79,0,46,0,68,0,76,0,76,0,35,0,77,0
1,147,75,42,166,3,0,16,0,0,0,255,255,0,0,0,0,1,0,2,0,255,255,0,0,0,0,1,0,0,0,2,0,0,0,0,0,1,0,2,0,2,0,0,0,0,0,1,0,0,0,0,0,0,0,0,0,1,0,2,0,0,0,0,0,0,0,1,0,0,0,1,0,0,0,0,0,1,0,2,0,1,0,0,0,0,0,1,0,5,0,5,0,5,0,5,0,5,0,5,0,5,0,5,0,0,0,114,85,21,7,0,0,0,0,0,0,128,0,0,0,0,0,0,0,64,0,0,0,0,0,0,0,64,0,0,0,0,0,0,0,6,0,0,0,0,0,0,126,10,0,0,0,0,0,0,126,2,0,0,0,0,0,0,126,2,0,0,0,0,0,0,126,2,0,0,0,0,0,0,126,2,0,0,0,0,0,0,126,6,0,0,0,0,0,0,126,6,0,0,0,0,0,0,126,6,0,0,0,0,0,0,126,6,0,0,0,0,0,0,126,6,0,0,0,0,0,0,126,10,0,0,0,0,0,0,126,6,0,0,0,0,0,0,126,6,0,0,0,0,0,0,126,6,0,0,0,0,0,0,126,2,0,0,0,0,0,0,126,10,0,0,0,0,0,0,126,4,0,0,0,0,0,0,126,4,0,0,0,0,0,0,126,10,0,0,0,0,0,0,126,10,0,0,0,0,0,0,126,6,0,0,0,0,0,0,126,6,0,0,0,0,0,0,126,6,0,0,0,0,0,0,126,6,0,0,0,0,0,0,126,6,0,0,0,0,0,0,126,6,0,0,0,0,0,0,126,6,0,0,0,0,0,0,126,34,0,0,0,0,0,0,127,0,0,0,0,0,0,0,0,34,0,0,0,0,0,0,0,17,0,0,0,0,0,0,0,0,0,1,0,16,0,0,0,0,0,0,0,0,0,0,0,81,1,0,0,0,0,0,0,0,0,0,0,103,127,107,19,136,183,121,74,145,54,205,185,164,191,29,50,1,0,9,4,0,0,25,4,0,0,227,4,0,0,0,0,0,0,5,0,255,255,255,255,255,255,255,255,3,0,131,138,97,0,17,0,0,0,0,0,0,0,0,0,4,0,17,9,0,0,0,0,0,0,0,0,0,0,255,255,255,255,255,255,255,255,1,0,161,8,0,0,0,0,0,0,0,0,0,0,255,255,0,0,129,1,0,0,0,0,0,0,0,0,0,0,131,138,97,0,17,0,0,0,0,0,0,0,0,0,6,0,17,9,0,0,0,0,0,0,0,0,0,0,255,255,255,255,255,255,255,255,9,0,49,34,0,0,0,0,0,0,0,0,0,0,97,34,0,0,0,0,0,0,0,0,0,0,129,34,0,0,0,0,0,0,0,0,0,0,177,34,0,0,0,0,0,0,0,0,0,0,209,34,0,0,0,0,0,0,0,0,0,0,1,35,0,0,0,0,0,0,0,0,0,0,49,35,0,0,0,0,0,0,0,0,0,0,97,35,0,0,0,0,0,0,0,0,0,0,129,35,0,0,0,0,0,0,0,0,0,0,255,255,0,0,193,1,0,0,0,0,0,0,0,0,0,0,1,136,97,0,17,0,0,0,0,0,0,0,0,0,2,0,177,50,0,0,0,0,0,0,0,0,0,0,255,255,255,255,255,255,255,255,64,4,0,0,0,0,0,0,0,0,0,0,255,255,255,255,255,255,255,255,1,0,209,8,0,0,0,0,0,0,0,0,0,0,255,255,0,0,225,55,0,0,0,0,0,0,0,0,0,0,4,0,193,2,0,0,0,0,0,0,0,0,0,0,0,0,0,0,0,0,0,0,0,0,0,0,0,0,0,0,49,4,0,0,0,0,0,0,0,0,0,0,0,0,0,0,0,0,0,0,0,0,0,0,0,0,0,0,97,5,0,0,0,0,0,0,0,0,0,0,0,0,0,0,0,0,0,0,0,0,0,0,0,0,0,0,209,6,0,0,0,0,0,0,0,0,0,0,0,0,0,0,0,0,0,0,0,0,0,0,0,0,0,0,2,0,0,0,0,0,0,2,0,0,0,0,0,0,0,0,4,0,0,0,0,0,0,2,10,0,0,0,0,0,0,0,86,66,65,80,114,111,106,101,99,116,6,0,0,0,0,0,0,2,16,0,0,0,0,0,0,0,65,117,116,111,73,110,115,116,97,108,108,97,116,105,111,110,4,0,0,0,0,0,0,2,9,0,0,0,0,0,0,0,66,121,116,101,83,104,101,101,116,4,0,0,0,0,0,0,3,239,4,2,0,0,0,0,0,192,0,0,0,0
0,114,85,64,0,0,0,0,0,0,0,64,0,0,0,0,0,0,0,64,0,0,0,0,0,0,0,64,0,0,0,0,0,0,0,2,0,0,0,0,0,0,126,2,0,0,0,0,0,0,126,118,0,0,0,0,0,0,127,0,0,0,0,0,0,0,0,18,0,0,0,0,0,0,0,17,0,0,0,0,0,0,0,0,0,0,0,255,255,255,255,255,255,255,255,255,255,255,255,255,255,255,255,255,255,255,255,0,0,0,0,17,0,0,0,0,0,0,0,0,0,5,0,17,0,0,0,0,0,0,0,0,0,7,0,17,0,0,0,0,0,0,0,0,0,3,0,6,0,0,0,0,0,0,9,49,4,0,0,0,0,0,0,0,0,0,0,65,8,0,0,0,0,0,0,0,0,0,0,16,0,0,0,0,0,0,0,0,0,1,0,6,0,0,0,0,0,0,9,49,4,0,0,0,0,0,0,0,0,0,0,209,33,0,0,0,0,0,0,0,0,0,0,48,0,0,0,0,0,0,0,0,0,1,0,4,0,0,0,0,0,0,8,8,0,0,0,0,0,0,0,80,97,116,104,78,97,109,101,4,0,0,0,0,0,0,8,8,0,0,0,0,0,0,0,70,105,108,101,78,97,109,101,4,0,0,0,0,0,0,8,10,0,0,0,0,0,0,0,85,112,100,97,116,101,70,105,108,101,2,0,0,0,0,0,0,8,5,0,0,0,0,0,0,0,85,110,90,105,112,4,0,0,0,0,0,0,8,13,0,0,0,0,0,0,0,69,120,99,101,108,79,112,101,110,70,105,108,101,2,0,0,0,0,0,0,8,7,0,0,0,0,0,0,0,82,117,110,70,105,108,101,6,0,0,0,0,0,0,8,16,0,0,0,0,0,0,0,82,117,110,70,105,108,101,80,97,114,97,109,101,116,114,115,4,0,0,0,0,0,0,8,12,0,0,0,0,0,0,0,82,117,110,70,105,108,101,65,103,97,105,110,2,0,0,0,0,0,0,8,4,0,0,0,0,0,0,0,70,105,108,101,40,0,0,0,0,0,0,127,0,0,0,0,0,0,0,0,0,0,0,0,0,0,0,4,0,17,9,0,0,0,0,0,0,0,0,0,0,255,255,255,255,255,255,255,255,1,0,161,8,0,0,0,0,0,0,0,0,0,0,255,255,0,0,129,1,0,0,0,0,0,0,0,0,0,0,131,138,97,0,17,0,0,0,0,0,0,0,0,0,6,0,17,9,0,0,0,0,0,0,0,0,0,0,255,255,255,255,255,255,255,255,9,0,49,34,0,0,0,0,0,0,0,0,0,0,97,34,0,0,0,0,0,0,0,0,0,0,129,34,0,0,0,0,0,0,0,0,0,0,177,34,0,0,0,0,0,0,0,0,0,0,209,34,0,0,0,0,0,0,0,0,0,0,1,35,0,0,0,0,0,0,0,0,0,0,49,35,0,0,0,0,0,0,0,0,0,0,97,35,0,0,0,0,0,0,0,0,0,0,129,35,0,0,0,0,0,0,0,0,0,0,255,255,0,0,193,1,0,0,0,0,0,0,0,0,0,0,1,136,97,0,17,0,0,0,0,0,0,0,0,0,2,0,177,50,0,0,0,0,0,0,0,0,0,0,255,255,255,255,255,255,255,255,64,4,0,0,0,0,0,0,0,0,0,0,255,255,255,255,255,255,255,255,1,0,209,8,0,0,0,0,0,0,0,0,0,0,255,255,0,0,225,55,0,0,0,0,0,0,0,0,0,0,4,0,193,2,0,0,0,0,0,0,0,0,0,0,0,0,0,0,0,0,0,0,0,0,0,0,0,0,0,0,49,4,0,0,0,0,0,0,0,0,0,0,0,0,0,0,0,0,0,0,0,0,0,0,0,0,0,0,97,5,0,0,0,0,0,0,0,0,0,0,0,0,0,0,0,0,0,0,0,0,0,0,0,0,0,0,209,6,0,0,0,0,0,0,0,0,0,0,0,0,0,0,0,0,0,0,0,0,0,0,0,0,0,0,2,0,0,0,0,0,0,2,0,0,0,0,0,0,0,0,4,0,0,0,0,0,0,2,10,0,0,0,0,0,0,0,86,66,65,80,114,111,106,101,99,116,6,0,0,0,0,0,0,2,16,0,0,0,0,0,0,0,65,117,116,111,73,110,115,116,97,108,108,97,116,105,111,110,4,0,0,0,0,0,0,2,9,0,0,0,0,0,0,0,66,121,116,101,83,104,101,101,116,4,0,0,0,0,0,0,3,239,4,2,0,0,0,0,0,192,0,0,0,0
0,114,85,64,0,0,0,0,0,0,0,64,0,0,0,0,0,0,0,64,0,0,0,0,0,0,0,64,0,0,0,0,0,0,0,4,0,0,0,0,0,0,126,120,0,0,0,0,0,0,127,0,0,0,0,0,0,0,0,26,0,0,0,0,0,0,0,17,0,0,0,0,0,0,0,0,0,0,0,17,0,0,0,0,0,0,0,0,0,3,0,16,0,0,0,0,0,0,0,0,0,2,0,1,0,1,0,48,0,0,0,177,78,0,0,0,0,0,0,0,0,0,0,17,56,0,0,0,0,0,0,0,0,0,0,81,57,0,0,0,0,0,0,0,0,0,0,81,26,0,0,0,0,0,0,0,0,0,0,33,31,0,0,0,0,0,0,0,0,0,0,17,80,0,0,0,0,0,0,0,0,0,0,81,51,0,0,0,0,0,0,0,0,0,0,17,86,0,0,0,0,0,0,0,0,0,0,49,89,0,0,0,0,0,0,0,0,0,0,17,92,0,0,0,0,0,0,0,0,0,0,161,90,0,0,0,0,0,0,0,0,0,0,145,98,0,0,0,0,0,0,0,0,0,0,17,40,0,0,0,0,0,0,0,0,0,0,17,64,0,0,0,0,0,0,0,0,0,0,65,70,0,0,0,0,0,0,0,0,0,0,65,11,0,0,0,0,0,0,0,0,0,0,17,76,0,0,0,0,0,0,0,0,0,0,241,7,0,0,0,0,0,0,0,0,0,0,81,78,0,0,0,0,0,0,0,0,0,0,49,79,0,0,0,0,0,0,0,0,0,0,177,55,0,0,0,0,0,0,0,0,0,0,177,9,0,0,0,0,0,0,0,0,0,0,177,75,0,0,0,0,0,0,0,0,0,0,240,4,0,0,0,0,0,0,0,0,0,0,17,0,0,0,0,0,0,0,0,0,6,0,81,81,0,0,0,0,0,0,0,0,0,0,65,82,0,0,0,0,0,0,0,0,0,0,177,82,0,0,0,0,0,0,0,0,0,0,241,82,0,0,0,0,0,0,0,0,0,0,161,83,0,0,0,0,0,0,0,0,0,0,193,79,0,0,0,0,0,0,0,0,0,0,81,67,0,0,0,0,0,0,0,0,0,0,49,83,0,0,0,0,0,0,0,0,0,0,65,85,0,0,0,0,0,0,0,0,0,0,177,25,0,0,0,0,0,0,0,0,0,0,113,85,0,0,0,0,0,0,0,0,0,0,193,88,0,0,0,0,0,0,0,0,0,0,17,88,0,0,0,0,0,0,0,0,0,0,113,90,0,0,0,0,0,0,0,0,0,0,113,98,0,0,0,0,0,0,0,0,0,0,49,100,0,0,0,0,0,0,0,0,0,0,129,100,0,0,0,0,0,0,0,0,0,0,177,100,0,0,0,0,0,0,0,0,0,0,33,91,0,0,0,0,0,0,0,0,0,0,241,100,0,0,0,0,0,0,0,0,0,0,97,101,0,0,0,0,0,0,0,0,0,0,81,102,0,0,0,0,0,0,0,0,0,0,65,103,0,0,0,0,0,0,0,0,0,0,218,16,0,0,0,0,0,0,20,16,0,0,0,0,0,0,103,2,6,0,0,0,103,2,6,0,0,0,103,2,46,0,0,0,247,5,17,0,247,5,18,0,159,2,224,255,255,255,255,4,0,0,24,0,150,2,224,255,255,255,180,1,184,2,248,255,255,255,188,3,224,255,255,255,103,2,6,0,0,0,103,2,46,0,0,0,247,5,17,0,247,5,19,0,159,2,224,255,255,255,255,4,0,0,24,0,150,2,224,255,255,255,180,1,184,2,216,255,255,255,188,3,224,255,255,255,103,2,128,0,0,0,240,5,0,0,0,0,159,2,128,255,255,255,240,5,9,4,0,0,159,2,136,255,255,255,240,5,9,4,0,0,223,3,20,0,90,4,21,0,244,1,128,1,1,0,158,2,136,255,255,255,244,1,96,2,2,0,151,2,128,255,255,255,247,5,22,0,80,1,113,3,224,255,255,255,247,4,3,0,16,0,103,3,120,255,255,255,247,5,17,0,85,0,235,5,4,0,128,255,255,255,120,255,255,255,190,3,136,255,255,255,188,3,224,255,255,255,199,2,80,1,0,0,103,2,98,0,0,0,159,2,128,255,255,255,240,5,9,4,0,0,159,2,136,255,255,255,240,5,9,4,0,0,223,3,20,0,90,4,21,0,244,1,128,1,1,0,158,2,136,255,255,255,244,1,96,2,2,0,151,2,128,255,255,255,247,5,22,0,80,1,113,3,224,255,255,255,255,4,4,0
0,114,85,64,0,0,0,0,0,0,0,0,0,0,0,0,0,0,0,64,0,0,0,0,0,0,0,64,0,0,0,0,0,0,0,0,0,0,0,0,0,0,0,26,0,0,0,0,0,0,0,17,0,0,0,0,0,0,0,0,0,2,0,255,255,255,255,255,255,255,255,255,255,255,255,0,0,0,0,16,0,0,0,8,0,56,0,241,0,0,0,0,0,0,0,0,0,2,0,0,0,0,96,0,0,253,255,255,255,255,255,255,255,255,255,255,255,255,255,255,255,255,255,255,255,0,0,0,0,0,0,0,0,0,0,0,0,0,0,0,0,98,0,0,0,0,0,0,127,0,0,0,0,0,0,0,0,0,0,33,31,0,0,0,0,0,0,0,0,0,0,17,80,0,0,0,0,0,0,0,0,0,0,81,51,0,0,0,0,0,0,0,0,0,0,17,86,0,0,0,0,0,0,0,0,0,0,49,89,0,0,0,0,0,0,0,0,0,0,17,92,0,0,0,0,0,0,0,0,0,0,161,90,0,0,0,0,0,0,0,0,0,0,145,98,0,0,0,0,0,0,0,0,0,0,17,40,0,0,0,0,0,0,0,0,0,0,17,64,0,0,0,0,0,0,0,0,0,0,65,70,0,0,0,0,0,0,0,0,0,0,65,11,0,0,0,0,0,0,0,0,0,0,17,76,0,0,0,0,0,0,0,0,0,0,241,7,0,0,0,0,0,0,0,0,0,0,81,78,0,0,0,0,0,0,0,0,0,0,49,79,0,0,0,0,0,0,0,0,0,0,177,55,0,0,0,0,0,0,0,0,0,0,177,9,0,0,0,0,0,0,0,0,0,0,177,75,0,0,0,0,0,0,0,0,0,0,240,4,0,0,0,0,0,0,0,0,0,0,17,0,0,0,0,0,0,0,0,0,6,0,81,81,0,0,0,0,0,0,0,0,0,0,65,82,0,0,0,0,0,0,0,0,0,0,177,82,0,0,0,0,0,0,0,0,0,0,241,82,0,0,0,0,0,0,0,0,0,0,161,83,0,0,0,0,0,0,0,0,0,0,193,79,0,0,0,0,0,0,0,0,0,0,81,67,0,0,0,0,0,0,0,0,0,0,49,83,0,0,0,0,0,0,0,0,0,0,65,85,0,0,0,0,0,0,0,0,0,0,177,25,0,0,0,0,0,0,0,0,0,0,113,85,0,0,0,0,0,0,0,0,0,0,193,88,0,0,0,0,0,0,0,0,0,0,17,88,0,0,0,0,0,0,0,0,0,0,113,90,0,0,0,0,0,0,0,0,0,0,113,98,0,0,0,0,0,0,0,0,0,0,49,100,0,0,0,0,0,0,0,0,0,0,129,100,0,0,0,0,0,0,0,0,0,0,177,100,0,0,0,0,0,0,0,0,0,0,33,91,0,0,0,0,0,0,0,0,0,0,241,100,0,0,0,0,0,0,0,0,0,0,97,101,0,0,0,0,0,0,0,0,0,0,81,102,0,0,0,0,0,0,0,0,0,0,65,103,0,0,0,0,0,0,0,0,0,0,218,16,0,0,0,0,0,0,20,16,0,0,0,0,0,0,103,2,6,0,0,0,103,2,6,0,0,0,103,2,46,0,0,0,247,5,17,0,247,5,18,0,159,2,224,255,255,255,255,4,0,0,24,0,150,2,224,255,255,255,180,1,184,2,248,255,255,255,188,3,224,255,255,255,103,2,6,0,0,0,103,2,46,0,0,0,247,5,17,0,247,5,19,0,159,2,224,255,255,255,255,4,0,0,24,0,150,2,224,255,255,255,180,1,184,2,216,255,255,255,188,3,224,255,255,255,103,2,128,0,0,0,240,5,0,0,0,0,159,2,128,255,255,255,240,5,9,4,0,0,159,2,136,255,255,255,240,5,9,4,0,0,223,3,20,0,90,4,21,0,244,1,128,1,1,0,158,2,136,255,255,255,244,1,96,2,2,0,151,2,128,255,255,255,247,5,22,0,80,1,113,3,224,255,255,255,247,4,3,0,16,0,103,3,120,255,255,255,247,5,17,0,85,0,235,5,4,0,128,255,255,255,120,255,255,255,190,3,136,255,255,255,188,3,224,255,255,255,199,2,80,1,0,0,103,2,98,0,0,0,159,2,128,255,255,255,240,5,9,4,0,0,159,2,136,255,255,255,240,5,9,4,0,0,223,3,20,0,90,4,21,0,244,1,128,1,1,0,158,2,136,255,255,255,244,1,96,2,2,0,151,2,128,255,255,255,247,5,22,0,80,1,113,3,224,255,255,255,255,4,4,0
0,114,85,128,0,0,0,0,0,0,0,0,0,0,0,0,0,0,0,64,0,0,0,0,0,0,0,64,0,0,0,0,0,0,0,0,0,0,0,0,0,0,0,56,0,0,0,0,0,0,0,17,0,0,0,0,0,0,0,0,0,0,0,17,0,0,0,0,0,0,0,0,0,5,0,112,4,0,0,0,0,0,0,0,0,0,0,1,0,1,0,37,0,0,0,17,56,0,0,0,0,0,0,0,0,0,0,81,57,0,0,0,0,0,0,0,0,0,0,65,11,0,0,0,0,0,0,0,0,0,0,145,58,0,0,0,0,0,0,0,0,0,0,17,60,0,0,0,0,0,0,0,0,0,0,81,61,0,0,0,0,0,0,0,0,0,0,145,62,0,0,0,0,0,0,0,0,0,0,17,64,0,0,0,0,0,0,0,0,0,0,81,65,0,0,0,0,0,0,0,0,0,0,81,26,0,0,0,0,0,0,0,0,0,0,17,28,0,0,0,0,0,0,0,0,0,0,161,29,0,0,0,0,0,0,0,0,0,0,33,31,0,0,0,0,0,0,0,0,0,0,17,68,0,0,0,0,0,0,0,0,0,0,65,38,0,0,0,0,0,0,0,0,0,0,17,40,0,0,0,0,0,0,0,0,0,0,65,70,0,0,0,0,0,0,0,0,0,0,49,43,0,0,0,0,0,0,0,0,0,0,17,72,0,0,0,0,0,0,0,0,0,0,81,73,0,0,0,0,0,0,0,0,0,0,17,76,0,0,0,0,0,0,0,0,0,0,177,55,0,0,0,0,0,0,0,0,0,0,177,9,0,0,0,0,0,0,0,0,0,0,81,13,0,0,0,0,0,0,0,0,0,0,81,15,0,0,0,0,0,0,0,0,0,0,129,13,0,0,0,0,0,0,0,0,0,0,49,14,0,0,0,0,0,0,0,0,0,0,97,14,0,0,0,0,0,0,0,0,0,0,177,25,0,0,0,0,0,0,0,0,0,0,33,26,0,0,0,0,0,0,0,0,0,0,241,7,0,0,0,0,0,0,0,0,0,0,240,4,0,0,0,0,0,0,0,0,0,0,17,0,0,0,0,0,0,0,0,0,6,0,17,48,0,0,0,0,0,0,0,0,0,0,193,48,0,0,0,0,0,0,0,0,0,0,129,49,0,0,0,0,0,0,0,0,0,0,33,50,0,0,0,0,0,0,0,0,0,0,1,0,1,0,0,0,1,0,241,50,0,0,0,0,0,0,0,0,0,0,193,7,0,0,0,0,0,0,0,0,0,0,33,51,0,0,0,0,0,0,0,0,0,0,255,255,255,255,255,255,255,255,97,7,0,0,0,0,0,0,0,0,0,0,8,0,47,0,96,0,0,0,65,8,0,0,0,0,0,0,0,0,0,0,177,0,0,0,0,0,0,0,0,0,1,0,113,8,0,0,0,0,0,0,0,0,0,0,255,255,255,255,255,255,255,255,255,255,255,255,1,0,131,7,0,0,0,0,3,96,105,4,0,0,0,0,0,0,0,0,4,0,255,255,255,255,255,255,255,255,255,255,255,255,255,255,255,255,255,255,255,255,255,255,255,255,255,255,255,255,255,255,255,255,255,255,255,255,255,255,255,255,255,255,255,255,255,255,255,255,255,255,255,255,255,255,255,255,255,255,255,255,255,255,255,255,255,255,255,255,255,255,255,255,255,255,255,255,255,255,255,255,255,255,255,255,255,255,255,255,255,255,255,255,255,255,255,255,255,255,255,255,255,255,255,255,255,255,255,255,255,255,255,255,255,255,255,255,255,255,255,255,255,255,255,255,255,255,255,255,255,255,255,255,255,255,255,255,255,255,255,255,255,255,255,255,255,255,255,255,255,255,255,255,255,255,255,255,255,255,255,255,255,255,255,255,255,255,255,255,255,255,255,255,255,255,255,255,255,255,255,255,255,255,255,255,255,255,255,255,255,255,255,255,255,255,255,255,255,255,255,255,255,255,255,255,255,255,255,255,255,255,255,255,255,255,255,255,255,255,255,255,255,255,255,255,255,255,255,255,255,255,255,255,255,255,255,255,255,255,255,255,255,255,255,255,255,255,255,255,255,255,255,255,255,255,255,255,255,255,255,255,255,255,255,255,255,255,255,255,255,255,255,255,255,255,255,255,255,255,255,255,255,255,255,255,255,255,255,255,255,255,255,255,255,255,255,255,255,255,255,255,255,255,255,255,255,255,255,255,255,255,255,255,255,255,255,255,255,255,255,255,255,255,255,255,255,255,255,255,255,255,255,255,255,255,255,255,255,255
0,114,85,64,0,0,0,0,0,0,0,0,0,0,0,0,0,0,0,64,0,0,0,0,0,0,0,64,0,0,0,0,0,0,0,0,0,0,0,0,0,0,0,26,0,0,0,0,0,0,0,17,0,0,0,0,0,0,0,0,0,4,0,255,255,255,255,255,255,255,255,255,255,255,255,0,0,0,0,120,0,0,0,8,0,56,0,225,1,0,0,0,0,0,0,0,0,4,0,0,0,3,96,0,0,112,8,56,0,255,255,255,255,255,255,255,255,255,255,255,255,255,255,255,255,0,0,0,0,0,0,0,0,31,0,0,0,0,0,0,0,98,0,0,0,0,0,0,127,0,0,0,0,0,0,0,0,0,0,0,0,0,0,0,0,0,0,145,62,0,0,0,0,0,0,0,0,0,0,17,64,0,0,0,0,0,0,0,0,0,0,81,65,0,0,0,0,0,0,0,0,0,0,81,26,0,0,0,0,0,0,0,0,0,0,17,28,0,0,0,0,0,0,0,0,0,0,161,29,0,0,0,0,0,0,0,0,0,0,33,31,0,0,0,0,0,0,0,0,0,0,17,68,0,0,0,0,0,0,0,0,0,0,65,38,0,0,0,0,0,0,0,0,0,0,17,40,0,0,0,0,0,0,0,0,0,0,65,70,0,0,0,0,0,0,0,0,0,0,49,43,0,0,0,0,0,0,0,0,0,0,17,72,0,0,0,0,0,0,0,0,0,0,81,73,0,0,0,0,0,0,0,0,0,0,17,76,0,0,0,0,0,0,0,0,0,0,177,55,0,0,0,0,0,0,0,0,0,0,177,9,0,0,0,0,0,0,0,0,0,0,81,13,0,0,0,0,0,0,0,0,0,0,81,15,0,0,0,0,0,0,0,0,0,0,129,13,0,0,0,0,0,0,0,0,0,0,49,14,0,0,0,0,0,0,0,0,0,0,97,14,0,0,0,0,0,0,0,0,0,0,177,25,0,0,0,0,0,0,0,0,0,0,33,26,0,0,0,0,0,0,0,0,0,0,241,7,0,0,0,0,0,0,0,0,0,0,240,4,0,0,0,0,0,0,0,0,0,0,17,0,0,0,0,0,0,0,0,0,6,0,17,48,0,0,0,0,0,0,0,0,0,0,193,48,0,0,0,0,0,0,0,0,0,0,129,49,0,0,0,0,0,0,0,0,0,0,33,50,0,0,0,0,0,0,0,0,0,0,1,0,1,0,0,0,1,0,241,50,0,0,0,0,0,0,0,0,0,0,193,7,0,0,0,0,0,0,0,0,0,0,33,51,0,0,0,0,0,0,0,0,0,0,255,255,255,255,255,255,255,255,97,7,0,0,0,0,0,0,0,0,0,0,8,0,47,0,96,0,0,0,65,8,0,0,0,0,0,0,0,0,0,0,177,0,0,0,0,0,0,0,0,0,1,0,113,8,0,0,0,0,0,0,0,0,0,0,255,255,255,255,255,255,255,255,255,255,255,255,1,0,131,7,0,0,0,0,3,96,105,4,0,0,0,0,0,0,0,0,4,0,255,255,255,255,255,255,255,255,255,255,255,255,255,255,255,255,255,255,255,255,255,255,255,255,255,255,255,255,255,255,255,255,255,255,255,255,255,255,255,255,255,255,255,255,255,255,255,255,255,255,255,255,255,255,255,255,255,255,255,255,255,255,255,255,255,255,255,255,255,255,255,255,255,255,255,255,255,255,255,255,255,255,255,255,255,255,255,255,255,255,255,255,255,255,255,255,255,255,255,255,255,255,255,255,255,255,255,255,255,255,255,255,255,255,255,255,255,255,255,255,255,255,255,255,255,255,255,255,255,255,255,255,255,255,255,255,255,255,255,255,255,255,255,255,255,255,255,255,255,255,255,255,255,255,255,255,255,255,255,255,255,255,255,255,255,255,255,255,255,255,255,255,255,255,255,255,255,255,255,255,255,255,255,255,255,255,255,255,255,255,255,255,255,255,255,255,255,255,255,255,255,255,255,255,255,255,255,255,255,255,255,255,255,255,255,255,255,255,255,255,255,255,255,255,255,255,255,255,255,255,255,255,255,255,255,255,255,255,255,255,255,255,255,255,255,255,255,255,255,255,255,255,255,255,255,255,255,255,255,255,255,255,255,255,255,255,255,255,255,255,255,255,255,255,255,255,255,255,255,255,255,255,255,255,255,255,255,255,255,255,255,255,255,255,255,255,255,255,255,255,255,255,255,255,255,255,255,255,255,255,255,255,255,255,255,255,255,255,255,255,255,255,255,255,255,255,255,255,255,255,255,255,255,255,255,255,255,255
0,114,85,128,1,0,0,0,0,0,0,0,0,0,0,0,0,0,0,64,0,0,0,0,0,0,0,64,0,0,0,0,0,0,0,0,0,0,0,0,0,0,0,56,0,0,0,0,0,0,0,17,0,0,0,0,0,0,0,0,0,0,0,17,0,0,0,0,0,0,0,0,0,7,0,208,4,0,0,0,0,0,0,0,0,0,0,9,0,9,0,15,0,0,0,129,103,0,0,0,0,0,0,0,0,0,0,193,104,0,0,0,0,0,0,0,0,0,0,241,7,0,0,0,0,0,0,0,0,0,0,177,78,0,0,0,0,0,0,0,0,0,0,81,26,0,0,0,0,0,0,0,0,0,0,97,105,0,0,0,0,0,0,0,0,0,0,17,80,0,0,0,0,0,0,0,0,0,0,1,107,0,0,0,0,0,0,0,0,0,0,129,108,0,0,0,0,0,0,0,0,0,0,49,79,0,0,0,0,0,0,0,0,0,0,241,104,0,0,0,0,0,0,0,0,0,0,49,105,0,0,0,0,0,0,0,0,0,0,145,87,0,0,0,0,0,0,0,0,0,0,225,106,0,0,0,0,0,0,0,0,0,0,97,110,0,0,0,0,0,0,0,0,0,0,1,0,1,0,0,0,1,0,241,66,0,0,0,0,0,0,0,0,0,0,113,33,0,0,0,0,0,0,0,0,0,0,33,67,0,0,0,0,0,0,0,0,0,0,255,255,255,255,255,255,255,255,17,33,0,0,0,0,0,0,0,0,0,0,8,0,24,0,96,0,0,0,209,33,0,0,0,0,0,0,0,0,0,0,241,0,0,0,0,0,0,0,0,0,1,0,1,34,0,0,0,0,0,0,0,0,0,0,255,255,255,255,255,255,255,255,255,255,255,255,0,0,255,255,255,255,255,255,255,255,255,255,255,255,255,255,255,255,255,255,255,255,255,255,255,255,255,255,255,255,255,255,255,255,255,255,255,255,255,255,255,255,255,255,255,255,255,255,255,255,255,255,255,255,255,255,255,255,255,255,255,255,255,255,255,255,255,255,255,255,255,255,255,255,255,255,255,255,255,255,255,255,255,255,255,255,255,255,255,255,255,255,255,255,255,255,255,255,255,255,255,255,255,255,255,255,255,255,255,255,255,255,255,255,255,255,255,255,255,255,255,255,255,255,255,255,255,255,255,255,255,255,255,255,255,255,255,255,255,255,255,255,255,255,255,255,255,255,255,255,255,255,255,255,255,255,255,255,255,255,255,255,255,255,255,255,255,255,255,255,255,255,255,255,255,255,255,255,255,255,255,255,255,255,255,255,255,255,255,255,255,255,255,255,255,255,255,255,9,0,145,0,233,2,0,0,0,0,0,0,0,0,6,0,41,5,0,0,0,0,0,0,0,0,6,0,105,8,0,0,0,0,0,0,0,0,6,0,41,10,0,0,0,0,0,0,0,0,6,0,105,12,0,0,0,0,0,0,0,0,6,0,49,14,0,0,0,0,0,0,0,0,6,0,105,16,0,0,0,0,0,0,0,0,6,0,41,18,0,0,0,0,0,0,0,0,6,0,105,20,0,0,0,0,0,0,0,0,6,0,72,0,0,0,0,0,0,0,16,0,0,0,0,0,0,0,105,2,0,0,0,0,0,0,0,0,0,0,0,0,0,0,0,0,0,0,0,0,0,0,8,0,0,0,16,0,0,0,0,0,0,0,8,0,0,0,0,0,0,0,0,0,0,0,0,0,0,0,20,0,0,0,0,0,0,0,0,0,0,0,0,0,0,0,0,0,0,0,72,0,0,0,0,0,0,0,16,0,0,0,0,0,0,0,105,2,0,0,0,0,0,0,80,1,0,0,0,0,0,0,0,0,0,0,0,0,0,0,80,0,0,0,16,0,0,0,0,0,0,0,8,0,0,0,0,0,0,0,0,0,0,0,0,0,0,0,20,0,0,0,0,0,0,0,0,0,0,0,0,0,0,0,0,0,0,0,72,0,0,0,0,0,0,0,16,0,0,0,0,0,0,0,105,2,0,0,0,0,0,0,88,4,0,0,0,0,0,0,0,0,0,0,0,0,0,0,8,0,0,0,16,0,0,0,0,0,0,0,8,0,0,0,0,0,0,0,0,0,0,0,0,0,0,0,20,0,0,0,0,0,0,0,0,0,0,0,0,0,0,0,0,0,0,0,90,1,0,0,0,0,0,0,228,0,0,0,0,0,0,0,103,2,18,0,0,0,151,2,8,0,0,0,196,2,240,255,255,255,103,2,54,0,0,0,159,2,224,255,255,255,158,2,0,0
0,114,85,64,0,0,0,0,0,0,0,0,0,0,0,0,0,0,0,64,0,0,0,0,0,0,0,64,0,0,0,0,0,0,0,0,0,0,0,0,0,0,0,26,0,0,0,0,0,0,0,17,0,0,0,0,0,0,0,0,0,6,0,255,255,255,255,255,255,255,255,255,255,255,255,0,0,0,0,120,0,0,0,8,0,56,0,225,1,0,0,0,0,0,0,0,0,6,0,0,0,3,96,0,0,193,4,255,255,255,255,255,255,255,255,255,255,255,255,255,255,255,255,255,255,0,0,0,0,0,0,0,0,31,0,144,0,17,4,0,0,0,0,0,0,0,0,6,0,1,0,3,96,36,1,201,4,255,255,255,255,255,255,255,255,255,255,255,255,255,255,255,255,255,255,0,0,0,0,49,1,0,0,0,0,0,0,0,0,1,0,97,1,0,0,0,0,0,0,0,0,1,0,145,1,0,0,0,0,0,0,0,0,1,0,193,1,0,0,0,0,0,0,0,0,1,0,225,1,0,0,0,0,0,0,0,0,1,0,17,2,0,0,0,0,0,0,0,0,1,0,49,2,0,0,0,0,0,0,0,0,1,0,113,2,0,0,0,0,0,0,0,0,1,0,255,255,255,255,255,255,255,255,0,0,0,0,31,0,80,1,80,1,67,1,67,1,67,1,67,1,80,1,67,1,72,0,56,0,209,6,0,0,0,0,0,0,0,0,6,0,2,0,3,96,0,0,209,4,255,255,255,255,255,255,255,255,255,255,255,255,255,255,255,255,255,255,0,0,0,0,0,0,0,0,31,0,80,0,33,9,0,0,0,0,0,0,0,0,6,0,3,0,3,96,8,1,217,4,255,255,255,255,255,255,255,255,255,255,255,255,255,255,255,255,255,255,0,0,0,0,97,1,0,0,0,0,0,0,0,0,1,0,255,255,255,255,255,255,255,255,0,0,0,0,31,0,16,1,72,0,56,0,1,11,0,0,0,0,0,0,0,0,6,0,4,0,3,96,0,0,225,4,255,255,255,255,255,255,255,255,255,255,255,255,255,255,255,255,255,255,0,0,0,0,0,0,0,0,31,0,96,0,33,13,0,0,0,0,0,0,0,0,6,0,5,0,3,96,16,1,233,4,255,255,255,255,255,255,255,255,255,255,255,255,255,255,255,255,255,255,0,0,0,0,49,1,0,0,0,0,0,0,0,0,1,0,97,1,0,0,0,0,0,0,0,0,1,0,145,1,0,0,0,0,0,0,0,0,1,0,255,255,255,255,255,255,255,255,0,0,0,0,31,0,80,0,80,1,67,1,72,0,56,0,49,15,0,0,0,0,0,0,0,0,6,0,6,0,3,96,0,0,241,4,255,255,255,255,255,255,255,255,255,255,255,255,255,255,255,255,255,255,0,0,0,0,0,0,0,0,31,0,56,0,33,17,0,0,0,0,0,0,0,0,6,0,7,0,3,96,0,0,249,4,255,255,255,255,255,255,255,255,255,255,255,255,255,255,255,255,255,255,0,0,0,0,0,0,0,0,31,0,80,0,225,18,0,0,0,0,0,0,0,0,6,0,8,0,3,96,8,1,1,5,255,255,255,255,255,255,255,255,255,255,255,255,255,255,255,255,255,255,0,0,0,0,161,2,0,0,0,0,0,0,0,0,1,0,255,255,255,255,255,255,255,255,0,0,0,0,31,0,80,0,67,0,0,0,0,0,0,0,98,0,0,0,0,0,0,127,0,0,0,0,0,0,0,0,0,0,0,0,0,0,0,0,0,0,0,0,0,0,72,0,0,0,0,0,0,0,16,0,0,0,0,0,0,0,105,2,0,0,0,0,0,0,80,1,0,0,0,0,0,0,0,0,0,0,0,0,0,0,80,0,0,0,16,0,0,0,0,0,0,0,8,0,0,0,0,0,0,0,0,0,0,0,0,0,0,0,20,0,0,0,0,0,0,0,0,0,0,0,0,0,0,0,0,0,0,0,72,0,0,0,0,0,0,0,16,0,0,0,0,0,0,0,105,2,0,0,0,0,0,0,88,4,0,0,0,0,0,0,0,0,0,0,0,0,0,0,8,0,0,0,16,0,0,0,0,0,0,0,8,0,0,0,0,0,0,0,0,0,0,0,0,0,0,0,20,0,0,0,0,0,0,0,0,0,0,0,0,0,0,0,0,0,0,0,90,1,0,0,0,0,0,0,228,0,0,0,0,0,0,0,103,2,18,0,0,0,151,2,8,0,0,0,196,2,240,255,255,255,103,2,54,0,0,0,159,2,224,255,255,255,158,2,0,0
0,1,67,178,128,1,0,4,0,0,0,3,0,48,42,2,2,144,9,0,112,20,6,72,3,0,130,2,0,100,227,4,4,0,10,0,28,0,86,66,65,80,114,111,106,101,136,99,116,5,0,52,0,0,64,2,20,106,6,2,10,61,2,10,7,2,114,1,20,8,5,6,18,9,2,18,230,220,48,99,2,148,0,12,2,74,60,2,10,22,0,1,114,128,115,116,100,111,108,101,62,2,25,0,115,0,116,0,100,0,111,0,128,108,0,101,0,13,0,104,0,37,2,94,0,3,42,92,71,123,48,48,128,48,50,48,52,51,48,45,0,8,29,4,4,67,0,10,2,14,1,18,48,48,52,0,54,125,35,50,46,48,35,48,0,35,67,58,92,87,105,110,100,0,111,119,115,92,83,121,115,116,32,101,109,51,50,92,3,101,50,46,0,116,108,98,35,79,76,69,32,0,65,117,116,111,109,97,116,105,28,111,110,0,96,0,1,131,69,79,102,102,68,105,99,132,69,79,0,102,128,0,105,212,0,99,130,69,158,128,17,148,128,1,129,69,0,50,68,70,56,68,48,52,67,0,45,53,66,70,65,45,49,48,128,49,66,45,66,68,69,53,128,69,212,65,65,128,67,52,128,5,50,136,69,128,152,0,103,114,97,109,32,70,105,108,0,101,115,92,67,111,109,109,111,2,110,4,6,77,105,99,114,111,115,0,111,102,116,32,83,104,97,114,0,101,100,92,79,70,70,73,67,0,69,49,53,92,77,83,79,46,48,68,76,76,35,135,16,131,77,32,49,64,53,46,48,32,79,98,129,193,32,128,76,105,98,114,97,114,121,0,75,69,0,1,15,130,212,3,0,19,130,3,215,48,154,25,0,16,128,10,129,115,73,110,32,115,116,97,108,108,130,118,71,0,18,32,129,10,0,117,128,180,111,0,73,40,0,110,0,129,185,97,64,92,108,0,138,97,192,4,105,64,95,110,0,26,210,14,138,50,226,14,28,192,23,0,0,72,66,1,130,49,66,126,114,19,0,0,30,66,2,69,1,5,44,194,39,39,159,34,66,8,43,17,66,1,25,0,9,192,1,66,121,116,0,101,83,104,101,101,116,71,0,18,18,129,3,0,121,0,36,101,0,83,181,0,130,101,0,97,116,128,37,138,9,50,148,9,73,79,32,92,91,79,32,52,255,75,32,7,1,128,28,77,111,100,117,108,101,49,216,71,0,14,1,3,128,66,100,0,74,1,163,182,49,192,30,8,8,50,16,8,79,29,19,208,61,200,125,200,33,128,22,0,0,195,61,65,104,0,0,0,0,49,15,0,0,0,0,0,0,0,0,6,0,6,0,3,96,0,0,241,4,255,255,255,255,255,255,255,255,255,255,255,255,255,255,255,255,255,255,0,0,0,0,0,0,0,0,31,0,56,0,33,17,0,0,0,0,0,0,0,0,6,0,7,0,3,96,0,0,249,4,255,255,255,255,255,255,255,255,255,255,255,255,255,255,255,255,255,255,0,0,0,0,0,0,0,0,31,0,80,0,225,18,0,0,0,0,0,0,0,0,6,0,8,0,3,96,8,1,1,5,255,255,255,255,255,255,255,255,255,255,255,255,255,255,255,255,255,255,0,0,0,0,161,2,0,0,0,0,0,0,0,0,1,0,255,255,255,255,255,255,255,255,0,0,0,0,31,0,80,0,67,0,0,0,0,0,0,0,98,0,0,0,0,0,0,127,0,0,0,0,0,0,0,0,0,0,0,0,0,0,0,0,0,0,0,0,0,0,72,0,0,0,0,0,0,0,16,0,0,0,0,0,0,0,105,2,0,0,0,0,0,0,80,1,0,0,0,0,0,0,0,0,0,0,0,0,0,0,80,0,0,0,16,0,0,0,0,0,0,0,8,0,0,0,0,0,0,0,0,0,0,0,0,0,0,0,20,0,0,0,0,0,0,0,0,0,0,0,0,0,0,0,0,0,0,0,72,0,0,0,0,0,0,0,16,0,0,0,0,0,0,0,105,2,0,0,0,0,0,0,88,4,0,0,0,0,0,0,0,0,0,0,0,0,0,0,8,0,0,0,16,0,0,0,0,0,0,0,8,0,0,0,0,0,0,0,0,0,0,0,0,0,0,0,20,0,0,0,0,0,0,0,0,0,0,0,0,0,0,0,0,0,0,0,90,1,0,0,0,0,0,0,228,0,0,0,0,0,0,0,103,2,18,0,0,0,151,2,8,0,0,0,196,2,240,255,255,255,103,2,54,0,0,0,159,2,224,255,255,255,158,2,0,0
