0,1,0,254,255,3,10,0,0,255,255,255,255,6,9,2,0,0,0,0,0,192,0,0,0,0,0,0,70,24,0,0,0,77,105,99,114,111,115,111,102,116,32,87,111,114,100,32,68,111,99,117,109,101,110,116,0,10,0,0,0,77,83,87,111,114,100,68,111,99,0,16,0,0,0,87,111,114,100,46,68,111,99,117,109,101,110,116,46,56,0,244,57,178,113,0,0,0,0,0,0,0,0,0,0,0,0,,,,,,,,,,,,,,,,,,,,,,,,,,,,,,,,,,,,,,,,,,,,,,,,,,,,,,,,,,,,,,,,,,,,,,,,,,,,,,,,,,,,,,,,,,,,,,,,,,,,,,,,,,,,,,,,,,,,,,,,,,,,,,,,,,,,,,,,,,,,,,,,,,,,,,,,,,,,,,,,,,,,,,,,,,,,,,,,,,,,,,,,,,,,,,,,,,,,,,,,,,,,,,,,,,,,,,,,,,,,,,,,,,,,,,,,,,,,,,,,,,,,,,,,,,,,,,,,,,,,,,,,,,,,,,,,,,,,,,,,,,,,,,,,,,,,,,,,,,,,,,,,,,,,,,,,,,,,,,,,,,,,,,,,,,,,,,,,,,,,,,,,,,,,,,,,,,,,,,,,,,,,,,,,,,,,,,,,,,,,,,,,,,,,,,,,,,,,,,,,,,,,,,,,,,,,,,,,,,,,,,,,,,,,,,,,,,,,,,,,,,,,,,,,,,,,,,,,,,,,,,,,,,,,,,,,,,,,,,,,,,,,,,,,,,,,,,,,,,,,,,,,,,,,,,,,,,,,,,,,,,,,,,,,,,,,,,,,,,,,,,,,,,,,,,,,,,,,,,,,,,,,,,,,,,,,,,,,,,,,,,,,,,,,,,,,,,,,,,,,,,,,,,,,,,,,,,,,,,,,,,,,,,,,,,,,,,,,,,,,,,,,,,,,,,,,,,,,,,,,,,,,,,,,,,,,,,,,,,,,,,,,,,,,,,,,,,,,,,,,,,,,,,,,,,,,,,,,,,,,,,,,,,,,,,,,,,,,,,,,,,,,,,,,,,,,,,,,,,,,,,,,,,,,,,,,,,,,,,,,,,,,,,,,,,,,,,,,,,,,,,,,,,,,,,,,,,,,,,,,,,,,,,,,,,,,,,,,,,,,,,,,,,,,,,,,,,,,,,,,,,,,,,,,,,,,,,,,,,,,,,,,,,,,,,,,,,,,,,,,,,,,,,,,,,,,
0,254,255,0,0,4,0,2,0,0,0,0,0,0,0,0,0,0,0,0,0,0,0,0,0,2,0,0,0,2,213,205,213,156,46,27,16,147,151,8,0,43,44,249,174,68,0,0,0,5,213,205,213,156,46,27,16,147,151,8,0,43,44,249,174,60,1,0,0,248,0,0,0,12,0,0,0,1,0,0,0,104,0,0,0,15,0,0,0,112,0,0,0,5,0,0,0,132,0,0,0,6,0,0,0,140,0,0,0,17,0,0,0,148,0,0,0,23,0,0,0,156,0,0,0,11,0,0,0,164,0,0,0,16,0,0,0,172,0,0,0,19,0,0,0,180,0,0,0,22,0,0,0,188,0,0,0,13,0,0,0,196,0,0,0,12,0,0,0,217,0,0,0,2,0,0,0,228,4,0,0,30,0,0,0,11,0,0,0,86,73,82,85,83,32,82,79,79,77,0,112,3,0,0,0,10,0,0,0,3,0,0,0,2,0,0,0,3,0,0,0,240,5,0,0,3,0,0,0,179,13,8,0,11,0,0,0,0,0,0,0,11,0,0,0,0,0,0,0,11,0,0,0,0,0,0,0,11,0,0,0,0,0,0,0,30,16,0,0,1,0,0,0,9,0,0,0,101,112,102,111,114,109,49,48,0,12,16,0,0,2,0,0,0,30,0,0,0,6,0,0,0,84,105,116,108,101,0,3,0,0,0,1,0,0,0,0,152,0,0,0,3,0,0,0,0,0,0,0,32,0,0,0,1,0,0,0,54,0,0,0,2,0,0,0,62,0,0,0,1,0,0,0,2,0,0,0,10,0,0,0,95,80,73,68,95,71,85,73,68,0,2,0,0,0,228,4,0,0,65,0,0,0,78,0,0,0,123,0,65,0,49,0,48,0,51,0,70,0,50,0,52,0,48,0,45,0,50,0,70,0,52,0,69,0,45,0,49,0,49,0,68,0,49,0,45,0,66,0,69,0,67,0,55,0,45,0,70,0,55,0,51,0,69,0,68,0,56,0,50,0,57,0,51,0,50,0,51,0,55,0,125,0,0,0,0,0,0,0,246,246,246,246,246,246,246,246,246,246,246,246,246,246,246,246,246,246,246,246,246,246,246,246,246,246,246,246,246,246,246,246,246,246,246,246,246,246,246,246,246,246,246,246,246,246,246,246,246,246,246,246,246,246,246,246,246,246,246,246,246,246,246,246,246,246,246,246,246,246,246,246,246,246,246,246,246,246,246,246,246,246,246,246,246,246,246,246,246,246,246,246,246,246,246,246,246,246,246,246,246,246,246,246,246,246,246,246,246,246,246,246,246,246,246,246,246,246,246,246,246,246,246,246,246,246,246,246,246,246,246,246,246,246,246,246,246,246,246,246,246,246,246,246,246,246,246,246,246,246,246,246,246,246,246,246,246,246,246,246,246,246,246,246,246,246,246,246,246,246,246,246,246,246,246,246,246,246,246,246,246,246,246,246,246,246,246,246,246,246,246,246,246,246,246,246,246,246,246,246,246,246,246,246,246,246,246,246,246,246,246,246,246,246,246,246,246,246,246,246,246,246,246,246,246,246,246,246,246,246,246,246,246,246,246,246,246,246,246,246,246,246,246,246,246,246,246,246,246,246,246,246,246,246,246,246,246,246,246,246,246,246,246,246,246,246,246,246,246,246,246,246,246,246,246,246,246,246,246,246,246,246,246,246,246,246,246,246,246,246,246,246,246,246,246,246,246,246,246,246,246,246,246,246,246,246,246,246,246,246,246,246,246,246,246,246,246,246,246,246,246,246,246,246,246,246,246,246,246,246,246,246,246,246,246,246,246,246,246,246,246,246,246,246,246,246,246,246,246,246,246,246,246,246,246,246,246,246,246,246,246,246,246,246,246,246,246,246,246,246,246,246,246,246,246,246,246,246,246,246,246,246,246,246,246,246,246,246,246,246,246,246,246,246,246,246,246,246,246,246,246,246,246,246,246,246,246,246,246,246,246,246,246,246,246,246,246,246,246,246,246,246,246,246,246,246,246,246,246,246,246,246,246,246,246,246,246,246,246,246,246,246,246,246,246,246,246,246,246,246,246,246,246,246,246,246,246,246,246,246,246,246,246,246,246,246,246,246,246,246,246,246,246,246,246,246,246,246,246,246,246,246,246,246,246,246,246,246,246,246,246,246,246,246,246,246,246,246,246,246,246,246,246,246,246,246,246,246,246,246,246,246,246,246,246,246,246,246,246,246,246,246,246,246,246,246,246,246,246,246,246,246,246,246,246,246,246,246,246,246,246,246,246,246,246,246,246,246,246,246
0,254,255,0,0,4,0,2,0,0,0,0,0,0,0,0,0,0,0,0,0,0,0,0,0,1,0,0,0,224,133,159,242,249,79,104,16,171,145,8,0,43,39,179,217,48,0,0,0,132,1,0,0,17,0,0,0,1,0,0,0,144,0,0,0,2,0,0,0,152,0,0,0,3,0,0,0,172,0,0,0,4,0,0,0,184,0,0,0,5,0,0,0,216,0,0,0,7,0,0,0,228,0,0,0,8,0,0,0,248,0,0,0,9,0,0,0,12,1,0,0,18,0,0,0,24,1,0,0,10,0,0,0,52,1,0,0,11,0,0,0,64,1,0,0,12,0,0,0,76,1,0,0,13,0,0,0,88,1,0,0,14,0,0,0,100,1,0,0,15,0,0,0,108,1,0,0,16,0,0,0,116,1,0,0,19,0,0,0,124,1,0,0,2,0,0,0,228,4,0,0,30,0,0,0,9,0,0,0,101,112,102,111,114,109,49,48,0,0,32,0,30,0,0,0,1,0,0,0,0,112,102,111,30,0,0,0,22,0,0,0,77,105,99,114,111,115,111,102,116,32,67,111,114,112,111,114,97,116,105,111,110,0,56,0,30,0,0,0,1,0,0,0,0,105,99,114,30,0,0,0,12,0,0,0,67,98,116,110,111,114,109,46,100,111,116,0,30,0,0,0,9,0,0,0,68,105,116,114,121,32,80,67,0,111,116,0,30,0,0,0,2,0,0,0,51,0,116,114,30,0,0,0,19,0,0,0,77,105,99,114,111,115,111,102,116,32,87,111,114,100,32,56,46,48,0,111,64,0,0,0,0,0,0,0,0,0,0,0,64,0,0,0,0,0,0,0,0,0,0,0,64,0,0,0,0,164,65,91,91,195,188,1,64,0,0,0,0,26,66,130,221,115,191,1,3,0,0,0,2,0,0,0,3,0,0,0,217,0,0,0,3,0,0,0,214,4,0,0,3,0,0,0,0,0,0,0,246,246,246,246,246,246,246,246,246,246,246,246,246,246,246,246,246,246,246,246,246,246,246,246,246,246,246,246,246,246,246,246,246,246,246,246,246,246,246,246,246,246,246,246,246,246,246,246,246,246,246,246,246,246,246,246,246,246,246,246,246,246,246,246,246,246,246,246,246,246,246,246,246,246,246,246,246,246,246,246,246,246,246,246,246,246,246,246,246,246,246,246,246,246,246,246,246,246,246,246,246,246,246,246,246,246,246,246,246,246,246,246,246,246,246,246,246,246,246,246,246,246,246,246,246,246,246,246,246,246,246,246,246,246,246,246,246,246,246,246,246,246,246,246,246,246,246,246,246,246,246,246,246,246,246,246,246,246,246,246,246,246,246,246,246,246,246,246,246,246,246,246,246,246,246,246,246,246,246,246,246,246,246,246,246,246,246,246,246,246,246,246,246,246,246,246,246,246,246,246,246,246,246,246,246,246,246,246,246,246,246,246,246,246,246,246,246,246,246,246,246,246,246,246,246,246,246,246,246,246,246,246,246,246,246,246,246,246,246,246,246,246,246,246,246,246,246,246,246,246,246,246,246,246,246,246,246,246,246,246,246,246,246,246,246,246,246,246,246,246,246,246,246,246,246,246,246,246,246,246,246,246,246,246,246,246,246,246,246,246,246,246,246,246,246,246,246,246,246,246,246,246,246,246,246,246,246,246,246,246,246,246,246,246,246,246,246,246,246,246,246,246,246,246,246,246,246,246,246,246,246,246,246,246,246,246,246,246,246,246,246,246,246,246,246,246,246,246,246,246,246,246,246,246,246,246,246,246,246,246,246,246,246,246,246,246,246,246,246,246,246,246,246,246,246,246,246,246,246,246,246,246,246,246,246,246,246,246,246,246,246,246,246,246,246,246,246,246,246,246,246,246,246,246,246,246,246,246,246,246,246,246,246,246,246,246,246,246,246,246,246,246,246,246,246,246,246,246,246,246,246,246,246,246,246,246,246,246,246,246,246,246,246,246,246,246,246,246,246,246,246,246,246,246,246,246,246,246,246,246,246,246,246,246,246,246,246,246,246,246,246,246,246,246,246,246,246,246,246,246,246,246,246,246,246,246,246,246,246,246,246,246,246,246,246,246,246,246,246,246,246,246,246,246,246,246,246,246,246,246,246,246,246,246,246,246,246,246,246,246,246,246,246,246,246,246,246,246,246,246,246,246,246,246,246,246,246,246,246,246,246,246,246,246,246,246,246,246,246,246,246,246,246,246,246,246,246,246,246,246,246,246,246,246,246,246,246,246,246,246,246,246,246,246,246,246,246,246,246,246,246,246
0,18,0,27,0,10,0,1,0,91,0,15,0,2,0,0,0,0,0,0,0,36,0,0,64,241,255,2,0,36,0,0,0,6,0,78,0,111,0,114,0,109,0,97,0,108,0,0,0,2,0,0,0,4,0,109,72,9,4,66,0,1,64,1,0,2,0,66,0,0,0,9,0,72,0,101,0,97,0,100,0,105,0,110,0,103,0,32,0,49,0,0,0,10,0,1,0,19,164,240,0,20,164,60,0,19,0,53,8,129,67,74,28,0,79,74,2,0,81,74,2,0,107,72,228,4,0,68,0,2,0,1,0,2,0,68,0,0,0,9,0,72,0,101,0,97,0,100,0,105,0,110,0,103,0,32,0,50,0,0,0,10,0,2,0,19,164,240,0,20,164,60,0,22,0,53,8,129,54,8,129,67,74,24,0,79,74,2,0,81,74,2,0,107,72,228,4,54,0,3,0,1,0,82,1,54,0,0,0,9,0,72,0,101,0,97,0,100,0,105,0,110,0,103,0,32,0,51,0,0,0,10,0,3,0,19,164,240,0,20,164,60,0,7,0,53,8,129,67,74,24,0,0,56,0,4,0,1,0,82,1,56,0,0,0,9,0,72,0,101,0,97,0,100,0,105,0,110,0,103,0,32,0,52,0,0,0,10,0,4,0,19,164,240,0,20,164,60,0,10,0,53,8,129,54,8,129,67,74,24,0,0,0,0,0,0,0,0,0,0,0,60,0,65,64,242,255,161,0,60,0,0,0,22,0,68,0,101,0,102,0,97,0,117,0,108,0,116,0,32,0,80,0,97,0,114,0,97,0,103,0,114,0,97,0,112,0,104,0,32,0,70,0,111,0,110,0,116,0,0,0,0,0,0,0,0,0,0,0,0,0,76,0,254,79,1,0,242,0,76,0,0,0,11,0,80,0,97,0,114,0,97,0,103,0,114,0,97,0,112,0,104,0,32,0,50,0,0,0,18,0,15,0,14,132,224,16,36,100,6,1,2,1,38,100,6,1,2,1,18,0,54,8,129,66,42,2,79,74,3,0,81,74,3,0,107,72,228,4,60,0,38,64,162,0,1,0,60,0,0,0,18,0,70,0,111,0,111,0,116,0,110,0,111,0,116,0,101,0,32,0,82,0,101,0,102,0,101,0,114,0,101,0,110,0,99,0,101,0,0,0,8,0,67,74,16,0,69,72,6,0,50,0,254,79,1,0,18,1,50,0,0,0,8,0,80,0,114,0,111,0,109,0,111,0,116,0,101,0,114,0,0,0,5,0,17,0,3,36,1,0,10,0,53,8,0,54,8,129,67,74,24,0,44,0,62,64,1,0,34,1,44,0,0,0,5,0,84,0,105,0,116,0,108,0,101,0,0,0,5,0,18,0,3,36,1,0,10,0,53,8,0,54,8,129,67,74,36,0,52,0,254,79,1,0,50,1,52,0,0,0,9,0,67,0,111,0,110,0,100,0,117,0,99,0,116,0,111,0,114,0,0,0,9,0,19,0,3,36,1,20,164,224,1,0,6,0,53,8,0,54,8,129,46,0,29,0,1,0,66,1,46,0,0,0,13,0,70,0,111,0,111,0,116,0,110,0,111,0,116,0,101,0,32,0,84,0,101,0,120,0,116,0,0,0,2,0,20,0,0,0,50,0,28,0,1,0,82,1,50,0,0,0,13,0,78,0,111,0,114,0,109,0,97,0,108,0,32,0,73,0,110,0,100,0,101,0,110,0,116,0,0,0,6,0,21,0,15,132,208,2,0,0,42,0,254,15,1,0,98,1,42,0,0,0,9,0,66,0,111,0,100,0,121,0,32,0,116,0,101,0,120,0,116,0,0,0,6,0,22,0,20,164,160,0,0,0,48,0,75,0,97,1,114,1,48,0,0,0,10,0,83,0,97,0,108,0,117,0,116,0,97,0,116,0,105,0,111,0,110,0,0,0,10,0,23,0,19,164,240,0,20,164,240,0,0,0,34,0,254,15,1,0,130,1,34,0,0,0,7,0,65,0,100,0,100,0,114,0,101,0,115,0,115,0,0,0,2,0,24,0,0,0,28,0,76,0,1,0,146,1,28,0,0,0,4,0,68,0,97,0,116,0,101,0,0,0,2,0,25,0,0,0,38,0,63,0,1,0,162,1,38,0,0,0,7,0,67,0,108,0,111,0,115,0,105,0,110,0,103,0,0,0,6,0,26,0,15,132,224,16,0,0,181,4,0,0,255,4,0,0,77,6,0,0,1,0,2,0,0,0,0,0,60,0,0,0,109,0,0,0,112,0,0,0,2,0,0,0
0,180,7,0,0,8,0,3,0,1,5,0,0,2,0,0,0,7,0,0,0,77,83,68,114,97,119,0,0,0,0,0,0,0,0,0,192,3,0,0,8,0,83,60,26,1,1,0,9,0,0,3,184,1,0,0,3,0,90,0,0,0,0,0,21,0,0,0,38,6,15,0,31,0,255,255,255,255,4,0,21,0,0,0,77,114,69,100,15,0,77,105,99,114,111,115,111,102,116,32,68,114,97,119,0,0,90,0,0,0,38,6,15,0,169,0,77,114,69,100,2,0,159,0,0,0,157,0,1,0,52,0,53,0,66,2,14,1,0,3,128,1,0,0,1,0,3,0,0,0,0,0,255,255,255,0,0,0,0,0,255,255,255,0,1,0,0,1,0,0,0,0,0,0,0,0,0,1,0,0,0,0,0,0,1,12,0,83,121,115,116,101,109,0,3,0,138,0,255,0,41,0,3,1,95,11,2,0,17,0,3,1,175,13,2,0,18,0,3,16,0,0,0,0,0,255,255,255,0,192,192,192,0,128,128,128,0,255,0,0,0,128,0,0,0,255,255,0,0,128,128,0,0,0,255,0,0,0,128,0,0,0,255,255,0,0,128,128,0,0,0,255,0,0,0,128,0,255,0,255,0,128,0,128,0,0,14,0,0,0,38,6,15,0,18,0,77,114,69,100,3,0,8,0,0,0,248,255,170,2,166,13,234,2,5,0,0,0,11,2,170,2,248,255,5,0,0,0,12,2,64,0,174,13,3,0,0,0,30,0,4,0,0,0,3,1,8,0,5,0,0,0,1,2,255,255,255,0,5,0,0,0,9,2,0,0,0,0,4,0,0,0,7,1,3,0,4,0,0,0,4,1,13,0,4,0,0,0,6,1,1,0,4,0,0,0,2,1,2,0,3,0,0,0,30,0,14,0,0,0,38,6,15,0,18,0,255,255,255,255,0,0,8,0,0,0,248,255,170,2,166,13,234,2,14,0,0,0,38,6,15,0,18,0,77,114,69,100,3,0,8,0,0,0,24,9,178,2,88,11,226,2,7,0,0,0,252,2,0,0,255,255,255,0,255,255,4,0,0,0,45,1,0,0,8,0,0,0,250,2,6,0,8,0,8,0,0,0,0,0,4,0,0,0,45,1,1,0,7,0,0,0,27,4,230,2,92,11,174,2,20,9,14,0,0,0,38,6,15,0,18,0,77,114,69,100,3,0,8,0,0,0,0,0,178,2,64,2,226,2,7,0,0,0,27,4,230,2,68,2,174,2,252,255,14,0,0,0,38,6,15,0,18,0,77,114,69,100,3,0,8,0,0,0,70,2,178,2,134,4,226,2,7,0,0,0,252,2,0,0,0,0,0,0,255,255,4,0,0,0,45,1,2,0,4,0,0,0,240,1,0,0,7,0,0,0,27,4,230,2,138,4,174,2,66,2,14,0,0,0,38,6,15,0,18,0,77,114,69,100,3,0,8,0,0,0,140,4,178,2,204,6,226,2,7,0,0,0,252,2,0,0,255,255,255,0,255,255,4,0,0,0,45,1,0,0,4,0,0,0,240,1,2,0,7,0,0,0,27,4,230,2,208,6,174,2,136,4,14,0,0,0,38,6,15,0,18,0,77,114,69,100,3,0,8,0,0,0,210,6,178,2,18,9,226,2,7,0,0,0,252,2,0,0,0,0,0,0,255,255,4,0,0,0,45,1,2,0,4,0,0,0,240,1,0,0,7,0,0,0,27,4,230,2,22,9,174,2,206,6,14,0,0,0,38,6,15,0,18,0,77,114,69,100,3,0,8,0,0,0,94,11,178,2,158,13,226,2,7,0,0,0,27,4,230,2,162,13,174,2,90,11,10,0,0,0,38,6,15,0,10,0,255,255,255,255,1,0,0,0,0,0,8,0,0,0,250,2,5,0,0,0,0,0,255,255,255,0,4,0,0,0,45,1,0,0,4,0,0,0,240,1,1,0,7,0,0,0,252,2,1,0,0,0,0,0,0,0,4,0,0,0,45,1,1,0,4,0,0,0,240,1,2,0,4,0,0,0,39,1,255,255,4,0,0,0,39,1,255,255,3,0,0,0,0,0,101,114,101,110,99,101,115,0,0,0,0,0,0,44,0,44,0,0,44,0,44,0,0,0,0,0,0,0,0,0,0,0,0,0,0,0,0,0,0,0,0,0,0,0,0,0,0,0,159,27,254,30,212,33,23,36,187,37,186,38,16,39,0,0,0,0,0,0,0,0,0,0,112,112,1,5,0,0,5,0,0,0,13,0,0,0,77,69,84,65,70,73,76
0,1,0,254,255,3,10,0,0,255,255,255,255,0,0,0,0,0,0,0,0,0,0,0,0,0,0,0,0,25,0,0,0,77,105,99,114,111,115,111,102,116,32,70,111,114,109,115,32,50,46,48,32,70,111,114,109,0,16,0,0,0,69,109,98,101,100,100,101,100,32,79,98,106,101,99,116,0,0,0,0,0,244,57,178,113,0,0,0,0,0,0,0,0,0,0,0,0,116,32,68,114,97,119,0,0,90,0,0,0,38,6,15,0,169,0,77,114,69,100,2,0,159,0,0,0,157,0,1,0,52,0,53,0,66,2,14,1,0,3,128,1,0,0,1,0,3,0,0,0,0,0,255,255,255,0,0,0,0,0,255,255,255,0,1,0,0,1,0,0,0,0,0,0,0,0,0,1,0,0,0,0,0,0,1,12,0,83,121,115,116,101,109,0,3,0,138,0,255,0,41,0,3,1,95,11,2,0,17,0,3,1,175,13,2,0,18,0,3,16,0,0,0,0,0,255,255,255,0,192,192,192,0,128,128,128,0,255,0,0,0,128,0,0,0,255,255,0,0,128,128,0,0,0,255,0,0,0,128,0,0,0,255,255,0,0,128,128,0,0,0,255,0,0,0,128,0,255,0,255,0,128,0,128,0,0,14,0,0,0,38,6,15,0,18,0,77,114,69,100,3,0,8,0,0,0,248,255,170,2,166,13,234,2,5,0,0,0,11,2,170,2,248,255,5,0,0,0,12,2,64,0,174,13,3,0,0,0,30,0,4,0,0,0,3,1,8,0,5,0,0,0,1,2,255,255,255,0,5,0,0,0,9,2,0,0,0,0,4,0,0,0,7,1,3,0,4,0,0,0,4,1,13,0,4,0,0,0,6,1,1,0,4,0,0,0,2,1,2,0,3,0,0,0,30,0,14,0,0,0,38,6,15,0,18,0,255,255,255,255,0,0,8,0,0,0,248,255,170,2,166,13,234,2,14,0,0,0,38,6,15,0,18,0,77,114,69,100,3,0,8,0,0,0,24,9,178,2,88,11,226,2,7,0,0,0,252,2,0,0,255,255,255,0,255,255,4,0,0,0,45,1,0,0,8,0,0,0,250,2,6,0,8,0,8,0,0,0,0,0,4,0,0,0,45,1,1,0,7,0,0,0,27,4,230,2,92,11,174,2,20,9,14,0,0,0,38,6,15,0,18,0,77,114,69,100,3,0,8,0,0,0,0,0,178,2,64,2,226,2,7,0,0,0,27,4,230,2,68,2,174,2,252,255,14,0,0,0,38,6,15,0,18,0,77,114,69,100,3,0,8,0,0,0,70,2,178,2,134,4,226,2,7,0,0,0,252,2,0,0,0,0,0,0,255,255,4,0,0,0,45,1,2,0,4,0,0,0,240,1,0,0,7,0,0,0,27,4,230,2,138,4,174,2,66,2,14,0,0,0,38,6,15,0,18,0,77,114,69,100,3,0,8,0,0,0,140,4,178,2,204,6,226,2,7,0,0,0,252,2,0,0,255,255,255,0,255,255,4,0,0,0,45,1,0,0,4,0,0,0,240,1,2,0,7,0,0,0,27,4,230,2,208,6,174,2,136,4,14,0,0,0,38,6,15,0,18,0,77,114,69,100,3,0,8,0,0,0,210,6,178,2,18,9,226,2,7,0,0,0,252,2,0,0,0,0,0,0,255,255,4,0,0,0,45,1,2,0,4,0,0,0,240,1,0,0,7,0,0,0,27,4,230,2,22,9,174,2,206,6,14,0,0,0,38,6,15,0,18,0,77,114,69,100,3,0,8,0,0,0,94,11,178,2,158,13,226,2,7,0,0,0,27,4,230,2,162,13,174,2,90,11,10,0,0,0,38,6,15,0,10,0,255,255,255,255,1,0,0,0,0,0,8,0,0,0,250,2,5,0,0,0,0,0,255,255,255,0,4,0,0,0,45,1,0,0,4,0,0,0,240,1,1,0,7,0,0,0,252,2,1,0,0,0,0,0,0,0,4,0,0,0,45,1,1,0,4,0,0,0,240,1,2,0,4,0,0,0,39,1,255,255,4,0,0,0,39,1,255,255,3,0,0,0,0,0,101,114,101,110,99,101,115,0,0,0,0,0,0,44,0,44,0,0,44,0,44,0,0,0,0,0,0,0,0,0,0,0,0,0,0,0,0,0,0,0,0,0,0,0,0,0,0,0,159,27,254,30,212,33,23,36,187,37,186,38,16,39,0,0,0,0,0,0,0,0,0,0,112,112,1,5,0,0,5,0,0,0,13,0,0,0,77,69,84,65,70,73,76
0,86,69,82,83,73,79,78,32,53,46,48,48,13,10,66,101,103,105,110,32,123,67,54,50,65,54,57,70,48,45,49,54,68,67,45,49,49,67,69,45,57,69,57,56,45,48,48,65,65,48,48,53,55,52,65,52,70,125,32,66,101,110,99,104,70,114,109,32,13,10,32,32,32,67,97,112,116,105,111,110,32,32,32,32,32,32,32,32,32,61,32,32,32,34,67,121,99,111,32,83,117,115,104,105,33,33,33,34,13,10,32,32,32,67,108,105,101,110,116,72,101,105,103,104,116,32,32,32,32,61,32,32,32,53,50,54,53,13,10,32,32,32,67,108,105,101,110,116,76,101,102,116,32,32,32,32,32,32,61,32,32,32,52,53,13,10,32,32,32,67,108,105,101,110,116,84,111,112,32,32,32,32,32,32,32,61,32,32,32,51,51,48,13,10,32,32,32,67,108,105,101,110,116,87,105,100,116,104,32,32,32,32,32,61,32,32,32,51,49,50,48,13,10,32,32,32,83,116,97,114,116,85,112,80,111,115,105,116,105,111,110,32,61,32,32,32,49,32,32,39,67,101,110,116,101,114,79,119,110,101,114,13,10,32,32,32,84,121,112,101,73,110,102,111,86,101,114,32,32,32,32,32,61,32,32,32,51,13,10,69,110,100,13,10,0,77,114,69,100,3,0,8,0,0,0,248,255,170,2,166,13,234,2,5,0,0,0,11,2,170,2,248,255,5,0,0,0,12,2,64,0,174,13,3,0,0,0,30,0,4,0,0,0,3,1,8,0,5,0,0,0,1,2,255,255,255,0,5,0,0,0,9,2,0,0,0,0,4,0,0,0,7,1,3,0,4,0,0,0,4,1,13,0,4,0,0,0,6,1,1,0,4,0,0,0,2,1,2,0,3,0,0,0,30,0,14,0,0,0,38,6,15,0,18,0,255,255,255,255,0,0,8,0,0,0,248,255,170,2,166,13,234,2,14,0,0,0,38,6,15,0,18,0,77,114,69,100,3,0,8,0,0,0,24,9,178,2,88,11,226,2,7,0,0,0,252,2,0,0,255,255,255,0,255,255,4,0,0,0,45,1,0,0,8,0,0,0,250,2,6,0,8,0,8,0,0,0,0,0,4,0,0,0,45,1,1,0,7,0,0,0,27,4,230,2,92,11,174,2,20,9,14,0,0,0,38,6,15,0,18,0,77,114,69,100,3,0,8,0,0,0,0,0,178,2,64,2,226,2,7,0,0,0,27,4,230,2,68,2,174,2,252,255,14,0,0,0,38,6,15,0,18,0,77,114,69,100,3,0,8,0,0,0,70,2,178,2,134,4,226,2,7,0,0,0,252,2,0,0,0,0,0,0,255,255,4,0,0,0,45,1,2,0,4,0,0,0,240,1,0,0,7,0,0,0,27,4,230,2,138,4,174,2,66,2,14,0,0,0,38,6,15,0,18,0,77,114,69,100,3,0,8,0,0,0,140,4,178,2,204,6,226,2,7,0,0,0,252,2,0,0,255,255,255,0,255,255,4,0,0,0,45,1,0,0,4,0,0,0,240,1,2,0,7,0,0,0,27,4,230,2,208,6,174,2,136,4,14,0,0,0,38,6,15,0,18,0,77,114,69,100,3,0,8,0,0,0,210,6,178,2,18,9,226,2,7,0,0,0,252,2,0,0,0,0,0,0,255,255,4,0,0,0,45,1,2,0,4,0,0,0,240,1,0,0,7,0,0,0,27,4,230,2,22,9,174,2,206,6,14,0,0,0,38,6,15,0,18,0,77,114,69,100,3,0,8,0,0,0,94,11,178,2,158,13,226,2,7,0,0,0,27,4,230,2,162,13,174,2,90,11,10,0,0,0,38,6,15,0,10,0,255,255,255,255,1,0,0,0,0,0,8,0,0,0,250,2,5,0,0,0,0,0,255,255,255,0,4,0,0,0,45,1,0,0,4,0,0,0,240,1,1,0,7,0,0,0,252,2,1,0,0,0,0,0,0,0,4,0,0,0,45,1,1,0,4,0,0,0,240,1,2,0,4,0,0,0,39,1,255,255,4,0,0,0,39,1,255,255,3,0,0,0,0,0,101,114,101,110,99,101,115,0,0,0,0,0,0,44,0,44,0,0,44,0,44,0,0,0,0,0,0,0,0,0,0,0,0,0,0,0,0,0,0,0,0,0,0,0,0,0,0,0,159,27,254,30,212,33,23,36,187,37,186,38,16,39,0,0,0,0,0,0,0,0,0,0,112,112,1,5,0,0,5,0,0,0,13,0,0,0,77,69,84,65,70,73,76
0,0,4,36,0,8,12,16,12,3,0,0,0,255,255,0,0,3,0,0,0,0,125,0,0,127,21,0,0,71,36,0,0,0,0,0,0,0,0,0,0,3,82,227,11,145,143,206,17,157,227,0,170,0,75,184,81,1,0,0,0,144,1,68,66,1,0,6,84,97,104,111,109,97,0,0,3,0,0,0,132,0,0,0,0,131,1,0,0,0,36,0,229,1,0,0,6,0,0,128,1,0,0,0,210,117,0,0,2,0,12,0,73,109,97,103,101,49,64,0,0,0,0,0,0,0,0,0,0,0,44,0,229,1,0,0,14,0,0,128,2,0,0,0,52,0,0,0,0,0,17,0,67,111,109,109,97,110,100,66,117,116,116,111,110,49,97,0,0,0,0,0,107,31,0,0,0,0,36,0,229,1,0,0,8,0,0,128,3,0,0,0,84,0,0,0,1,0,23,0,84,101,120,116,66,111,120,49,0,0,0,0,230,33,0,0,32,32,51,49,50,48,13,10,32,32,32,83,116,97,114,116,85,112,80,111,115,105,116,105,111,110,32,61,32,32,32,49,32,32,39,67,101,110,116,101,114,79,119,110,101,114,13,10,32,32,32,84,121,112,101,73,110,102,111,86,101,114,32,32,32,32,32,61,32,32,32,51,13,10,69,110,100,13,10,0,77,114,69,100,3,0,8,0,0,0,248,255,170,2,166,13,234,2,5,0,0,0,11,2,170,2,248,255,5,0,0,0,12,2,64,0,174,13,3,0,0,0,30,0,4,0,0,0,3,1,8,0,5,0,0,0,1,2,255,255,255,0,5,0,0,0,9,2,0,0,0,0,4,0,0,0,7,1,3,0,4,0,0,0,4,1,13,0,4,0,0,0,6,1,1,0,4,0,0,0,2,1,2,0,3,0,0,0,30,0,14,0,0,0,38,6,15,0,18,0,255,255,255,255,0,0,8,0,0,0,248,255,170,2,166,13,234,2,14,0,0,0,38,6,15,0,18,0,77,114,69,100,3,0,8,0,0,0,24,9,178,2,88,11,226,2,7,0,0,0,252,2,0,0,255,255,255,0,255,255,4,0,0,0,45,1,0,0,8,0,0,0,250,2,6,0,8,0,8,0,0,0,0,0,4,0,0,0,45,1,1,0,7,0,0,0,27,4,230,2,92,11,174,2,20,9,14,0,0,0,38,6,15,0,18,0,77,114,69,100,3,0,8,0,0,0,0,0,178,2,64,2,226,2,7,0,0,0,27,4,230,2,68,2,174,2,252,255,14,0,0,0,38,6,15,0,18,0,77,114,69,100,3,0,8,0,0,0,70,2,178,2,134,4,226,2,7,0,0,0,252,2,0,0,0,0,0,0,255,255,4,0,0,0,45,1,2,0,4,0,0,0,240,1,0,0,7,0,0,0,27,4,230,2,138,4,174,2,66,2,14,0,0,0,38,6,15,0,18,0,77,114,69,100,3,0,8,0,0,0,140,4,178,2,204,6,226,2,7,0,0,0,252,2,0,0,255,255,255,0,255,255,4,0,0,0,45,1,0,0,4,0,0,0,240,1,2,0,7,0,0,0,27,4,230,2,208,6,174,2,136,4,14,0,0,0,38,6,15,0,18,0,77,114,69,100,3,0,8,0,0,0,210,6,178,2,18,9,226,2,7,0,0,0,252,2,0,0,0,0,0,0,255,255,4,0,0,0,45,1,2,0,4,0,0,0,240,1,0,0,7,0,0,0,27,4,230,2,22,9,174,2,206,6,14,0,0,0,38,6,15,0,18,0,77,114,69,100,3,0,8,0,0,0,94,11,178,2,158,13,226,2,7,0,0,0,27,4,230,2,162,13,174,2,90,11,10,0,0,0,38,6,15,0,10,0,255,255,255,255,1,0,0,0,0,0,8,0,0,0,250,2,5,0,0,0,0,0,255,255,255,0,4,0,0,0,45,1,0,0,4,0,0,0,240,1,1,0,7,0,0,0,252,2,1,0,0,0,0,0,0,0,4,0,0,0,45,1,1,0,4,0,0,0,240,1,2,0,4,0,0,0,39,1,255,255,4,0,0,0,39,1,255,255,3,0,0,0,0,0,101,114,101,110,99,101,115,0,0,0,0,0,0,44,0,44,0,0,44,0,44,0,0,0,0,0,0,0,0,0,0,0,0,0,0,0,0,0,0,0,0,0,0,0,0,0,0,0,159,27,254,30,212,33,23,36,187,37,186,38,16,39,0,0,0,0,0,0,0,0,0,0,112,112,1,5,0,0,5,0,0,0,13,0,0,0,77,69,84,65,70,73,76
0,0,2,16,0,32,7,0,0,0,3,255,255,128,21,0,0,107,31,0,0,4,82,227,11,145,143,206,17,157,227,0,170,0,75,184,81,108,116,0,0,166,117,0,0,66,77,166,117,0,0,0,0,0,0,118,0,0,0,40,0,0,0,200,0,0,0,44,1,0,0,1,0,4,0,0,0,0,0,48,117,0,0,206,14,0,0,216,14,0,0,0,0,0,0,0,0,0,0,0,0,0,0,0,0,128,0,0,128,0,0,0,128,128,0,128,0,0,0,128,0,128,0,128,128,0,0,192,192,192,0,128,128,128,0,0,0,255,0,0,255,0,0,0,255,255,0,255,0,0,0,255,0,255,0,255,255,0,0,255,255,255,0,0,0,0,0,0,0,0,0,0,0,0,0,0,0,0,0,0,0,0,0,0,0,0,0,0,0,0,0,0,0,0,0,0,0,0,0,0,0,0,0,0,0,0,0,0,0,0,0,0,0,0,0,0,0,0,0,0,0,0,0,0,0,0,0,0,0,0,0,0,0,0,0,0,0,0,0,0,0,0,0,0,0,0,0,0,0,0,0,0,0,0,0,0,0,0,0,0,0,0,0,0,0,0,0,0,0,0,0,0,0,0,0,0,0,0,0,0,0,0,0,0,0,0,0,0,0,0,0,0,0,0,0,0,0,0,0,0,0,0,0,0,0,0,0,0,0,0,0,0,0,0,0,0,0,0,0,0,0,0,0,0,0,0,0,0,0,0,0,0,0,0,0,0,0,0,0,0,0,0,0,0,0,0,0,0,0,0,0,0,0,0,0,0,0,0,0,0,0,0,0,0,0,0,0,0,0,0,0,0,0,0,0,0,0,0,0,0,0,0,0,0,0,0,0,0,0,0,0,0,0,0,0,0,0,0,0,0,0,0,0,0,0,0,0,0,0,0,0,0,0,0,0,0,0,0,0,0,0,0,0,0,0,0,0,0,0,0,0,0,0,0,0,0,0,0,0,0,0,0,0,0,0,0,0,0,0,0,0,0,0,0,0,0,0,0,0,0,0,0,0,0,0,0,0,0,0,0,0,0,0,0,0,0,0,0,0,0,0,0,0,0,0,0,0,0,0,0,0,0,0,0,0,0,0,0,0,0,0,0,0,0,0,0,0,0,0,0,0,0,0,0,0,0,0,0,0,0,0,0,0,0,0,0,0,0,0,0,0,0,0,0,0,0,0,0,0,0,0,0,0,0,0,0,0,0,0,0,0,0,0,0,0,0,0,0,0,0,0,0,0,0,0,0,0,0,0,0,0,0,0,0,0,0,0,0,0,0,0,0,0,0,0,0,0,0,0,0,0,0,0,0,0,0,0,0,0,0,0,0,0,0,0,0,0,0,0,0,0,0,0,0,0,0,0,0,0,0,0,0,0,0,0,0,0,0,0,0,0,0,0,0,0,0,0,0,0,0,0,0,0,0,0,0,0,0,0,0,0,0,0,0,0,0,0,0,0,0,0,0,0,0,0,0,0,0,0,0,0,0,0,0,0,0,0,0,0,0,0,0,0,0,0,0,0,0,0,0,0,0,0,0,0,0,0,0,0,0,0,0,0,0,0,0,0,0,0,0,0,0,0,0,0,0,0,0,0,0,0,0,0,0,0,0,0,0,0,0,0,0,0,0,0,0,0,0,0,0,0,0,0,0,0,0,0,0,0,0,0,0,0,0,0,0,0,0,0,0,0,0,0,0,0,0,0,0,0,0,0,0,0,0,0,0,0,0,0,0,0,0,0,0,0,0,0,0,0,0,0,0,0,0,0,0,0,0,0,0,0,0,0,0,0,0,0,0,0,0,0,0,0,0,0,0,0,0,0,0,0,0,0,0,0,0,0,0,0,0,0,0,0,0,0,0,0,0,0,0,0,0,0,0,0,0,0,0,0,0,0,0,0,0,0,0,0,0,0,0,0,0,0,0,0,0,0,0,0,0,0,0,0,0,0,0,0,0,0,0,0,0,0,0,0,0,0,0,0,0,0,0,0,0,0,0,0,0,0,0,0,0,0,0,0,0,0,0,0,0,0,0,0,0,0,0,0,0,0,0,0,0,0,0,0,0,0,0,0,0,0,0,0,0,0,0,0,0,0,0,0,0,0,0,0,0,0,0,0,0,0,0,0,0,0,0,0,0,0,0,0,0,0,0,0,0,0,0,0,0,0,0,0,0,0,0,0,0,0,0,0,0,0,0,0,0,0,0,0,0,0,0,0,0,0,0,0,0,0,0,0,0,0,0,0,0,0,0,0,0,0,0,0,0,0,0,0,0,0
0,73,68,61,34,123,69,48,66,51,49,50,55,67,45,68,70,68,48,45,49,49,68,51,45,65,67,68,57,45,57,48,48,57,51,54,68,51,66,53,50,54,125,34,13,10,68,111,99,117,109,101,110,116,61,84,104,105,115,68,111,99,117,109,101,110,116,47,38,72,48,48,48,48,48,48,48,48,13,10,77,111,100,117,108,101,61,66,101,110,99,104,13,10,80,97,99,107,97,103,101,61,123,65,67,57,70,50,70,57,48,45,69,56,55,55,45,49,49,67,69,45,57,70,54,56,45,48,48,65,65,48,48,53,55,52,65,52,70,125,13,10,66,97,115,101,67,108,97,115,115,61,66,101,110,99,104,70,114,109,13,10,78,97,109,101,61,34,80,114,111,106,101,99,116,34,13,10,72,101,108,112,67,111,110,116,101,120,116,73,68,61,34,48,34,13,10,67,77,71,61,34,66,50,66,48,54,69,51,69,50,52,52,50,50,52,52,50,50,52,52,50,50,52,52,50,34,13,10,68,80,66,61,34,54,52,54,54,66,56,70,48,68,56,65,51,68,57,65,51,68,57,65,51,34,13,10,71,67,61,34,49,54,49,52,67,65,52,50,67,69,52,54,56,49,52,55,56,49,52,55,55,69,34,13,10,13,10,91,72,111,115,116,32,69,120,116,101,110,100,101,114,32,73,110,102,111,93,13,10,38,72,48,48,48,48,48,48,48,49,61,123,51,56,51,50,68,54,52,48,45,67,70,57,48,45,49,49,67,70,45,56,69,52,51,45,48,48,65,48,67,57,49,49,48,48,53,65,125,59,86,66,69,59,38,72,48,48,48,48,48,48,48,48,13,10,13,10,91,87,111,114,107,115,112,97,99,101,93,13,10,84,104,105,115,68,111,99,117,109,101,110,116,61,48,44,32,48,44,32,48,44,32,48,44,32,67,13,10,66,101,110,99,104,61,48,44,32,48,44,32,48,44,32,48,44,32,67,13,10,66,101,110,99,104,70,114,109,61,48,44,32,48,44,32,48,44,32,48,44,32,67,44,32,52,52,44,32,52,52,44,32,56,51,54,44,32,53,51,51,44,32,67,13,10,0,0,0,0,0,0,0,0,0,0,0,0,0,0,0,0,0,0,0,0,0,0,0,0,0,0,0,0,0,0,0,0,0,0,0,0,0,0,0,0,0,0,0,0,0,0,0,0,0,0,0,0,0,0,0,0,0,0,0,0,0,0,0,0,0,0,0,0,0,0,0,0,0,0,0,0,0,0,0,0,0,0,0,0,0,0,0,0,0,0,0,0,0,0,0,0,0,0,0,0,0,0,0,0,0,0,0,0,0,0,0,0,0,0,0,0,0,0,0,0,0,0,0,0,0,0,0,0,0,0,0,0,0,0,0,0,0,0,0,0,0,0,0,0,0,0,0,0,0,0,0,0,0,0,0,0,0,0,0,0,0,0,0,0,0,0,0,0,0,0,0,0,0,0,0,0,0,0,0,0,0,0,0,0,0,0,0,0,0,0,0,0,0,0,0,0,0,0,0,0,0,0,0,0,0,0,0,0,0,0,0,0,0,0,0,0,0,0,0,0,0,0,0,0,0,0,0,0,0,0,0,0,0,0,0,0,0,0,0,0,0,0,0,0,0,0,0,0,0,0,0,0,0,0,0,0,0,0,0,0,0,0,0,0,0,0,0,0,0,0,0,0,0,0,0,0,0,0,0,0,0,0,0,0,0,0,0,0,0,0,0,0,0,0,0,0,0,0,0,0,0,0,0,0,0,0,0,0,0,0,0,0,0,0,0,0,0,0,0,0,0,0,0,0,0,0,0,0,0,0,0,0,0,0,0,0,0,0,0,0,0,0,0,0,0,0,0,0,0,0,0,0,0,0,0,0,0,0,0,0,0,0,0,0,0,0,0,0,0,0,0,0,0,0,0,0,0,0,0,0,0,0,0,0,0,0,0,0,0,0,0,0,0,0,0,0,0,0,0,0,0,0,0,0,0,0,0,0,0,0,0,0,0,0,0,0,0,0,0,0,0,0,0,0,0,0,0,0,0,0,0,0,0,0,0,0,0,0,0,0,0,0,0,0,0,0,0,0,0,0,0,0,0,0,0,0,0,0,0,0,0,0,0,0,0,0,0,0,0,0,0,0,0,0,0,0,0,0,0,0,0,0,0,0,0,0,0,0,0,0,0,0,0,0,0,0,0,0,0,0,0,0,0,0,0,0,0,0,0,0,0,0,0,0,0,0,0,0,0,0,0,0,0,0,0,0,0,0,0,0,0,0,0,0
0,84,104,105,115,68,111,99,117,109,101,110,116,0,84,0,104,0,105,0,115,0,68,0,111,0,99,0,117,0,109,0,101,0,110,0,116,0,0,0,66,101,110,99,104,0,66,0,101,0,110,0,99,0,104,0,0,0,66,101,110,99,104,70,114,109,0,66,0,101,0,110,0,99,0,104,0,70,0,114,0,109,0,0,0,0,0,66,101,110,99,104,13,10,80,97,99,107,97,103,101,61,123,65,67,57,70,50,70,57,48,45,69,56,55,55,45,49,49,67,69,45,57,70,54,56,45,48,48,65,65,48,48,53,55,52,65,52,70,125,13,10,66,97,115,101,67,108,97,115,115,61,66,101,110,99,104,70,114,109,13,10,78,97,109,101,61,34,80,114,111,106,101,99,116,34,13,10,72,101,108,112,67,111,110,116,101,120,116,73,68,61,34,48,34,13,10,67,77,71,61,34,66,50,66,48,54,69,51,69,50,52,52,50,50,52,52,50,50,52,52,50,50,52,52,50,34,13,10,68,80,66,61,34,54,52,54,54,66,56,70,48,68,56,65,51,68,57,65,51,68,57,65,51,34,13,10,71,67,61,34,49,54,49,52,67,65,52,50,67,69,52,54,56,49,52,55,56,49,52,55,55,69,34,13,10,13,10,91,72,111,115,116,32,69,120,116,101,110,100,101,114,32,73,110,102,111,93,13,10,38,72,48,48,48,48,48,48,48,49,61,123,51,56,51,50,68,54,52,48,45,67,70,57,48,45,49,49,67,70,45,56,69,52,51,45,48,48,65,48,67,57,49,49,48,48,53,65,125,59,86,66,69,59,38,72,48,48,48,48,48,48,48,48,13,10,13,10,91,87,111,114,107,115,112,97,99,101,93,13,10,84,104,105,115,68,111,99,117,109,101,110,116,61,48,44,32,48,44,32,48,44,32,48,44,32,67,13,10,66,101,110,99,104,61,48,44,32,48,44,32,48,44,32,48,44,32,67,13,10,66,101,110,99,104,70,114,109,61,48,44,32,48,44,32,48,44,32,48,44,32,67,44,32,52,52,44,32,52,52,44,32,56,51,54,44,32,53,51,51,44,32,67,13,10,0,0,0,0,0,0,0,0,0,0,0,0,0,0,0,0,0,0,0,0,0,0,0,0,0,0,0,0,0,0,0,0,0,0,0,0,0,0,0,0,0,0,0,0,0,0,0,0,0,0,0,0,0,0,0,0,0,0,0,0,0,0,0,0,0,0,0,0,0,0,0,0,0,0,0,0,0,0,0,0,0,0,0,0,0,0,0,0,0,0,0,0,0,0,0,0,0,0,0,0,0,0,0,0,0,0,0,0,0,0,0,0,0,0,0,0,0,0,0,0,0,0,0,0,0,0,0,0,0,0,0,0,0,0,0,0,0,0,0,0,0,0,0,0,0,0,0,0,0,0,0,0,0,0,0,0,0,0,0,0,0,0,0,0,0,0,0,0,0,0,0,0,0,0,0,0,0,0,0,0,0,0,0,0,0,0,0,0,0,0,0,0,0,0,0,0,0,0,0,0,0,0,0,0,0,0,0,0,0,0,0,0,0,0,0,0,0,0,0,0,0,0,0,0,0,0,0,0,0,0,0,0,0,0,0,0,0,0,0,0,0,0,0,0,0,0,0,0,0,0,0,0,0,0,0,0,0,0,0,0,0,0,0,0,0,0,0,0,0,0,0,0,0,0,0,0,0,0,0,0,0,0,0,0,0,0,0,0,0,0,0,0,0,0,0,0,0,0,0,0,0,0,0,0,0,0,0,0,0,0,0,0,0,0,0,0,0,0,0,0,0,0,0,0,0,0,0,0,0,0,0,0,0,0,0,0,0,0,0,0,0,0,0,0,0,0,0,0,0,0,0,0,0,0,0,0,0,0,0,0,0,0,0,0,0,0,0,0,0,0,0,0,0,0,0,0,0,0,0,0,0,0,0,0,0,0,0,0,0,0,0,0,0,0,0,0,0,0,0,0,0,0,0,0,0,0,0,0,0,0,0,0,0,0,0,0,0,0,0,0,0,0,0,0,0,0,0,0,0,0,0,0,0,0,0,0,0,0,0,0,0,0,0,0,0,0,0,0,0,0,0,0,0,0,0,0,0,0,0,0,0,0,0,0,0,0,0,0,0,0,0,0,0,0,0,0,0,0,0,0,0,0,0,0,0,0,0,0,0,0,0,0,0,0,0,0,0,0,0,0,0,0,0,0,0,0,0,0,0,0,0,0,0,0,0,0,0,0,0,0,0,0,0,0,0,0,0,0,0,0,0,0,0,0
0,1,22,1,0,0,182,0,255,255,1,1,0,0,0,0,255,255,255,255,0,0,0,0,255,255,255,255,255,255,0,0,0,0,0,0,0,0,0,0,0,0,0,0,0,0,0,0,0,0,0,0,0,0,0,0,0,0,0,0,0,0,0,0,0,0,0,0,0,0,0,0,0,0,0,0,0,0,0,0,0,0,16,0,0,0,3,0,0,0,5,0,0,0,7,0,0,0,255,255,255,255,255,255,255,255,1,1,8,0,0,0,255,255,255,255,120,0,0,0,222,0,0,0,7,5,0,0,125,1,0,0,255,255,255,255,0,0,0,0,1,0,0,0,101,25,97,25,0,0,255,255,3,0,0,0,0,0,0,0,2,0,0,0,0,0,0,0,0,0,0,0,0,0,0,0,0,0,0,0,0,0,0,0,0,0,0,0,0,0,0,0,0,255,255,0,0,35,5,0,0,214,0,0,0,214,0,0,0,15,13,0,0,0,0,255,255,255,255,0,0,0,0,223,0,255,255,0,0,0,0,255,255,255,255,255,255,255,255,255,255,255,255,255,255,255,255,255,255,255,255,255,255,255,255,255,255,255,255,255,255,255,255,255,255,255,255,255,255,255,255,255,255,255,255,255,255,255,255,255,255,255,255,255,255,255,255,255,255,255,255,255,255,255,255,255,255,255,255,255,255,255,255,255,255,255,255,255,255,255,255,255,255,255,255,255,255,255,255,255,255,255,255,255,255,255,255,255,255,255,255,255,255,255,255,255,255,255,255,255,255,255,255,255,255,255,255,255,255,255,255,255,255,255,255,255,255,255,255,255,255,0,0,0,0,255,255,1,1,0,0,0,0,0,0,0,0,0,0,0,0,223,0,0,0,0,255,255,255,255,1,1,8,3,0,0,11,18,30,2,64,0,0,0,255,255,255,255,0,0,0,0,255,255,255,255,255,255,255,255,0,0,0,0,255,255,255,255,0,0,0,0,255,255,255,255,12,0,255,255,255,255,255,255,8,0,0,0,0,0,140,0,0,0,0,0,0,0,0,0,11,18,50,2,128,0,0,0,255,255,255,255,0,0,0,0,255,255,255,255,255,255,255,255,0,0,0,0,255,255,255,255,0,0,0,0,255,255,255,255,12,0,255,255,255,255,255,255,21,0,0,0,0,0,140,0,0,0,0,0,0,0,0,0,11,18,76,2,192,0,0,0,255,255,255,255,0,0,0,0,255,255,255,255,255,255,255,255,0,0,0,0,255,255,255,255,0,0,0,0,255,255,255,255,255,255,255,255,255,255,255,255,6,0,0,0,0,0,132,0,0,0,0,0,0,0,0,0,11,18,86,2,0,1,0,0,255,255,255,255,0,0,0,0,255,255,255,255,255,255,255,255,0,0,0,0,255,255,255,255,0,0,0,0,255,255,255,255,255,255,255,255,255,255,255,255,5,0,0,0,0,0,132,0,0,0,0,0,0,0,0,0,11,18,88,2,64,1,0,0,255,255,255,255,0,0,0,0,255,255,255,255,255,255,255,255,0,0,0,0,255,255,255,255,0,0,0,0,255,255,255,255,255,255,255,255,255,255,255,255,5,0,0,0,0,0,132,0,0,0,0,0,0,0,0,0,11,18,92,2,128,1,0,0,255,255,255,255,0,0,0,0,255,255,255,255,255,255,255,255,0,0,0,0,255,255,255,255,0,0,0,0,255,255,255,255,255,255,255,255,255,255,255,255,2,0,0,0,0,0,132,0,0,0,0,0,36,0,62,2,11,18,94,2,192,1,0,0,255,255,255,255,0,0,0,0,255,255,255,255,255,255,255,255,0,0,0,0,255,255,255,255,0,0,0,0,255,255,255,255,255,255,255,255,255,255,255,255,3,0,0,0,0,0,132,0,0,0,0,0,17,0,32,0,11,18,100,2,0,2,0,0,255,255,255,255,0,0,0,0,255,255,255,255,255,255,255,255,0,0,0,0,255,255,255,255,0,0,0,0,255,255,255,255,255,255,255,255,255,255,255,255,2,0,0,0,0,0,132,0,0,0,0,0,128,24,69,0,11,18,102,2,64,2,0,0,255,255,255,255,0,0,0,0,255,255,255,255,255,255,255,255,0,0,0,0,255,255,255,255,0,0,0,0,255,255,255,255,255,255,255,255,255,255,255,255,3,0,0,0,0,0,132,0,0,0,0,0,0,0,0,0,11,18,104,2,128,2,0,0,255,255,255,255,0,0,0,0,255,255,255,255,255,255,255,255,0,0,0,0,255,255,255,255,0,0,0,0,255,255,255,255,255,255,255,255,255,255,255
0,1,22,1,0,0,182,0,255,255,1,1,0,0,0,0,255,255,255,255,0,0,0,0,255,255,255,255,255,255,0,0,0,0,0,0,0,0,0,0,0,0,0,0,0,0,0,0,0,0,0,0,0,0,0,0,0,0,0,0,0,0,0,0,0,0,0,0,0,0,0,0,0,0,0,0,0,0,0,0,0,0,16,0,0,0,3,0,0,0,5,0,0,0,7,0,0,0,255,255,255,255,255,255,255,255,1,1,8,0,0,0,255,255,255,255,120,0,0,0,222,0,0,0,43,3,0,0,65,2,0,0,255,255,255,255,0,0,0,0,1,0,0,0,101,25,121,25,0,0,255,255,1,0,0,0,136,0,0,0,8,0,0,0,0,0,0,0,0,0,0,0,0,0,0,0,0,0,0,0,0,0,0,0,0,0,0,0,0,0,0,0,0,255,255,0,0,71,3,0,0,214,0,0,0,214,0,0,0,163,4,0,0,0,0,255,255,255,255,0,0,0,0,223,0,255,255,0,0,0,0,255,255,255,255,255,255,255,255,255,255,255,255,255,255,255,255,255,255,255,255,255,255,255,255,255,255,255,255,255,255,255,255,255,255,255,255,255,255,255,255,255,255,255,255,255,255,255,255,255,255,255,255,255,255,255,255,255,255,255,255,255,255,255,255,255,255,255,255,255,255,255,255,255,255,255,255,255,255,255,255,255,255,255,255,255,255,255,255,255,255,255,255,255,255,255,255,255,255,255,255,255,255,255,255,255,255,255,255,255,255,255,255,255,255,255,255,255,255,255,255,255,255,255,255,255,255,255,255,255,255,40,0,0,0,2,0,83,60,255,255,255,255,0,0,1,0,83,60,255,255,255,255,0,0,1,0,83,60,255,255,255,255,0,0,2,0,83,60,255,255,255,255,0,0,255,255,1,1,0,0,0,0,2,0,154,0,48,0,123,0,69,0,48,0,66,0,51,0,49,0,50,0,55,0,65,0,45,0,68,0,70,0,68,0,48,0,45,0,49,0,49,0,68,0,51,0,45,0,65,0,67,0,68,0,57,0,45,0,57,0,48,0,48,0,57,0,51,0,54,0,68,0,51,0,66,0,53,0,50,0,54,0,125,0,123,0,69,0,48,0,66,0,51,0,49,0,50,0,55,0,52,0,45,0,68,0,70,0,68,0,48,0,45,0,49,0,49,0,68,0,51,0,45,0,65,0,67,0,68,0,57,0,45,0,57,0,48,0,48,0,57,0,51,0,54,0,68,0,51,0,66,0,53,0,50,0,54,0,125,0,0,0,0,0,0,0,223,0,0,0,0,255,255,255,255,1,1,104,0,0,0,2,129,254,255,48,0,0,0,255,255,255,255,40,0,0,0,0,0,255,255,0,0,0,0,0,0,0,0,255,255,255,255,255,255,255,255,0,0,0,0,29,0,0,0,36,0,0,0,2,129,254,255,255,255,255,255,255,255,255,255,88,0,0,0,0,0,255,255,48,0,0,0,0,0,0,0,255,255,255,255,255,255,255,255,0,0,0,0,29,0,12,0,36,0,0,0,255,255,255,255,24,0,0,0,0,0,255,255,0,0,2,0,0,0,0,0,0,0,255,255,255,255,255,255,255,255,255,255,255,255,0,0,0,0,255,255,255,255,255,255,255,255,255,255,255,255,255,255,255,255,48,0,0,0,255,255,255,255,255,255,255,255,255,255,255,255,255,255,255,255,0,0,0,0,0,0,0,0,255,255,255,255,255,255,255,255,0,0,0,0,255,255,255,255,255,255,255,255,255,255,255,255,255,255,255,255,255,255,255,255,255,255,255,255,255,255,255,255,255,255,77,69,0,0,255,255,255,255,255,255,0,0,0,0,255,255,0,0,0,0,255,255,1,1,0,0,0,0,22,0,0,0,0,0,0,0,0,0,0,0,0,0,0,0,0,0,0,0,0,0,0,0,0,0,0,0,0,0,0,0,0,0,0,0,0,0,0,0,0,0,0,0,0,0,0,0,0,0,0,0,0,0,0,0,0,0,0,0,254,202,1,0,22,0,0,128,9,0,0,0,0,0,255,255,255,255,0,128,9,0,0,0,0,0,255,255,255,255,0,128,9,0,0,0,0,0,255,255,255,255,0,128,9,0,0,0,0,0,255,255,255,255,0,128,9,0,0,0,0,0,255,255,255,255,0,128,9,0,0,0,0,0,255,255,255,255,0,128,9,0,0,0,0,0,255,255,255,255,0,128,9,0,0,0,0,0,255,255,255,255,0,128,9,0,0,0,0,0,255,255,255,255,0,128,9,0,0
0,1,22,1,0,0,182,0,255,255,1,1,0,0,0,0,255,255,255,255,0,0,0,0,255,255,255,255,255,255,0,0,0,0,0,0,0,0,0,0,0,0,0,0,0,0,0,0,0,0,0,0,0,0,0,0,0,0,0,0,0,0,0,0,0,0,0,0,0,0,0,0,0,0,0,0,0,0,0,0,0,0,16,0,0,0,3,0,0,0,5,0,0,0,7,0,0,0,255,255,255,255,255,255,255,255,1,1,8,0,0,0,255,255,255,255,120,0,0,0,222,0,0,0,137,2,0,0,207,1,0,0,255,255,255,255,0,0,0,0,1,0,0,0,101,25,99,25,0,0,255,255,163,0,0,0,136,0,0,0,8,0,0,0,0,0,0,0,0,0,0,0,0,0,0,0,0,0,0,0,0,0,0,0,0,0,0,0,0,0,0,0,0,255,255,0,0,165,2,0,0,214,0,0,0,214,0,0,0,249,2,0,0,0,0,255,255,255,255,0,0,0,0,223,0,255,255,0,0,0,0,12,0,255,255,255,255,255,255,255,255,255,255,255,255,255,255,255,255,255,255,255,255,255,255,255,255,255,255,255,255,255,255,255,255,255,255,255,255,255,255,255,255,255,255,255,255,255,255,255,255,255,255,255,255,255,255,255,255,255,255,255,255,255,255,255,255,255,255,255,255,255,255,255,255,255,255,255,255,255,255,255,255,255,255,255,255,255,255,255,255,255,255,255,255,255,255,255,255,255,255,255,255,255,255,255,255,255,255,255,255,255,255,255,255,255,255,255,255,255,255,255,255,255,255,255,255,255,255,255,255,40,0,0,0,2,0,83,34,255,255,255,255,0,0,1,0,83,16,255,255,255,255,0,0,1,0,83,34,255,255,255,255,0,0,0,0,2,60,255,255,255,255,0,0,255,255,1,1,0,0,0,0,1,0,40,0,49,0,78,0,111,0,114,0,109,0,97,0,108,0,46,0,84,0,104,0,105,0,115,0,68,0,111,0,99,0,117,0,109,0,101,0,110,0,116,0,0,0,0,0,0,0,223,0,0,0,0,255,255,255,255,1,1,56,0,0,0,2,129,254,255,255,255,255,255,255,255,255,255,40,0,0,0,0,0,255,255,0,0,0,0,0,0,0,0,255,255,255,255,255,255,255,255,0,0,0,0,29,0,0,0,36,0,0,0,255,255,255,255,72,0,0,0,0,0,255,255,0,0,1,0,0,0,0,0,0,0,255,255,255,255,255,255,255,255,255,255,255,255,0,0,0,0,255,255,255,255,255,255,255,255,255,255,255,255,255,255,255,255,0,0,0,0,255,255,255,255,255,255,255,255,255,255,255,255,255,255,255,255,0,0,0,0,0,0,0,0,255,255,255,255,255,255,255,255,0,0,0,0,255,255,255,255,255,255,255,255,255,255,255,255,255,255,255,255,255,255,255,255,255,255,255,255,255,255,255,255,255,255,77,69,0,0,255,255,255,255,255,255,0,0,0,0,255,255,0,0,0,0,255,255,1,1,0,0,0,0,0,0,0,0,0,0,0,0,0,0,0,0,0,0,0,0,0,0,0,0,0,0,0,0,0,0,0,0,0,0,0,0,0,0,0,0,0,0,0,0,0,0,0,0,0,0,0,0,0,0,0,0,0,0,0,0,0,0,0,0,254,202,1,0,0,0,255,255,255,255,1,1,8,0,0,0,255,255,255,255,120,0,0,0,1,138,176,0,65,116,116,114,105,98,117,116,0,101,32,86,66,95,78,97,109,0,101,32,61,32,34,84,104,105,0,115,68,111,99,117,109,101,110,16,116,34,13,10,10,140,66,97,115,1,2,140,49,78,111,114,109,97,108,2,46,25,86,67,114,101,97,116,97,4,98,108,1,96,70,97,108,115,101,1,12,150,80,114,101,100,101,99,108,18,97,0,6,73,100,0,120,84,114,117,129,13,34,69,120,112,111,115,101,20,28,0,84,101,109,112,108,97,116,101,32,68,101,114,105,118,21,36,67,117,192,115,116,111,109,105,122,4,135,3,99,0,22,0,0,128,9,0,0,0,0,0,255,255,255,255,0,128,9,0,0,0,0,0,255,255,255,255,0,128,9,0,0,0,0,0,255,255,255,255,0,128,9,0,0,0,0,0,255,255,255,255,0,128,9,0,0,0,0,0,255,255,255,255,0,128,9,0,0,0,0,0,255,255,255,255,0,128,9,0,0,0,0,0,255,255,255,255,0,128,9,0,0,0,0,0,255,255,255,255,0,128,9,0,0,0,0,0,255,255,255,255,0,128,9,0,0
1,204,97,94,0,0,1,0,255,9,4,0,0,9,4,0,0,228,4,1,0,0,0,0,0,0,0,0,0,1,0,6,0,2,0,22,1,42,0,92,0,71,0,123,0,48,0,48,0,48,0,50,0,48,0,52,0,69,0,70,0,45,0,48,0,48,0,48,0,48,0,45,0,48,0,48,0,48,0,48,0,45,0,67,0,48,0,48,0,48,0,45,0,48,0,48,0,48,0,48,0,48,0,48,0,48,0,48,0,48,0,48,0,52,0,54,0,125,0,35,0,51,0,46,0,48,0,35,0,57,0,35,0,67,0,58,0,92,0,80,0,82,0,79,0,71,0,82,0,65,0,77,0,32,0,70,0,73,0,76,0,69,0,83,0,92,0,67,0,79,0,77,0,77,0,79,0,78,0,32,0,70,0,73,0,76,0,69,0,83,0,92,0,77,0,73,0,67,0,82,0,79,0,83,0,79,0,70,0,84,0,32,0,83,0,72,0,65,0,82,0,69,0,68,0,92,0,86,0,66,0,65,0,92,0,86,0,66,0,65,0,51,0,51,0,50,0,46,0,68,0,76,0,76,0,35,0,86,0,105,0,115,0,117,0,97,0,108,0,32,0,66,0,97,0,115,0,105,0,99,0,32,0,70,0,111,0,114,0,32,0,65,0,112,0,112,0,108,0,105,0,99,0,97,0,116,0,105,0,111,0,110,0,115,0,0,0,0,0,0,0,0,0,0,0,0,0,16,1,42,0,92,0,71,0,123,0,48,0,48,0,48,0,50,0,48,0,57,0,48,0,53,0,45,0,48,0,48,0,48,0,48,0,45,0,48,0,48,0,48,0,48,0,45,0,67,0,48,0,48,0,48,0,45,0,48,0,48,0,48,0,48,0,48,0,48,0,48,0,48,0,48,0,48,0,52,0,54,0,125,0,35,0,56,0,46,0,48,0,35,0,52,0,48,0,57,0,35,0,67,0,58,0,92,0,80,0,114,0,111,0,103,0,114,0,97,0,109,0,32,0,70,0,105,0,108,0,101,0,115,0,92,0,77,0,105,0,99,0,114,0,111,0,115,0,111,0,102,0,116,0,32,0,79,0,102,0,102,0,105,0,99,0,101,0,92,0,79,0,102,0,102,0,105,0,99,0,101,0,92,0,77,0,83,0,87,0,79,0,82,0,68,0,56,0,46,0,79,0,76,0,66,0,35,0,77,0,105,0,99,0,114,0,111,0,115,0,111,0,102,0,116,0,32,0,87,0,111,0,114,0,100,0,32,0,56,0,46,0,48,0,32,0,79,0,98,0,106,0,101,0,99,0,116,0,32,0,76,0,105,0,98,0,114,0,97,0,114,0,121,0,0,0,0,0,0,0,0,0,0,0,0,0,184,0,42,0,92,0,71,0,123,0,48,0,48,0,48,0,50,0,48,0,52,0,51,0,48,0,45,0,48,0,48,0,48,0,48,0,45,0,48,0,48,0,48,0,48,0,45,0,67,0,48,0,48,0,48,0,45,0,48,0,48,0,48,0,48,0,48,0,48,0,48,0,48,0,48,0,48,0,52,0,54,0,125,0,35,0,50,0,46,0,48,0,35,0,48,0,35,0,67,0,58,0,92,0,87,0,73,0,78,0,68,0,79,0,87,0,83,0,92,0,83,0,89,0,83,0,84,0,69,0,77,0,92,0,83,0,84,0,68,0,79,0,76,0,69,0,50,0,46,0,84,0,76,0,66,0,35,0,79,0,76,0,69,0,32,0,65,0,117,0,116,0,111,0,109,0,97,0,116,0,105,0,111,0,110,0,0,0,0,0,0,0,0,0,0,0,0,0,224,0,42,0,92,0,71,0,123,0,67,0,70,0,54,0,70,0,65,0,48,0,65,0,65,0,45,0,68,0,70,0,67,0,70,0,45,0,49,0,49,0,68,0,51,0,45,0,65,0,67,0,68,0,57,0,45,0,57,0,48,0,48,0,57,0,51,0,54,0,68,0,51,0,66,0,53,0,50,0,54,0,125,0,35,0,50,0,46,0,48,0,35,0,48,0,35,0,67,0,58,0,92,0,87,0,73,0,78,0,68,0,79,0,87,0,83,0,92,0,83,0,89,0,83,0,84,0,69,0,77,0,92,0,77,0,83,0,70,0,111,0,114,0,109,0,115,0,46,0,84,0,87,0,68,0,35,0,77,0,105,0,99,0,114,0,111,0,115,0,111,0,102,0,116,0,32,0,70,0,111,0,114,0,109,0,115,0,32,0,50,0,46,0,48,0,32,0,79,0,98,0,106,0,101,0,99,0
1,1,219,178,128,1,0,4,0,0,0,1,0,48,42,2,2,144,9,0,112,20,6,72,3,0,130,2,0,100,228,4,4,0,7,0,28,0,80,114,111,106,101,99,116,5,81,0,40,0,0,64,2,20,6,2,20,61,173,2,10,7,2,108,1,20,8,6,18,9,2,18,128,187,220,162,56,3,0,12,2,74,18,60,2,10,22,0,1,114,115,116,100,16,111,108,101,62,2,25,115,0,116,0,0,100,0,111,0,108,0,101,80,0,13,0,102,0,37,92,0,3,42,0,92,71,123,48,48,48,50,48,176,52,51,48,45,0,8,4,4,67,0,10,3,2,14,1,18,48,48,52,54,125,35,0,50,46,48,35,48,35,67,58,0,92,87,73,78,68,79,87,83,0,92,83,89,83,84,69,77,92,0,83,84,68,79,76,69,50,46,16,84,76,66,35,0,8,32,65,117,0,116,111,109,97,116,105,111,110,11,0,94,0,2,22,2,109,77,83,70,111,64,114,109,115,62,0,14,0,9,77,16,0,83,0,70,0,69,114,0,109,64,0,115,0,47,0,122,128,9,112,3,128,1,1,70,67,70,54,70,65,48,0,65,65,45,68,70,67,70,45,0,49,49,68,51,45,65,67,68,0,57,45,57,48,48,57,51,54,96,68,51,66,53,50,24,70,4,51,46,0,84,87,68,35,77,105,99,114,64,111,115,111,102,116,32,2,61,32,17,0,96,32,79,98,1,176,32,76,105,224,98,114,97,114,121,0,57,0,1,30,80,104,48,0,144,0,19,114,128,1,8,80,68,3,44,80,128,74,80,92,86,66,69,92,9,133,40,69,88,167,40,225,46,69,13,0,143,224,26,16,133,46,2,96,176,140,77,11,180,129,147,67,120,78,64,85,84,97,108,67,120,78,132,84,97,192,120,14,212,0,32,192,43,9,194,44,67,3,9,10,3,18,180,64,140,4,0,195,16,79,102,102,20,105,99,68,137,79,64,134,102,0,105,44,0,99,66,137,193,61,134,194,16,71,123,0,50,68,70,56,68,48,52,67,0,45,53,66,70,65,45,49,48,128,49,66,45,66,68,69,53,64,137,84,65,65,64,136,52,192,2,50,72,137,80,0,82,79,71,82,65,77,32,70,0,73,76,69,83,92,77,73,67,0,82,79,83,79,70,84,32,79,64,70,70,73,67,69,92,132,1,77,0,83,79,57,55,46,68,76,76,67,72,107,131,35,32,56,46,48,146,107,15,17,130,204,3,0,19,194,1,101,25,25,1,66,183,84,104,105,115,68,111,99,64,117,109,101,110,116,26,78,4,50,68,0,24,64,49,84,0,104,64,54,115,68,0,68,192,73,99,0,117,0,159,101,20,0,110,64,197,28,192,6,0,0,72,213,66,1,49,194,211,249,64,229,30,66,2,1,5,162,44,66,26,99,25,34,66,8,43,66,1,4,25,0,65,233,66,101,110,99,104,162,26,135,2,50,0,10,64,7,66,192,78,18,110,64,80,104,0,79,22,15,13,0,98,0,45,11,97,25,33,98,10,37,11,8,131,97,8,33,11,70,114,109,26,0,169,1,152,50,0,16,97,3,230,11,70,0,65,104,169,175,12,163,4,175,12,121,228,23,40,32,8,12,0,0,99,13,161,9,0,0,0,83,0,84,0,69,0,77,0,92,0,83,0,84,0,68,0,79,0,76,0,69,0,50,0,46,0,84,0,76,0,66,0,35,0,79,0,76,0,69,0,32,0,65,0,117,0,116,0,111,0,109,0,97,0,116,0,105,0,111,0,110,0,0,0,0,0,0,0,0,0,0,0,0,0,224,0,42,0,92,0,71,0,123,0,67,0,70,0,54,0,70,0,65,0,48,0,65,0,65,0,45,0,68,0,70,0,67,0,70,0,45,0,49,0,49,0,68,0,51,0,45,0,65,0,67,0,68,0,57,0,45,0,57,0,48,0,48,0,57,0,51,0,54,0,68,0,51,0,66,0,53,0,50,0,54,0,125,0,35,0,50,0,46,0,48,0,35,0,48,0,35,0,67,0,58,0,92,0,87,0,73,0,78,0,68,0,79,0,87,0,83,0,92,0,83,0,89,0,83,0,84,0,69,0,77,0,92,0,77,0,83,0,70,0,111,0,114,0,109,0,115,0,46,0,84,0,87,0,68,0,35,0,77,0,105,0,99,0,114,0,111,0,115,0,111,0,102,0,116,0,32,0,70,0,111,0,114,0,109,0,115,0,32,0,50,0,46,0,48,0,32,0,79,0,98,0,106,0,101,0,99,0
0,236,165,193,0,71,0,9,4,0,0,8,18,191,0,0,0,0,0,0,16,0,0,0,0,0,4,0,0,77,10,0,0,14,0,98,106,98,106,142,217,142,217,0,0,0,0,0,0,0,0,0,0,0,0,0,0,0,0,0,0,9,4,22,0,30,22,0,0,236,179,1,0,236,179,1,0,222,5,0,0,110,0,0,0,0,0,0,0,0,0,0,0,0,0,0,0,0,0,0,0,0,0,0,0,0,0,0,0,255,255,15,0,0,0,0,0,0,0,0,0,255,255,15,0,0,0,0,0,0,0,0,0,255,255,15,0,0,0,0,0,0,0,0,0,0,0,0,0,0,0,0,0,93,0,0,0,0,0,214,3,0,0,0,0,0,0,214,3,0,0,214,3,0,0,16,0,0,0,230,3,0,0,16,0,0,0,38,4,0,0,0,0,0,0,38,4,0,0,0,0,0,0,38,4,0,0,20,0,0,0,0,0,0,0,0,0,0,0,106,4,0,0,0,0,0,0,106,4,0,0,0,0,0,0,106,4,0,0,0,0,0,0,106,4,0,0,0,0,0,0,106,4,0,0,12,0,0,0,118,4,0,0,28,0,0,0,106,4,0,0,0,0,0,0,103,15,0,0,246,0,0,0,158,4,0,0,22,0,0,0,180,4,0,0,0,0,0,0,180,4,0,0,0,0,0,0,180,4,0,0,0,0,0,0,180,4,0,0,0,0,0,0,180,4,0,0,0,0,0,0,180,4,0,0,0,0,0,0,180,4,0,0,0,0,0,0,94,8,0,0,253,4,0,0,91,13,0,0,0,0,0,0,91,13,0,0,0,0,0,0,91,13,0,0,43,0,0,0,134,13,0,0,212,0,0,0,90,14,0,0,212,0,0,0,46,15,0,0,36,0,0,0,93,16,0,0,244,1,0,0,81,18,0,0,188,0,0,0,82,15,0,0,21,0,0,0,0,0,0,0,0,0,0,0,0,0,0,0,0,0,0,0,38,4,0,0,0,0,0,0,180,4,0,0,0,0,0,0,0,0,0,0,0,0,0,0,0,0,0,0,0,0,0,0,180,4,0,0,0,0,0,0,180,4,0,0,0,0,0,0,180,4,0,0,0,0,0,0,180,4,0,0,0,0,0,0,82,15,0,0,0,0,0,0,180,4,0,0,0,0,0,0,38,4,0,0,0,0,0,0,38,4,0,0,0,0,0,0,180,4,0,0,0,0,0,0,0,0,0,0,0,0,0,0,180,4,0,0,0,0,0,0,158,4,0,0,0,0,0,0,180,4,0,0,0,0,0,0,180,4,0,0,0,0,0,0,180,4,0,0,0,0,0,0,180,4,0,0,0,0,0,0,38,4,0,0,0,0,0,0,180,4,0,0,0,0,0,0,38,4,0,0,0,0,0,0,180,4,0,0,0,0,0,0,94,8,0,0,0,0,0,0,0,0,0,0,0,0,0,0,0,0,0,0,0,0,0,0,58,4,0,0,24,0,0,0,82,4,0,0,24,0,0,0,246,3,0,0,24,0,0,0,14,4,0,0,24,0,0,0,38,4,0,0,0,0,0,0,38,4,0,0,0,0,0,0,180,4,0,0,0,0,0,0,94,8,0,0,0,0,0,0,180,4,0,0,170,3,0,0,180,4,0,0,0,0,0,0,0,0,0,0,0,0,0,0,94,8,0,0,0,0,0,0,38,4,0,0,0,0,0,0,38,4,0,0,0,0,0,0,0,0,0,0,0,0,0,0,0,0,0,0,0,0,0,0,0,0,0,0,0,0,0,0,0,0,0,0,0,0,0,0,0,0,0,0,0,0,0,0,0,0,0,0,0,0,0,0,0,0,0,0,0,0,0,0,94,8,0,0,0,0,0,0,180,4,0,0,0,0,0,0,146,4,0,0,12,0,0,0,160,106,116,165,221,115,191,1,106,4,0,0,0,0,0,0,106,4,0,0,0,0,0,0,180,4,0,0,0,0,0,0,94,8,0,0,0,0,0,0,0,0,0,0,0,0,0,0,0,0,0,0,0,0,0,0,0,0,0,0,0,0,0,0,0,0,0,0,0,0,0,0,0,0,0,0,0,0,0,0,0,0,0,0,0,0,0,0,0,0,0,0,0,0,0,0,0,0,0,0,0,0,0,0,0,0,0,0,0,0,0,0,0,0,0,0,0,0,0,0,0,0,0,0,0,0,0,0,0,0,0,0,0,0,0,0,0,0,0,0,0,0,0,0,0,0,0,0,0,0,0,0,0,0,0,0,0,0,0,0,0,0,0,0,0,0,0,0
