0,1,0,254,255,3,10,0,0,255,255,255,255,6,9,2,0,0,0,0,0,192,0,0,0,0,0,0,70,28,0,0,0,77,105,99,114,111,115,111,102,116,32,87,111,114,100,32,57,55,45,50,48,48,51,32,206,196,181,181,0,10,0,0,0,,,,,,,,,,,,,,,,,,,,,,,,,,,,,,,,,,,,,,,,,,,,,,,,,,,,,,,,,,,,,,,,,,,,,,,,,,,,,,,,,,,,,,,,,,,,,,,,,,,,,,,,,,,,,,,,,,,,,,,,,,,,,,,,,,,,,,,,,,,,,,,,,,,,,,,,,,,,,,,,,,,,,,,,,,,,,,,,,,,,,,,,,,,,,,,,,,,,,,,,,,,,,,,,,,,,,,,,,,,,,,,,,,,,,,,,,,,,,,,,,,,,,,,,,,,,,,,,,,,,,,,,,,,,,,,,,,,,,,,,,,,,,,,,,,,,,,,,,,,,,,,,,,,,,,,,,,,,,,,,,,,,,,,,,,,,,,,,,,,,,,,,,,,,,,,,,,,,,,,,,,,,,,,,,,,,,,,,,,,,,,,,,,,,,,,,,,,,,,,,,,,,,,,,,,,,,,,,,,,,,,,,,,,,,,,,,,,,,,,,,,,,,,,,,,,,,,,,,,,,,,,,,,,,,,,,,,,,,,,,,,,,,,,,,,,,,,,,,,,,,,,,,,,,,,,,,,,,,,,,,,,,,,,,,,,,,,,,,,,,,,,,,,,,,,,,,,,,,,,,,,,,,,,,,,,,,,,,,,,,,,,,,,,,,,,,,,,,,,,,,,,,,,,,,,,,,,,,,,,,,,,,,,,,,,,,,,,,,,,,,,,,,,,,,,,,,,,,,,,,,,,,,,,,,,,,,,,,,,,,,,,,,,,,,,,,,,,,,,,,,,,,,,,,,,,,,,,,,,,,,,,,,,,,,,,,,,,,,,,,,,,,,,,,,,,,,,,,,,,,,,,,,,,,,,,,,,,,,,,,,,,,,,,,,,,,,,,,,,,,,,,,,,,,,,,,,,,,,,,,,,,,,,,,,,,,,,,,,,,,,,,,,,,,,,,,,,,,,,,,,,,,,,,,,,,,,,,,,,,,,,,,,,,,,,,,,,,,,,,,,,,,,,,,,,,,,,,,,,,,,,,,,,,,,,,,,,,,,,,,,,,,,,,,,,,,,,
0,254,255,0,0,6,1,2,0,0,0,0,0,0,0,0,0,0,0,0,0,0,0,0,0,2,0,0,0,2,213,205,213,156,46,27,16,147,151,8,0,43,44,249,174,68,0,0,0,5,213,205,213,156,46,27,16,147,151,8,0,43,44,249,174,248,0,0,0,180,0,0,0,10,0,0,0,1,0,0,0,88,0,0,0,15,0,0,0,96,0,0,0,5,0,0,0,116,0,0,0,6,0,0,0,124,0,0,0,17,0,0,0,132,0,0,0,23,0,0,0,140,0,0,0,11,0,0,0,148,0,0,0,16,0,0,0,156,0,0,0,19,0,0,0,164,0,0,0,22,0,0,0,172,0,0,0,2,0,0,0,168,3,0,0,30,0,0,0,12,0,0,0,77,105,99,114,111,115,111,102,116,0,0,0,3,0,0,0,79,0,0,0,3,0,0,0,22,0,0,0,3,0,0,0,177,43,0,0,3,0,0,0,0,0,14,0,11,0,0,0,0,0,0,0,11,0,0,0,0,0,0,0,11,0,0,0,0,0,0,0,11,0,0,0,0,0,0,0,164,0,0,0,4,0,0,0,0,0,0,0,40,0,0,0,1,0,0,0,83,0,0,0,2,0,0,0,91,0,0,0,3,0,0,0,119,0,0,0,2,0,0,0,2,0,0,0,19,0,0,0,75,83,79,80,114,111,100,117,99,116,66,117,105,108,100,86,101,114,0,3,0,0,0,4,0,0,0,73,67,86,0,2,0,0,0,168,3,0,0,30,0,0,0,20,0,0,0,50,48,53,50,45,49,49,46,49,46,48,46,49,48,57,51,56,0,0,0,30,0,0,0,36,0,0,0,53,49,56,51,55,66,48,48,49,70,48,54,52,51,70,50,66,53,48,54,56,53,48,57,51,56,51,56,66,48,68,52,0,0,0,0,0,0,0,0,0,0,0,0,0,0,0,0,0,0,0,0,0,0,0,0,0,0,0,0,0,0,0,0,0,0,0,0,0,0,0,0,0,0,0,0,0,0,0,0,0,0,0,0,0,0,0,0,0,0,0,0,0,0,0,0,0,0,0,0,0,0,0,0,0,0,0,0,0,0,0,0,0,0,0,0,0,0,0,0,0,0,0,0,0,0,0,0,0,0,0,0,0,0,0,0,0,0,0,0,0,0,0,0,0,0,0,0,0,0,0,0,0,0,0,0,0,0,0,0,0,0,0,0,0,0,0,0,0,0,0,0,0,0,0,0,0,0,0,0,0,0,0,0,0,0,0,0,0,0,0,0,0,0,0,0,0,0,0,0,0,0,0,0,0,0,0,0,0,0,0,0,0,0,0,0,0,0,0,0,0,0,0,0,0,0,0,0,0,0,0,0,0,0,0,0,0,0,0,0,0,0,0,0,0,0,0,0,0,0,0,0,0,0,0,0,0,0,0,0,0,0,0,0,0,0,0,0,0,0,0,0,0,0,0,0,0,0,0,0,0,0,0,0,0,0,0,0,0,0,0,0,0,0,0,0,0,0,0,0,0,0,0,0,0,0,0,0,0,0,0,0,0,0,0,0,0,0,0,0,0,0,0,0,0,0,0,0,0,0,0,0,0,0,0,0,0,0,0,0,0,0,0,0,0,0,0,0,0,0,0,0,0,0,0,0,0,0,0,0,0,0,0,0,0,0,0,0,0,0,0,0,0,0,0,0,0,0,0,0,0,0,0,0,0,0,0,0,0,0,0,0,0,0,0,0,0,0,0,0,0,0,0,0,0,0,0,0,0,0,0,0,0,0,0,0,0,0,0,0,0,0,0,0,0,0,0,0,0,0,0,0,0,0,0,0,0,0,0,0,0,0,0,0,0,0,0,0,0,0,0,0,0,0,0,0,0,0,0,0,0,0,0,0,0,0,0,0,0,0,0,0,0,0,0,0,0,0,0,0,0,0,0,0,0,0,0,0,0,0,0,0,0,0,0,0,0,0,0,0,0,0,0,0,0,0,0,0,0,0,0,0,0,0,0,0,0,0,0,0,0,0,0,0,0,0,0,0,0,0,0,0,0,0,0,0,0,0,0,0,0,0,0,0,0,0,0,0,0,0,0,0,0,0,0,0,0,0,0,0,0,0,0,0,0,0,0,0,0,0,0,0,0,0,0,0,0,0,0,0,0,0,0,0,0,0,0,0,0,0,0,0,0,0,0,0,0,0,0,0,0,0,0,0,0,0,0,0,0,0,0,0,0,0,0,0,0,0,0,0,0,0,0,0,0,0,0,0,0,0,0,0,0,0,0,0,0,0,0,0,0,0,0
0,254,255,0,0,6,1,2,0,0,0,0,0,0,0,0,0,0,0,0,0,0,0,0,0,1,0,0,0,224,133,159,242,249,79,104,16,171,145,8,0,43,39,179,217,48,0,0,0,152,1,0,0,17,0,0,0,1,0,0,0,144,0,0,0,2,0,0,0,152,0,0,0,3,0,0,0,212,0,0,0,4,0,0,0,224,0,0,0,5,0,0,0,240,0,0,0,7,0,0,0,252,0,0,0,8,0,0,0,12,1,0,0,9,0,0,0,28,1,0,0,18,0,0,0,40,1,0,0,10,0,0,0,72,1,0,0,11,0,0,0,84,1,0,0,12,0,0,0,96,1,0,0,13,0,0,0,108,1,0,0,14,0,0,0,120,1,0,0,15,0,0,0,128,1,0,0,16,0,0,0,136,1,0,0,19,0,0,0,144,1,0,0,2,0,0,0,168,3,0,0,30,0,0,0,52,0,0,0,204,236,189,242,202,208,210,169,198,183,197,250,183,162,198,243,210,181,161,182,210,169,198,183,190,173,211,170,208,237,191,201,214,164,161,183,185,220,192,237,202,181,202,169,207,184,212,242,0,0,0,0,30,0,0,0,4,0,0,0,0,0,0,0,30,0,0,0,8,0,0,0,85,115,101,114,0,0,0,0,30,0,0,0,4,0,0,0,0,0,0,0,30,0,0,0,8,0,0,0,78,111,114,109,97,108,0,0,30,0,0,0,8,0,0,0,110,117,108,108,0,0,0,0,30,0,0,0,4,0,0,0,51,56,0,0,30,0,0,0,24,0,0,0,77,105,99,114,111,115,111,102,116,32,79,102,102,105,99,101,32,87,111,114,100,0,0,0,64,0,0,0,0,130,53,122,10,0,0,0,64,0,0,0,0,68,27,254,112,178,215,1,64,0,0,0,0,254,87,218,112,178,215,1,64,0,0,0,0,178,81,191,161,178,215,1,3,0,0,0,22,0,0,0,3,0,0,0,136,6,0,0,3,0,0,0,63,37,0,0,3,0,0,0,0,0,0,0,0,0,0,0,0,0,0,0,0,0,0,0,0,0,0,0,0,0,0,0,0,0,0,0,0,0,0,0,0,0,0,0,0,0,0,0,0,0,0,0,0,0,0,0,0,0,0,0,0,0,0,0,0,0,0,0,0,0,0,0,0,0,0,0,0,0,0,0,0,0,0,0,0,0,0,0,0,0,0,0,0,0,0,0,0,0,0,0,0,0,0,0,0,0,0,0,0,0,0,0,0,0,0,0,0,0,0,0,0,0,0,0,0,0,0,0,0,0,0,0,0,0,0,0,0,0,0,0,0,0,0,0,0,0,0,0,0,0,0,0,0,0,0,0,0,0,0,0,0,0,0,0,0,0,0,0,0,0,0,0,0,0,0,0,0,0,0,0,0,0,0,0,0,0,0,0,0,0,0,0,0,0,0,0,0,0,0,0,0,0,0,0,0,0,0,0,0,0,0,0,0,0,0,0,0,0,0,0,0,0,0,0,0,0,0,0,0,0,0,0,0,0,0,0,0,0,0,0,0,0,0,0,0,0,0,0,0,0,0,0,0,0,0,0,0,0,0,0,0,0,0,0,0,0,0,0,0,0,0,0,0,0,0,0,0,0,0,0,0,0,0,0,0,0,0,0,0,0,0,0,0,0,0,0,0,0,0,0,0,0,0,0,0,0,0,0,0,0,0,0,0,0,0,0,0,0,0,0,0,0,0,0,0,0,0,0,0,0,0,0,0,0,0,0,0,0,0,0,0,0,0,0,0,0,0,0,0,0,0,0,0,0,0,0,0,0,0,0,0,0,0,0,0,0,0,0,0,0,0,0,0,0,0,0,0,0,0,0,0,0,0,0,0,0,0,0,0,0,0,0,0,0,0,0,0,0,0,0,0,0,0,0,0,0,0,0,0,0,0,0,0,0,0,0,0,0,0,0,0,0,0,0,0,0,0,0,0,0,0,0,0,0,0,0,0,0,0,0,0,0,0,0,0,0,0,0,0,0,0,0,0,0,0,0,0,0,0,0,0,0,0,0,0,0,0,0,0,0,0,0,0,0,0,0,0,0,0,0,0,0,0,0,0,0,0,0,0,0,0,0,0,0,0,0,0,0,0,0,0,0,0,0,0,0,0,0,0,0,0,0,0,0,0,0,0,0,0,0,0,0,0,0,0,0,0,0,0,0,0,0,0,0,0,0,0,0,0,0,0,0,0,0,0,0,0,0,0,0,0,0,0,0,0,0,0,0,0,0,0,0,0,0,0,0,0,0,0,0,0,0,0,0
0,98,4,23,0,18,0,1,0,11,1,15,0,7,0,0,0,4,0,0,0,0,0,4,0,8,0,0,0,8,0,0,0,14,0,0,0,14,0,0,0,14,0,0,0,14,0,0,0,14,0,0,0,14,0,0,0,14,0,0,0,14,0,0,0,0,0,0,0,0,0,0,0,0,0,0,0,0,0,0,0,0,0,0,0,0,0,0,0,0,0,0,0,0,0,0,0,0,0,0,0,0,0,0,0,0,0,0,0,0,0,0,0,0,0,0,0,0,0,0,0,0,0,0,0,0,0,0,0,0,0,0,0,0,0,0,0,0,0,0,0,0,0,0,0,0,0,0,0,0,0,0,0,0,0,0,0,0,0,0,0,14,0,0,0,0,0,0,0,0,0,0,0,0,0,0,0,0,0,0,0,0,0,0,0,0,0,0,0,0,0,0,0,0,0,0,0,0,0,0,0,0,0,0,0,0,0,0,0,0,0,0,0,0,0,0,0,0,0,0,0,0,0,0,0,0,0,0,0,0,0,0,0,0,0,0,0,0,0,0,0,0,0,0,0,0,0,0,0,0,0,0,0,0,0,0,0,0,0,0,0,0,0,0,0,0,0,0,0,0,0,0,0,8,0,0,0,0,0,0,0,0,0,0,0,2,0,0,0,0,0,0,0,0,0,0,0,0,0,0,0,0,0,0,0,0,0,0,0,0,0,0,0,0,0,0,0,0,0,0,0,8,0,0,0,0,0,0,0,0,0,0,0,0,0,0,0,0,0,0,0,0,0,0,0,0,0,0,0,0,0,0,0,0,0,0,0,0,0,0,0,0,0,0,0,0,0,0,0,0,0,0,0,8,0,0,0,8,0,0,0,0,0,0,0,0,0,0,0,0,0,0,0,54,6,0,0,54,6,0,0,8,0,0,0,0,0,0,0,0,0,0,0,0,0,0,0,0,0,0,0,0,0,0,0,0,0,0,0,0,0,0,0,0,0,0,0,0,0,0,0,0,0,0,0,2,0,0,0,0,0,0,0,54,6,0,0,54,6,0,0,54,6,0,0,54,6,0,0,0,0,0,0,0,0,0,0,0,0,0,0,0,0,0,0,0,0,0,0,0,0,0,0,0,0,0,0,0,0,0,0,0,0,0,0,0,0,0,0,0,0,0,0,0,0,0,0,0,0,0,0,0,0,0,0,0,0,0,0,0,0,0,0,0,0,0,0,0,0,0,0,0,0,0,0,0,0,0,0,0,0,0,0,0,0,0,0,0,0,0,0,0,0,0,0,0,0,0,0,0,0,0,0,0,0,0,0,0,0,0,0,0,0,0,0,0,0,0,0,0,0,0,0,0,0,0,0,0,0,0,0,0,0,0,0,0,0,0,0,0,0,0,0,0,0,0,0,0,0,0,0,0,0,0,0,0,0,0,0,0,0,0,0,0,0,0,0,2,0,0,0,0,0,0,0,0,0,0,0,54,6,0,0,56,6,0,0,192,3,0,0,208,3,0,0,224,3,0,0,240,3,0,0,0,4,0,0,16,4,0,0,32,4,0,0,48,4,0,0,64,4,0,0,80,4,0,0,96,4,0,0,112,4,0,0,128,4,0,0,144,4,0,0,192,3,0,0,208,3,0,0,224,3,0,0,240,3,0,0,0,4,0,0,16,4,0,0,54,6,0,0,56,6,0,0,56,6,0,0,56,6,0,0,32,4,0,0,48,4,0,0,64,4,0,0,80,4,0,0,96,4,0,0,112,4,0,0,128,4,0,0,144,4,0,0,192,3,0,0,208,3,0,0,224,3,0,0,240,3,0,0,0,4,0,0,16,4,0,0,32,4,0,0,48,4,0,0,64,4,0,0,80,4,0,0,96,4,0,0,112,4,0,0,128,4,0,0,144,4,0,0,192,3,0,0,208,3,0,0,224,3,0,0,240,3,0,0,0,4,0,0,16,4,0,0,32,4,0,0,48,4,0,0,64,4,0,0,80,4,0,0,96,4,0,0,112,4,0,0,128,4,0,0,144,4,0,0,192,3,0,0,208,3,0,0,224,3,0,0,240,3,0,0,0,4,0,0,16,4,0,0,32,4,0,0,48,4,0,0,64,4,0,0,80,4,0,0,96,4,0,0,112,4,0,0,128,4,0,0,144,4,0,0,192,3,0,0,208,3,0,0,224,3,0,0,240,3,0,0,0,4,0,0,16,4,0,0,32,4,0,0,48,4,0,0,64,4,0,0,80,4,0,0,96,4,0,0,112,4,0,0,128,4,0,0,144,4,0,0,192,3,0,0,208,3,0,0,224,3
0,73,68,61,34,123,53,48,53,65,56,49,67,65,45,48,54,49,68,45,52,66,65,66,45,66,54,67,66,45,56,55,55,69,50,66,49,70,56,68,51,66,125,34,13,10,68,111,99,117,109,101,110,116,61,84,104,105,115,68,111,99,117,109,101,110,116,47,38,72,48,48,48,48,48,48,48,48,13,10,78,97,109,101,61,34,80,114,111,106,101,99,116,34,13,10,72,101,108,112,67,111,110,116,101,120,116,73,68,61,34,48,34,13,10,86,101,114,115,105,111,110,67,111,109,112,97,116,105,98,108,101,51,50,61,34,51,57,51,50,50,50,48,48,48,34,13,10,67,77,71,61,34,57,70,57,68,57,51,51,54,65,68,52,65,52,56,52,69,52,56,52,69,52,56,52,69,52,56,52,69,34,13,10,68,80,66,61,34,51,69,51,67,51,50,68,55,52,69,69,57,69,67,69,65,69,67,69,65,69,67,34,13,10,71,67,61,34,68,68,68,70,68,49,55,52,69,70,49,50,70,48,49,50,70,48,69,68,34,13,10,13,10,91,72,111,115,116,32,69,120,116,101,110,100,101,114,32,73,110,102,111,93,13,10,38,72,48,48,48,48,48,48,48,49,61,123,51,56,51,50,68,54,52,48,45,67,70,57,48,45,49,49,67,70,45,56,69,52,51,45,48,48,65,48,67,57,49,49,48,48,53,65,125,59,86,66,69,59,38,72,48,48,48,48,48,48,48,48,13,10,13,10,91,87,111,114,107,115,112,97,99,101,93,13,10,84,104,105,115,68,111,99,117,109,101,110,116,61,48,44,32,48,44,32,48,44,32,48,44,32,67,13,10,0,0,0,8,0,0,0,0,0,0,0,0,0,0,0,0,0,0,0,54,6,0,0,54,6,0,0,8,0,0,0,0,0,0,0,0,0,0,0,0,0,0,0,0,0,0,0,0,0,0,0,0,0,0,0,0,0,0,0,0,0,0,0,0,0,0,0,0,0,0,0,2,0,0,0,0,0,0,0,54,6,0,0,54,6,0,0,54,6,0,0,54,6,0,0,0,0,0,0,0,0,0,0,0,0,0,0,0,0,0,0,0,0,0,0,0,0,0,0,0,0,0,0,0,0,0,0,0,0,0,0,0,0,0,0,0,0,0,0,0,0,0,0,0,0,0,0,0,0,0,0,0,0,0,0,0,0,0,0,0,0,0,0,0,0,0,0,0,0,0,0,0,0,0,0,0,0,0,0,0,0,0,0,0,0,0,0,0,0,0,0,0,0,0,0,0,0,0,0,0,0,0,0,0,0,0,0,0,0,0,0,0,0,0,0,0,0,0,0,0,0,0,0,0,0,0,0,0,0,0,0,0,0,0,0,0,0,0,0,0,0,0,0,0,0,0,0,0,0,0,0,0,0,0,0,0,0,0,0,0,0,0,0,2,0,0,0,0,0,0,0,0,0,0,0,54,6,0,0,56,6,0,0,192,3,0,0,208,3,0,0,224,3,0,0,240,3,0,0,0,4,0,0,16,4,0,0,32,4,0,0,48,4,0,0,64,4,0,0,80,4,0,0,96,4,0,0,112,4,0,0,128,4,0,0,144,4,0,0,192,3,0,0,208,3,0,0,224,3,0,0,240,3,0,0,0,4,0,0,16,4,0,0,54,6,0,0,56,6,0,0,56,6,0,0,56,6,0,0,32,4,0,0,48,4,0,0,64,4,0,0,80,4,0,0,96,4,0,0,112,4,0,0,128,4,0,0,144,4,0,0,192,3,0,0,208,3,0,0,224,3,0,0,240,3,0,0,0,4,0,0,16,4,0,0,32,4,0,0,48,4,0,0,64,4,0,0,80,4,0,0,96,4,0,0,112,4,0,0,128,4,0,0,144,4,0,0,192,3,0,0,208,3,0,0,224,3,0,0,240,3,0,0,0,4,0,0,16,4,0,0,32,4,0,0,48,4,0,0,64,4,0,0,80,4,0,0,96,4,0,0,112,4,0,0,128,4,0,0,144,4,0,0,192,3,0,0,208,3,0,0,224,3,0,0,240,3,0,0,0,4,0,0,16,4,0,0,32,4,0,0,48,4,0,0,64,4,0,0,80,4,0,0,96,4,0,0,112,4,0,0,128,4,0,0,144,4,0,0,192,3,0,0,208,3,0,0,224,3,0,0,240,3,0,0,0,4,0,0,16,4,0,0,32,4,0,0,48,4,0,0,64,4,0,0,80,4,0,0,96,4,0,0,112,4,0,0,128,4,0,0,144,4,0,0,192,3,0,0,208,3,0,0,224,3
0,84,104,105,115,68,111,99,117,109,101,110,116,0,84,0,104,0,105,0,115,0,68,0,111,0,99,0,117,0,109,0,101,0,110,0,116,0,0,0,0,0,125,34,13,10,68,111,99,117,109,101,110,116,61,84,104,105,115,68,111,99,117,109,101,110,116,47,38,72,48,48,48,48,48,48,48,48,13,10,78,97,109,101,61,34,80,114,111,106,101,99,116,34,13,10,72,101,108,112,67,111,110,116,101,120,116,73,68,61,34,48,34,13,10,86,101,114,115,105,111,110,67,111,109,112,97,116,105,98,108,101,51,50,61,34,51,57,51,50,50,50,48,48,48,34,13,10,67,77,71,61,34,57,70,57,68,57,51,51,54,65,68,52,65,52,56,52,69,52,56,52,69,52,56,52,69,52,56,52,69,34,13,10,68,80,66,61,34,51,69,51,67,51,50,68,55,52,69,69,57,69,67,69,65,69,67,69,65,69,67,34,13,10,71,67,61,34,68,68,68,70,68,49,55,52,69,70,49,50,70,48,49,50,70,48,69,68,34,13,10,13,10,91,72,111,115,116,32,69,120,116,101,110,100,101,114,32,73,110,102,111,93,13,10,38,72,48,48,48,48,48,48,48,49,61,123,51,56,51,50,68,54,52,48,45,67,70,57,48,45,49,49,67,70,45,56,69,52,51,45,48,48,65,48,67,57,49,49,48,48,53,65,125,59,86,66,69,59,38,72,48,48,48,48,48,48,48,48,13,10,13,10,91,87,111,114,107,115,112,97,99,101,93,13,10,84,104,105,115,68,111,99,117,109,101,110,116,61,48,44,32,48,44,32,48,44,32,48,44,32,67,13,10,0,0,0,8,0,0,0,0,0,0,0,0,0,0,0,0,0,0,0,54,6,0,0,54,6,0,0,8,0,0,0,0,0,0,0,0,0,0,0,0,0,0,0,0,0,0,0,0,0,0,0,0,0,0,0,0,0,0,0,0,0,0,0,0,0,0,0,0,0,0,0,2,0,0,0,0,0,0,0,54,6,0,0,54,6,0,0,54,6,0,0,54,6,0,0,0,0,0,0,0,0,0,0,0,0,0,0,0,0,0,0,0,0,0,0,0,0,0,0,0,0,0,0,0,0,0,0,0,0,0,0,0,0,0,0,0,0,0,0,0,0,0,0,0,0,0,0,0,0,0,0,0,0,0,0,0,0,0,0,0,0,0,0,0,0,0,0,0,0,0,0,0,0,0,0,0,0,0,0,0,0,0,0,0,0,0,0,0,0,0,0,0,0,0,0,0,0,0,0,0,0,0,0,0,0,0,0,0,0,0,0,0,0,0,0,0,0,0,0,0,0,0,0,0,0,0,0,0,0,0,0,0,0,0,0,0,0,0,0,0,0,0,0,0,0,0,0,0,0,0,0,0,0,0,0,0,0,0,0,0,0,0,0,2,0,0,0,0,0,0,0,0,0,0,0,54,6,0,0,56,6,0,0,192,3,0,0,208,3,0,0,224,3,0,0,240,3,0,0,0,4,0,0,16,4,0,0,32,4,0,0,48,4,0,0,64,4,0,0,80,4,0,0,96,4,0,0,112,4,0,0,128,4,0,0,144,4,0,0,192,3,0,0,208,3,0,0,224,3,0,0,240,3,0,0,0,4,0,0,16,4,0,0,54,6,0,0,56,6,0,0,56,6,0,0,56,6,0,0,32,4,0,0,48,4,0,0,64,4,0,0,80,4,0,0,96,4,0,0,112,4,0,0,128,4,0,0,144,4,0,0,192,3,0,0,208,3,0,0,224,3,0,0,240,3,0,0,0,4,0,0,16,4,0,0,32,4,0,0,48,4,0,0,64,4,0,0,80,4,0,0,96,4,0,0,112,4,0,0,128,4,0,0,144,4,0,0,192,3,0,0,208,3,0,0,224,3,0,0,240,3,0,0,0,4,0,0,16,4,0,0,32,4,0,0,48,4,0,0,64,4,0,0,80,4,0,0,96,4,0,0,112,4,0,0,128,4,0,0,144,4,0,0,192,3,0,0,208,3,0,0,224,3,0,0,240,3,0,0,0,4,0,0,16,4,0,0,32,4,0,0,48,4,0,0,64,4,0,0,80,4,0,0,96,4,0,0,112,4,0,0,128,4,0,0,144,4,0,0,192,3,0,0,208,3,0,0,224,3,0,0,240,3,0,0,0,4,0,0,16,4,0,0,32,4,0,0,48,4,0,0,64,4,0,0,80,4,0,0,96,4,0,0,112,4,0,0,128,4,0,0,144,4,0,0,192,3,0,0,208,3,0,0,224,3
0,1,22,1,0,4,0,1,0,0,86,3,0,0,228,0,0,0,234,1,0,0,132,3,0,0,146,3,0,0,82,6,0,0,0,0,0,0,1,0,0,0,155,14,149,8,0,0,255,255,163,1,0,0,136,0,0,0,182,0,255,255,1,1,0,0,0,0,255,255,255,255,0,0,0,0,255,255,60,0,255,255,0,0,189,133,15,96,104,149,241,66,131,252,93,197,201,45,53,239,109,37,131,89,122,194,157,79,157,251,191,46,160,169,181,202,0,0,0,0,0,0,0,0,0,0,0,0,0,0,0,0,1,0,0,0,14,159,32,8,72,174,232,76,149,117,33,176,153,178,213,44,16,0,0,0,3,0,0,0,5,0,0,0,7,0,0,0,255,255,255,255,255,255,255,255,1,1,8,0,0,0,255,255,255,255,120,0,0,0,8,14,159,32,8,72,174,232,76,149,117,33,176,153,178,213,44,189,133,15,96,104,149,241,66,131,252,93,197,201,45,53,239,255,255,0,0,0,0,77,69,0,0,255,255,255,255,255,255,0,0,0,0,255,255,0,0,0,0,255,255,1,1,0,0,0,0,223,0,255,255,0,0,0,0,255,255,255,255,255,255,255,255,255,255,255,255,255,255,255,255,255,255,255,255,255,255,255,255,255,255,255,255,255,255,255,255,255,255,255,255,255,255,255,255,255,255,255,255,255,255,255,255,255,255,255,255,255,255,255,255,255,255,255,255,255,255,255,255,255,255,255,255,255,255,255,255,255,255,255,255,255,255,255,255,255,255,255,255,255,255,255,255,255,255,255,255,255,255,255,255,255,255,255,255,255,255,255,255,255,255,255,255,255,255,255,255,255,255,255,255,255,255,255,255,255,255,255,255,255,255,255,255,255,255,40,0,0,0,2,0,83,34,255,255,255,255,0,0,1,0,83,16,255,255,255,255,0,0,1,0,83,34,255,255,255,255,0,0,0,0,54,34,255,255,255,255,0,0,255,255,1,1,0,0,0,0,1,0,40,0,49,0,78,0,111,0,114,0,109,0,97,0,108,0,46,0,84,0,104,0,105,0,115,0,68,0,111,0,99,0,117,0,109,0,101,0,110,0,116,0,9,0,0,0,255,255,255,255,1,1,224,0,0,0,2,128,254,255,255,255,255,255,16,0,255,255,40,0,0,0,2,1,255,255,0,0,0,0,0,0,0,0,255,255,255,255,255,255,255,255,0,0,0,0,29,0,0,0,37,0,0,0,255,255,255,255,72,0,0,0,2,131,254,255,255,255,255,255,8,0,255,255,96,0,0,0,0,0,255,255,255,255,255,255,0,0,0,0,255,255,255,255,255,255,255,255,0,0,0,0,29,0,12,0,37,0,0,0,130,160,30,2,255,255,255,255,254,255,255,255,144,0,0,0,2,0,255,255,254,255,255,255,0,0,0,0,255,255,255,255,255,255,255,255,0,0,0,0,29,0,12,0,37,0,0,0,12,17,40,2,255,255,255,255,255,255,255,255,0,0,0,0,255,255,255,255,255,255,255,255,0,0,0,0,0,0,0,0,255,255,255,255,0,0,0,0,255,255,255,255,255,255,255,255,255,255,255,255,17,0,17,0,0,0,148,0,0,0,0,0,255,255,255,255,32,0,0,0,1,0,1,0,0,0,1,0,0,0,0,0,0,0,0,0,152,0,0,0,255,255,255,255,255,255,255,255,0,0,0,0,255,255,255,255,255,255,255,255,152,0,0,0,255,255,255,255,255,255,255,255,0,0,0,0,255,255,255,255,255,255,255,255,255,255,255,255,104,0,0,0,56,0,0,0,0,0,0,0,1,0,0,0,64,0,4,0,0,0,0,0,216,6,216,6,255,255,255,255,255,255,255,255,255,255,255,255,255,255,255,255,255,255,255,255,255,255,8,0,1,0,48,0,0,0,143,128,70,99,6,0,1,36,0,42,0,92,0,82,0,102,0,102,0,102,0,102,0,42,0,48,0,51,0,54,0,51,0,52,0,54,0,56,0,48,0,56,0,102,0,223,1,0,0,0,0,0,255,255,255,255,52,0,0,0,2,0,0,0,0,0,0,0,0,0,0,0,0,0,0,0,0,0,0,0,0,0,0,0,0,0,0,0,0,0,0,0,0,0,0,0,0,0,0,0,0,0,0,0,0,0,0,0,0,0,0,0,0,0,0,0,0,0,0,0,254,202,1,0,19,0,0,128,9,0,10,0,0,0,0,0,0,0,0,128,9,0,10,0,0,0,16,0,0,0,34,129,8,0,6,0,0,0,32,0,0,0,0,129
1,204,97,151,0,0,1,0,255,4,8,0,0,9,4,0,0,168,3,1,0,0,0,0,0,0,0,0,0,1,0,5,0,2,0,250,0,42,0,92,0,71,0,123,0,48,0,48,0,48,0,50,0,48,0,52,0,69,0,70,0,45,0,48,0,48,0,48,0,48,0,45,0,48,0,48,0,48,0,48,0,45,0,67,0,48,0,48,0,48,0,45,0,48,0,48,0,48,0,48,0,48,0,48,0,48,0,48,0,48,0,48,0,52,0,54,0,125,0,35,0,52,0,46,0,49,0,35,0,57,0,35,0,67,0,58,0,92,0,80,0,82,0,79,0,71,0,82,0,65,0,126,0,49,0,92,0,67,0,79,0,77,0,77,0,79,0,78,0,126,0,49,0,92,0,77,0,73,0,67,0,82,0,79,0,83,0,126,0,49,0,92,0,86,0,66,0,65,0,92,0,86,0,66,0,65,0,55,0,92,0,86,0,66,0,69,0,55,0,46,0,68,0,76,0,76,0,35,0,86,0,105,0,115,0,117,0,97,0,108,0,32,0,66,0,97,0,115,0,105,0,99,0,32,0,70,0,111,0,114,0,32,0,65,0,112,0,112,0,108,0,105,0,99,0,97,0,116,0,105,0,111,0,110,0,115,0,0,0,0,0,0,0,0,0,0,0,0,0,16,1,42,0,92,0,71,0,123,0,48,0,48,0,48,0,50,0,48,0,57,0,48,0,53,0,45,0,48,0,48,0,48,0,48,0,45,0,48,0,48,0,48,0,48,0,45,0,67,0,48,0,48,0,48,0,45,0,48,0,48,0,48,0,48,0,48,0,48,0,48,0,48,0,48,0,48,0,52,0,54,0,125,0,35,0,56,0,46,0,53,0,35,0,48,0,35,0,67,0,58,0,92,0,80,0,114,0,111,0,103,0,114,0,97,0,109,0,32,0,70,0,105,0,108,0,101,0,115,0,92,0,77,0,105,0,99,0,114,0,111,0,115,0,111,0,102,0,116,0,32,0,79,0,102,0,102,0,105,0,99,0,101,0,92,0,79,0,102,0,102,0,105,0,99,0,101,0,49,0,52,0,92,0,77,0,83,0,87,0,79,0,82,0,68,0,46,0,79,0,76,0,66,0,35,0,77,0,105,0,99,0,114,0,111,0,115,0,111,0,102,0,116,0,32,0,87,0,111,0,114,0,100,0,32,0,49,0,52,0,46,0,48,0,32,0,79,0,98,0,106,0,101,0,99,0,116,0,32,0,76,0,105,0,98,0,114,0,97,0,114,0,121,0,0,0,0,0,0,0,0,0,0,0,0,0,188,0,42,0,92,0,71,0,123,0,48,0,48,0,48,0,50,0,48,0,52,0,51,0,48,0,45,0,48,0,48,0,48,0,48,0,45,0,48,0,48,0,48,0,48,0,45,0,67,0,48,0,48,0,48,0,45,0,48,0,48,0,48,0,48,0,48,0,48,0,48,0,48,0,48,0,48,0,52,0,54,0,125,0,35,0,50,0,46,0,48,0,35,0,48,0,35,0,67,0,58,0,92,0,87,0,105,0,110,0,100,0,111,0,119,0,115,0,92,0,115,0,121,0,115,0,116,0,101,0,109,0,51,0,50,0,92,0,115,0,116,0,100,0,111,0,108,0,101,0,50,0,46,0,116,0,108,0,98,0,35,0,79,0,76,0,69,0,32,0,65,0,117,0,116,0,111,0,109,0,97,0,116,0,105,0,111,0,110,0,0,0,0,0,0,0,0,0,0,0,0,0,18,0,42,0,92,0,67,0,78,0,111,0,114,0,109,0,97,0,108,0,18,0,42,0,92,0,67,0,78,0,111,0,114,0,109,0,97,0,108,0,49,128,70,99,8,0,0,0,0,0,0,0,40,1,42,0,92,0,71,0,123,0,50,0,68,0,70,0,56,0,68,0,48,0,52,0,67,0,45,0,53,0,66,0,70,0,65,0,45,0,49,0,48,0,49,0,66,0,45,0,66,0,68,0,69,0,53,0,45,0,48,0,48,0,65,0,65,0,48,0,48,0,52,0,52,0,68,0,69,0,53,0,50,0,125,0,35,0,50,0,46,0,53,0,35,0,48,0,35,0,67,0,58,0,92,0,80,0,114,0,111,0,103,0,114,0,97,0,109,0,32,0,70,0,105,0,108,0,101,0,115,0,92,0,67,0,111,0,109,0,109,0,111,0,110,0,32,0,70,0,105,0,108,0,101,0,115,0,92,0,77,0,105,0,99,0,114,0,111,0,115,0,111,0,102,0,116,0,32,0,83,0
1,147,75,42,151,1,0,16,0,0,0,255,255,0,0,0,0,1,0,2,0,255,255,0,0,0,0,1,0,4,0,6,0,5,0,5,0,5,0,5,0,5,0,5,0,5,0,5,0,5,0,5,0,5,0,5,0,1,0,9,0,0,0,42,92,67,78,111,114,109,97,108,114,85,0,1,0,0,128,0,0,0,128,0,0,0,128,0,0,0,4,0,0,126,5,0,0,126,1,0,0,126,1,0,0,126,1,0,0,126,1,0,0,126,108,0,0,127,0,0,0,0,21,0,0,0,9,0,0,0,0,0,1,0,8,0,0,0,0,0,0,0,225,0,0,0,0,0,0,0,141,255,68,98,169,17,60,76,149,188,232,177,26,219,185,162,1,0,9,4,0,0,4,8,0,0,168,3,0,0,0,0,0,0,1,0,255,255,255,255,1,0,131,10,132,0,255,255,255,255,255,255,255,255,255,255,255,255,255,255,0,0,249,0,0,0,0,0,0,0,5,0,193,1,0,0,0,0,0,0,0,0,0,0,0,0,0,0,0,0,0,0,0,0,0,0,209,2,0,0,0,0,0,0,0,0,0,0,0,0,0,0,0,0,0,0,0,0,0,0,177,3,0,0,0,0,0,0,0,0,0,0,0,0,0,0,0,0,0,0,0,0,0,0,9,0,0,0,1,0,0,0,140,23,118,79,141,244,131,70,140,142,116,155,21,11,178,168,209,4,0,0,0,0,0,0,0,0,0,0,0,0,0,0,0,0,0,0,0,0,0,0,1,0,0,2,0,0,0,0,2,0,0,2,5,0,0,0,185,164,179,204,49,2,0,0,2,7,0,0,0,80,114,111,106,101,99,116,4,0,0,2,12,0,0,0,84,104,105,115,68,111,99,117,109,101,110,116,4,0,0,3,239,4,2,0,0,0,0,0,192,0,0,0,0,0,0,70,12,0,0,2,47,0,0,0,67,58,92,80,82,79,71,82,65,126,49,92,67,79,77,77,79,78,126,49,92,77,73,67,82,79,83,126,49,92,86,66,65,92,86,66,65,55,92,86,66,69,55,46,68,76,76,1,0,0,2,3,0,0,0,86,66,65,10,0,0,10,33,1,0,0,0,0,0,0,255,255,255,255,4,0,1,0,9,0,0,0,73,1,0,0,0,0,0,0,177,1,0,0,0,0,0,0,96,0,0,0,0,0,0,0,0,0,0,0,0,0,4,0,0,3,5,9,2,0,0,0,0,0,192,0,0,0,0,0,0,70,14,0,0,2,53,0,0,0,67,58,92,80,114,111,103,114,97,109,32,70,105,108,101,115,92,77,105,99,114,111,115,111,102,116,32,79,102,102,105,99,101,92,79,102,102,105,99,101,49,52,92,77,83,87,79,82,68,46,79,76,66,2,0,0,2,4,0,0,0,87,111,114,100,10,0,0,10,25,2,0,0,0,0,0,0,255,255,255,255,8,0,5,0,0,0,0,0,65,2,0,0,0,0,0,0,185,2,0,0,0,0,0,0,112,0,0,0,0,0,0,0,0,0,0,0,0,0,4,0,0,3,48,4,2,0,0,0,0,0,192,0,0,0,0,0,0,70,8,0,0,2,31,0,0,0,67,58,92,87,105,110,100,111,119,115,92,115,121,115,116,101,109,51,50,92,115,116,100,111,108,101,50,46,116,108,98,2,0,0,2,6,0,0,0,115,116,100,111,108,101,10,0,0,10,41,3,0,0,0,0,0,0,255,255,255,255,2,0,0,0,0,0,0,0,81,3,0,0,0,0,0,0,153,3,0,0,0,0,0,0,128,0,0,0,0,0,0,0,0,0,0,0,0,0,4,0,0,3,76,208,248,45,250,91,27,16,189,229,0,170,0,68,222,82,16,0,0,2,63,0,0,0,67,58,92,80,114,111,103,114,97,109,32,70,105,108,101,115,92,67,111,109,109,111,110,32,70,105,108,101,115,92,77,105,99,114,111,115,111,102,116,32,83,104,97,114,101,100,92,79,70,70,73,67,69,49,52,92,77,83,79,46,68,76,76,2,0,0,2,6,0,0,0,79,102,102,105,99,101,10,0,0,10,9,4,0,0,0,0,0,0,255,255,255,255,2,0,5,0,0,0,0,0,49,4,0,0,0,0,0,0,185,4,0,0,0,0,0,0,144,0,0,0,0,0,0,0,0,0,0,0,0,0,4,0,0,3,107,9,2,0,0,0,0,0,192,0,0,0,0,0,0,70,4,0,0,3,189,133,15,96,104,149,241,66,131,252,93,197,201,45,53,239,4,0,0,3,109,37,131,89
0,114,85,128,0,0,0,128,0,0,0,128,0,0,0,128,0,0,0,1,0,0,126,125,0,0,127,0,0,0,0,10,0,0,0,9,0,0,0,0,0,0,0,255,255,255,255,255,255,255,255,255,255,255,255,0,0,0,0,255,255,255,255,3,0,0,9,209,2,0,0,0,0,0,0,201,5,0,0,0,0,0,0,8,0,0,0,0,0,1,0,112,0,0,127,0,0,0,0,0,0,126,1,0,0,126,1,0,0,126,1,0,0,126,108,0,0,127,0,0,0,0,21,0,0,0,9,0,0,0,0,0,1,0,8,0,0,0,0,0,0,0,225,0,0,0,0,0,0,0,141,255,68,98,169,17,60,76,149,188,232,177,26,219,185,162,1,0,9,4,0,0,4,8,0,0,168,3,0,0,0,0,0,0,1,0,255,255,255,255,1,0,131,10,132,0,255,255,255,255,255,255,255,255,255,255,255,255,255,255,0,0,249,0,0,0,0,0,0,0,5,0,193,1,0,0,0,0,0,0,0,0,0,0,0,0,0,0,0,0,0,0,0,0,0,0,209,2,0,0,0,0,0,0,0,0,0,0,0,0,0,0,0,0,0,0,0,0,0,0,177,3,0,0,0,0,0,0,0,0,0,0,0,0,0,0,0,0,0,0,0,0,0,0,9,0,0,0,1,0,0,0,140,23,118,79,141,244,131,70,140,142,116,155,21,11,178,168,209,4,0,0,0,0,0,0,0,0,0,0,0,0,0,0,0,0,0,0,0,0,0,0,1,0,0,2,0,0,0,0,2,0,0,2,5,0,0,0,185,164,179,204,49,2,0,0,2,7,0,0,0,80,114,111,106,101,99,116,4,0,0,2,12,0,0,0,84,104,105,115,68,111,99,117,109,101,110,116,4,0,0,3,239,4,2,0,0,0,0,0,192,0,0,0,0,0,0,70,12,0,0,2,47,0,0,0,67,58,92,80,82,79,71,82,65,126,49,92,67,79,77,77,79,78,126,49,92,77,73,67,82,79,83,126,49,92,86,66,65,92,86,66,65,55,92,86,66,69,55,46,68,76,76,1,0,0,2,3,0,0,0,86,66,65,10,0,0,10,33,1,0,0,0,0,0,0,255,255,255,255,4,0,1,0,9,0,0,0,73,1,0,0,0,0,0,0,177,1,0,0,0,0,0,0,96,0,0,0,0,0,0,0,0,0,0,0,0,0,4,0,0,3,5,9,2,0,0,0,0,0,192,0,0,0,0,0,0,70,14,0,0,2,53,0,0,0,67,58,92,80,114,111,103,114,97,109,32,70,105,108,101,115,92,77,105,99,114,111,115,111,102,116,32,79,102,102,105,99,101,92,79,102,102,105,99,101,49,52,92,77,83,87,79,82,68,46,79,76,66,2,0,0,2,4,0,0,0,87,111,114,100,10,0,0,10,25,2,0,0,0,0,0,0,255,255,255,255,8,0,5,0,0,0,0,0,65,2,0,0,0,0,0,0,185,2,0,0,0,0,0,0,112,0,0,0,0,0,0,0,0,0,0,0,0,0,4,0,0,3,48,4,2,0,0,0,0,0,192,0,0,0,0,0,0,70,8,0,0,2,31,0,0,0,67,58,92,87,105,110,100,111,119,115,92,115,121,115,116,101,109,51,50,92,115,116,100,111,108,101,50,46,116,108,98,2,0,0,2,6,0,0,0,115,116,100,111,108,101,10,0,0,10,41,3,0,0,0,0,0,0,255,255,255,255,2,0,0,0,0,0,0,0,81,3,0,0,0,0,0,0,153,3,0,0,0,0,0,0,128,0,0,0,0,0,0,0,0,0,0,0,0,0,4,0,0,3,76,208,248,45,250,91,27,16,189,229,0,170,0,68,222,82,16,0,0,2,63,0,0,0,67,58,92,80,114,111,103,114,97,109,32,70,105,108,101,115,92,67,111,109,109,111,110,32,70,105,108,101,115,92,77,105,99,114,111,115,111,102,116,32,83,104,97,114,101,100,92,79,70,70,73,67,69,49,52,92,77,83,79,46,68,76,76,2,0,0,2,6,0,0,0,79,102,102,105,99,101,10,0,0,10,9,4,0,0,0,0,0,0,255,255,255,255,2,0,5,0,0,0,0,0,49,4,0,0,0,0,0,0,185,4,0,0,0,0,0,0,144,0,0,0,0,0,0,0,0,0,0,0,0,0,4,0,0,3,107,9,2,0,0,0,0,0,192,0,0,0,0,0,0,70,4,0,0,3,189,133,15,96,104,149,241,66,131,252,93,197,201,45,53,239,4,0,0,3,109,37,131,89
0,114,85,128,0,0,0,0,0,0,0,128,0,0,0,128,0,0,0,0,0,0,0,30,0,0,0,9,0,0,0,0,0,0,0,9,0,0,0,0,0,3,0,48,0,0,0,0,0,0,0,0,0,0,0,0,0,0,0,1,0,1,0,0,0,1,0,81,5,0,0,0,0,0,0,121,5,0,0,0,0,0,0,161,5,0,0,0,0,0,0,9,0,0,0,1,0,2,0,41,5,0,0,0,0,0,0,8,0,13,0,52,0,0,0,201,5,0,0,0,0,0,0,97,0,0,0,0,0,1,0,241,5,0,0,0,0,0,0,255,255,255,255,255,255,255,255,255,255,255,255,0,0,255,255,255,255,255,255,255,255,255,255,255,255,255,255,255,255,255,255,255,255,255,255,255,255,255,255,255,255,255,255,255,255,255,255,255,255,255,255,255,255,255,255,255,255,255,255,255,255,255,255,255,255,255,255,255,255,0,0,175,1,96,0,0,127,0,0,0,0,0,193,1,0,0,0,0,0,0,0,0,0,0,0,0,0,0,0,0,0,0,0,0,0,0,209,2,0,0,0,0,0,0,0,0,0,0,0,0,0,0,0,0,0,0,0,0,0,0,177,3,0,0,0,0,0,0,0,0,0,0,0,0,0,0,0,0,0,0,0,0,0,0,9,0,0,0,1,0,0,0,140,23,118,79,141,244,131,70,140,142,116,155,21,11,178,168,209,4,0,0,0,0,0,0,0,0,0,0,0,0,0,0,0,0,0,0,0,0,0,0,1,0,0,2,0,0,0,0,2,0,0,2,5,0,0,0,185,164,179,204,49,2,0,0,2,7,0,0,0,80,114,111,106,101,99,116,4,0,0,2,12,0,0,0,84,104,105,115,68,111,99,117,109,101,110,116,4,0,0,3,239,4,2,0,0,0,0,0,192,0,0,0,0,0,0,70,12,0,0,2,47,0,0,0,67,58,92,80,82,79,71,82,65,126,49,92,67,79,77,77,79,78,126,49,92,77,73,67,82,79,83,126,49,92,86,66,65,92,86,66,65,55,92,86,66,69,55,46,68,76,76,1,0,0,2,3,0,0,0,86,66,65,10,0,0,10,33,1,0,0,0,0,0,0,255,255,255,255,4,0,1,0,9,0,0,0,73,1,0,0,0,0,0,0,177,1,0,0,0,0,0,0,96,0,0,0,0,0,0,0,0,0,0,0,0,0,4,0,0,3,5,9,2,0,0,0,0,0,192,0,0,0,0,0,0,70,14,0,0,2,53,0,0,0,67,58,92,80,114,111,103,114,97,109,32,70,105,108,101,115,92,77,105,99,114,111,115,111,102,116,32,79,102,102,105,99,101,92,79,102,102,105,99,101,49,52,92,77,83,87,79,82,68,46,79,76,66,2,0,0,2,4,0,0,0,87,111,114,100,10,0,0,10,25,2,0,0,0,0,0,0,255,255,255,255,8,0,5,0,0,0,0,0,65,2,0,0,0,0,0,0,185,2,0,0,0,0,0,0,112,0,0,0,0,0,0,0,0,0,0,0,0,0,4,0,0,3,48,4,2,0,0,0,0,0,192,0,0,0,0,0,0,70,8,0,0,2,31,0,0,0,67,58,92,87,105,110,100,111,119,115,92,115,121,115,116,101,109,51,50,92,115,116,100,111,108,101,50,46,116,108,98,2,0,0,2,6,0,0,0,115,116,100,111,108,101,10,0,0,10,41,3,0,0,0,0,0,0,255,255,255,255,2,0,0,0,0,0,0,0,81,3,0,0,0,0,0,0,153,3,0,0,0,0,0,0,128,0,0,0,0,0,0,0,0,0,0,0,0,0,4,0,0,3,76,208,248,45,250,91,27,16,189,229,0,170,0,68,222,82,16,0,0,2,63,0,0,0,67,58,92,80,114,111,103,114,97,109,32,70,105,108,101,115,92,67,111,109,109,111,110,32,70,105,108,101,115,92,77,105,99,114,111,115,111,102,116,32,83,104,97,114,101,100,92,79,70,70,73,67,69,49,52,92,77,83,79,46,68,76,76,2,0,0,2,6,0,0,0,79,102,102,105,99,101,10,0,0,10,9,4,0,0,0,0,0,0,255,255,255,255,2,0,5,0,0,0,0,0,49,4,0,0,0,0,0,0,185,4,0,0,0,0,0,0,144,0,0,0,0,0,0,0,0,0,0,0,0,0,4,0,0,3,107,9,2,0,0,0,0,0,192,0,0,0,0,0,0,70,4,0,0,3,189,133,15,96,104,149,241,66,131,252,93,197,201,45,53,239,4,0,0,3,109,37,131,89
0,114,85,128,0,0,0,0,0,0,0,128,0,0,0,128,0,0,0,0,0,0,0,16,0,0,0,9,0,0,0,0,0,2,0,255,255,255,255,255,255,255,255,0,0,0,0,64,0,0,0,4,0,0,0,0,0,0,0,110,0,0,127,0,0,0,0,81,5,0,0,0,0,0,0,121,5,0,0,0,0,0,0,161,5,0,0,0,0,0,0,9,0,0,0,1,0,2,0,41,5,0,0,0,0,0,0,8,0,13,0,52,0,0,0,201,5,0,0,0,0,0,0,97,0,0,0,0,0,1,0,241,5,0,0,0,0,0,0,255,255,255,255,255,255,255,255,255,255,255,255,0,0,255,255,255,255,255,255,255,255,255,255,255,255,255,255,255,255,255,255,255,255,255,255,255,255,255,255,255,255,255,255,255,255,255,255,255,255,255,255,255,255,255,255,255,255,255,255,255,255,255,255,255,255,255,255,255,255,0,0,175,1,96,0,0,127,0,0,0,0,0,193,1,0,0,0,0,0,0,0,0,0,0,0,0,0,0,0,0,0,0,0,0,0,0,209,2,0,0,0,0,0,0,0,0,0,0,0,0,0,0,0,0,0,0,0,0,0,0,177,3,0,0,0,0,0,0,0,0,0,0,0,0,0,0,0,0,0,0,0,0,0,0,9,0,0,0,1,0,0,0,140,23,118,79,141,244,131,70,140,142,116,155,21,11,178,168,209,4,0,0,0,0,0,0,0,0,0,0,0,0,0,0,0,0,0,0,0,0,0,0,1,0,0,2,0,0,0,0,2,0,0,2,5,0,0,0,185,164,179,204,49,2,0,0,2,7,0,0,0,80,114,111,106,101,99,116,4,0,0,2,12,0,0,0,84,104,105,115,68,111,99,117,109,101,110,116,4,0,0,3,239,4,2,0,0,0,0,0,192,0,0,0,0,0,0,70,12,0,0,2,47,0,0,0,67,58,92,80,82,79,71,82,65,126,49,92,67,79,77,77,79,78,126,49,92,77,73,67,82,79,83,126,49,92,86,66,65,92,86,66,65,55,92,86,66,69,55,46,68,76,76,1,0,0,2,3,0,0,0,86,66,65,10,0,0,10,33,1,0,0,0,0,0,0,255,255,255,255,4,0,1,0,9,0,0,0,73,1,0,0,0,0,0,0,177,1,0,0,0,0,0,0,96,0,0,0,0,0,0,0,0,0,0,0,0,0,4,0,0,3,5,9,2,0,0,0,0,0,192,0,0,0,0,0,0,70,14,0,0,2,53,0,0,0,67,58,92,80,114,111,103,114,97,109,32,70,105,108,101,115,92,77,105,99,114,111,115,111,102,116,32,79,102,102,105,99,101,92,79,102,102,105,99,101,49,52,92,77,83,87,79,82,68,46,79,76,66,2,0,0,2,4,0,0,0,87,111,114,100,10,0,0,10,25,2,0,0,0,0,0,0,255,255,255,255,8,0,5,0,0,0,0,0,65,2,0,0,0,0,0,0,185,2,0,0,0,0,0,0,112,0,0,0,0,0,0,0,0,0,0,0,0,0,4,0,0,3,48,4,2,0,0,0,0,0,192,0,0,0,0,0,0,70,8,0,0,2,31,0,0,0,67,58,92,87,105,110,100,111,119,115,92,115,121,115,116,101,109,51,50,92,115,116,100,111,108,101,50,46,116,108,98,2,0,0,2,6,0,0,0,115,116,100,111,108,101,10,0,0,10,41,3,0,0,0,0,0,0,255,255,255,255,2,0,0,0,0,0,0,0,81,3,0,0,0,0,0,0,153,3,0,0,0,0,0,0,128,0,0,0,0,0,0,0,0,0,0,0,0,0,4,0,0,3,76,208,248,45,250,91,27,16,189,229,0,170,0,68,222,82,16,0,0,2,63,0,0,0,67,58,92,80,114,111,103,114,97,109,32,70,105,108,101,115,92,67,111,109,109,111,110,32,70,105,108,101,115,92,77,105,99,114,111,115,111,102,116,32,83,104,97,114,101,100,92,79,70,70,73,67,69,49,52,92,77,83,79,46,68,76,76,2,0,0,2,6,0,0,0,79,102,102,105,99,101,10,0,0,10,9,4,0,0,0,0,0,0,255,255,255,255,2,0,5,0,0,0,0,0,49,4,0,0,0,0,0,0,185,4,0,0,0,0,0,0,144,0,0,0,0,0,0,0,0,0,0,0,0,0,4,0,0,3,107,9,2,0,0,0,0,0,192,0,0,0,0,0,0,70,4,0,0,3,189,133,15,96,104,149,241,66,131,252,93,197,201,45,53,239,4,0,0,3,109,37,131,89
1,1,253,177,128,1,0,4,0,0,0,1,0,48,42,2,2,144,9,0,112,20,6,72,3,0,130,2,0,100,168,3,4,0,7,0,28,0,80,114,111,106,101,99,116,5,81,0,40,0,0,64,2,20,6,2,20,61,173,2,10,7,2,108,1,20,8,6,18,9,2,18,128,143,128,70,99,6,0,12,2,74,18,60,2,10,22,0,1,114,115,116,100,16,111,108,101,62,2,25,115,0,116,0,0,100,0,111,0,108,0,101,80,0,13,0,104,0,37,94,0,3,42,0,92,71,123,48,48,48,50,48,176,52,51,48,45,0,8,4,4,67,0,10,3,2,14,1,18,48,48,52,54,125,35,0,50,46,48,35,48,35,67,58,0,92,87,105,110,100,111,119,115,0,92,115,121,115,116,101,109,51,4,50,92,3,101,50,46,116,108,98,0,35,79,76,69,32,65,117,116,128,111,109,97,116,105,111,110,0,96,3,0,2,131,69,78,111,114,109,97,108,5,131,69,78,128,67,114,0,109,0,97,81,128,70,14,0,32,128,17,9,128,1,42,44,92,67,3,18,10,6,49,128,109,8,0,65,131,33,79,102,102,105,99,132,103,79,68,0,102,128,0,105,0,99,130,103,158,5,128,31,148,130,33,71,123,50,68,70,0,56,68,48,52,67,45,53,66,0,70,65,45,49,48,49,66,45,144,66,68,69,53,128,103,65,65,128,101,26,52,128,5,50,136,103,128,186,103,114,97,0,109,32,70,105,108,101,115,92,64,67,111,109,109,111,110,4,6,77,0,105,99,114,111,115,111,102,116,0,32,83,104,97,114,101,100,92,0,79,70,70,73,67,69,49,52,0,92,77,83,79,46,68,76,76,6,35,135,16,131,77,32,49,52,46,48,8,32,79,98,129,227,32,76,105,98,176,114,97,114,121,128,37,128,0,15,130,122,136,1,0,19,194,1,155,14,25,66,101,0,84,104,105,115,68,111,99,117,128,109,101,110,116,71,0,24,192,9,130,84,192,102,105,0,115,0,68,192,72,136,99,0,117,64,73,101,0,110,192,110,42,26,206,11,50,218,11,28,192,18,0,0,170,72,66,1,49,66,137,88,128,132,30,66,2,69,1,5,44,194,33,149,8,34,66,8,43,5,66,1,16,66,1,0,0,177,1,0,0,0,0,0,0,96,0,0,0,0,0,0,0,0,0,0,0,0,0,4,0,0,3,5,9,2,0,0,0,0,0,192,0,0,0,0,0,0,70,14,0,0,2,53,0,0,0,67,58,92,80,114,111,103,114,97,109,32,70,105,108,101,115,92,77,105,99,114,111,115,111,102,116,32,79,102,102,105,99,101,92,79,102,102,105,99,101,49,52,92,77,83,87,79,82,68,46,79,76,66,2,0,0,2,4,0,0,0,87,111,114,100,10,0,0,10,25,2,0,0,0,0,0,0,255,255,255,255,8,0,5,0,0,0,0,0,65,2,0,0,0,0,0,0,185,2,0,0,0,0,0,0,112,0,0,0,0,0,0,0,0,0,0,0,0,0,4,0,0,3,48,4,2,0,0,0,0,0,192,0,0,0,0,0,0,70,8,0,0,2,31,0,0,0,67,58,92,87,105,110,100,111,119,115,92,115,121,115,116,101,109,51,50,92,115,116,100,111,108,101,50,46,116,108,98,2,0,0,2,6,0,0,0,115,116,100,111,108,101,10,0,0,10,41,3,0,0,0,0,0,0,255,255,255,255,2,0,0,0,0,0,0,0,81,3,0,0,0,0,0,0,153,3,0,0,0,0,0,0,128,0,0,0,0,0,0,0,0,0,0,0,0,0,4,0,0,3,76,208,248,45,250,91,27,16,189,229,0,170,0,68,222,82,16,0,0,2,63,0,0,0,67,58,92,80,114,111,103,114,97,109,32,70,105,108,101,115,92,67,111,109,109,111,110,32,70,105,108,101,115,92,77,105,99,114,111,115,111,102,116,32,83,104,97,114,101,100,92,79,70,70,73,67,69,49,52,92,77,83,79,46,68,76,76,2,0,0,2,6,0,0,0,79,102,102,105,99,101,10,0,0,10,9,4,0,0,0,0,0,0,255,255,255,255,2,0,5,0,0,0,0,0,49,4,0,0,0,0,0,0,185,4,0,0,0,0,0,0,144,0,0,0,0,0,0,0,0,0,0,0,0,0,4,0,0,3,107,9,2,0,0,0,0,0,192,0,0,0,0,0,0,70,4,0,0,3,189,133,15,96,104,149,241,66,131,252,93,197,201,45,53,239,4,0,0,3,109,37,131,89
0,236,165,193,0,95,192,9,4,0,0,240,82,191,0,0,0,0,0,0,16,0,0,0,0,0,8,0,0,224,129,0,0,14,0,98,106,98,106,0,21,0,21,0,0,0,0,0,0,0,0,0,0,0,0,0,0,0,0,0,0,4,8,22,0,50,152,0,0,98,127,0,0,98,127,0,0,199,43,0,0,0,0,0,0,38,0,0,0,0,0,0,0,0,0,0,0,0,0,0,0,0,0,0,0,0,0,0,0,255,255,15,0,0,0,0,0,0,0,0,0,255,255,15,0,0,0,0,0,0,0,0,0,255,255,15,0,0,0,0,0,0,0,0,0,0,0,0,0,0,0,0,0,183,0,0,0,0,0,68,7,0,0,0,0,0,0,68,7,0,0,170,20,0,0,0,0,0,0,170,20,0,0,0,0,0,0,170,20,0,0,0,0,0,0,170,20,0,0,0,0,0,0,170,20,0,0,20,0,0,0,0,0,0,0,0,0,0,0,255,255,255,255,0,0,0,0,190,20,0,0,0,0,0,0,190,20,0,0,0,0,0,0,190,20,0,0,56,0,0,0,246,20,0,0,124,0,0,0,114,21,0,0,108,0,0,0,190,20,0,0,0,0,0,0,238,46,0,0,96,2,0,0,222,21,0,0,0,0,0,0,222,21,0,0,34,0,0,0,0,22,0,0,0,0,0,0,0,22,0,0,0,0,0,0,0,22,0,0,0,0,0,0,219,22,0,0,0,0,0,0,219,22,0,0,0,0,0,0,219,22,0,0,0,0,0,0,204,45,0,0,151,0,0,0,99,46,0,0,0,0,0,0,99,46,0,0,0,0,0,0,99,46,0,0,0,0,0,0,99,46,0,0,0,0,0,0,99,46,0,0,0,0,0,0,99,46,0,0,36,0,0,0,78,49,0,0,178,2,0,0,0,52,0,0,106,0,0,0,135,46,0,0,33,0,0,0,0,0,0,0,0,0,0,0,0,0,0,0,0,0,0,0,170,20,0,0,0,0,0,0,219,22,0,0,0,0,0,0,0,0,0,0,0,0,0,0,0,0,0,0,0,0,0,0,219,22,0,0,0,0,0,0,219,22,0,0,0,0,0,0,219,22,0,0,0,0,0,0,219,22,0,0,0,0,0,0,135,46,0,0,0,0,0,0,0,0,0,0,0,0,0,0,170,20,0,0,0,0,0,0,170,20,0,0,0,0,0,0,0,22,0,0,0,0,0,0,0,0,0,0,0,0,0,0,0,22,0,0,219,0,0,0,168,46,0,0,22,0,0,0,107,38,0,0,0,0,0,0,107,38,0,0,0,0,0,0,107,38,0,0,0,0,0,0,219,22,0,0,204,13,0,0,170,20,0,0,0,0,0,0,0,22,0,0,0,0,0,0,170,20,0,0,0,0,0,0,0,22,0,0,0,0,0,0,204,45,0,0,0,0,0,0,0,0,0,0,0,0,0,0,107,38,0,0,0,0,0,0,0,0,0,0,0,0,0,0,0,0,0,0,0,0,0,0,0,0,0,0,0,0,0,0,0,0,0,0,0,0,0,0,0,0,0,0,0,0,0,0,0,0,0,0,0,0,0,0,219,22,0,0,0,0,0,0,204,45,0,0,0,0,0,0,0,0,0,0,0,0,0,0,107,38,0,0,0,0,0,0,107,38,0,0,30,0,0,0,160,40,0,0,24,0,0,0,0,0,0,0,0,0,0,0,0,0,0,0,0,0,0,0,0,0,0,0,0,0,0,0,0,0,0,0,0,0,0,0,0,0,0,0,0,0,0,0,0,0,0,0,0,0,0,0,0,0,0,0,0,0,0,0,0,0,0,0,0,0,0,0,0,0,0,0,0,0,0,0,236,40,0,0,0,0,0,0,0,22,0,0,0,0,0,0,255,255,255,255,0,0,0,0,64,33,199,204,161,178,215,1,0,0,0,0,0,0,0,0,255,255,255,255,0,0,0,0,167,36,0,0,102,1,0,0,184,40,0,0,8,0,0,0,0,0,0,0,0,0,0,0,184,45,0,0,20,0,0,0,190,46,0,0,48,0,0,0,238,46,0,0,0,0,0,0,192,40,0,0,44,0,0,0,106,52,0,0,0,0,0,0,13,38,0,0,94,0,0,0,106,52,0,0,16,0,0,0,236,40,0,0,0,0,0,0,0,0,0,0,0,0,0,0,0,0,0,0,0,0,0,0,0,0,0,0,0,0,0,0,0,0,0,0,0,0,0,0,0,0,0,0,0,0,0,0,0,0,0,0,0,0,0,0,0,0,0,0,0,0,0,0
